{"type":"FeatureCollection","features":[{"type":"Feature","geometry":{"type":"LineString","coordinates":[[151.09205019660294,-33.6881816200912,181.39999389648438],[151.09206947498024,-33.68818438611925,181.1999969482422],[151.09202404506505,-33.68817089125514,180.8000030517578],[151.09193402342498,-33.68814641609788,179.8000030517578],[151.09184618107975,-33.688145745545626,179.8000030517578],[151.0917255654931,-33.68807005695999,179],[151.09171978197992,-33.688040720298886,178.8000030517578],[151.09168893657625,-33.68792060762644,178.39999389648438],[151.09168583527207,-33.6878536362201,178.1999969482422],[151.09168122522533,-33.68784550577402,178.1999969482422],[151.09165415167809,-33.68779965676367,178.1999969482422],[151.0916160978377,-33.687755735591054,177.8000030517578],[151.0915553290397,-33.687675688415766,177.39999389648438],[151.091545606032,-33.68764283135533,177.1999969482422],[151.09152289107442,-33.68760402314365,177],[151.09148089773953,-33.68754576891661,176.8000030517578],[151.09145893715322,-33.68749908171594,176.39999389648438],[151.09144192188978,-33.68746396154165,176.1999969482422],[151.09139699488878,-33.687422471120954,176.1999969482422],[151.09132155776024,-33.687331192195415,175.60000610351562],[151.09131158329546,-33.68732213973999,175.60000610351562],[151.09125031158328,-33.68725131265819,175],[151.09123656526208,-33.68720529600978,174.8000030517578],[151.09120664186776,-33.68711544200778,174.60000610351562],[151.09118778258562,-33.687074203044176,174.60000610351562],[151.09118761494756,-33.687061881646514,174.60000610351562],[151.0911938175559,-33.68701905012131,174.1999969482422],[151.09118459746242,-33.686975380405784,174.1999969482422],[151.0911674145609,-33.686939757317305,174.1999969482422],[151.09114453196526,-33.6868607159704,174.1999969482422],[151.0911425203085,-33.68684847839177,174.1999969482422],[151.09114444814622,-33.68683649227023,174.1999969482422],[151.0911406762898,-33.686732808128,174.1999969482422],[151.09113371931016,-33.68667405098677,174.1999969482422],[151.091125337407,-33.68662811815739,174.39999389648438],[151.09111863188446,-33.686588387936354,174.39999389648438],[151.09113480895758,-33.68655100464821,174.39999389648438],[151.0911335516721,-33.68651621975005,174.39999389648438],[151.091138580814,-33.68643675930798,174.60000610351562],[151.09114260412753,-33.6863252799958,175],[151.09115970321,-33.68629057891667,175],[151.09117227606475,-33.68626870214939,175.1999969482422],[151.09117722138762,-33.68625646457076,175.1999969482422],[151.09119096770883,-33.68624456226826,175.1999969482422],[151.09120496548712,-33.68619645014405,175.39999389648438],[151.09120840206742,-33.686178009957075,175.1999969482422],[151.09120982699096,-33.68616543710232,175.1999969482422],[151.09122675843537,-33.6861371062696,175],[151.09125953167677,-33.68610726669431,175.1999969482422],[151.09133077785373,-33.686051443219185,175.39999389648438],[151.09139883890748,-33.68601070716977,175.39999389648438],[151.09148777090013,-33.68592755869031,174.60000610351562],[151.09152129851282,-33.685878440737724,173.8000030517578],[151.0915209632367,-33.685866706073284,173.60000610351562],[151.09151668846607,-33.68584994226694,173.39999389648438],[151.0914993379265,-33.68580509908497,172.60000610351562],[151.0914964042604,-33.68577995337546,172.1999969482422],[151.09148047864437,-33.68574877269566,171.60000610351562],[151.09147720970213,-33.68573930114508,171.1999969482422],[151.09145063906908,-33.685699151828885,170.1999969482422],[151.09143328852952,-33.68565313518047,169],[151.09143052250147,-33.685645340010524,168.8000030517578],[151.09142096713185,-33.685628827661276,168.39999389648438],[151.09141753055155,-33.68559873662889,168],[151.09140403568745,-33.685547690838575,167],[151.09139741398394,-33.68553763255477,166.60000610351562],[151.09139028936625,-33.68550351820886,166],[151.09139087609947,-33.68549253791571,165.8000030517578],[151.09138794243336,-33.68548155762255,165.60000610351562],[151.09136631712317,-33.68546077050269,165],[151.09137235209346,-33.68543797172606,164.60000610351562],[151.0913679935038,-33.68539304472506,163.8000030517578],[151.09135936014354,-33.68537745438516,163.60000610351562],[151.09135416336358,-33.685362534597516,162.8000030517578],[151.09134519472718,-33.685354152694345,162.39999389648438],[151.09133999794722,-33.68534761480987,161.39999389648438],[151.091331532225,-33.68534551933408,161.1999969482422],[151.0912871081382,-33.685329258441925,160.1999969482422],[151.09122650697827,-33.685325402766466,159],[151.09119733795524,-33.68530687876046,157.8000030517578],[151.09116942621768,-33.685273518785834,156.8000030517578],[151.09115266241133,-33.68525432422757,156.39999389648438],[151.0911369882524,-33.685234962031245,155.8000030517578],[151.0911195538938,-33.685218365862966,155.39999389648438],[151.09108510427177,-33.68517134338617,154.8000030517578],[151.09107915312052,-33.685160614550114,154.60000610351562],[151.0910695977509,-33.685152819380164,154.60000610351562],[151.09102299436927,-33.685112334787846,155],[151.09101419337094,-33.685107976198196,155],[151.09098485670984,-33.68509146384895,155.60000610351562],[151.0909792408347,-33.68508509360254,155.8000030517578],[151.0909712780267,-33.68507285602391,156.1999969482422],[151.09096339903772,-33.68504360318184,156.8000030517578],[151.09095342457294,-33.68503957986832,157],[151.09094177372754,-33.68503572419286,157.1999969482422],[151.09090371988714,-33.685013176873326,157.8000030517578],[151.09090053476393,-33.684998508542776,158],[151.0908938292414,-33.684987192973495,158.1999969482422],[151.09087035991251,-33.684967160224915,158.8000030517578],[151.09083574265242,-33.68493631482124,159.39999389648438],[151.09081839211285,-33.68490672670305,159.8000030517578],[151.09081177040935,-33.684898763895035,159.8000030517578],[151.09077958390117,-33.684875378385186,160.1999969482422],[151.09075075015426,-33.68484721519053,160.60000610351562],[151.09073323197663,-33.68482416495681,161],[151.0907143726945,-33.68480815552175,161.39999389648438],[151.09068227000535,-33.68478175252676,162],[151.09063449315727,-33.68475970812142,162.60000610351562],[151.09060674905777,-33.68474688380957,163.1999969482422],[151.09055805020034,-33.68472391739488,163.39999389648438],[151.09053826890886,-33.68472131900489,163.39999389648438],[151.09045654535294,-33.684721402823925,163.1999969482422],[151.0904273763299,-33.684722408652306,163.1999969482422],[151.09038027003407,-33.684705728664994,163],[151.09034540131688,-33.6846917308867,162.8000030517578],[151.09028446488082,-33.68467278778553,162.60000610351562],[151.0902680363506,-33.68467194959521,162.60000610351562],[151.09023978933692,-33.684664657339454,162.39999389648438],[151.09018673188984,-33.684646217152476,162.39999389648438],[151.09016275964677,-33.684630459174514,162.39999389648438],[151.09013526700437,-33.684622244909406,162.60000610351562],[151.09004331752658,-33.68459081277251,162.60000610351562],[151.0900335945189,-33.684587460011244,162.60000610351562],[151.0899966303259,-33.684576312080026,162.60000610351562],[151.08998464420438,-33.68457321077585,162.60000610351562],[151.08985648490489,-33.68455711752176,162.60000610351562],[151.08978666365147,-33.68455150164664,162.60000610351562],[151.08977266587317,-33.684550831094384,162.60000610351562],[151.08973084017634,-33.68453783914447,162.8000030517578],[151.08970125205815,-33.68451193906367,162.8000030517578],[151.0896643716842,-33.68448704481125,162.8000030517578],[151.0896382201463,-33.68447061628103,162.8000030517578],[151.0896134097129,-33.68445469066501,162.8000030517578],[151.08956169337034,-33.6844292934984,163],[151.08953688293695,-33.68442443199456,163],[151.08952573500574,-33.684423845261335,163],[151.08948684297502,-33.684410601854324,163],[151.0894518904388,-33.68440934456885,163],[151.0893596895039,-33.68440272286534,163.1999969482422],[151.08928928151727,-33.68440113030374,163.1999969482422],[151.0892529040575,-33.68441621772945,163.1999969482422],[151.08922733925283,-33.68441856466234,163.1999969482422],[151.0891958232969,-33.68441462516785,163.1999969482422],[151.08915559016168,-33.68439417332411,163.1999969482422],[151.08913773670793,-33.68438746780157,163.1999969482422],[151.0891128424555,-33.68438260629773,163.1999969482422],[151.08909423463047,-33.68437439203262,163.1999969482422],[151.08906540088356,-33.68437238037586,163.1999969482422],[151.08896498568356,-33.684367686510086,163.39999389648438],[151.0889537539333,-33.68436542339623,163.39999389648438],[151.08894780278206,-33.68436483666301,163.39999389648438],[151.0889251716435,-33.684364752843976,163.39999389648438],[151.08889482915401,-33.68435947224498,163.39999389648438],[151.08884017914534,-33.68435561656952,163.60000610351562],[151.08881184831262,-33.68435276672244,163.60000610351562],[151.08879810199142,-33.684346312657,163.60000610351562],[151.08868846669793,-33.68431655690074,163.60000610351562],[151.0885895602405,-33.68429400958121,163.8000030517578],[151.088559133932,-33.68427942506969,163.8000030517578],[151.0884470678866,-33.684237599372864,163.60000610351562],[151.088424352929,-33.68422309868038,163.60000610351562],[151.0883976984769,-33.684204909950495,163.60000610351562],[151.0883498378098,-33.68417280726135,163.8000030517578],[151.0882853809744,-33.684142380952835,164],[151.08824037015438,-33.68411807343364,164.1999969482422],[151.08821363188326,-33.68410516530275,164.1999969482422],[151.08819058164954,-33.6840907484293,164.1999969482422],[151.0881817806512,-33.684084210544825,164.1999969482422],[151.0881293937564,-33.68405671790242,164],[151.08808857388794,-33.68401891551912,164],[151.08807591721416,-33.68401061743498,164],[151.08801783062518,-33.683939538896084,163.39999389648438],[151.08800718560815,-33.683932330459356,163.39999389648438],[151.0879412200302,-33.68387239985168,163.60000610351562],[151.0879177507013,-33.68384960107505,163.60000610351562],[151.08788564801216,-33.683820432052016,163.8000030517578],[151.08787424862385,-33.68381381034851,163.8000030517578],[151.087856143713,-33.68379704654217,163.8000030517578],[151.08784801326692,-33.68378874845803,164],[151.0878040920943,-33.683735858649015,164.1999969482422],[151.0877805389464,-33.68371741846204,164.1999969482422],[151.08776846900582,-33.68370953947306,164.1999969482422],[151.08771809376776,-33.68363401852548,164],[151.0876798722893,-33.68357157334685,164],[151.08765204437077,-33.68349999189377,164],[151.08762186951935,-33.68335649371147,164],[151.0876510385424,-33.683282900601625,164],[151.08766419813037,-33.68326395750046,164.1999969482422],[151.0876822192222,-33.68323135189712,164.1999969482422],[151.0877097118646,-33.6831945553422,164],[151.08771876432002,-33.68318692781031,164],[151.08772387728095,-33.68317695334554,164],[151.08774164691567,-33.68312045931816,163.8000030517578],[151.0878175869584,-33.68304451927543,164],[151.08789327554405,-33.6829839181155,163.8000030517578],[151.0879124701023,-33.68296757340431,163.8000030517578],[151.08801280148327,-33.68290822952986,164],[151.08809301629663,-33.6828871909529,164.1999969482422],[151.08825378119946,-33.682856848463416,164],[151.08832653611898,-33.682829858735204,164.1999969482422],[151.08836241066456,-33.68280672468245,164.1999969482422],[151.0884605627507,-33.682777639478445,164],[151.08859417028725,-33.682750230655074,163.8000030517578],[151.08872677199543,-33.68272759951651,163.39999389648438],[151.08883196488023,-33.6827093269676,163.39999389648438],[151.08886381611228,-33.68270169943571,163.60000610351562],[151.08895576559007,-33.68265442550182,163.60000610351562],[151.08896414749324,-33.68264688178897,163.60000610351562],[151.08898258768022,-33.68263774551451,163.60000610351562],[151.08901460655034,-33.682631542906165,163.60000610351562],[151.08911854214966,-33.68261913768947,163.8000030517578],[151.08916288241744,-33.68260924704373,164],[151.08922926709056,-33.68257789872587,164.1999969482422],[151.08924351632595,-33.68257136084139,164.1999969482422],[151.089320294559,-33.68251897394657,164.1999969482422],[151.08932783827186,-33.682512184605,164.1999969482422],[151.08933730982244,-33.682507490739226,164.1999969482422],[151.0893622878939,-33.682482512667775,164.1999969482422],[151.08938617631793,-33.68244999088347,164.1999969482422],[151.08939464204013,-33.68243599310517,164.1999969482422],[151.08941509388387,-33.68238788098097,164.60000610351562],[151.08942112885416,-33.68237824179232,164.60000610351562],[151.0894273314625,-33.68233230896294,164.8000030517578],[151.08942842110991,-33.68232208304107,164.8000030517578],[151.08942858874798,-33.68228545412421,164.8000030517578],[151.08942816965282,-33.68226240389049,164.8000030517578],[151.0894331149757,-33.68224094621837,164.8000030517578],[151.08945256099105,-33.68214128538966,164.60000610351562],[151.08945574611425,-33.68213047273457,164.60000610351562],[151.08946781605482,-33.68210021406412,164.60000610351562],[151.08948742970824,-33.68205369450152,164.8000030517578],[151.08954794704914,-33.68194724433124,164.60000610351562],[151.0896152537316,-33.681885385885835,164.60000610351562],[151.08963553793728,-33.68186216801405,164.60000610351562],[151.0896382201463,-33.68184817023575,164.60000610351562],[151.08966185711324,-33.681821851059794,164.60000610351562],[151.08971348963678,-33.68176284246147,164.8000030517578],[151.08972354792058,-33.68174247443676,164.8000030517578],[151.08975749462843,-33.68171162903309,165],[151.0897965542972,-33.68167977780104,165],[151.08981348574162,-33.68166318163276,165],[151.08982656151056,-33.68164583109319,165],[151.08983075246215,-33.68163451552391,165],[151.08983946964145,-33.6815454158932,164.39999389648438],[151.08979370445013,-33.68146981112659,163],[151.0897423233837,-33.68141658604145,162],[151.08973578549922,-33.68141130544245,161.8000030517578],[151.08969043940306,-33.68136880919337,161],[151.0896599292755,-33.68133603595197,160.1999969482422],[151.0896305926144,-33.68131147697568,159.8000030517578],[151.08957678079605,-33.68126420304179,159],[151.0895703267306,-33.68125959299505,158.8000030517578],[151.08953545801342,-33.68123000487685,158.1999969482422],[151.089526405558,-33.68122212588787,158],[151.0895031876862,-33.68121148087084,157.8000030517578],[151.08947737142444,-33.68120293132961,157.39999389648438],[151.0894278343767,-33.68118792772293,156.60000610351562],[151.08938458375633,-33.68120100349188,156.1999969482422],[151.08936966396868,-33.681200332939625,156],[151.08935935422778,-33.68119605816901,156],[151.0893260780722,-33.68117895908654,155.39999389648438],[151.08927528373897,-33.68115305900574,154.60000610351562],[151.08925567008555,-33.68114643730223,154.1999969482422],[151.08919699676335,-33.68111299350858,153],[151.08915047720075,-33.68109606206417,152],[151.08914628624916,-33.68109497241676,151.60000610351562],[151.0891004372388,-33.681094301864505,150.8000030517578],[151.08908752910793,-33.681092374026775,150.39999389648438],[151.08906095847487,-33.68108390830457,149.8000030517578],[151.08903681859374,-33.6810945533216,149],[151.08901276253164,-33.68109748698771,148.60000610351562],[151.0890140198171,-33.68107778951526,148.1999969482422],[151.08899826183915,-33.681061612442136,147.60000610351562],[151.08896079473197,-33.68102305568755,146.8000030517578],[151.0889384150505,-33.68100612424314,146.39999389648438],[151.0889307036996,-33.681004866957664,146.39999389648438],[151.0888857766986,-33.68099061772227,145.8000030517578],[151.08886700123549,-33.68097972124815,145.39999389648438],[151.08879743143916,-33.68094837293029,145],[151.08877991326153,-33.68094661273062,144.60000610351562],[151.0887665860355,-33.68094937875867,144.39999389648438],[151.0887555219233,-33.68095532990992,144.1999969482422],[151.088693914935,-33.68096907623112,143.8000030517578],[151.08865963295102,-33.68097251281142,143.1999969482422],[151.08863649889827,-33.68094518780708,142.60000610351562],[151.0886354930699,-33.680920796468854,142],[151.08862157911062,-33.68089715950191,141.1999969482422],[151.08861370012164,-33.68089615367353,140.8000030517578],[151.08858964405954,-33.68087084032595,139.8000030517578],[151.0885795019567,-33.680859776213765,139.1999969482422],[151.08857187442482,-33.68084921501577,138.60000610351562],[151.08854102902114,-33.68082767352462,137.39999389648438],[151.08851563185453,-33.680816274136305,136.8000030517578],[151.08849962241948,-33.68080722168088,136.1999969482422],[151.0884857084602,-33.68076824583113,135.1999969482422],[151.08848470263183,-33.68076271377504,135],[151.08846894465387,-33.68075483478606,134.1999969482422],[151.08845444396138,-33.68075399659574,133.60000610351562],[151.08844279311597,-33.68074268102646,133.1999969482422],[151.0884394403547,-33.680737651884556,132.8000030517578],[151.08843374066055,-33.68072742596269,132.1999969482422],[151.0884304717183,-33.6807197984308,131.8000030517578],[151.08842074871063,-33.68069297634065,130.8000030517578],[151.0883802641183,-33.680677972733974,129.60000610351562],[151.0883321519941,-33.68065190501511,128.60000610351562],[151.0883096884936,-33.6806265078485,127.4000015258789],[151.08830407261848,-33.680614018812776,127],[151.08828839845955,-33.6805937346071,126.19999694824219],[151.08824850060046,-33.68056330829859,125],[151.08818907290697,-33.68055995553732,124.19999694824219],[151.0881857201457,-33.68056054227054,124],[151.08818085864186,-33.680561715736985,123.80000305175781],[151.0881595686078,-33.68056247010827,123.19999694824219],[151.08815336599946,-33.680560793727636,123],[151.08814221806824,-33.68055660277605,122.4000015258789],[151.08812159858644,-33.68055794388056,121.80000305175781],[151.088091339916,-33.680590046569705,121.19999694824219],[151.08805630356073,-33.68060102686286,120.80000305175781],[151.0880454070866,-33.680603792890906,120.4000015258789],[151.08803023584187,-33.6806109175086,119.5999984741211],[151.08802830800414,-33.68061376735568,119.4000015258789],[151.08801640570164,-33.6806161981076,118.4000015258789],[151.0879957024008,-33.680636482313275,117.19999694824219],[151.08797474764287,-33.68065391667187,116.19999694824219],[151.08793828636408,-33.68068065494299,115.19999694824219],[151.08792655169964,-33.680683420971036,115],[151.0879026632756,-33.680703369900584,114.19999694824219],[151.08789755031466,-33.680702950805426,113.80000305175781],[151.08785807155073,-33.68069423362613,112.80000305175781],[151.08783937990665,-33.68068660609424,112.19999694824219],[151.08783493749797,-33.68067596107721,111.5999984741211],[151.0878114681691,-33.68067235685885,110.80000305175781],[151.08780610375106,-33.68067009374499,110.4000015258789],[151.0877869091928,-33.68065685033798,109.19999694824219],[151.08777165412903,-33.68065542541444,108],[151.0877538844943,-33.680663807317615,107.19999694824219],[151.08774474821985,-33.680665818974376,106.80000305175781],[151.0877195186913,-33.680669758468866,105.5999984741211],[151.08769822865725,-33.68067428469658,104.80000305175781],[151.08768548816442,-33.68068249896169,104.4000015258789],[151.087657911703,-33.68069473654032,103.4000015258789],[151.08765204437077,-33.68069926276803,103],[151.08761684037745,-33.68071384727955,102.19999694824219],[151.0875987354666,-33.68072449229658,101.4000015258789],[151.08759437687695,-33.68072172626853,101.19999694824219],[151.0875905212015,-33.68071896024048,100.19999694824219],[151.0875849891454,-33.680726839229465,100],[151.08756721951067,-33.6807319521904,99.4000015258789],[151.0875609330833,-33.68073647841811,98.80000305175781],[151.0875524673611,-33.68073480203748,98.5999984741211],[151.08753511682153,-33.680726420134306,98],[151.08752673491836,-33.68071887642145,97.80000305175781],[151.08749588951468,-33.680694652721286,96.5999984741211],[151.08747409656644,-33.6806817445904,95.80000305175781],[151.08746730722487,-33.68067931383848,95.5999984741211],[151.08744165860116,-33.680665232241154,94.5999984741211],[151.08743629418314,-33.680657437071204,94.4000015258789],[151.08740586787462,-33.68063388392329,93.5999984741211],[151.0874002519995,-33.68062458001077,92.80000305175781],[151.08739580959082,-33.68062449619174,92.4000015258789],[151.0873495414853,-33.680630614981055,91.4000015258789],[151.0873392317444,-33.68063120171428,91],[151.08731970191002,-33.68063807487488,90.19999694824219],[151.0872874315828,-33.68065441958606,89.5999984741211],[151.0872638784349,-33.680672608315945,89],[151.08725918456912,-33.68070269934833,88.4000015258789],[151.0872546583414,-33.680725833401084,88],[151.08723026700318,-33.680746452882886,87.19999694824219],[151.08721953816712,-33.680756175890565,86.80000305175781],[151.0871951468289,-33.680757684633136,86],[151.0871861781925,-33.680756175890565,85.80000305175781],[151.08717067167163,-33.68073773570359,84.5999984741211],[151.087166396901,-33.68071694858372,84],[151.08715466223657,-33.68070865049958,83.5999984741211],[151.0871444363147,-33.680676966905594,82.4000015258789],[151.0871433466673,-33.6806714348495,82],[151.08713840134442,-33.68065852671862,81.4000015258789],[151.08713823370636,-33.68065190501511,81.19999694824219],[151.0871280077845,-33.68063229136169,80.4000015258789],[151.08712691813707,-33.68063036352396,80.19999694824219],[151.08710906468332,-33.680622316896915,79.19999694824219],[151.08708559535444,-33.68059432134032,78],[151.08708090148866,-33.680589124560356,77.80000305175781],[151.0870699211955,-33.68056347593665,77],[151.0870706755668,-33.680531959980726,76.4000015258789],[151.08705122955143,-33.68049021810293,75.5999984741211],[151.08704444020987,-33.68047990836203,75.4000015258789],[151.0870220605284,-33.68041981011629,74.5999984741211],[151.08701879158616,-33.68041142821312,74.4000015258789],[151.0870046261698,-33.68039391003549,73.4000015258789],[151.08699213713408,-33.68039030581713,72.19999694824219],[151.08696875162423,-33.680402459576726,71],[151.08694897033274,-33.68039424531162,70],[151.08694427646697,-33.680394077673554,69.5999984741211],[151.08692281879485,-33.680390138179064,69],[151.08688719570637,-33.68039139546454,67.80000305175781],[151.0868767183274,-33.68040354922414,67.19999694824219],[151.08687336556613,-33.68041964247823,66.5999984741211],[151.0868576914072,-33.680440513417125,65.5999984741211],[151.08684151433408,-33.68044529110193,64.19999694824219],[151.08683246187866,-33.68044453673065,63.79999923706055],[151.0868159495294,-33.68047152645886,63.400001525878906],[151.0867955815047,-33.68046825751662,63.400001525878906],[151.08676523901522,-33.68047563359141,63.599998474121094],[151.0867588687688,-33.68046515621245,63.79999923706055],[151.08674210496247,-33.68043389171362,65.4000015258789],[151.08673866838217,-33.68042844347656,65.5999984741211],[151.08673221431673,-33.68041981011629,66.5999984741211],[151.08671721071005,-33.68041687645018,67],[151.08670824207366,-33.68041142821312,67.5999984741211],[151.08669633977115,-33.680400531739,67.80000305175781],[151.08666859567165,-33.68037764914334,68.80000305175781],[151.08663599006832,-33.6803587898612,69.5999984741211],[151.0866264346987,-33.680354095995426,70],[151.08658318407834,-33.68029450066388,70.80000305175781],[151.08657823875546,-33.68027647957206,71],[151.08657287433743,-33.68025368079543,71.19999694824219],[151.08651881106198,-33.68020045571029,71.5999984741211],[151.08649911358953,-33.68018042296171,71.80000305175781],[151.08647732064128,-33.68016173131764,72],[151.08646340668201,-33.68015795946121,72],[151.08644370920956,-33.68014899082482,72.19999694824219],[151.08638905920088,-33.68011596612632,72.80000305175781],[151.08636961318552,-33.680109763517976,73],[151.0863560345024,-33.68011152371764,73.19999694824219],[151.08628956601024,-33.680122420191765,74.19999694824219],[151.08626810833812,-33.680132143199444,74.80000305175781],[151.08623357489705,-33.680134657770395,75.19999694824219],[151.08618546277285,-33.68011521175504,76.19999694824219],[151.08615352772176,-33.68011202663183,76.4000015258789],[151.08609502203763,-33.68010071106255,76.80000305175781],[151.08609451912344,-33.68010255508125,77],[151.0860894061625,-33.680097023025155,77.4000015258789],[151.0860894061625,-33.6800997890532,77],[151.0860957764089,-33.68009760975838,77.4000015258789],[151.08611865900457,-33.68009769357741,77.19999694824219],[151.08611907809973,-33.68009769357741,77.19999694824219],[151.0861194971949,-33.68009769357741,77.19999694824219],[151.08612075448036,-33.68009769357741,77.19999694824219],[151.08612318523228,-33.680099453777075,76.80000305175781],[151.08612318523228,-33.680099453777075,76.80000305175781],[151.08612301759422,-33.680099453777075,76.80000305175781],[151.08612025156617,-33.680098447948694,76.80000305175781],[151.086119832471,-33.68009811267257,76.5999984741211],[151.08611941337585,-33.68009786121547,76.5999984741211],[151.08611991629004,-33.680077912285924,76.5999984741211],[151.08612645417452,-33.680034494027495,76.4000015258789],[151.086130393669,-33.680003648623824,76.4000015258789],[151.08615411445498,-33.679921086877584,76],[151.0861604847014,-33.679891750216484,76],[151.0861747339368,-33.67983961477876,75.80000305175781],[151.08621555380523,-33.67974171414971,75.4000015258789],[151.08622217550874,-33.67973232641816,75],[151.0862365923822,-33.67970231920481,74.19999694824219],[151.086251931265,-33.67965110577643,73.80000305175781],[151.08626785688102,-33.67959042079747,73.19999694824219],[151.08627079054713,-33.679539039731026,73],[151.08627934008837,-33.67942437529564,73.80000305175781],[151.0862770769745,-33.6793193500489,73.19999694824219],[151.0862770769745,-33.67930241860449,73.19999694824219],[151.086270455271,-33.67925388738513,73.19999694824219],[151.08627162873745,-33.67924408055842,73],[151.08627900481224,-33.67922320961952,73],[151.08631311915815,-33.67914634756744,72.80000305175781],[151.08633055351675,-33.67912530899048,72.80000305175781],[151.08642191626132,-33.67906814441085,73],[151.08650506474078,-33.67905029095709,72],[151.08655259013176,-33.67904442362487,71.5999984741211],[151.08665543608367,-33.67902313359082,71],[151.08671695925295,-33.67898139171302,69.5999984741211],[151.0867554321885,-33.6789393145591,68.80000305175781],[151.08675903640687,-33.678929172456264,68.5999984741211],[151.0867691785097,-33.67888106033206,67.4000015258789],[151.0867614671588,-33.678819285705686,66.80000305175781],[151.08676507137716,-33.67876421660185,66.19999694824219],[151.08675166033208,-33.67872172035277,65.4000015258789],[151.08674738556147,-33.67871208116412,65.19999694824219],[151.08670899644494,-33.67866229265928,64.5999984741211],[151.08668267726898,-33.67864510975778,64.4000015258789],[151.08665191568434,-33.6786147672683,64.19999694824219],[151.08656650409102,-33.6785751208663,63.599998474121094],[151.08648830093443,-33.67857210338116,63.400001525878906],[151.08644605614245,-33.67856849916279,63.400001525878906],[151.08635192736983,-33.67857042700052,63.400001525878906],[151.08634094707668,-33.67857503704727,63.400001525878906],[151.08631630428135,-33.678578305989504,63.400001525878906],[151.0862876381725,-33.67857386358082,63.400001525878906],[151.08615059405565,-33.67859238758683,63.20000076293945],[151.08609711751342,-33.67860118858516,63.20000076293945],[151.08607071451843,-33.67861024104059,63.20000076293945],[151.08602603897452,-33.67863127961755,63.20000076293945],[151.08595160767436,-33.67866857908666,63.20000076293945],[151.08594012446702,-33.67868576198816,63.20000076293945],[151.08590290881693,-33.678715182468295,63],[151.08588262461126,-33.678730856627226,62.79999923706055],[151.0858404636383,-33.678751308470964,62.599998474121094],[151.0858246218413,-33.678788440302014,62.400001525878906],[151.08580190688372,-33.6788272485137,62.20000076293945],[151.08579142950475,-33.678842755034566,61.79999923706055],[151.08577089384198,-33.678865050897,61.599998474121094],[151.08575044199824,-33.67887670174241,61],[151.08569235540926,-33.67889631539583,60.20000076293945],[151.08568623661995,-33.67890712805092,60],[151.08567089773715,-33.67892690934241,59.599998474121094],[151.0856377054006,-33.6789720878005,59.400001525878906],[151.08563108369708,-33.67899589240551,59],[151.0856263898313,-33.67901341058314,58.79999923706055],[151.08560560271144,-33.67907308973372,57.79999923706055],[151.0856030881405,-33.67908180691302,57.599998474121094],[151.08558322302997,-33.679120782762766,57.20000076293945],[151.08558984473348,-33.679171074181795,57],[151.08558556996286,-33.67919932119548,57],[151.08557224273682,-33.679261934012175,56.79999923706055],[151.08557609841228,-33.67929965257645,56.599998474121094],[151.0855737514794,-33.679357739165425,56.400001525878906],[151.0855709016323,-33.679370898753405,56.400001525878906],[151.08557316474617,-33.67938347160816,56.400001525878906],[151.08556461520493,-33.679406102746725,56],[151.08553930185735,-33.67942328564823,55.599998474121094],[151.08553159050643,-33.67943602614105,55.400001525878906],[151.0855132341385,-33.67945957928896,55.20000076293945],[151.08548666350543,-33.6795040871948,54.400001525878906],[151.08547668904066,-33.67951205000281,54.20000076293945],[151.08545632101595,-33.679522359743714,54],[151.08542882837355,-33.67955379188061,53.400001525878906],[151.0854160040617,-33.67957985959947,53.20000076293945],[151.08537895604968,-33.67961506359279,52.79999923706055],[151.0853517986834,-33.6796301510185,52.79999923706055],[151.08529513701797,-33.6796491779387,52.79999923706055],[151.08523822389543,-33.679661666974425,52.79999923706055],[151.08523529022932,-33.67966535501182,53.400001525878906],[151.0852357931435,-33.67966585792601,53.400001525878906],[151.0852357931435,-33.679665606468916,53.20000076293945],[151.08522816561162,-33.67966183461249,53.400001525878906],[151.0852254834026,-33.6796610802412,53.400001525878906],[151.08521743677557,-33.67966040968895,53.20000076293945],[151.08513671904802,-33.67965202778578,53],[151.08503052033484,-33.67964641191065,53.20000076293945],[151.08501367270947,-33.67964096367359,53.20000076293945],[151.0849468689412,-33.67956284433603,54.400001525878906],[151.0849405825138,-33.67955052293837,54.599998474121094],[151.08491325750947,-33.679476007819176,55],[151.08490571379662,-33.679458824917674,55.599998474121094],[151.08490428887308,-33.67940870113671,56.400001525878906],[151.08489758335054,-33.67937760427594,56.599998474121094],[151.08489414677024,-33.67933418601751,57.20000076293945],[151.08488643541932,-33.679307950660586,57.599998474121094],[151.08487729914486,-33.67927819490433,58],[151.08485827222466,-33.67925824597478,58.599998474121094],[151.08485181815922,-33.67924592457712,58.79999923706055],[151.0848482977599,-33.679234609007835,59],[151.08484880067408,-33.67920828983188,59.20000076293945],[151.084851231426,-33.679179539904,59.20000076293945],[151.08485181815922,-33.67915799841285,59.79999923706055],[151.08484720811248,-33.67913528345525,60.20000076293945],[151.08484318479896,-33.67912338115275,60.400001525878906],[151.08484578318894,-33.679083148017526,60.79999923706055],[151.08483631163836,-33.679044758901,61],[151.08481485396624,-33.678971752524376,62],[151.08481275849044,-33.67894032038748,62.599998474121094],[151.08481217175722,-33.6789271607995,62.79999923706055],[151.0848171170801,-33.67890687659383,63.20000076293945],[151.08481720089912,-33.67889673449099,63.400001525878906],[151.08483052812517,-33.67881123907864,63.79999923706055],[151.08485450036824,-33.67872130125761,63.400001525878906],[151.0848636366427,-33.678675116971135,63.400001525878906],[151.08487294055521,-33.67864024825394,63.400001525878906],[151.08487646095455,-33.678604206070304,63.20000076293945],[151.08487562276423,-33.67855416610837,63.20000076293945],[151.08487562276423,-33.67854201234877,63.400001525878906],[151.08488333411515,-33.67846523411572,63.599998474121094],[151.08489657752216,-33.678435226902366,64.19999694824219],[151.0848974995315,-33.67842768318951,64.4000015258789],[151.0849204659462,-33.67838426493108,65],[151.08492373488843,-33.67835978977382,65.4000015258789],[151.08495315536857,-33.6783195566386,66.5999984741211],[151.08496262691915,-33.678293488919735,67],[151.0849646385759,-33.67828284390271,67],[151.08496656641364,-33.67825325578451,67.19999694824219],[151.08497058972716,-33.678234312683344,67.5999984741211],[151.08499640598893,-33.67820371873677,68.5999984741211],[151.08500679954886,-33.678178656846285,68.80000305175781],[151.0850343760103,-33.67814269848168,69.80000305175781],[151.08503957279027,-33.678110679611564,70.5999984741211],[151.0850433446467,-33.6781002022326,70.5999984741211],[151.08505256474018,-33.6780621483922,71],[151.08505357056856,-33.67803331464529,71],[151.08510025776923,-33.67792719975114,71.19999694824219],[151.08510796912014,-33.677909933030605,71.19999694824219],[151.08512917533517,-33.67788520641625,71],[151.08516538515687,-33.677874729037285,71],[151.08519924804568,-33.67787112481892,71],[151.085255574435,-33.67784581147134,71.4000015258789],[151.08529061079025,-33.677831729874015,72.19999694824219],[151.08530125580728,-33.67782552726567,72.19999694824219],[151.08532170765102,-33.677819995209575,72.5999984741211],[151.08535188250244,-33.677807338535786,73.4000015258789],[151.08539898879826,-33.677811278030276,74.4000015258789],[151.0854075383395,-33.67780758999288,74.5999984741211],[151.0854439996183,-33.67780356667936,75.4000015258789],[151.08547794632614,-33.677788227796555,76.4000015258789],[151.08548984862864,-33.677784288302064,76.80000305175781],[151.085519855842,-33.67777573876083,77.5999984741211],[151.08553661964834,-33.677755538374186,78],[151.0855452530086,-33.67774346843362,78.19999694824219],[151.08555036596954,-33.67772192694247,78.4000015258789],[151.08557383529842,-33.67769577540457,78.80000305175781],[151.08558875508606,-33.677693428471684,79.19999694824219],[151.08560317195952,-33.67768697440624,79.4000015258789],[151.08562764711678,-33.67767624557018,79.80000305175781],[151.08564692549407,-33.67765252478421,80.19999694824219],[151.08566167764366,-33.67765135131776,80.4000015258789],[151.08567559160292,-33.6776495911181,80.5999984741211],[151.08572923578322,-33.677632911130786,81.19999694824219],[151.0857442393899,-33.677627965807915,81.4000015258789],[151.0858005657792,-33.677600137889385,81.80000305175781],[151.08581649139524,-33.67759343236685,81.80000305175781],[151.08587600290775,-33.67756283842027,82.4000015258789],[151.0858964547515,-33.67755244486034,82.5999984741211],[151.08598438091576,-33.67751548066735,82.5999984741211],[151.08606124296784,-33.6774973757565,82.80000305175781],[151.08610784634948,-33.6774976272136,82.80000305175781],[151.0862349998206,-33.67753475904465,82.80000305175781],[151.0862670186907,-33.677538027986884,82.80000305175781],[151.0863404441625,-33.677531238645315,83],[151.0863660927862,-33.677524365484715,83.19999694824219],[151.08642887324095,-33.67750986479223,83.19999694824219],[151.08647539280355,-33.67750508710742,83.4000015258789],[151.08648913912475,-33.67750206962228,83.5999984741211],[151.0865262709558,-33.67748765274882,83.80000305175781],[151.08663959428668,-33.67742897942662,84.4000015258789],[151.0867614671588,-33.67740140296519,84.4000015258789],[151.08677529729903,-33.67739796638489,84.4000015258789],[151.08678745105863,-33.67739285342395,84.5999984741211],[151.0868830885738,-33.67733216844499,84.19999694824219],[151.0868970863521,-33.677310375496745,84.19999694824219],[151.08690957538784,-33.67724256590009,84.19999694824219],[151.08690563589334,-33.67720409296453,84.4000015258789],[151.08688610605896,-33.677140809595585,85.5999984741211],[151.0868748743087,-33.67712245322764,86.19999694824219],[151.08686808496714,-33.6771054379642,86.80000305175781],[151.08682952821255,-33.67704567499459,87.80000305175781],[151.08683003112674,-33.677030419930816,88],[151.0868235770613,-33.67699546739459,88.4000015258789],[151.08681444078684,-33.67698063142598,89],[151.08679172582924,-33.67695867083967,89.80000305175781],[151.0867868643254,-33.67695112712681,90],[151.086754091084,-33.67691474966705,91],[151.08673933893442,-33.67688549682498,91.4000015258789],[151.08672852627933,-33.676857920363545,91.5999984741211],[151.08669851906598,-33.67680352181196,92.19999694824219],[151.0866874549538,-33.67671266198158,92.80000305175781],[151.0866729542613,-33.67659833282232,93],[151.0866581182927,-33.67648626677692,93.19999694824219],[151.08663456514478,-33.67644410580397,93.19999694824219],[151.08661235310137,-33.676389288157225,93.19999694824219],[151.08658687211573,-33.67628241889179,93.19999694824219],[151.08658083714545,-33.676230954006314,93.4000015258789],[151.0865778196603,-33.6761952470988,93.4000015258789],[151.08655761927366,-33.67606272920966,93.19999694824219],[151.08655284158885,-33.6760329734534,93.19999694824219],[151.08654127456248,-33.67598067037761,93.19999694824219],[151.08653306029737,-33.6759555246681,93.19999694824219],[151.08648017048836,-33.6758447997272,93.4000015258789],[151.0864345729351,-33.67576600983739,93.80000305175781],[151.08638386242092,-33.67570943199098,93.80000305175781],[151.0863560345024,-33.6756809335202,94],[151.08631487935781,-33.67563424631953,94.19999694824219],[151.08629853464663,-33.67560977116227,94.4000015258789],[151.0862524341792,-33.6755202524364,95],[151.08620432205498,-33.67542780004442,95.19999694824219],[151.08619309030473,-33.67539536207914,95.19999694824219],[151.08619711361825,-33.675312381237745,95.4000015258789],[151.08619811944664,-33.675279691815376,95.4000015258789],[151.0862133745104,-33.6752023268491,95.19999694824219],[151.08622611500323,-33.67511322721839,94.80000305175781],[151.0862225946039,-33.67501398548484,94.19999694824219],[151.08621555380523,-33.67498280480504,94.19999694824219],[151.08618873171508,-33.67489429190755,94],[151.0861821938306,-33.67488247342408,94],[151.08616911806166,-33.67485087364912,93.80000305175781],[151.08616425655782,-33.6748087964952,93.4000015258789],[151.08615092933178,-33.67473905906081,93.19999694824219],[151.08614841476083,-33.674703603610396,92.80000305175781],[151.08614690601826,-33.67467502132058,92.5999984741211],[151.08614732511342,-33.674660604447126,92.5999984741211],[151.08615025877953,-33.67464870214462,92.5999984741211],[151.08615830540657,-33.67457267828286,92.19999694824219],[151.0861625801772,-33.67454543709755,92],[151.08613559044898,-33.67441761307418,92],[151.08613098040223,-33.674407470971346,92.19999694824219],[151.08611287549138,-33.674330273643136,92.5999984741211],[151.08610675670207,-33.6742786411196,93.19999694824219],[151.08610927127302,-33.674245700240135,93.5999984741211],[151.08609803952277,-33.67420479655266,94.19999694824219],[151.0860904958099,-33.67416188120842,94.4000015258789],[151.0860859695822,-33.67413681931794,94.5999984741211],[151.0860687866807,-33.674098681658506,95],[151.08602955937386,-33.6740489769727,95.4000015258789],[151.0860243625939,-33.674032632261515,95.4000015258789],[151.0859752446413,-33.6739400960505,95.5999984741211],[151.08595370315015,-33.67389743216336,95.19999694824219],[151.0859316587448,-33.67384630255401,94.80000305175781],[151.0859305690974,-33.67382073774934,94.19999694824219],[151.08592646196485,-33.67380632087588,94],[151.08589720912278,-33.673753766343,93.4000015258789],[151.08588706701994,-33.673732141032815,93.19999694824219],[151.0858496837318,-33.673676401376724,92.80000305175781],[151.08584197238088,-33.67366969585419,92.5999984741211],[151.08578790910542,-33.67362627759576,92.4000015258789],[151.08573191799223,-33.67358420044184,92.4000015258789],[151.0857178363949,-33.67357858456671,92.4000015258789],[151.08563041314483,-33.67355737835169,93.5999984741211],[151.0855856537819,-33.67354145273566,94.19999694824219],[151.0855310037732,-33.67352896369994,95.19999694824219],[151.08551809564233,-33.673526952043176,95.4000015258789],[151.08545338734984,-33.6735188215971,96.4000015258789],[151.0854302532971,-33.67351999506354,96.4000015258789],[151.08538038097322,-33.67351186461747,96.80000305175781],[151.08534576371312,-33.67350650019944,97.4000015258789],[151.0853359568864,-33.67350608110428,97.5999984741211],[151.08528214506805,-33.673498118296266,98.5999984741211],[151.08521844260395,-33.673476157709956,99.19999694824219],[151.08517225831747,-33.67346215993166,99.80000305175781],[151.08510696329176,-33.67343483492732,101],[151.08510009013116,-33.67342796176672,101],[151.08500093221664,-33.67338043637574,101.4000015258789],[151.08496019616723,-33.67335503920913,102],[151.08486849814653,-33.67334338836372,103],[151.08485693112016,-33.67333919741213,103.19999694824219],[151.0848001856357,-33.67332771420479,104.19999694824219],[151.08475324697793,-33.673312375321984,105.19999694824219],[151.08471980318427,-33.67329854518175,105.4000015258789],[151.08461452648044,-33.67326468229294,106.19999694824219],[151.0846011992544,-33.673263089731336,106.4000015258789],[151.08454470522702,-33.67325353436172,107.4000015258789],[151.08453582040966,-33.67325370199978,107.5999984741211],[151.08451327309012,-33.67324959486723,108.4000015258789],[151.08450036495924,-33.67324909195304,108.5999984741211],[151.08446122147143,-33.67324196733534,109],[151.08440321870148,-33.673243476077914,109.80000305175781],[151.08436910435557,-33.67324875667691,110],[151.08435577712953,-33.67325210943818,110.19999694824219],[151.08434605412185,-33.67325789295137,110.19999694824219],[151.08431269414723,-33.673293851315975,110.80000305175781],[151.08430992811918,-33.673305502161384,111],[151.08432115986943,-33.673377921804786,111.80000305175781],[151.08432736247778,-33.6733927577734,112],[151.08434186317027,-33.6734305601567,112.5999984741211],[151.08434814959764,-33.673446737229824,112.80000305175781],[151.0843485686928,-33.673455538228154,113],[151.08434823341668,-33.673484455794096,113.80000305175781],[151.08435309492052,-33.67349937558174,114.5999984741211],[151.08435896225274,-33.67351211607456,115],[151.08436533249915,-33.67354899644852,116.19999694824219],[151.08436172828078,-33.673601131886244,117.19999694824219],[151.0843673441559,-33.67362502031028,117.80000305175781],[151.08437388204038,-33.673656368628144,118.4000015258789],[151.0843934956938,-33.67371814325452,119.5999984741211],[151.08441000804305,-33.673753598704934,120.4000015258789],[151.08441528864205,-33.67376524955034,120.80000305175781],[151.08443590812385,-33.67381235584617,121.80000305175781],[151.08444303274155,-33.673831885680556,122.19999694824219],[151.08444990590215,-33.673860719427466,123],[151.08446331694722,-33.673914447426796,124],[151.0844769794494,-33.67393909022212,124.5999984741211],[151.084489133209,-33.673949567601085,125],[151.08451025560498,-33.67398938164115,126.19999694824219],[151.08455266803503,-33.67404696531594,127.4000015258789],[151.08456783927977,-33.67406900972128,127.80000305175781],[151.08457672409713,-33.674098178744316,128.39999389648438],[151.08458183705807,-33.67410672828555,128.8000030517578],[151.084600193426,-33.67414520122111,129.60000610351562],[151.08462064526975,-33.67418727837503,130.60000610351562],[151.08463388867676,-33.67420798167586,131],[151.08465073630214,-33.67424871772528,131.8000030517578],[151.08468962833285,-33.67431879043579,133],[151.08470530249178,-33.67435583844781,133.1999969482422],[151.0847396682948,-33.674419205635786,134.1999969482422],[151.08476037159562,-33.67447745986283,135],[151.0847671609372,-33.67450092919171,135.1999969482422],[151.08477738685906,-33.674606289714575,135.39999389648438],[151.0847505647689,-33.67474375292659,136.1999969482422],[151.08474587090313,-33.67476009763777,136.1999969482422],[151.08470178209245,-33.674874091520905,137],[151.08467739075422,-33.674914073199034,137.1999969482422],[151.08463472686708,-33.67499026469886,137.8000030517578],[151.08459793031216,-33.67507140152156,138.1999969482422],[151.08456892892718,-33.67511607706547,138.60000610351562],[151.08453707769513,-33.67517030797899,139.39999389648438],[151.08451310545206,-33.67520609870553,139.60000610351562],[151.08448368497193,-33.675254210829735,140.39999389648438],[151.08446348458529,-33.675298634916544,141.1999969482422],[151.0844577010721,-33.675310369580984,141.60000610351562],[151.08444169163704,-33.67536786943674,142.8000030517578],[151.08442023396492,-33.67540215142071,143.8000030517578],[151.0844138637185,-33.675411622971296,144],[151.08440137468278,-33.67544934153557,145.1999969482422],[151.08436801470816,-33.6754925083369,146.1999969482422],[151.08431118540466,-33.6755617428571,147],[151.08429207466543,-33.675583032891154,147],[151.0842578765005,-33.67562293075025,147.1999969482422],[151.08423801138997,-33.67564162239432,147.1999969482422],[151.08420113101602,-33.67568529210985,147.39999389648438],[151.08411119319499,-33.67575570009649,148.1999969482422],[151.084074229002,-33.67579475976527,148.8000030517578],[151.08405981212854,-33.67581822909415,149.39999389648438],[151.0840391088277,-33.6758395191282,149.60000610351562],[151.08400139026344,-33.67586030624807,150.1999969482422],[151.08394900336862,-33.67587606422603,150.39999389648438],[151.08388219960034,-33.67588427849114,150.60000610351562],[151.08382939361036,-33.675898695364594,150.8000030517578],[151.083799386397,-33.675906490534544,151],[151.08371120877564,-33.67593255825341,150.8000030517578],[151.0836635157466,-33.67594546638429,151],[151.08352580107749,-33.675974467769265,151.1999969482422],[151.0834755934775,-33.67598972283304,151.39999389648438],[151.08341423794627,-33.676005229353905,151.8000030517578],[151.0833535529673,-33.67605971172452,152.1999969482422],[151.08334341086447,-33.67606616578996,152.1999969482422],[151.08332212083042,-33.676082007586956,152.60000610351562],[151.08328197151423,-33.676129700616,153.1999969482422],[151.08327300287783,-33.67614621296525,153.60000610351562],[151.0832578316331,-33.676190972328186,154.60000610351562],[151.08325246721506,-33.67621184326708,155],[151.08324266038835,-33.67622617632151,155.60000610351562],[151.08322279527783,-33.676262218505144,156.8000030517578],[151.0832034330815,-33.676295997574925,157.60000610351562],[151.0831963084638,-33.676305301487446,158],[151.08317845501006,-33.676331620663404,158.60000610351562],[151.08317418023944,-33.676350731402636,159.1999969482422],[151.08316621743143,-33.67637285962701,159.60000610351562],[151.08313931152225,-33.67642281576991,160.1999969482422],[151.0831040237099,-33.67649221792817,160.8000030517578],[151.08305088244379,-33.67658173665404,160.60000610351562],[151.08301106840372,-33.67663957178593,160.8000030517578],[151.08300712890923,-33.67669967003167,161],[151.0829943884164,-33.6767343711108,161.1999969482422],[151.0829808935523,-33.67684157565236,161.60000610351562],[151.08297284692526,-33.67696227505803,162.1999969482422],[151.0829713381827,-33.676976189017296,162.39999389648438],[151.08295440673828,-33.677096888422966,162.39999389648438],[151.0829293448478,-33.677212642505765,162.60000610351562],[151.08288559131324,-33.677328983321786,162.60000610351562],[151.08285566791892,-33.67738095112145,162.60000610351562],[151.08281736262143,-33.677429147064686,162.60000610351562],[151.08280261047184,-33.67745948955417,162.60000610351562],[151.08275718055665,-33.67752084508538,162.60000610351562],[151.0827250778675,-33.67756510153413,162.8000030517578],[151.08265140093863,-33.677667612209916,163],[151.08257722109556,-33.67775780148804,163.39999389648438],[151.08246029354632,-33.677873723208904,164],[151.08238770626485,-33.67795947007835,164.39999389648438],[151.08235551975667,-33.67799081839621,164.60000610351562],[151.0822707787156,-33.67805820889771,165.39999389648438],[151.0822598822415,-33.67807103320956,165.39999389648438],[151.08219617977738,-33.67812803015113,166.1999969482422],[151.08217354863882,-33.67814605124295,166.39999389648438],[151.08215167187154,-33.67817320860922,166.60000610351562],[151.08212602324784,-33.6781900562346,166.8000030517578],[151.08206525444984,-33.678232468664646,167.60000610351562],[151.08205704018474,-33.67824235931039,167.60000610351562],[151.08202770352364,-33.67827110923827,168.1999969482422],[151.08200557529926,-33.678289046511054,168.39999389648438],[151.08198068104684,-33.678300864994526,168.60000610351562],[151.081957295537,-33.678314946591854,168.60000610351562],[151.0818935930729,-33.67837353609502,169.1999969482422],[151.0818518511951,-33.67839667014778,169.60000610351562],[151.08180575072765,-33.678418546915054,170.1999969482422],[151.081751184538,-33.67847688496113,170.60000610351562],[151.0817477479577,-33.67848719470203,170.8000030517578],[151.08173383399844,-33.67850722745061,171.1999969482422],[151.0817001387477,-33.678545616567135,171.60000610351562],[151.0816433094442,-33.67857235483825,172.1999969482422],[151.08156334608793,-33.67861426435411,172.8000030517578],[151.0815532039851,-33.67861971259117,172.8000030517578],[151.0815481748432,-33.67862658575177,173],[151.0815096180886,-33.678699089214206,173.60000610351562],[151.08148296363652,-33.678733706474304,173.8000030517578],[151.08146410435438,-33.67877553217113,174],[151.08142470940948,-33.67879858240485,174],[151.08142512850463,-33.678806545212865,174],[151.08143292367458,-33.67881358601153,174],[151.08142546378076,-33.678813921287656,173.8000030517578],[151.0814257990569,-33.67881593294442,173.8000030517578],[151.0814257990569,-33.678815765306354,173.8000030517578],[151.0814257990569,-33.67881526239216,173.8000030517578],[151.08142655342817,-33.67881501093507,173.8000030517578],[151.0814273916185,-33.67881501093507,173.8000030517578],[151.0814279783517,-33.67881526239216,173.60000610351562],[151.08142881654203,-33.67881593294442,173.39999389648438],[151.08142881654203,-33.6788166873157,173.1999969482422],[151.08142931945622,-33.67881744168699,173.60000610351562],[151.08143200166523,-33.678817357867956,173.39999389648438],[151.08142613433301,-33.67880872450769,173.60000610351562],[151.08142680488527,-33.678808556869626,173.60000610351562],[151.08142957091331,-33.67880713194609,173.60000610351562],[151.08143149875104,-33.67880277335644,173.8000030517578],[151.08143149875104,-33.678802102804184,173.8000030517578],[151.08143149875104,-33.67880092933774,173.8000030517578],[151.08142521232367,-33.67879271507263,173.39999389648438],[151.08141993172467,-33.67878190241754,173.8000030517578],[151.08141900971532,-33.67877947166562,173.8000030517578],[151.08141666278243,-33.6787770409137,173.8000030517578],[151.08140593394637,-33.678765976801515,173.60000610351562],[151.08140668831766,-33.67876539006829,173.60000610351562],[151.08140702359378,-33.6787651386112,173.8000030517578],[151.08140710741282,-33.6787648871541,173.60000610351562],[151.0814067721367,-33.678764551877975,173.1999969482422],[151.08140593394637,-33.678764970973134,173.39999389648438],[151.08140517957509,-33.67876430042088,174],[151.08140249736607,-33.67876421660185,173.8000030517578],[151.08140082098544,-33.67876430042088,174],[151.081399647519,-33.67876430042088,174],[151.08139897696674,-33.6787651386112,174],[151.08140006661415,-33.67876614443958,174],[151.0814014915377,-33.67876639589667,174],[151.08140082098544,-33.67876689881086,174.8000030517578],[151.08139495365322,-33.67876186966896,174.39999389648438],[151.0813526250422,-33.67872716858983,174.39999389648438],[151.08129722066224,-33.67865667678416,174.60000610351562],[151.08127693645656,-33.67864494211972,175],[151.08121348544955,-33.67864787578583,175.39999389648438],[151.0811906028539,-33.678639493882656,175.60000610351562],[151.0811610147357,-33.67862415499985,175.60000610351562],[151.08114525675774,-33.67861392907798,175.8000030517578],[151.08109345659614,-33.678587693721056,176],[151.08103218488395,-33.67856682278216,176],[151.081003267318,-33.6785682477057,176.1999969482422],[151.0809284169227,-33.6785595305264,176.60000610351562],[151.08089824207127,-33.678549556061625,176.8000030517578],[151.0808483697474,-33.678515860810876,177.1999969482422],[151.0807642992586,-33.67845676839352,177.1999969482422],[151.08065843582153,-33.67836758494377,176],[151.08064603060484,-33.67835274897516,175.8000030517578],[151.0806038696319,-33.67828971706331,174.8000030517578],[151.08058559708297,-33.67823355831206,174.60000610351562],[151.08056279830635,-33.67814261466265,174.60000610351562],[151.0805726889521,-33.67807975038886,174.60000610351562],[151.08057235367596,-33.67802510038018,174.60000610351562],[151.08058819547296,-33.677953854203224,174.1999969482422],[151.080612083897,-33.677886966615915,174.1999969482422],[151.08061987906694,-33.67780893109739,173.8000030517578],[151.08061945997179,-33.6777859646827,173.8000030517578],[151.08061644248664,-33.677745731547475,173.8000030517578],[151.08060739003122,-33.67766132578254,173.60000610351562],[151.08060169033706,-33.677635258063674,173.39999389648438],[151.0805822443217,-33.677561581134796,173.1999969482422],[151.08056908473372,-33.677517073228955,173.39999389648438],[151.08053036034107,-33.67744683288038,173.1999969482422],[151.08050563372672,-33.67736594751477,173.1999969482422],[151.08045903034508,-33.67727047763765,173],[151.08044704422355,-33.67724508047104,172.8000030517578],[151.08037705533206,-33.67713653482497,172.8000030517578],[151.0802650731057,-33.677049865946174,172.8000030517578],[151.0802389215678,-33.67703159339726,172.8000030517578],[151.08019516803324,-33.67699529975653,172.60000610351562],[151.08018586412072,-33.6769706569612,172.60000610351562],[151.08016901649535,-33.676925813779235,171.60000610351562],[151.0801639035344,-33.67690519429743,171.39999389648438],[151.08015283942223,-33.67687267251313,170.60000610351562],[151.08012123964727,-33.676802180707455,169.60000610351562],[151.08011059463024,-33.67678105831146,169],[151.0800930764526,-33.67673026397824,168.39999389648438],[151.0800718702376,-33.67669053375721,168.1999969482422],[151.08006088994443,-33.676654575392604,167.8000030517578],[151.08006197959185,-33.6765961535275,168],[151.08007128350437,-33.676546113565564,168.1999969482422],[151.0800869576633,-33.676508478820324,168.39999389648438],[151.08009626157582,-33.676415691152215,169],[151.08012786135077,-33.67632198147476,169.39999389648438],[151.08013431541622,-33.67629616521299,169.60000610351562],[151.08014806173742,-33.67626582272351,169.8000030517578],[151.08016658574343,-33.67624428123236,170],[151.0801887139678,-33.67620547302067,170.1999969482422],[151.08019013889134,-33.67616029456258,170.39999389648438],[151.08018946833909,-33.6761471349746,170.60000610351562],[151.08018770813942,-33.67611897177994,170.8000030517578],[151.08019441366196,-33.676088796928525,170.8000030517578],[151.08019835315645,-33.676069686189294,170.8000030517578],[151.0801884625107,-33.67602886632085,170.8000030517578],[151.0801744647324,-33.6759917344898,171.1999969482422],[151.08017010614276,-33.675915375351906,171.60000610351562],[151.08015711419284,-33.67587807588279,171.8000030517578],[151.08013674616814,-33.67580766789615,172.8000030517578],[151.0801279451698,-33.67573566734791,173],[151.08009693212807,-33.6756291333586,173.1999969482422],[151.08008410781622,-33.675605999305844,173.39999389648438],[151.08001939952374,-33.67554405704141,173.60000610351562],[151.08000070787966,-33.67552846670151,173.60000610351562],[151.07999274507165,-33.67552042007446,173.8000030517578],[151.07994060963392,-33.67548597045243,174],[151.07987321913242,-33.67544590495527,174.1999969482422],[151.07978135347366,-33.67536929436028,174.1999969482422],[151.07969300821424,-33.6753043346107,174.1999969482422],[151.07959519140422,-33.67521917447448,173.8000030517578],[151.07956744730473,-33.67511381395161,172.8000030517578],[151.07956568710506,-33.675098894163966,172.60000610351562],[151.07957708649337,-33.67498473264277,172.39999389648438],[151.0795808583498,-33.67495740763843,172.39999389648438],[151.07958689332008,-33.67491105571389,172.39999389648438],[151.0796067584306,-33.67486495524645,172.60000610351562],[151.07962251640856,-33.674830086529255,172.39999389648438],[151.0796487517655,-33.674785075709224,172.39999389648438],[151.07967314310372,-33.674674769863486,172.39999389648438],[151.07967347837985,-33.6746621131897,172.39999389648438],[151.07971320860088,-33.674565721303225,172.39999389648438],[151.0797489155084,-33.6744824051857,171.60000610351562],[151.07975956052542,-33.67445197887719,171.1999969482422],[151.07979191467166,-33.67434619925916,171.1999969482422],[151.07981387525797,-33.67423455230892,171.60000610351562],[151.07982016168535,-33.67416741326451,172],[151.07981638982892,-33.6741525772959,172.1999969482422],[151.0798171442002,-33.67413740605116,172.1999969482422],[151.07982686720788,-33.67409432306886,172.39999389648438],[151.0798414517194,-33.67406708188355,172.39999389648438],[151.0798551980406,-33.67403095588088,172.60000610351562],[151.0799141228199,-33.67396356537938,172.8000030517578],[151.08000087551773,-33.67387698031962,173],[151.08001235872507,-33.673871951177716,172.8000030517578],[151.08003934845328,-33.673862563446164,172.8000030517578],[151.0800740495324,-33.673851834610105,172.39999389648438],[151.08009265735745,-33.67384395562112,172.1999969482422],[151.0801456309855,-33.67380799725652,171.60000610351562],[151.08017899096012,-33.673796681687236,171.39999389648438],[151.08025970868766,-33.67377145215869,171],[151.08035802841187,-33.67371621541679,170.60000610351562],[151.0803998541087,-33.673680340871215,170.60000610351562],[151.08042960986495,-33.673648573458195,170.8000030517578],[151.0805568471551,-33.67355586960912,170.60000610351562],[151.08061057515442,-33.67348504252732,170.8000030517578],[151.08064661733806,-33.67339611053467,170.39999389648438],[151.08067385852337,-33.67326459847391,169.8000030517578],[151.0806726012379,-33.673222940415144,169.39999389648438],[151.0806757863611,-33.67316560819745,169],[151.08067511580884,-33.67313367314637,168.8000030517578],[151.0806530714035,-33.6730732396245,168.1999969482422],[151.08063706196845,-33.67304968647659,168],[151.08058073557913,-33.67293678224087,167.1999969482422],[151.08057067729533,-33.6728575732559,166.39999389648438],[151.0805613733828,-33.67281666956842,166.1999969482422],[151.08055433258414,-33.67275548167527,165.39999389648438],[151.08055441640317,-33.67272882722318,165],[151.08055961318314,-33.67269496433437,164.60000610351562],[151.08056413941085,-33.67265900596976,164],[151.08055944554508,-33.67264333181083,163.8000030517578],[151.0805674083531,-33.67258356884122,163.39999389648438],[151.08059163205326,-33.6725378036499,162.8000030517578],[151.08062943443656,-33.67246789857745,162.1999969482422],[151.08063815161586,-33.672455912455916,161.8000030517578],[151.0806501377374,-33.672444093972445,161.8000030517578],[151.080675534904,-33.67235600017011,160.8000030517578],[151.08067930676043,-33.672344014048576,160.60000610351562],[151.08069196343422,-33.6722737737,159.60000610351562],[151.08069548383355,-33.672248125076294,159.39999389648438],[151.08069975860417,-33.67223479785025,159.1999969482422],[151.0807172767818,-33.67218182422221,158.60000610351562],[151.0807555820793,-33.67212658748031,158],[151.08078567311168,-33.67209783755243,157.60000610351562],[151.08086018823087,-33.672038996592164,156.60000610351562],[151.0808726772666,-33.672031285241246,156.39999389648438],[151.08094392344356,-33.67198635824025,155.39999389648438],[151.0809966456145,-33.671944281086326,154.60000610351562],[151.08103252016008,-33.67191226221621,154.1999969482422],[151.08110753819346,-33.67185166105628,153.60000610351562],[151.08114022761583,-33.671816708520055,153.39999389648438],[151.08115003444254,-33.67180715315044,153.1999969482422],[151.08117719180882,-33.671763902530074,152.60000610351562],[151.08117626979947,-33.671751664951444,152.60000610351562],[151.0811827238649,-33.6717124376446,152.1999969482422],[151.08120216988027,-33.671652087941766,151],[151.08124651014805,-33.67158209905028,149.8000030517578],[151.08127291314304,-33.67155410349369,149.1999969482422],[151.08130124397576,-33.671523509547114,148.60000610351562],[151.08135614544153,-33.67142686620355,147.8000030517578],[151.08136192895472,-33.67141571827233,147.60000610351562],[151.08140844851732,-33.67133089341223,147.60000610351562],[151.0814729053527,-33.67121061310172,147.39999389648438],[151.0815040860325,-33.67112847045064,147.8000030517578],[151.08151582069695,-33.67111078463495,148],[151.08152797445655,-33.67106904275715,148.60000610351562],[151.0815241187811,-33.671026127412915,149.8000030517578],[151.08153359033167,-33.67099704220891,150.8000030517578],[151.08153434470296,-33.6709890794009,151],[151.08153660781682,-33.67093970999122,151.60000610351562],[151.08153535053134,-33.67090601474047,151.8000030517578],[151.0815444868058,-33.67086670361459,152],[151.081547671929,-33.67085354402661,152.1999969482422],[151.08155789785087,-33.67081825621426,152.60000610351562],[151.08158111572266,-33.67071985267103,153.1999969482422],[151.0815875697881,-33.67070694454014,153.1999969482422],[151.08161497861147,-33.67064877413213,153.60000610351562],[151.0816277191043,-33.6706280708313,154],[151.08168815262616,-33.67054886184633,154.39999389648438],[151.08169309794903,-33.67053561843932,154.60000610351562],[151.08174707740545,-33.670444590970874,155.1999969482422],[151.08175897970796,-33.67042539641261,155.60000610351562],[151.08177004382014,-33.67040301673114,155.8000030517578],[151.08177616260946,-33.67036613635719,156.39999389648438],[151.08178010210395,-33.67035255767405,156.60000610351562],[151.0817974526435,-33.670323472470045,157],[151.0818069241941,-33.67030578665435,157.60000610351562],[151.08180927112699,-33.67029396817088,157.8000030517578],[151.08186392113566,-33.67019858211279,158.39999389648438],[151.08187599107623,-33.67017176002264,158.60000610351562],[151.08191723003983,-33.67010730318725,159],[151.08193399384618,-33.670082576572895,159],[151.0819660127163,-33.67000454105437,159.60000610351562],[151.0819697007537,-33.66998995654285,159.8000030517578],[151.08197649009526,-33.669979982078075,160],[151.08197523280978,-33.669910077005625,160.1999969482422],[151.08196886256337,-33.66982240229845,160.60000610351562],[151.08195964246988,-33.66979993879795,160.60000610351562],[151.0818983707577,-33.669725842773914,160.8000030517578],[151.08187121339142,-33.66964445449412,160.60000610351562],[151.08186626806855,-33.669632552191615,160.39999389648438],[151.08185989782214,-33.6696195602417,160.39999389648438],[151.08182511292398,-33.669556360691786,160],[151.0818158928305,-33.66954772733152,160],[151.08180885203183,-33.66953959688544,160],[151.08174992725253,-33.66946952417493,159.60000610351562],[151.08173416927457,-33.669440522789955,159.39999389648438],[151.0816941037774,-33.66938050836325,159.1999969482422],[151.08167465776205,-33.669359469786286,159],[151.0816174093634,-33.669277327135205,158.60000610351562],[151.08160114847124,-33.66925704292953,158.60000610351562],[151.08154540881515,-33.66917062550783,158],[151.08150014653802,-33.66909376345575,157.39999389648438],[151.08140090480447,-33.6689617484808,156.8000030517578],[151.08138028532267,-33.668916234746575,156.8000030517578],[151.0813491884619,-33.668880611658096,156.8000030517578],[151.08130870386958,-33.66881472989917,156.1999969482422],[151.08129126951098,-33.66879444569349,156],[151.0812442470342,-33.66873241961002,155.60000610351562],[151.08124047517776,-33.66871867328882,155.60000610351562],[151.08120024204254,-33.66861985065043,155.1999969482422],[151.0811171773821,-33.66848699748516,155],[151.08110301196575,-33.66844282485545,155],[151.08107384294271,-33.66839412599802,154.8000030517578],[151.08100569806993,-33.668305445462465,154.1999969482422],[151.08099245466292,-33.66828918457031,154.1999969482422],[151.0809421632439,-33.66817535832524,153.60000610351562],[151.08086957596242,-33.668049881234765,153.1999969482422],[151.08081752434373,-33.66792147047818,152],[151.08080604113638,-33.66782382130623,151],[151.08081660233438,-33.66776238195598,150.8000030517578],[151.08084526844323,-33.66768308915198,150.39999389648438],[151.0808264091611,-33.6676334682852,150],[151.08080780133605,-33.66756926290691,149.39999389648438],[151.0807920433581,-33.66753498092294,148.8000030517578],[151.08077209442854,-33.66749105975032,147.60000610351562],[151.08076631091535,-33.66748234257102,147.39999389648438],[151.08076069504023,-33.66744068451226,146.8000030517578],[151.08076840639114,-33.667438086122274,146.60000610351562],[151.08077796176076,-33.66744143888354,145.39999389648438],[151.08076890930533,-33.66743347607553,145],[151.0807487089187,-33.66741101257503,144.39999389648438],[151.0807220544666,-33.6673953384161,143.39999389648438],[151.08070797286928,-33.66738838143647,142.60000610351562],[151.0806794743985,-33.66736709140241,142.1999969482422],[151.08065759763122,-33.66733867675066,141],[151.08065181411803,-33.66733121685684,140.8000030517578],[151.08064108528197,-33.667302802205086,140],[151.08064318075776,-33.66729458793998,139.8000030517578],[151.08066078275442,-33.667270950973034,138.60000610351562],[151.0806295182556,-33.66725326515734,137.60000610351562],[151.08057822100818,-33.66726047359407,136.39999389648438],[151.08056548051536,-33.667242201045156,135.39999389648438],[151.08056782744825,-33.66722627542913,135],[151.08054544776678,-33.66720666177571,134.39999389648438],[151.0805111657828,-33.66718956269324,133.39999389648438],[151.08049943111837,-33.66717841476202,133.1999969482422],[151.08047688379884,-33.667159052565694,132.39999389648438],[151.08047210611403,-33.66716089658439,132],[151.08044486492872,-33.66716341115534,131],[151.08040270395577,-33.667135164141655,130],[151.08040605671704,-33.667111778631806,129],[151.0804048832506,-33.667107000947,128.8000030517578],[151.08040454797447,-33.6670879740268,127.80000305175781],[151.08040714636445,-33.66708160378039,127.5999984741211],[151.0804014466703,-33.6670483276248,126.4000015258789],[151.08036909252405,-33.667056458070874,125.4000015258789],[151.08034671284258,-33.6670533567667,124],[151.0803348943591,-33.66704891435802,123],[151.0803327150643,-33.667050171643496,122.80000305175781],[151.08032307587564,-33.66704556159675,121.80000305175781],[151.0803253389895,-33.66704095155001,121.5999984741211],[151.0803147777915,-33.66702661849558,120.80000305175781],[151.08028074726462,-33.667007172480226,119.5999984741211],[151.08026599511504,-33.66697230376303,118.5999984741211],[151.08026976697147,-33.66696685552597,118.19999694824219],[151.08025970868766,-33.66696434095502,117.5999984741211],[151.08025526627898,-33.66696492768824,117.4000015258789],[151.08024981804192,-33.666967106983066,117.19999694824219],[151.0802203975618,-33.66694774478674,116.19999694824219],[151.08020028099418,-33.666938189417124,115.4000015258789],[151.08019298873842,-33.66693550720811,115],[151.08016750775278,-33.66692419163883,114],[151.08015929348767,-33.66690784692764,113.19999694824219],[151.08015443198383,-33.66690021939576,113],[151.080139009282,-33.6668633390218,112],[151.08011587522924,-33.66681765764952,111.4000015258789],[151.08010975643992,-33.66680265404284,111.19999694824219],[151.0800999496132,-33.666776502504945,110.80000305175781],[151.0801009554416,-33.6667650192976,110.5999984741211],[151.08011713251472,-33.666718835011125,110.4000015258789],[151.08019181527197,-33.66661154665053,109.80000305175781],[151.0801987722516,-33.666601069271564,109.80000305175781],[151.08021243475378,-33.666572235524654,109.5999984741211],[151.08021704480052,-33.66656318306923,109.5999984741211],[151.0802407655865,-33.66652060300112,109.19999694824219],[151.0802529193461,-33.66650794632733,109.19999694824219],[151.08026758767664,-33.666486321017146,108.5999984741211],[151.0802978463471,-33.66645229049027,107.80000305175781],[151.08031695708632,-33.66642437875271,107.4000015258789],[151.08033020049334,-33.66640577092767,107],[151.0803308710456,-33.666395377367735,106.4000015258789],[151.08033313415945,-33.66637366823852,105.4000015258789],[151.08035316690803,-33.666357239708304,104.4000015258789],[151.08038283884525,-33.66633712314069,103.4000015258789],[151.08039080165327,-33.66633050143719,103.19999694824219],[151.0804477147758,-33.666283059865236,102.4000015258789],[151.08046296983957,-33.66627400740981,102.19999694824219],[151.08047763817012,-33.66622849367559,101.19999694824219],[151.08047906309366,-33.666216004639864,101],[151.0804839245975,-33.66621290333569,100.5999984741211],[151.08051041141152,-33.66620862856507,100.19999694824219],[151.08052809722722,-33.66619873791933,99.80000305175781],[151.08053220435977,-33.666190691292286,99.5999984741211],[151.08055676333606,-33.66617568768561,98.80000305175781],[151.08057637698948,-33.66616043262184,98.19999694824219],[151.08058811165392,-33.6661518830806,97.80000305175781],[151.08061124570668,-33.666130509227514,96.5999984741211],[151.08061929233372,-33.66612405516207,96.4000015258789],[151.0806327033788,-33.666091952472925,95.5999984741211],[151.08064309693873,-33.66608147509396,95.19999694824219],[151.0806388221681,-33.66607275791466,94.5999984741211],[151.0806342959404,-33.666058173403144,94],[151.08062147162855,-33.666047025471926,93.4000015258789],[151.08060739003122,-33.6660482827574,93],[151.0805415082723,-33.66603931412101,92.19999694824219],[151.08053086325526,-33.666038727387786,92],[151.0804442781955,-33.66602146066725,91.19999694824219],[151.08043195679784,-33.66602288559079,91.19999694824219],[151.08040580525994,-33.66602464579046,91],[151.08034009113908,-33.66601098328829,90.5999984741211],[151.08031645417213,-33.66601601243019,90.19999694824219],[151.08028971590102,-33.66600897163153,90],[151.08031913638115,-33.66598139517009,89.5999984741211],[151.08032366260886,-33.66596857085824,89],[151.08032726682723,-33.66594602353871,88.5999984741211],[151.0803417675197,-33.66592498496175,88],[151.08034579083323,-33.665912579745054,88],[151.08035316690803,-33.66588952951133,86.80000305175781],[151.08035744167864,-33.66589003242552,86.5999984741211],[151.0803700145334,-33.66586631163955,85.5999984741211],[151.08038040809333,-33.665850134566426,84.80000305175781],[151.08037780970335,-33.66584393195808,84.5999984741211],[151.0803475510329,-33.66584787145257,83.4000015258789],[151.08032341115177,-33.66583865135908,82.4000015258789],[151.0803359001875,-33.665811493992805,81.19999694824219],[151.08033313415945,-33.66580193862319,81],[151.08033732511103,-33.66577268578112,80.19999694824219],[151.08036213554442,-33.66576237604022,79.4000015258789],[151.08038677833974,-33.66575449705124,79.19999694824219],[151.08044335618615,-33.665740080177784,78.80000305175781],[151.0804609581828,-33.66573253646493,78.19999694824219],[151.08047009445727,-33.66572767496109,77.80000305175781],[151.0804944857955,-33.66571744903922,77.19999694824219],[151.0804981738329,-33.665715269744396,77],[151.08050169423223,-33.66569305770099,76],[151.0805172007531,-33.6656735278666,75],[151.08050521463156,-33.665664391592145,74.5999984741211],[151.08047034591436,-33.66563932970166,73.80000305175781],[151.08046581968665,-33.665633127093315,73.5999984741211],[151.08047562651336,-33.665615106001496,72.5999984741211],[151.0804850142449,-33.66561225615442,72.19999694824219],[151.080487864092,-33.66560546681285,71.5999984741211],[151.08048861846328,-33.66559674963355,70.4000015258789],[151.08048836700618,-33.66559532471001,70.19999694824219],[151.08050471171737,-33.66557235829532,69.19999694824219],[151.0805095732212,-33.665568670257926,69],[151.08050471171737,-33.665555007755756,68],[151.08049549162388,-33.66554159671068,67.4000015258789],[151.08047797344625,-33.66553162224591,66.80000305175781],[151.08041988685727,-33.665507063269615,66.4000015258789],[151.08035962097347,-33.66550530306995,66.80000305175781],[151.08029030263424,-33.66549951955676,66.80000305175781],[151.080252667889,-33.665490970015526,66.5999984741211],[151.08026197180152,-33.66547110490501,66.4000015258789],[151.0802769754082,-33.665466075763106,65.80000305175781],[151.0802820045501,-33.66546004079282,65.4000015258789],[151.08028770424426,-33.665446462109685,64.5999984741211],[151.0802939068526,-33.665433218702674,63.599998474121094],[151.08030413277447,-33.665421567857265,63],[151.0803102515638,-33.665414191782475,62.400001525878906],[151.08031301759183,-33.66541360504925,61.400001525878906],[151.08032341115177,-33.66541394032538,61],[151.08033372089267,-33.66540312767029,60.20000076293945],[151.08034537173808,-33.66538619622588,59.20000076293945],[151.0803546756506,-33.66538225673139,58.599998474121094],[151.0803633928299,-33.665374629199505,58.20000076293945],[151.0803642310202,-33.6653661634773,57],[151.080366326496,-33.66536314599216,56.599998474121094],[151.080363644287,-33.66536406800151,56],[151.08034662902355,-33.665362894535065,55.400001525878906],[151.08031997457147,-33.66535870358348,55.599998474121094],[151.08030807226896,-33.665360463783145,55.400001525878906],[151.08030329458416,-33.66535007022321,54.79999923706055],[151.0803042165935,-33.66534931585193,54.599998474121094],[151.0803042165935,-33.66534931585193,53.79999923706055],[151.0803063120693,-33.66535007022321,52.599998474121094],[151.08030882664025,-33.66535007022321,51.79999923706055],[151.08030958101153,-33.66535007022321,51.599998474121094],[151.08032936230302,-33.66535007022321,51.20000076293945],[151.08033078722656,-33.66534948348999,50.400001525878906],[151.08033707365394,-33.66534252651036,49.20000076293945],[151.08030203729868,-33.665277902036905,48.400001525878906],[151.08030044473708,-33.66525518707931,48],[151.08030455186963,-33.66525032557547,47.20000076293945],[151.08030874282122,-33.6652504093945,47],[151.08031704090536,-33.66524973884225,45.79999923706055],[151.0803100001067,-33.66525325924158,45.400001525878906],[151.0802996903658,-33.665233477950096,44.599998474121094],[151.08027236536145,-33.66520984098315,43.599998474121094],[151.08027395792305,-33.66520523093641,43.599998474121094],[151.08031167648733,-33.665199698880315,43],[151.08032818883657,-33.66519299335778,42.599998474121094],[151.0803245846182,-33.665178744122386,41.599998474121094],[151.0803287755698,-33.66517555899918,41.400001525878906],[151.08033782802522,-33.66515845991671,40.79999923706055],[151.08033439144492,-33.665153766050935,40.20000076293945],[151.08032181859016,-33.665141025558114,39.20000076293945],[151.08032223768532,-33.665136164054275,38.79999923706055],[151.08030455186963,-33.66512015461922,38],[151.08028602786362,-33.665103474631906,37.599998474121094],[151.080268509686,-33.66508411243558,37],[151.080260630697,-33.665073635056615,36.79999923706055],[151.08025442808867,-33.665051674470305,36],[151.08024227432907,-33.66504170000553,36],[151.08023900538683,-33.66504220291972,35.20000076293945],[151.08024252578616,-33.66504421457648,35],[151.0802487283945,-33.66503524594009,34.400001525878906],[151.0802442021668,-33.66503038443625,34.20000076293945],[151.0802201461047,-33.66501370444894,33.79999923706055],[151.08021771535277,-33.66498151794076,33.79999923706055],[151.08021561987698,-33.66498160175979,33.79999923706055],[151.08020623214543,-33.66494924761355,33.79999923706055],[151.08020975254476,-33.66493944078684,33.79999923706055],[151.0802066512406,-33.6649205815047,33.79999923706055],[151.08020254410803,-33.66487657651305,35],[151.08019986189902,-33.664868362247944,35.20000076293945],[151.08017932623625,-33.66484195925295,36.20000076293945],[151.08015954494476,-33.6648241057992,36.599998474121094],[151.08014621771872,-33.66480407305062,36.599998474121094],[151.08012920245528,-33.664784878492355,36.79999923706055],[151.08009844087064,-33.6647686176002,36.79999923706055],[151.08005569316447,-33.66469033062458,36.599998474121094],[151.08003339730203,-33.66467943415046,36.599998474121094],[151.08003105036914,-33.66466040723026,37.20000076293945],[151.0800058208406,-33.664625119417906,38],[151.08000640757382,-33.664620257914066,38],[151.08000867068768,-33.66461933590472,38],[151.08000992797315,-33.66462185047567,38],[151.0800090059638,-33.66462076082826,38],[151.07999802567065,-33.66461816243827,38],[151.08000305481255,-33.66459997370839,38.400001525878906],[151.0800266917795,-33.66456317715347,39],[151.08002887107432,-33.664548425003886,39.599998474121094],[151.08003959991038,-33.664537612348795,40.599998474121094],[151.08004144392908,-33.66453057155013,40.79999923706055],[151.08005510643125,-33.664507772773504,42],[151.08006734400988,-33.66450710222125,42.599998474121094],[151.08007723465562,-33.66450768895447,43],[151.08012786135077,-33.66450509056449,43.599998474121094],[151.08017228543758,-33.66451062262058,44.20000076293945],[151.08022207394242,-33.66453451104462,44.79999923706055],[151.08023565262556,-33.66453442722559,45.20000076293945],[151.08025250025094,-33.66453107446432,45.599998474121094],[151.08024319633842,-33.66452269256115,45.599998474121094],[151.0802481416613,-33.664511209353805,45.599998474121094],[151.08023875392973,-33.664510203525424,45.599998474121094],[151.08024093322456,-33.66450894623995,45.599998474121094],[151.08026892878115,-33.66454088129103,46.20000076293945],[151.08028057962656,-33.664552699774504,46.400001525878906],[151.08029667288065,-33.664567871019244,46.400001525878906],[151.08030564151704,-33.664582120254636,46.599998474121094],[151.08030572533607,-33.6645841319114,46.599998474121094],[151.0803047195077,-33.66458170115948,46],[151.0803047195077,-33.66458195261657,46.20000076293945],[151.08030689880252,-33.66458924487233,46.20000076293945],[151.0803071502596,-33.664591340348125,46.20000076293945],[151.08030572533607,-33.66459251381457,46.20000076293945],[151.08030564151704,-33.6645925976336,46.20000076293945],[151.08030539005995,-33.664592849090695,46],[151.080305557698,-33.664593352004886,46],[151.08030572533607,-33.6645944416523,46],[151.080305557698,-33.66459695622325,46],[151.08030731789768,-33.66459880024195,46.400001525878906],[151.0803079046309,-33.664596201851964,46.20000076293945],[151.0803126823157,-33.66459008306265,46],[151.08032366260886,-33.6645925976336,46.400001525878906],[151.0803237464279,-33.66459368728101,46.400001525878906],[151.0803203098476,-33.664594357833266,46.20000076293945],[151.08031729236245,-33.66459410637617,46.20000076293945],[151.08030916191638,-33.66459058597684,46.400001525878906],[151.08030413277447,-33.66458974778652,46.400001525878906],[151.08030279166996,-33.66458966396749,46.400001525878906],[151.08030145056546,-33.66458974778652,46.400001525878906],[151.08030170202255,-33.66458999924362,46.20000076293945],[151.08030178584158,-33.66459008306265,46.400001525878906],[151.0803021211177,-33.66459016688168,46.400001525878906],[151.0803047195077,-33.66458966396749,46.400001525878906],[151.0803074017167,-33.66458882577717,46.599998474121094],[151.08030773699284,-33.66458865813911,46.599998474121094],[151.08031251467764,-33.6645873170346,46.599998474121094],[151.0803142748773,-33.66458865813911,46.79999923706055],[151.08031461015344,-33.66458949632943,46.599998474121094],[151.08031435869634,-33.664589412510395,46.79999923706055],[151.08031444251537,-33.66458949632943,46.79999923706055],[151.08031435869634,-33.66458932869136,46.79999923706055],[151.08031393960118,-33.664589412510395,46.79999923706055],[151.08031150884926,-33.66458999924362,46.79999923706055],[151.08031251467764,-33.664589915424585,47],[151.08031326904893,-33.66458966396749,47],[151.0803131852299,-33.66458966396749,47],[151.08031352050602,-33.664591005072,47],[151.08031326904893,-33.664590837433934,46.599998474121094],[151.08031301759183,-33.6645907536149,46.599998474121094],[151.08031150884926,-33.66459175944328,47],[151.08031402342021,-33.66459150798619,46.599998474121094],[151.080316118896,-33.664590837433934,46.79999923706055],[151.08031553216279,-33.6645907536149,47.20000076293945],[151.08031695708632,-33.664590837433934,46.79999923706055],[151.08031720854342,-33.66459125652909,47],[151.08031737618148,-33.66459192708135,47.400001525878906],[151.08031704090536,-33.664592849090695,47.20000076293945],[151.08031746000051,-33.66459301672876,47.400001525878906],[151.0803158674389,-33.664590837433934,48.599998474121094],[151.08031553216279,-33.664590418338776,49.599998474121094],[151.0803152807057,-33.66459008306265,50.20000076293945],[151.08031519688666,-33.664589915424585,50.599998474121094],[151.08031519688666,-33.664589831605554,51],[151.0803152807057,-33.664589412510395,51.599998474121094],[151.0803152807057,-33.66458899341524,52.20000076293945],[151.080273790285,-33.6644649412483,52.79999923706055],[151.0802508238703,-33.66437751799822,53],[151.08024520799518,-33.66434960626066,53.20000076293945],[151.08024059794843,-33.66432370617986,53.20000076293945],[151.08024118468165,-33.66430920548737,53.20000076293945],[151.08023632317781,-33.66426503285766,53.20000076293945],[151.08022131957114,-33.66423485800624,53.400001525878906],[151.08019885607064,-33.66419286467135,53.599998474121094],[151.08021059073508,-33.664129162207246,54.20000076293945],[151.08020162209868,-33.66409940645099,54.599998474121094],[151.08019458130002,-33.66408063098788,54.79999923706055],[151.08018435537815,-33.66405447944999,55],[151.08018091879785,-33.66404282860458,55.20000076293945],[151.08017647638917,-33.66400728933513,55.400001525878906],[151.08017664402723,-33.663993710651994,55.599998474121094],[151.08017404563725,-33.66396814584732,55.79999923706055],[151.08015501871705,-33.66389178670943,55.79999923706055],[151.08014621771872,-33.66386203095317,55.79999923706055],[151.0801559407264,-33.663817439228296,55.599998474121094],[151.0801659990102,-33.6637257412076,56],[151.08016616664827,-33.663699170574546,56],[151.08015946112573,-33.66361384280026,56.20000076293945],[151.08015392906964,-33.663583835586905,56.400001525878906],[151.08017069287598,-33.66347210481763,56.79999923706055],[151.08017588965595,-33.66343078203499,57.20000076293945],[151.08017195016146,-33.66338727995753,57.599998474121094],[151.08017404563725,-33.66332491859794,58],[151.08017773367465,-33.66324730217457,58.20000076293945],[151.08018904924393,-33.66322048008442,58.400001525878906],[151.08028602786362,-33.66315761581063,57.79999923706055],[151.0803472995758,-33.663140181452036,57.20000076293945],[151.08039004728198,-33.663134733214974,56.79999923706055],[151.0804064758122,-33.66312911733985,56.599998474121094],[151.0804384946823,-33.6631194781512,56.20000076293945],[151.08052046969533,-33.663102546706796,55.20000076293945],[151.08053958043456,-33.66309936158359,55],[151.08055408112705,-33.66309550590813,54.79999923706055],[151.08057118020952,-33.6630832683295,54.400001525878906],[151.08059054240584,-33.663077149540186,54.20000076293945],[151.0806036181748,-33.66307186894119,54],[151.08062909916043,-33.6630523391068,53.400001525878906],[151.08065047301352,-33.66304605267942,53],[151.08066723681986,-33.66305083036423,53],[151.08069213107228,-33.66304571740329,52.599998474121094],[151.08072012662888,-33.66299768909812,52],[151.08072699978948,-33.66299232468009,51.79999923706055],[151.08075943775475,-33.66297380067408,50.79999923706055],[151.0807931330055,-33.662948152050376,49.79999923706055],[151.08080302365124,-33.6629484873265,49.400001525878906],[151.08081341721117,-33.66295209154487,49.20000076293945],[151.08086840249598,-33.66295577958226,48.79999923706055],[151.080990023911,-33.66294597275555,49.400001525878906],[151.0810388904065,-33.66293532773852,49.79999923706055],[151.0810732562095,-33.662936920300126,50],[151.08109278604388,-33.66292837075889,50],[151.08113394118845,-33.66292594000697,49.599998474121094],[151.08114098198712,-33.66291646845639,49.20000076293945],[151.08116202056408,-33.66290649399161,48.79999923706055],[151.08118104748428,-33.66290825419128,48.599998474121094],[151.08119873329997,-33.6629035603255,48.400001525878906],[151.08128196559846,-33.662865506485105,48],[151.08130099251866,-33.662858633324504,48.20000076293945],[151.08138212934136,-33.66282904520631,48.79999923706055],[151.08147080987692,-33.662775149568915,49.20000076293945],[151.0815164912492,-33.66276500746608,49.79999923706055],[151.081539709121,-33.662749249488115,50.20000076293945],[151.08155035413802,-33.66274329833686,50.599998474121094],[151.08156569302082,-33.66273273713887,50.79999923706055],[151.08160039409995,-33.66271823644638,51],[151.08160743489861,-33.66270985454321,51],[151.08161388896406,-33.66269459947944,50.400001525878906],[151.08161129057407,-33.66269099526107,50.400001525878906],[151.08162294141948,-33.66268655285239,49.79999923706055],[151.0816489253193,-33.662665681913495,49],[151.0816705506295,-33.66265017539263,48.79999923706055],[151.08169368468225,-33.662641709670424,48.599998474121094],[151.08172645792365,-33.66263751871884,49.400001525878906],[151.08173165470362,-33.66263693198562,50],[151.08174573630095,-33.662637937814,50.400001525878906],[151.0817849636078,-33.66262536495924,51],[151.08179250732064,-33.66262293420732,51.20000076293945],[151.0818005539477,-33.66261857561767,51.400001525878906],[151.08180943876505,-33.66261170245707,51.400001525878906],[151.08185620978475,-33.662574738264084,51.599998474121094],[151.08189384453,-33.66255981847644,51.79999923706055],[151.08189929276705,-33.66255688481033,52.20000076293945],[151.081928210333,-33.66252126172185,52.79999923706055],[151.08195436187088,-33.66248169913888,52],[151.08196676708758,-33.662472646683455,52],[151.0819800104946,-33.662460409104824,52.400001525878906],[151.08198755420744,-33.662433587014675,53.20000076293945],[151.08200389891863,-33.66241523064673,53.20000076293945],[151.08203038573265,-33.66239117458463,53.599998474121094],[151.0820329003036,-33.66238044574857,53.400001525878906],[151.08207556419075,-33.66233074106276,53],[151.08208822086453,-33.6623200122267,52.599998474121094],[151.08208193443716,-33.66231464780867,52],[151.08208226971328,-33.66229746490717,51.400001525878906],[151.08208939433098,-33.66228388622403,51.20000076293945],[151.08209584839642,-33.66227340884507,51],[151.08209995552897,-33.662245497107506,50],[151.08209517784417,-33.662231834605336,49.20000076293945],[151.08209836296737,-33.66222110576928,48.79999923706055],[151.08206684701145,-33.66220937110484,47.599998474121094],[151.0820727981627,-33.66219327785075,46.599998474121094],[151.08206709846854,-33.66218992508948,46.20000076293945],[151.08205762691796,-33.66220174357295,45.20000076293945],[151.0820474009961,-33.66220970638096,44.79999923706055],[151.08202510513365,-33.662193110212684,44.20000076293945],[151.08202988281846,-33.662173077464104,44],[151.08205310069025,-33.662133514881134,43.400001525878906],[151.08207195997238,-33.66210996173322,43.20000076293945],[151.08211076818407,-33.662054389715195,43.79999923706055],[151.08213775791228,-33.6620023380965,43.599998474121094],[151.0821594670415,-33.661975264549255,43.400001525878906],[151.08218058943748,-33.661915082484484,43.400001525878906],[151.0821922402829,-33.66189982742071,43.400001525878906],[151.0822007060051,-33.66189127787948,43.20000076293945],[151.0822096746415,-33.66188038140535,43],[151.08221118338406,-33.661868227645755,42.79999923706055],[151.08221772126853,-33.66184056736529,42.599998474121094],[151.08223817311227,-33.66180854849517,42.400001525878906],[151.082263905555,-33.66177233867347,42.400001525878906],[151.0822966787964,-33.661744091659784,42.400001525878906],[151.08230422250926,-33.66173378191888,42.599998474121094],[151.08231981284916,-33.66168147884309,43.20000076293945],[151.08234864659607,-33.661650801077485,43.20000076293945],[151.08236499130726,-33.66164568811655,43.20000076293945],[151.0823661647737,-33.66164258681238,43.599998474121094],[151.08237789943814,-33.66162280552089,43.79999923706055],[151.08238670043647,-33.66159866563976,44],[151.08241151086986,-33.66155298426747,43.599998474121094],[151.08241654001176,-33.661536974832416,43.599998474121094],[151.08243288472295,-33.661501770839095,43.400001525878906],[151.08246808871627,-33.66147603839636,43.599998474121094],[151.08246532268822,-33.66146623156965,43.79999923706055],[151.0824901331216,-33.66145173087716,44.20000076293945],[151.08249507844448,-33.66145231761038,44.20000076293945],[151.08251502737403,-33.66142985410988,44.20000076293945],[151.08252609148622,-33.66141610778868,44.400001525878906],[151.08256925828755,-33.66134746000171,45.20000076293945],[151.08263145200908,-33.66130705922842,46.400001525878906],[151.08268233016133,-33.66128518246114,47.599998474121094],[151.0827266704291,-33.66128643974662,48.79999923706055],[151.08276799321175,-33.66129331290722,49.599998474121094],[151.0827665682882,-33.66129239089787,50],[151.08277176506817,-33.66129825823009,50.599998474121094],[151.08278257772326,-33.66129909642041,50.79999923706055],[151.08278869651258,-33.66129884496331,51],[151.08282348141074,-33.66127495653927,51.599998474121094],[151.08283664099872,-33.6612649820745,51.599998474121094],[151.08283915556967,-33.66125148721039,51.599998474121094],[151.08286321163177,-33.661231035366654,51.400001525878906],[151.0828786343336,-33.66121955215931,51.20000076293945],[151.08293739147484,-33.661173451691866,51.599998474121094],[151.08296203427017,-33.66115492768586,52],[151.0829943884164,-33.66112869232893,52.599998474121094],[151.0830237250775,-33.66108376532793,52.20000076293945],[151.08303856104612,-33.661060044541955,52.20000076293945],[151.08306504786015,-33.66102056577802,52.20000076293945],[151.08308088965714,-33.66098603233695,52],[151.0831003356725,-33.66098293103278,51.79999923706055],[151.0831745993346,-33.66100547835231,52],[151.08318817801774,-33.661006819456816,52.20000076293945],[151.0832277406007,-33.66098368540406,52.599998474121094],[151.08323913998902,-33.660975471138954,52.599998474121094],[151.0832877550274,-33.66091017611325,52.400001525878906],[151.08330099843442,-33.660898860543966,52.400001525878906],[151.08338942751288,-33.6608627345413,53],[151.08340325765312,-33.660857789218426,53],[151.08342429623008,-33.66084471344948,53.20000076293945],[151.08345497399569,-33.66083465516567,53],[151.08346763066947,-33.660823004320264,53],[151.08347542583942,-33.66081789135933,53],[151.08355580829084,-33.660763408988714,52.79999923706055],[151.08360526151955,-33.66074320860207,53],[151.08362353406847,-33.6607142072171,53.20000076293945],[151.08365010470152,-33.66070146672428,53.20000076293945],[151.0837153159082,-33.66066492162645,53.400001525878906],[151.08375512994826,-33.660675985738635,53.599998474121094],[151.08379863202572,-33.66068713366985,53.79999923706055],[151.08382495120168,-33.660680428147316,54.20000076293945],[151.08387767337263,-33.66065477952361,54.20000076293945],[151.0838881507516,-33.66064061410725,54.20000076293945],[151.0838947724551,-33.660633405670524,54.20000076293945],[151.08389837667346,-33.66060784086585,54],[151.0839193314314,-33.6605947650969,54],[151.08394330367446,-33.660589987412095,53.79999923706055],[151.08396090567112,-33.66058085113764,53.79999923706055],[151.08397834002972,-33.66056232713163,54],[151.08398714102805,-33.66055847145617,54],[151.0840168967843,-33.66053466685116,53.599998474121094],[151.08401941135526,-33.66052662022412,53.599998474121094],[151.08404531143606,-33.66048722527921,53],[151.08405612409115,-33.66047750227153,53],[151.08407255262136,-33.66046844981611,52.79999923706055],[151.0840884782374,-33.66045285947621,52.79999923706055],[151.08411638997495,-33.66041790693998,52.599998474121094],[151.08413667418063,-33.660401813685894,52.599998474121094],[151.08420884236693,-33.660316821187735,53],[151.0842230077833,-33.660308020189404,53],[151.0842555295676,-33.660298297181726,53.20000076293945],[151.0842832736671,-33.66029477678239,53.20000076293945],[151.08430238440633,-33.6602892447263,53.400001525878906],[151.0843152925372,-33.660285053774714,53.400001525878906],[151.08435946516693,-33.66024523973465,53.20000076293945],[151.08436591923237,-33.66023124195635,53],[151.08437874354422,-33.66022143512964,53],[151.08441168442369,-33.66020777262747,53],[151.08443884178996,-33.660192685201764,53],[151.08448108658195,-33.66016284562647,53],[151.08451603911817,-33.66015840321779,53.20000076293945],[151.08453967608511,-33.66016058251262,53.400001525878906],[151.08457764610648,-33.66014851257205,54],[151.08465073630214,-33.66013292223215,54],[151.0846752114594,-33.66012638434768,54],[151.08468669466674,-33.66011230275035,54.20000076293945],[151.0847047995776,-33.66009461693466,54.20000076293945],[151.08474452979863,-33.66005287505686,54.20000076293945],[151.08474494889379,-33.66003166884184,54],[151.0847471281886,-33.6599887534976,53.599998474121094],[151.08477411791682,-33.65991918370128,53],[151.08477688394487,-33.65991055034101,52.79999923706055],[151.0847999341786,-33.65988867357373,52.599998474121094],[151.08479792252183,-33.659878531470895,52.400001525878906],[151.08478551730514,-33.659851206466556,52],[151.08478870242834,-33.65984466858208,52],[151.08479180373251,-33.65983536466956,51.79999923706055],[151.0848039574921,-33.659824300557375,51.400001525878906],[151.0848187096417,-33.65980259142816,51.20000076293945],[151.0848317015916,-33.659788593649864,50.79999923706055],[151.0848319530487,-33.659780798479915,50.79999923706055],[151.08486581593752,-33.65973620675504,50.20000076293945],[151.08487084507942,-33.65972681902349,50.20000076293945],[151.08490638434887,-33.65970879793167,50],[151.08493194915354,-33.65969949401915,50],[151.08494225889444,-33.65968960337341,50],[151.08496262691915,-33.65965649485588,49.79999923706055],[151.0849958192557,-33.659600084647536,49.400001525878906],[151.0850735194981,-33.659522887319326,49.20000076293945],[151.085089109838,-33.65950017236173,49.20000076293945],[151.08510872349143,-33.6594657227397,49],[151.08511467464268,-33.659457340836525,48.79999923706055],[151.08514912426472,-33.659425573423505,48.79999923706055],[151.08516194857657,-33.65941853262484,48.599998474121094],[151.08518005348742,-33.65938240662217,48.599998474121094],[151.08519673347473,-33.65934376604855,48.599998474121094],[151.08526336960495,-33.65926464088261,48.400001525878906],[151.08528725802898,-33.65920982323587,48.400001525878906],[151.08531659469008,-33.65920311771333,48.599998474121094],[151.08532648533583,-33.65919666364789,48.599998474121094],[151.08534090220928,-33.65916741080582,48.599998474121094],[151.08535992912948,-33.65914989262819,48.599998474121094],[151.085361270234,-33.6591303627938,48.400001525878906],[151.0853552352637,-33.65912441164255,48],[151.0853628627956,-33.659069845452905,48.20000076293945],[151.08541374094784,-33.65903782658279,48],[151.08545690774918,-33.6589733697474,47.79999923706055],[151.08553946949542,-33.65890245884657,47.79999923706055],[151.08556528575718,-33.658862225711346,47.599998474121094],[151.0855931136757,-33.65882861427963,47.20000076293945],[151.08560803346336,-33.65878779441118,46.79999923706055],[151.08562580309808,-33.65876751020551,46.599998474121094],[151.08563594520092,-33.65876072086394,46.599998474121094],[151.08566067181528,-33.65875284187496,46.599998474121094],[151.08570031821728,-33.658739095553756,46.400001525878906],[151.08571037650108,-33.658731300383806,46.400001525878906],[151.08574038371444,-33.65871914662421,46.400001525878906],[151.08578807674348,-33.65868763066828,46.400001525878906],[151.08581389300525,-33.658661395311356,45.79999923706055],[151.08582604676485,-33.658654019236565,45.599998474121094],[151.0858531203121,-33.65864748135209,45.400001525878906],[151.0859276354313,-33.658645302057266,45.400001525878906],[151.08605411835015,-33.658637003973126,46],[151.08608739450574,-33.65865183994174,46.599998474121094],[151.0860994644463,-33.658655527979136,47],[151.0861459840089,-33.65866835229099,47.400001525878906],[151.08618495985866,-33.65868461318314,47.400001525878906],[151.08621505089104,-33.65871177054942,47.400001525878906],[151.08623282052577,-33.658728785812855,47.400001525878906],[151.0863132867962,-33.658788464963436,47.400001525878906],[151.08635385520756,-33.6587836034596,47.599998474121094],[151.08636617660522,-33.6587783228606,47.79999923706055],[151.08641152270138,-33.658746806904674,48.20000076293945],[151.08642510138452,-33.658742951229215,48.400001525878906],[151.0864334832877,-33.65873800590634,48.400001525878906],[151.08643834479153,-33.658744459971786,48.79999923706055],[151.08648058958352,-33.65874077193439,49.599998474121094],[151.08648813329637,-33.65874093957245,50],[151.08652979135513,-33.65876700729132,51],[151.08654169365764,-33.658770779147744,51.400001525878906],[151.08656306751072,-33.65877505391836,52],[151.0866174660623,-33.658773209899664,53.20000076293945],[151.08662568032742,-33.65877061150968,53.20000076293945],[151.08663934282959,-33.658773293718696,54],[151.0866417735815,-33.65877455100417,54.400001525878906],[151.0866499878466,-33.65877170115709,54.79999923706055],[151.08666650019586,-33.658760134130716,55.599998474121094],[151.0866924840957,-33.658753680065274,56.599998474121094],[151.08669709414244,-33.65875409916043,56.599998474121094],[151.08671804890037,-33.658755607903004,57.79999923706055],[151.0867273528129,-33.65876038558781,58.400001525878906],[151.08673464506865,-33.65876608528197,58.599998474121094],[151.08674336224794,-33.658770779147744,59],[151.0867818351835,-33.65877253934741,60],[151.0867908038199,-33.65877656266093,60.20000076293945],[151.0868182964623,-33.65878050215542,61.20000076293945],[151.0868249181658,-33.65876575000584,61.400001525878906],[151.08684486709535,-33.65875443443656,62.20000076293945],[151.08686783351004,-33.658736078068614,63],[151.08688325621188,-33.65871931426227,63.400001525878906],[151.08692918904126,-33.658717051148415,63.79999923706055],[151.08694343827665,-33.658700035884976,64.4000015258789],[151.08696430921555,-33.658684864640236,65.80000305175781],[151.08696598559618,-33.658684361726046,66],[151.08699213713408,-33.65869592875242,67],[151.08700630255044,-33.65869618020952,67.5999984741211],[151.08701242133975,-33.65869634784758,68],[151.08702985569835,-33.65869986824691,69],[151.0870239045471,-33.65871160291135,70],[151.08702725730836,-33.65871453657746,70.19999694824219],[151.08703840523958,-33.658740520477295,71.19999694824219],[151.08703865669668,-33.658747309818864,71.5999984741211],[151.08706204220653,-33.65875443443656,72.4000015258789],[151.08711543492973,-33.65875527262688,73.19999694824219],[151.08712809160352,-33.65875829011202,73.4000015258789],[151.0871888604015,-33.65877446718514,74.4000015258789],[151.08720093034208,-33.65877069532871,74.80000305175781],[151.08721459284425,-33.65876558236778,75.5999984741211],[151.08724585734308,-33.65875728428364,76.19999694824219],[151.0872678179294,-33.658771784976125,76.80000305175781],[151.08728039078414,-33.65878653712571,77],[151.08732238411903,-33.658813862130046,77.80000305175781],[151.0873574204743,-33.65881931036711,78.80000305175781],[151.08736546710134,-33.65882492624223,79],[151.08739321120083,-33.658856358379126,80],[151.08740268275142,-33.65886834450066,80.5999984741211],[151.08742355369031,-33.658879324793816,81.19999694824219],[151.08744920231402,-33.6588906403631,81.5999984741211],[151.0874697379768,-33.65890304557979,82.19999694824219],[151.08750686980784,-33.658918887376785,83.19999694824219],[151.08751508407295,-33.65892508998513,83.80000305175781],[151.0875255614519,-33.658932046964765,84.4000015258789],[151.0875606816262,-33.65892584435642,84.80000305175781],[151.08762815594673,-33.658905224874616,84.80000305175781],[151.08771348372102,-33.65889860317111,84.4000015258789],[151.0877227038145,-33.65890195593238,84.4000015258789],[151.08774349093437,-33.65889709442854,84.4000015258789],[151.08778540045023,-33.65888628177345,84.4000015258789],[151.0878252144903,-33.65886599756777,84],[151.08783384785056,-33.65885887295008,84],[151.08784516341984,-33.658849485218525,84],[151.08793853782117,-33.658832386136055,83.5999984741211],[151.08795672655106,-33.65884588100016,83.5999984741211],[151.08801674097776,-33.65884931758046,84.5999984741211],[151.08802889473736,-33.65885082632303,84.80000305175781],[151.08810919336975,-33.658859208226204,85.4000015258789],[151.08812352642417,-33.65886666812003,85.5999984741211],[151.0881252028048,-33.65887546911836,86.19999694824219],[151.08813333325088,-33.65889013744891,86.80000305175781],[151.08812763355672,-33.65890639834106,87.80000305175781],[151.0881687887013,-33.658913942053914,88.19999694824219],[151.088234083727,-33.658907152712345,88.4000015258789],[151.0882483329624,-33.65890631452203,88.4000015258789],[151.0882723890245,-33.65890874527395,88.5999984741211],[151.0883104428649,-33.65892643108964,88.80000305175781],[151.088313376531,-33.65892584435642,89],[151.0883675236255,-33.658923748880625,89.19999694824219],[151.088458718732,-33.65888234227896,88],[151.08848026022315,-33.6588747985661,87.80000305175781],[151.0884954314679,-33.65887815132737,87.4000015258789],[151.08852325938642,-33.65890153683722,87.19999694824219],[151.08857916668057,-33.65892936475575,87.5999984741211],[151.08863322995603,-33.65895073860884,88.19999694824219],[151.08872811309993,-33.6589699331671,88.19999694824219],[151.0887587070465,-33.65899818018079,89],[151.0887507442385,-33.659006310626864,89.80000305175781],[151.08875057660043,-33.65899792872369,89.5999984741211],[151.08878393657506,-33.65896976552904,88.4000015258789],[151.0888070706278,-33.65895534865558,87.80000305175781],[151.08880899846554,-33.65895174443722,87.80000305175781],[151.08883934095502,-33.6589440330863,88],[151.08884453773499,-33.658945877105,88],[151.088847219944,-33.658946296200156,88],[151.08883808366954,-33.658927185460925,88],[151.0888506565243,-33.65888770669699,88.19999694824219],[151.08887990936637,-33.658862225711346,88.80000305175781],[151.08889390714467,-33.65886038169265,89.19999694824219],[151.08887454494834,-33.6588282790035,89],[151.08886557631195,-33.65877731703222,89],[151.08885551802814,-33.65877530537546,89],[151.0888255108148,-33.65869978442788,88.4000015258789],[151.08884864486754,-33.65864848718047,88.80000305175781],[151.08885023742914,-33.658641949296,89],[151.08884043060243,-33.6586226709187,89.19999694824219],[151.08883942477405,-33.65859132260084,89.19999694824219],[151.08883649110794,-33.65858235396445,89],[151.0888183861971,-33.658540695905685,88.80000305175781],[151.08881721273065,-33.658531894907355,88.80000305175781],[151.0888266004622,-33.65841295570135,89.4000015258789],[151.08884118497372,-33.65833332762122,88.80000305175781],[151.0888321325183,-33.658315390348434,88.80000305175781],[151.08882626518607,-33.65829988382757,88.80000305175781],[151.08883020468056,-33.65827348083258,88.80000305175781],[151.08883095905185,-33.65823551081121,89],[151.08882115222514,-33.65817943587899,89],[151.08880673535168,-33.65815881639719,89],[151.08881243504584,-33.65811925381422,89.19999694824219],[151.08881855383515,-33.65809343755245,89.80000305175781],[151.08882098458707,-33.65808128379285,90],[151.08881704509258,-33.657996878027916,91],[151.08881536871195,-33.657989501953125,91],[151.08881696127355,-33.657973911613226,91.19999694824219],[151.08882098458707,-33.65794088691473,91.4000015258789],[151.0888213198632,-33.65792051889002,91.80000305175781],[151.08882299624383,-33.65788179449737,92.19999694824219],[151.08882676810026,-33.65787349641323,92.19999694824219],[151.08884101733565,-33.65785337984562,92.19999694824219],[151.08885208144784,-33.65781809203327,92.80000305175781],[151.08885283581913,-33.65781138651073,93.19999694824219],[151.08886272646487,-33.65778112784028,94.4000015258789],[151.08891016803682,-33.65773226134479,95.4000015258789],[151.08893087133765,-33.65771759301424,96.19999694824219],[151.0889328829944,-33.65770434960723,96.5999984741211],[151.08894520439208,-33.65766294300556,97.5999984741211],[151.08894637785852,-33.65765506401658,97.5999984741211],[151.08894570730627,-33.65764341317117,97.80000305175781],[151.0889421030879,-33.657627906650305,97.80000305175781],[151.08893833123147,-33.6575816385448,98],[151.08893782831728,-33.657573675736785,98],[151.08893263153732,-33.65756906569004,98],[151.08893455937505,-33.65751273930073,98.19999694824219],[151.08892718330026,-33.657397236675024,97.80000305175781],[151.08893078751862,-33.657274693250656,98.4000015258789],[151.0889069829136,-33.65716187283397,98.4000015258789],[151.0889175441116,-33.6570998467505,98.80000305175781],[151.08892106451094,-33.657092386856675,98.80000305175781],[151.0889251716435,-33.65708333440125,98.80000305175781],[151.0889281053096,-33.65705709904432,99],[151.08892240561545,-33.6570118367672,99.19999694824219],[151.08892483636737,-33.65699448622763,99.19999694824219],[151.08892341144383,-33.65698576904833,99.19999694824219],[151.08889935538173,-33.65695576183498,99.19999694824219],[151.0888818372041,-33.65693530999124,99.19999694824219],[151.08885820023715,-33.65683313459158,98.5999984741211],[151.08886012807488,-33.656754679977894,97.80000305175781],[151.0888556856662,-33.65674277767539,97.80000305175781],[151.08884755522013,-33.656732300296426,97.4000015258789],[151.0888226609677,-33.65668645128608,96.80000305175781],[151.0888199787587,-33.65668083541095,96.4000015258789],[151.08880447223783,-33.656677566468716,96.4000015258789],[151.08878544531763,-33.6566302087158,95.5999984741211],[151.0887800808996,-33.65660355426371,95.19999694824219],[151.08876910060644,-33.656535325571895,94.5999984741211],[151.08877052552998,-33.65641647018492,94.19999694824219],[151.08877597376704,-33.65638160146773,94.19999694824219],[151.08877262100577,-33.65629803389311,93.80000305175781],[151.0887525882572,-33.656179597601295,93.4000015258789],[151.08874588273466,-33.656128803268075,93.5999984741211],[151.08874697238207,-33.65606501698494,93.80000305175781],[151.08879759907722,-33.655910454690456,94.19999694824219],[151.08879734762013,-33.655855720862746,93.80000305175781],[151.08880614861846,-33.65584775805473,93.4000015258789],[151.08879298903048,-33.65578170865774,92.80000305175781],[151.08878938481212,-33.65577424876392,92.5999984741211],[151.0887869540602,-33.6557459179312,91.5999984741211],[151.08878108672798,-33.655675426125526,90.4000015258789],[151.08875434845686,-33.65564030595124,89.80000305175781],[151.0887457150966,-33.65563636645675,89.19999694824219],[151.08874579891562,-33.65559412166476,88.19999694824219],[151.08872610144317,-33.65555682219565,87.5999984741211],[151.0887147858739,-33.6555437464267,87.4000015258789],[151.08871151693165,-33.65553569979966,87.19999694824219],[151.08868687413633,-33.65548029541969,86.19999694824219],[151.08868293464184,-33.6554747633636,86],[151.0886510834098,-33.655452970415354,84.80000305175781],[151.08865334652364,-33.655437463894486,84.19999694824219],[151.08865158632398,-33.655422963202,83.5999984741211],[151.08865519054234,-33.65539563819766,82.80000305175781],[151.08866290189326,-33.65538893267512,82.5999984741211],[151.0886841919273,-33.65537174977362,82.19999694824219],[151.08870338648558,-33.65535506978631,81.80000305175781],[151.08869852498174,-33.655338389799,81.4000015258789],[151.08872015029192,-33.6552794650197,80.19999694824219],[151.08876164071262,-33.65522515028715,79],[151.08877220191061,-33.65521961823106,79],[151.08878209255636,-33.655213164165616,79],[151.0888036340475,-33.65520612336695,78.80000305175781],[151.08888954855502,-33.65516656078398,78.5999984741211],[151.0889727808535,-33.65515231154859,78.5999984741211],[151.08898954465985,-33.65514736622572,78.5999984741211],[151.0891622118652,-33.65514015778899,78.4000015258789],[151.08930068090558,-33.65515910089016,78.5999984741211],[151.08934602700174,-33.65516387857497,78.5999984741211],[151.0894426703453,-33.65518860518932,78.4000015258789],[151.08954585157335,-33.65519531071186,78.80000305175781],[151.0896379686892,-33.655222468078136,79.4000015258789],[151.0897619370371,-33.65524208173156,80],[151.0897864960134,-33.655220456421375,79.80000305175781],[151.08988942578435,-33.655201932415366,78.5999984741211],[151.0899537988007,-33.655200339853764,78.4000015258789],[151.08997852541506,-33.655198412016034,78.4000015258789],[151.0899886675179,-33.655195981264114,78.4000015258789],[151.09004650264978,-33.65518399514258,78.4000015258789],[151.09011556953192,-33.655178463086486,78.4000015258789],[151.09017533250153,-33.655184330418706,78.80000305175781],[151.0901866480708,-33.655180390924215,79],[151.09026359394193,-33.655170081183314,79.19999694824219],[151.0903079342097,-33.65515239536762,79.19999694824219],[151.09033282846212,-33.65515457466245,79.19999694824219],[151.09036333858967,-33.655155999585986,79.19999694824219],[151.09043751843274,-33.655119035393,79.4000015258789],[151.09044439159334,-33.655107133090496,79.4000015258789],[151.09052787534893,-33.655055835843086,79.19999694824219],[151.09059937298298,-33.65500210784376,78.19999694824219],[151.09063893556595,-33.654988277703524,78.19999694824219],[151.09066676348448,-33.65498651750386,78.19999694824219],[151.09067891724408,-33.654982913285494,78.4000015258789],[151.09075410291553,-33.654955169185996,78.5999984741211],[151.09075946733356,-33.65494544617832,78.5999984741211],[151.0907693579793,-33.65491828881204,78.80000305175781],[151.09078193083405,-33.65487864241004,79],[151.09084169380367,-33.654846623539925,79.4000015258789],[151.09085376374424,-33.65483866073191,79.5999984741211],[151.09093330800533,-33.654774790629745,79.80000305175781],[151.0909490659833,-33.65475609898567,80],[151.09097965992987,-33.654743609949946,80.19999694824219],[151.09098385088146,-33.65473547950387,80.19999694824219],[151.09102039597929,-33.65464562550187,80.19999694824219],[151.09105199575424,-33.6546060629189,80],[151.09108258970082,-33.65458594635129,79.80000305175781],[151.09108988195658,-33.654575971886516,79.80000305175781],[151.09113003127277,-33.654538337141275,79.80000305175781],[151.091202031821,-33.654439179226756,80.19999694824219],[151.0912685841322,-33.654361395165324,80.80000305175781],[151.0912775527686,-33.654353097081184,81.19999694824219],[151.0912825819105,-33.65434211678803,81.5999984741211],[151.09129096381366,-33.65429970435798,82.4000015258789],[151.0912995133549,-33.654290148988366,82.4000015258789],[151.09132097102702,-33.654254944995046,82.4000015258789],[151.0913410037756,-33.654236337170005,82.5999984741211],[151.09135827049613,-33.65422837436199,82.5999984741211],[151.09137947671115,-33.65422594361007,83.5999984741211],[151.09140990301967,-33.65420482121408,84.5999984741211],[151.091421386227,-33.65420247428119,84.80000305175781],[151.0914675705135,-33.65420138463378,85.19999694824219],[151.09148508869112,-33.6542054079473,85.80000305175781],[151.0915067140013,-33.65421261638403,86.19999694824219],[151.09153755940497,-33.65422569215298,87],[151.09154971316457,-33.65423382259905,87.5999984741211],[151.09155968762934,-33.65423616953194,88],[151.0915862582624,-33.654217226430774,88.5999984741211],[151.09163604676723,-33.65420859307051,89],[151.09164853580296,-33.65420473739505,89],[151.09165959991515,-33.654205072671175,89.19999694824219],[151.0917556565255,-33.654217813163996,89.80000305175781],[151.09185598790646,-33.65422544069588,89.80000305175781],[151.09187157824636,-33.654220160096884,89.80000305175781],[151.09191340394318,-33.65421362221241,89.80000305175781],[151.09193452633917,-33.654222171753645,89.5999984741211],[151.09195397235453,-33.654224183410406,89.19999694824219],[151.09196646139026,-33.654218232259154,88.80000305175781],[151.09198423102498,-33.65421010181308,88.19999694824219],[151.0920093767345,-33.654198786243796,87.4000015258789],[151.0920210275799,-33.6541969422251,87],[151.0920598357916,-33.654189482331276,86],[151.09208280220628,-33.65418872795999,85.4000015258789],[151.09212219715118,-33.654212867841125,84.80000305175781],[151.09212630428374,-33.65422083064914,84.80000305175781],[151.09217911027372,-33.65424455143511,83.80000305175781],[151.09222303144634,-33.65427045151591,83.80000305175781],[151.0922392923385,-33.654279839247465,84],[151.09228086657822,-33.654290568083525,85],[151.09229142777622,-33.654292495921254,85.19999694824219],[151.09233593568206,-33.654301883652806,86.19999694824219],[151.09234808944166,-33.654301799833775,86.4000015258789],[151.09236921183765,-33.65430498495698,86.80000305175781],[151.09238354489207,-33.65429216064513,87.4000015258789],[151.09240600839257,-33.654255364090204,88.4000015258789],[151.0924137197435,-33.654244216158986,88.5999984741211],[151.09244724735618,-33.65420524030924,89],[151.09247155487537,-33.65419099107385,89],[151.0924941021949,-33.65417615510523,89.19999694824219],[151.09253659844398,-33.654144471511245,89.5999984741211],[151.09255973249674,-33.65410113707185,89.80000305175781],[151.09255319461226,-33.65399946458638,89.5999984741211],[151.09256006777287,-33.65390466526151,89.4000015258789],[151.09259300865233,-33.65385948680341,89.4000015258789],[151.0925990436226,-33.653834173455834,89.80000305175781],[151.0926365107298,-33.65375152789056,90.4000015258789],[151.09268244355917,-33.65371607244015,90.19999694824219],[151.09271915629506,-33.65370735526085,90.5999984741211],[151.09273072332144,-33.653697380796075,90.80000305175781],[151.0927765723318,-33.6536287330091,91],[151.0927842836827,-33.65361959673464,91],[151.09283549711108,-33.65356771275401,91.19999694824219],[151.09286030754447,-33.65354172885418,91.4000015258789],[151.0928810108453,-33.65349336527288,91.19999694824219],[151.09293683432043,-33.65337174385786,90.80000305175781],[151.09302224591374,-33.65327744744718,90.80000305175781],[151.09307915903628,-33.65319857373834,91.4000015258789],[151.0931244213134,-33.6531384754926,91.4000015258789],[151.09315677545965,-33.6531004216522,91.80000305175781],[151.0931970924139,-33.652993300929666,91.80000305175781],[151.09329901635647,-33.652866734191775,92],[151.0933020338416,-33.652853993698955,92.19999694824219],[151.09332768246531,-33.652784591540694,91.80000305175781],[151.0933458711952,-33.65270244888961,91.4000015258789],[151.09340873546898,-33.65261125378311,91.5999984741211],[151.0934804007411,-33.65252835676074,91.4000015258789],[151.09347084537148,-33.65248057991266,90.5999984741211],[151.09347227029502,-33.65243313834071,90],[151.0934930574149,-33.652398101985455,89.5999984741211],[151.093572601676,-33.652333142235875,89.19999694824219],[151.09360612928867,-33.652303386479616,89.4000015258789],[151.09362750314176,-33.65226692520082,89.4000015258789],[151.09368818812072,-33.65220062434673,89.19999694824219],[151.09370017424226,-33.65218352526426,89.19999694824219],[151.09372305683792,-33.65214723162353,88.5999984741211],[151.0937280021608,-33.652142621576786,88.4000015258789],[151.09375122003257,-33.65211169235408,87.19999694824219],[151.09376831911504,-33.6520987842232,87],[151.09378332272172,-33.652080092579126,86.80000305175781],[151.09381542541087,-33.65204405039549,86.4000015258789],[151.09383872710168,-33.65202368237078,86.19999694824219],[151.09384836629033,-33.65202066488564,86],[151.09385004267097,-33.65201781503856,85.80000305175781],[151.0938506294042,-33.652015551924706,85.80000305175781],[151.0938506294042,-33.652015551924706,85.80000305175781],[151.09385004267097,-33.652015551924706,86.4000015258789],[151.09387351199985,-33.65205058827996,87.4000015258789],[151.09389069490135,-33.65208746865392,88.19999694824219],[151.09391609206796,-33.652102975174785,88.4000015258789],[151.0939299222082,-33.652105992659926,88.5999984741211],[151.09395171515644,-33.65211353637278,89.19999694824219],[151.09396914951503,-33.652118146419525,89.5999984741211],[151.09398038126528,-33.65212585777044,90.19999694824219],[151.09398289583623,-33.65213465876877,90.5999984741211],[151.0939922835678,-33.65215100347996,91.80000305175781],[151.0939970612526,-33.65215016528964,92.19999694824219],[151.09400670044124,-33.65214128047228,92.80000305175781],[151.09402698464692,-33.65215896628797,93.4000015258789],[151.09404634684324,-33.65216583944857,93.80000305175781],[151.09406093135476,-33.65218302235007,94.19999694824219],[151.0940731689334,-33.65220129489899,94.80000305175781],[151.09407543204725,-33.652206156402826,95],[151.09409823082387,-33.65222057327628,95.5999984741211],[151.0941061936319,-33.6522301286459,96],[151.0941107198596,-33.65223423577845,96.19999694824219],[151.0941506177187,-33.65223457105458,97.19999694824219],[151.0941572394222,-33.65223524160683,97.19999694824219],[151.09418749809265,-33.652249574661255,97.80000305175781],[151.09420384280384,-33.65224873647094,98.19999694824219],[151.09421524219215,-33.65226063877344,98.5999984741211],[151.0942291561514,-33.65226415917277,99.19999694824219],[151.09424935653806,-33.65227430127561,100.4000015258789],[151.0942502785474,-33.6522784922272,100.5999984741211],[151.09426863491535,-33.65228838287294,101.4000015258789],[151.09428430907428,-33.65229148417711,102.5999984741211],[151.09429269097745,-33.652297938242555,103.5999984741211],[151.09432403929532,-33.65229173563421,104.4000015258789],[151.09434667043388,-33.65229240618646,104.80000305175781],[151.09437122941017,-33.65230154246092,106],[151.09437257051468,-33.65230397321284,106.4000015258789],[151.09436620026827,-33.652313528582454,107],[151.09437122941017,-33.652329286560416,107.5999984741211],[151.0943744983524,-33.65233481861651,108.19999694824219],[151.0943898372352,-33.65234361961484,109],[151.09439461492002,-33.65234663709998,109.19999694824219],[151.09442453831434,-33.65235979668796,110.4000015258789],[151.0944382008165,-33.652364909648895,111],[151.09443786554039,-33.65237245336175,111.4000015258789],[151.09444297850132,-33.65239298902452,112.4000015258789],[151.0944437328726,-33.6523958388716,112.5999984741211],[151.09443878754973,-33.65242031402886,113.80000305175781],[151.09443593770266,-33.652430791407824,114.19999694824219],[151.09444281086326,-33.6524492315948,115],[151.09444322995842,-33.65245224907994,115.19999694824219],[151.0944471694529,-33.65245493128896,116],[151.0944609157741,-33.65245660766959,116.80000305175781],[151.0944680403918,-33.65245928987861,117],[151.09449134208262,-33.65247521549463,118],[151.09450969845057,-33.65247395820916,118.4000015258789],[151.09452897682786,-33.652446046471596,118.80000305175781],[151.09456719830632,-33.65240019746125,119],[151.09460449777544,-33.65240899845958,119.4000015258789],[151.09462285414338,-33.65241997875273,120.19999694824219],[151.0946329124272,-33.652443531900644,121.4000015258789],[151.0946784261614,-33.652447974309325,122.80000305175781],[151.0947000514716,-33.65243875421584,123.5999984741211],[151.09470885246992,-33.65242869593203,123.80000305175781],[151.09476316720247,-33.652408327907324,124.4000015258789],[151.09477892518044,-33.65241687744856,124.80000305175781],[151.09478504396975,-33.65242718718946,125.4000015258789],[151.0947899054736,-33.65243615582585,125.80000305175781],[151.09482041560113,-33.65243833512068,127],[151.09485922381282,-33.65243942476809,128],[151.09486148692667,-33.65244663320482,128.1999969482422],[151.0948459804058,-33.652464570477605,129.39999389648438],[151.09483634121716,-33.65247127600014,129.60000610351562],[151.09482661820948,-33.65250882692635,130.39999389648438],[151.0948760714382,-33.65254403091967,131.39999389648438],[151.09487825073302,-33.65255392156541,131.39999389648438],[151.0948776639998,-33.65256289020181,131.60000610351562],[151.09487992711365,-33.65258786827326,131.8000030517578],[151.09488344751298,-33.652644362300634,132.60000610351562],[151.09488680027425,-33.6526651494205,132.8000030517578],[151.09488286077976,-33.65268325433135,133.60000610351562],[151.0948813520372,-33.65268652327359,133.8000030517578],[151.09485771507025,-33.65268845111132,133.8000030517578],[151.09486299566925,-33.65269364789128,134],[151.09486299566925,-33.65269364789128,134],[151.09486299566925,-33.65269364789128,134],[151.09486299566925,-33.65269364789128,134],[151.09486592933536,-33.65269658155739,133.8000030517578],[151.09487087465823,-33.65269750356674,134],[151.09485486522317,-33.65271418355405,134],[151.09484841115773,-33.652723990380764,134],[151.09482686966658,-33.65275274030864,134.39999389648438],[151.0948240198195,-33.65275165066123,134.39999389648438],[151.09482150524855,-33.65275215357542,134.1999969482422],[151.09482150524855,-33.65275215357542,134.1999969482422],[151.09482150524855,-33.65275173448026,134],[151.09482066705823,-33.6527515668422,134],[151.09481991268694,-33.652748968452215,134],[151.09481974504888,-33.652748465538025,134],[151.094814799726,-33.6527444422245,134],[151.09481220133603,-33.652742095291615,134.1999969482422],[151.09481220133603,-33.652742095291615,134.1999969482422],[151.09481220133603,-33.65274184383452,134.1999969482422],[151.09481220133603,-33.65274142473936,134.1999969482422],[151.09481203369796,-33.65274142473936,134.1999969482422],[151.09481228515506,-33.65274142473936,134.1999969482422],[151.09481228515506,-33.652739245444536,134.39999389648438],[151.09486123546958,-33.652716279029846,134.60000610351562],[151.09494279138744,-33.652703454717994,133.8000030517578],[151.0949910711497,-33.652711333706975,133.39999389648438],[151.09499744139612,-33.65271024405956,133.39999389648438],[151.09499710612,-33.652709824964404,133.39999389648438],[151.0949966032058,-33.652709322050214,133.1999969482422],[151.0949968546629,-33.65270957350731,133.1999969482422],[151.09499727375805,-33.65271024405956,133.1999969482422],[151.09499727375805,-33.65271024405956,133.1999969482422],[151.09499727375805,-33.65271024405956,133.39999389648438],[151.09499802812934,-33.652709405869246,133.60000610351562],[151.0949432104826,-33.652701107785106,133.8000030517578],[151.09490054659545,-33.652709322050214,134.60000610351562],[151.09488026238978,-33.65272658877075,134.60000610351562],[151.0948673542589,-33.65273145027459,134.60000610351562],[151.0948448907584,-33.65273614414036,134.60000610351562],[151.09483810141683,-33.6527412571013,134.60000610351562],[151.09482728876173,-33.652746956795454,134.8000030517578],[151.0948232654482,-33.652744609862566,134.8000030517578],[151.09482301399112,-33.652745112776756,134.8000030517578],[151.09482301399112,-33.652745112776756,134.8000030517578],[151.09482301399112,-33.652745112776756,134.8000030517578],[151.09482301399112,-33.652745112776756,134.8000030517578],[151.09482301399112,-33.652744609862566,134.8000030517578],[151.09482150524855,-33.65274268202484,134.8000030517578],[151.09481882303953,-33.65274251438677,134.8000030517578],[151.09481748193502,-33.6527410056442,134.8000030517578],[151.09481748193502,-33.65274083800614,135],[151.09481748193502,-33.65273958072066,135],[151.09481756575406,-33.652737652882934,135.39999389648438],[151.09481563791633,-33.65273639559746,135.1999969482422],[151.09481119550765,-33.65273807197809,135.60000610351562],[151.0947740636766,-33.652781657874584,135.60000610351562],[151.09476358629763,-33.65287587046623,136.1999969482422],[151.09478110447526,-33.652899423614144,136.39999389648438],[151.09482829459012,-33.65296111442149,136.39999389648438],[151.09483634121716,-33.652970837429166,136.60000610351562],[151.09484246000648,-33.652979554608464,136.60000610351562],[151.09482494182885,-33.65305792540312,136.60000610351562],[151.09481915831566,-33.653070414438844,136.8000030517578],[151.0947167314589,-33.65313922986388,137.39999389648438],[151.0946860536933,-33.65316982381046,137.8000030517578],[151.09462880529463,-33.653226904571056,138.39999389648438],[151.0945982951671,-33.6532814707607,138.60000610351562],[151.09459242783487,-33.653294714167714,138.60000610351562],[151.09457868151367,-33.653328996151686,138.8000030517578],[151.09457549639046,-33.653338802978396,139],[151.09457356855273,-33.65334969945252,139],[151.0945711378008,-33.65336210466921,139.1999969482422],[151.0945668630302,-33.653375431895256,139.1999969482422],[151.09454330988228,-33.65345321595669,139.39999389648438],[151.0945169068873,-33.65351876243949,139.60000610351562],[151.09451254829764,-33.65353301167488,139.60000610351562],[151.09449913725257,-33.65357969887555,140],[151.09446837566793,-33.65365547128022,140.39999389648438],[151.09443861991167,-33.653815565630794,141],[151.09443090856075,-33.65384188480675,141],[151.0943985544145,-33.65397859364748,141.39999389648438],[151.09440928325057,-33.65409032441676,142],[151.09441850334406,-33.65414866246283,142.60000610351562],[151.09442537650466,-33.654186464846134,143],[151.0944148991257,-33.654295429587364,143.8000030517578],[151.09441188164055,-33.65432208403945,144],[151.0943887475878,-33.65441487170756,144.39999389648438],[151.09434708952904,-33.654517801478505,145],[151.09427081421018,-33.65465140901506,145.1999969482422],[151.09419277869165,-33.654742604121566,146],[151.09418598935008,-33.65475291386247,146.1999969482422],[151.09414659440517,-33.6548687517643,146.60000610351562],[151.09410367906094,-33.655039742589,147],[151.0940980631858,-33.65505415946245,147.1999969482422],[151.0940547287464,-33.65516144782305,147.60000610351562],[151.0940314270556,-33.65524426102638,148.39999389648438],[151.0940224584192,-33.65527544170618,148.60000610351562],[151.09398482367396,-33.655405109748244,149.1999969482422],[151.09398138709366,-33.655422292649746,149.39999389648438],[151.09398138709366,-33.655485827475786,149.8000030517578],[151.09398138709366,-33.65552404895425,149.8000030517578],[151.09399278648198,-33.6555836442858,150.39999389648438],[151.09400787390769,-33.65561993792653,150.60000610351562],[151.0940306726843,-33.65567475557327,150.60000610351562],[151.09405481256545,-33.655739882960916,151.1999969482422],[151.09406495466828,-33.65575471892953,151.1999969482422],[151.09408783726394,-33.65578858181834,151.39999389648438],[151.09410317614675,-33.65587332285941,152.1999969482422],[151.09409739263356,-33.65593903698027,152.39999389648438],[151.0940935369581,-33.656019335612655,153.39999389648438],[151.0940895974636,-33.656062334775925,153.60000610351562],[151.09409948810935,-33.65615109913051,154.39999389648438],[151.09410971403122,-33.65617163479328,154.60000610351562],[151.09412664547563,-33.656190829351544,154.60000610351562],[151.09415229409933,-33.65622444078326,155],[151.09421180561185,-33.65631781518459,155.60000610351562],[151.09422211535275,-33.65635779686272,155.8000030517578],[151.0942103806883,-33.6564626544714,156.60000610351562],[151.09420484863222,-33.65648285485804,156.60000610351562],[151.09418221749365,-33.656554855406284,157.1999969482422],[151.0941233765334,-33.65663322620094,157.8000030517578],[151.09410761855543,-33.6566505767405,158],[151.09405875205994,-33.65668946877122,158.8000030517578],[151.09400385059416,-33.65672383457422,160],[151.09399002045393,-33.656729282811284,160.1999969482422],[151.0939415730536,-33.656747890636325,161.1999969482422],[151.09389949589968,-33.65675543434918,161.60000610351562],[151.0938771162182,-33.65675409324467,162.1999969482422],[151.09382363967597,-33.65673506632447,163.39999389648438],[151.093810480088,-33.6567282769829,163.39999389648438],[151.09378784894943,-33.6567129381001,163.60000610351562],[151.09377074986696,-33.65670061670244,163.8000030517578],[151.09375138767064,-33.656691648066044,164],[151.09372640959918,-33.65668326616287,164.39999389648438],[151.09363244846463,-33.65667396225035,165.60000610351562],[151.0935379844159,-33.65667731501162,166.39999389648438],[151.09352063387632,-33.65669131278992,166.60000610351562],[151.0935102403164,-33.65670472383499,167.1999969482422],[151.09350009821355,-33.656739089637995,167.8000030517578],[151.09348283149302,-33.65682424977422,168.1999969482422],[151.0934634692967,-33.656870517879725,168.8000030517578],[151.093456344679,-33.65691117011011,169.39999389648438],[151.09345064498484,-33.65695743821561,170],[151.09344754368067,-33.657025918364525,170.8000030517578],[151.09344779513776,-33.65703882649541,171],[151.09345123171806,-33.657130943611264,172.1999969482422],[151.09345458447933,-33.65714485757053,172.1999969482422],[151.09344134107232,-33.65719783119857,173.1999969482422],[151.09342055395246,-33.65728659555316,174],[151.09340068884194,-33.6573033593595,174.39999389648438],[151.09338325448334,-33.65735247731209,175],[151.09337210655212,-33.65738927386701,175.39999389648438],[151.0933683346957,-33.65740109235048,175.60000610351562],[151.093342686072,-33.657478457316756,176.39999389648438],[151.0933329630643,-33.65750745870173,177],[151.0933236591518,-33.65754123777151,177.39999389648438],[151.09331745654345,-33.65765321999788,178.1999969482422],[151.09331385232508,-33.657708959653974,178.60000610351562],[151.09329122118652,-33.657772494480014,178.8000030517578],[151.09323531389236,-33.6578905954957,179.39999389648438],[151.09322927892208,-33.657902497798204,179.60000610351562],[151.09316146932542,-33.658009534701705,180.8000030517578],[151.09307111240923,-33.65805462934077,182],[151.0930059850216,-33.65807658992708,183],[151.09297254122794,-33.65809033624828,183.60000610351562],[151.0929550230503,-33.658096455037594,184],[151.09289919957519,-33.658121852204204,185.1999969482422],[151.09284538775682,-33.658146830275655,186.1999969482422],[151.09282384626567,-33.65815353579819,186.60000610351562],[151.09280205331743,-33.65815571509302,187],[151.09279132448137,-33.65815605036914,187.39999389648438],[151.09275586903095,-33.65817197598517,188.39999389648438],[151.09274924732745,-33.65817298181355,188.60000610351562],[151.09272435307503,-33.65818186663091,189.39999389648438],[151.09267473220825,-33.65819896571338,190.1999969482422],[151.09265930950642,-33.65820567123592,190.39999389648438],[151.09262527897954,-33.65822955965996,191.39999389648438],[151.09261765144765,-33.65823693573475,191.60000610351562],[151.09259041026235,-33.658273397013545,192.8000030517578],[151.09258362092078,-33.65828982554376,193.1999969482422],[151.09257515519857,-33.65830784663558,193.60000610351562],[151.09256367199123,-33.65832494571805,194.1999969482422],[151.09256182797253,-33.65833240561187,194.39999389648438],[151.0925448127091,-33.65837364457548,195],[151.09251421876252,-33.658427288755774,195.1999969482422],[151.09246443025768,-33.65848260931671,195.60000610351562],[151.09240206889808,-33.658537762239575,196.1999969482422],[151.0923669487238,-33.658552346751094,196.1999969482422],[151.09226536005735,-33.658582270145416,196.1999969482422],[151.0922522842884,-33.65859090350568,196.1999969482422],[151.09218472614884,-33.65864404477179,196.1999969482422],[151.0921225324273,-33.658713111653924,196.39999389648438],[151.0921143181622,-33.65872618742287,196.39999389648438],[151.09209705144167,-33.658760134130716,196.60000610351562],[151.09200879000127,-33.65881998091936,197],[151.09199395403266,-33.65882400423288,197.1999969482422],[151.09197752550244,-33.658827440813184,197.1999969482422],[151.09188155271113,-33.65883833728731,196.8000030517578],[151.09184886328876,-33.6588404327631,196.8000030517578],[151.091788681224,-33.658832889050245,197],[151.09174635261297,-33.65883716382086,197],[151.0917218774557,-33.65884529426694,197],[151.091672424227,-33.65887328982353,197.1999969482422],[151.091622216627,-33.658908661454916,198.1999969482422],[151.09160218387842,-33.658919893205166,198.8000030517578],[151.09159095212817,-33.65892534144223,199],[151.09157108701766,-33.658938920125365,199.60000610351562],[151.09151802957058,-33.658985523507,200.60000610351562],[151.09150746837258,-33.658994156867266,200.8000030517578],[151.0915051214397,-33.65900329314172,200.8000030517578],[151.0914789699018,-33.659039586782455,201.60000610351562],[151.09146991744637,-33.65904855541885,201.8000030517578],[151.09143974259496,-33.65908375941217,202.8000030517578],[151.0914351325482,-33.65911049768329,203.60000610351562],[151.09143789857626,-33.65913455374539,204.1999969482422],[151.09141987748444,-33.6591911315918,205.39999389648438],[151.09142046421766,-33.65920655429363,206],[151.0914205480367,-33.659220887348056,206.39999389648438],[151.0914260800928,-33.65927109494805,207.1999969482422],[151.09142800793052,-33.65928542800248,207.60000610351562],[151.09143127687275,-33.659293139353395,207.8000030517578],[151.09144234098494,-33.65932138636708,208.60000610351562],[151.09143848530948,-33.659327840432525,208.8000030517578],[151.09140596352518,-33.6593481246382,209],[151.09135827049613,-33.659373773261905,209],[151.09134435653687,-33.659389363601804,209],[151.0913436859846,-33.65942247211933,209],[151.0913574323058,-33.659395817667246,209.1999969482422],[151.0913888644427,-33.65938483737409,209.1999969482422],[151.0914752818644,-33.659340580925345,209.60000610351562],[151.09154786914587,-33.65931333974004,210.39999389648438],[151.09157267957926,-33.659302946180105,210.8000030517578],[151.0915907844901,-33.659291630610824,211],[151.09170368872583,-33.65924343466759,212],[151.09173025935888,-33.659230610355735,212],[151.09185573644936,-33.65919180214405,212.39999389648438],[151.091976352036,-33.659149557352066,212],[151.09209436923265,-33.65917948074639,212.1999969482422],[151.0921335965395,-33.65922926925123,212.60000610351562],[151.09213611111045,-33.65924200974405,212.8000030517578],[151.09213669784367,-33.65925039164722,212.8000030517578],[151.09213636256754,-33.659261958673596,213],[151.09214767813683,-33.65933647379279,214.1999969482422],[151.09215010888875,-33.659365475177765,214.60000610351562],[151.09215010888875,-33.65939732640982,215],[151.09215144999325,-33.65941786207259,215.1999969482422],[151.09214994125068,-33.6594276688993,215.1999969482422],[151.0921505279839,-33.659438733011484,215.39999389648438],[151.09215161763132,-33.65947670303285,216],[151.0921531263739,-33.65951718762517,216.1999969482422],[151.09215329401195,-33.65952858701348,216.39999389648438],[151.09215756878257,-33.65959974937141,217.1999969482422],[151.09216553159058,-33.65962414070964,217.39999389648438],[151.09217885881662,-33.65963704884052,217.60000610351562],[151.0922316648066,-33.65966345183551,218.1999969482422],[151.092243315652,-33.6596676427871,218.39999389648438],[151.0923611652106,-33.659702595323324,218.8000030517578],[151.0925007238984,-33.65977266803384,219],[151.09257264062762,-33.65979387424886,219],[151.09258705750108,-33.65979664027691,219],[151.09260038472712,-33.65979655645788,218.8000030517578],[151.09261823818088,-33.65979823283851,218.39999389648438],[151.09264883212745,-33.65982371382415,218.1999969482422],[151.0926870536059,-33.65984416566789,218],[151.0927002131939,-33.659852631390095,217.8000030517578],[151.09272862784564,-33.65988112986088,217.1999969482422],[151.0927350819111,-33.65989437326789,217],[151.09273575246334,-33.65990996360779,216.60000610351562],[151.09275964088738,-33.65992370992899,216.1999969482422],[151.092782439664,-33.6599419824779,216],[151.09280523844063,-33.65996821783483,216],[151.0928056575358,-33.66001708433032,216],[151.09280205331743,-33.66010735742748,216.1999969482422],[151.0928049031645,-33.66011708043516,216.1999969482422],[151.09278520569205,-33.660216741263866,216.8000030517578],[151.09275955706835,-33.66027155891061,216.8000030517578],[151.09275394119322,-33.66029167547822,217],[151.09275335446,-33.66030391305685,217.1999969482422],[151.09274337999523,-33.660344230011106,217.39999389648438],[151.09273030422628,-33.66038513369858,217.60000610351562],[151.09268713742495,-33.66049870848656,218.1999969482422],[151.0926806833595,-33.66051153279841,218.1999969482422],[151.09261346049607,-33.660640865564346,219],[151.0925979539752,-33.66066114977002,219.1999969482422],[151.0925527755171,-33.66071345284581,219.39999389648438],[151.09244288876653,-33.66083247587085,219.39999389648438],[151.09238136559725,-33.66094898432493,219.1999969482422],[151.0923572257161,-33.66103431209922,219.1999969482422],[151.09237030148506,-33.6610630620271,219],[151.09236627817154,-33.66108879446983,219],[151.09236954711378,-33.66113715805113,219],[151.09242738224566,-33.66124503314495,219],[151.09245982021093,-33.66131979972124,219.1999969482422],[151.09249678440392,-33.66141057573259,219.1999969482422],[151.09255026094615,-33.66149405948818,219.1999969482422],[151.09257616102695,-33.66159430705011,219.60000610351562],[151.09258890151978,-33.66162372753024,219.60000610351562],[151.09261999838054,-33.66166873835027,219.39999389648438],[151.09264824539423,-33.66172766312957,219.60000610351562],[151.09265469945967,-33.66174107417464,219.60000610351562],[151.0926822759211,-33.661783151328564,219.8000030517578],[151.09269526787102,-33.661824725568295,219.8000030517578],[151.09271680936217,-33.66186319850385,219.60000610351562],[151.09272753819823,-33.66189060732722,219.60000610351562],[151.09275511465967,-33.6619471013546,219.8000030517578],[151.09278067946434,-33.661964954808354,219.8000030517578],[151.09289911575615,-33.66201616823673,219.1999969482422],[151.09304412268102,-33.66205179132521,218.60000610351562],[151.0931167099625,-33.66205992177129,218.39999389648438],[151.0931934043765,-33.66207241080701,218.1999969482422],[151.09325517900288,-33.66208607330918,218.1999969482422],[151.09331904910505,-33.6620885040611,218],[151.09346279874444,-33.66211415268481,217.39999389648438],[151.09358886256814,-33.66213954985142,217.1999969482422],[151.09362515620887,-33.66215421818197,217.1999969482422],[151.09379396773875,-33.662167796865106,217],[151.09384995885193,-33.66217768751085,217],[151.09386429190636,-33.662178525701165,217],[151.0940330196172,-33.66219193674624,217.1999969482422],[151.0941921081394,-33.66220660507679,217.39999389648438],[151.09426151029766,-33.66221783682704,217.39999389648438],[151.09430937096477,-33.662234265357256,217.1999969482422],[151.0944352671504,-33.66231372579932,217.39999389648438],[151.09445177949965,-33.66236871108413,217.60000610351562],[151.09445052221417,-33.66240408271551,217.8000030517578],[151.0944749135524,-33.66245051845908,218.1999969482422],[151.09447793103755,-33.66249586455524,218.39999389648438],[151.09445622190833,-33.66261622868478,218.60000610351562],[151.0944373626262,-33.662710189819336,218.39999389648438],[151.09443786554039,-33.66280918009579,218],[151.09439704567194,-33.66292543709278,217.8000030517578],[151.0943823773414,-33.663047812879086,217.60000610351562],[151.09434952028096,-33.66314462386072,217.1999969482422],[151.09434918500483,-33.66323900409043,216.39999389648438],[151.09434482641518,-33.66325635462999,216],[151.09434004873037,-33.663266748189926,215.8000030517578],[151.09431381337345,-33.663329193368554,215],[151.0942872427404,-33.66342759691179,214],[151.0942814592272,-33.66344025358558,213.8000030517578],[151.09425966627896,-33.66352248005569,212.60000610351562],[151.0942574031651,-33.66354871541262,212.39999389648438],[151.09424290247262,-33.66360520943999,211.60000610351562],[151.09422320500016,-33.66371442563832,210.60000610351562],[151.09422027133405,-33.6637291777879,210.39999389648438],[151.094212224707,-33.66380629129708,209.1999969482422],[151.09419780783355,-33.66387812420726,208.8000030517578],[151.09416872262955,-33.663924811407924,208.1999969482422],[151.09414936043322,-33.66400318220258,207.60000610351562],[151.0941400565207,-33.66406009532511,207.1999969482422],[151.09413092024624,-33.664112985134125,206.8000030517578],[151.09411474317312,-33.664196552708745,206.1999969482422],[151.09410082921386,-33.66424961015582,205.8000030517578],[151.0940797906369,-33.66434818133712,205.8000030517578],[151.09406461939216,-33.66452512331307,206],[151.09404768794775,-33.6646203417331,206.1999969482422],[151.09401675872505,-33.66473131813109,206.39999389648438],[151.0940105561167,-33.664743388071656,206.39999389648438],[151.09399236738682,-33.664857717230916,206.8000030517578],[151.09398826025426,-33.664868865162134,206.8000030517578],[151.0939605999738,-33.66496542468667,206.8000030517578],[151.09393134713173,-33.665043292567134,207.1999969482422],[151.0938982386142,-33.66509391926229,207.60000610351562],[151.0937745217234,-33.66516541689634,207.39999389648438],[151.09366580843925,-33.66520137526095,208.1999969482422],[151.09362373128533,-33.66522048600018,208.39999389648438],[151.09352407045662,-33.66525367833674,209],[151.0934772156179,-33.66526977159083,209.1999969482422],[151.09333204105496,-33.665311178192496,209.39999389648438],[151.09327387064695,-33.66535468026996,209.60000610351562],[151.0932690091431,-33.665380496531725,209.8000030517578],[151.09323841519654,-33.66544520482421,210.39999389648438],[151.09322584234178,-33.66548426449299,210.8000030517578],[151.09323179349303,-33.66555517539382,211],[151.0932129342109,-33.665636060759425,211.1999969482422],[151.09321570023894,-33.66566221229732,211.39999389648438],[151.09321117401123,-33.66576589643955,211.60000610351562],[151.0931865312159,-33.66587125696242,212],[151.09315325506032,-33.66599405184388,211.8000030517578],[151.09313758090138,-33.66605943068862,211.8000030517578],[151.09313406050205,-33.66612740792334,211.8000030517578],[151.09309751540422,-33.66626126691699,211.39999389648438],[151.0930850263685,-33.66632421500981,211.39999389648438],[151.09307530336082,-33.66640996187925,211.1999969482422],[151.0930577851832,-33.66653401404619,210.8000030517578],[151.0930329747498,-33.666632920503616,210.1999969482422],[151.0930178873241,-33.6667045019567,210],[151.09300984069705,-33.666744735091925,209.8000030517578],[151.092988550663,-33.666827380657196,209.39999389648438],[151.09298134222627,-33.66684012115002,209.1999969482422],[151.09297698363662,-33.66685428656638,209.1999969482422],[151.09292903915048,-33.666981188580394,209],[151.09291504137218,-33.66708059795201,208.39999389648438],[151.0929142870009,-33.66713826544583,208.1999969482422],[151.0929076652974,-33.66719216108322,208.1999969482422],[151.09289785847068,-33.66730481386185,208.1999969482422],[151.09287153929472,-33.66741386242211,208.39999389648438],[151.09283876605332,-33.66753204725683,208.60000610351562],[151.09281378798187,-33.66768166422844,208.8000030517578],[151.09281764365733,-33.66772918961942,208.8000030517578],[151.0928262770176,-33.66774125955999,209],[151.09284890815616,-33.667761040851474,209],[151.09289056621492,-33.667781660333276,209.1999969482422],[151.09292401000857,-33.667788952589035,209.1999969482422],[151.09297882765532,-33.6678012739867,209.39999389648438],[151.09307438135147,-33.66784729063511,209.8000030517578],[151.09319382347167,-33.667910657823086,210.1999969482422],[151.09320304356515,-33.66791971027851,210.39999389648438],[151.09323045238853,-33.667926248162985,210.60000610351562],[151.09326984733343,-33.66793865337968,210.8000030517578],[151.0934130102396,-33.6680013500154,211.1999969482422],[151.09345701523125,-33.668022472411394,211.1999969482422],[151.09348475933075,-33.66803236305714,211.1999969482422],[151.09351040795445,-33.66804485209286,211.39999389648438],[151.0935237351805,-33.66805289871991,211.39999389648438],[151.0935972444713,-33.66810000501573,211.60000610351562],[151.0936191212386,-33.6681120749563,211.60000610351562],[151.09362859278917,-33.66812095977366,211.60000610351562],[151.09365264885128,-33.668135879561305,211.39999389648438],[151.09368030913174,-33.66815188899636,211.39999389648438],[151.0938329435885,-33.66820611990988,211.1999969482422],[151.09384316951036,-33.66821173578501,211.1999969482422],[151.09389077872038,-33.66824811324477,211.1999969482422],[151.0939447581768,-33.66828172467649,211.1999969482422],[151.09399597160518,-33.66830578073859,211.1999969482422],[151.09410577453673,-33.66837459616363,211],[151.0941781103611,-33.668422205373645,210.39999389648438],[151.0942391306162,-33.66846696473658,210.39999389648438],[151.094270311296,-33.66849194280803,210.1999969482422],[151.09440232627094,-33.66856670938432,209.8000030517578],[151.09445739537477,-33.668631920591,209.39999389648438],[151.094476506114,-33.668651366606355,209.39999389648438],[151.0945246182382,-33.668684139847755,209.1999969482422],[151.0945679526776,-33.668729569762945,209.1999969482422],[151.09464213252068,-33.668766198679805,209],[151.09466853551567,-33.66878556087613,208.8000030517578],[151.09469208866358,-33.668809700757265,208.60000610351562],[151.09471371397376,-33.66882948204875,208.60000610351562],[151.09475604258478,-33.6688354332,208.60000610351562],[151.09478579834104,-33.66885152645409,208.60000610351562],[151.09479929320514,-33.66886267438531,208.60000610351562],[151.09485981054604,-33.668900560587645,208.8000030517578],[151.09491404145956,-33.66899351589382,208.60000610351562],[151.09493675641716,-33.66908110678196,208.60000610351562],[151.09494538977742,-33.66908848285675,208.60000610351562],[151.0949780791998,-33.66913634352386,208.60000610351562],[151.09507153742015,-33.66923550143838,208.1999969482422],[151.09509777277708,-33.66927171126008,208.1999969482422],[151.09510699287057,-33.669301299378276,208.39999389648438],[151.09511353075504,-33.66930917836726,208.39999389648438],[151.0951353237033,-33.66935410536826,208.1999969482422],[151.09513398259878,-33.6693708691746,208.1999969482422],[151.09519684687257,-33.669463992118835,208.1999969482422],[151.09520941972733,-33.66947547532618,208.1999969482422],[151.09525275416672,-33.669532807543874,207.8000030517578],[151.0952635668218,-33.66956147365272,207.8000030517578],[151.0952941607684,-33.669584607705474,207.8000030517578],[151.09530203975737,-33.66959466598928,207.8000030517578],[151.0953190550208,-33.66961142979562,207.8000030517578],[151.09534336254,-33.669630540534854,207.8000030517578],[151.09536733478308,-33.66965333931148,208],[151.09544914215803,-33.669714191928506,208],[151.0954760480672,-33.6697733681649,208.1999969482422],[151.09548836946487,-33.669803040102124,208.1999969482422],[151.09554545022547,-33.669902700930834,208.1999969482422],[151.09556363895535,-33.669924326241016,208.1999969482422],[151.09559582546353,-33.669978054240346,208.39999389648438],[151.09561652876437,-33.67000412195921,208.1999969482422],[151.09565039165318,-33.670063549652696,208.39999389648438],[151.09571484848857,-33.670161282643676,208.39999389648438],[151.09576296061277,-33.6702464427799,208.39999389648438],[151.0957802273333,-33.67026463150978,208.39999389648438],[151.0958042833954,-33.670398741960526,208.1999969482422],[151.0958114080131,-33.67040955461562,208],[151.09582850709558,-33.67043201811612,208],[151.09584912657738,-33.67046093568206,208],[151.09592598862946,-33.670540899038315,208],[151.09600293450058,-33.670630836859345,207.8000030517578],[151.09601324424148,-33.67065698839724,207.8000030517578],[151.09603964723647,-33.6706917732954,207.8000030517578],[151.0960635356605,-33.67073418572545,207.60000610351562],[151.09607527032495,-33.6707557272166,207.60000610351562],[151.09610854648054,-33.670770563185215,207.39999389648438],[151.09613243490458,-33.67077383212745,207.39999389648438],[151.0961409844458,-33.67077617906034,207.39999389648438],[151.09614416956902,-33.670764695852995,207.60000610351562],[151.09614416956902,-33.670764695852995,207.60000610351562],[151.09614416956902,-33.670764695852995,207.39999389648438],[151.09615632332861,-33.67078305222094,207],[151.09617752954364,-33.67081272415817,207],[151.09625556506217,-33.67096669971943,206.8000030517578],[151.09634307213128,-33.671096954494715,206.60000610351562],[151.09639981761575,-33.67119250819087,206.1999969482422],[151.09640585258603,-33.67120340466499,206.1999969482422],[151.09646318480372,-33.67129066027701,206],[151.09647139906883,-33.67130239494145,206],[151.09649872407317,-33.67133558727801,206],[151.09651657752693,-33.671357380226254,206],[151.0965231154114,-33.671365259215236,206],[151.096527306363,-33.671375066041946,206],[151.09656577929854,-33.67144304327667,206],[151.0965783521533,-33.67145544849336,206],[151.09663534909487,-33.67154614068568,206],[151.0966468323022,-33.67156474851072,206],[151.09667759388685,-33.67159995250404,205.8000030517578],[151.09670617617667,-33.67165820673108,205.8000030517578],[151.09675034880638,-33.671744456514716,206.1999969482422],[151.0967607423663,-33.67175485007465,206.1999969482422],[151.09685285948217,-33.67189256474376,206.39999389648438],[151.09693332575262,-33.672023406252265,206.8000030517578],[151.09694740734994,-33.67205039598048,206.8000030517578],[151.09697355888784,-33.672105465084314,207],[151.09697515144944,-33.67211703211069,207],[151.09698420390487,-33.67214527912438,207.1999969482422],[151.09699392691255,-33.67217109538615,207.1999969482422],[151.0970278736204,-33.6722547467798,207.39999389648438],[151.0970315616578,-33.67231057025492,207.60000610351562],[151.09704916365445,-33.6723945569247,207.60000610351562],[151.09707958996296,-33.67247208952904,208],[151.09711462631822,-33.67254157550633,208],[151.09711764380336,-33.672556998208165,208],[151.09712057746947,-33.67257175035775,208],[151.09716122969985,-33.67269781418145,208.39999389648438],[151.09719802625477,-33.672791775316,208.60000610351562],[151.09722727909684,-33.67296268232167,209],[151.09723331406713,-33.67298975586891,209.1999969482422],[151.097272625193,-33.67310022935271,209.39999389648438],[151.09728435985744,-33.67326275445521,209.8000030517578],[151.0972900595516,-33.67330885492265,210.1999969482422],[151.097306990996,-33.673410611227155,210.1999969482422],[151.09729684889317,-33.673463920131326,210.1999969482422],[151.09731956385076,-33.67350675165653,210.39999389648438],[151.0973379202187,-33.673578668385744,210.60000610351562],[151.09734571538866,-33.67364874109626,210.60000610351562],[151.09735728241503,-33.673698864877224,210.8000030517578],[151.097373040393,-33.673767847940326,211],[151.09737999737263,-33.67392576299608,211.1999969482422],[151.09737555496395,-33.6739504057914,211.1999969482422],[151.0973569471389,-33.67408451624215,211.8000030517578],[151.09735887497663,-33.67419708520174,212.1999969482422],[151.09735200181603,-33.674221560359,212.39999389648438],[151.0973225813359,-33.67431786842644,212.39999389648438],[151.0972850304097,-33.67444728501141,212.39999389648438],[151.09730120748281,-33.67457033134997,212.1999969482422],[151.09732006676495,-33.6746671423316,212],[151.09734487719834,-33.67480586282909,212.8000030517578],[151.09734144061804,-33.674919018521905,212.8000030517578],[151.09734144061804,-33.67496914230287,212.8000030517578],[151.0973392613232,-33.675052458420396,213.1999969482422],[151.09733012504876,-33.67506100796163,213.1999969482422],[151.09724186360836,-33.67509772069752,213.39999389648438],[151.09715268015862,-33.675121273845434,213.39999389648438],[151.0971523448825,-33.675152622163296,213],[151.09713960438967,-33.675263514742255,212.1999969482422],[151.09713977202773,-33.675273405388,212.1999969482422],[151.09714664518833,-33.67534356191754,211.60000610351562],[151.09715217724442,-33.67538102902472,211.1999969482422],[151.09716315753758,-33.6753994692117,211.1999969482422],[151.09717078506947,-33.675423273816705,211],[151.0972054861486,-33.6755754891783,210.1999969482422],[151.09720900654793,-33.67559024132788,210.1999969482422],[151.09720883890986,-33.67561614140868,210],[151.0972049832344,-33.67564061656594,210],[151.0972075816244,-33.67567045614123,210],[151.09718310646713,-33.675757544115186,209.1999969482422],[151.09717288054526,-33.67576517164707,209],[151.09716357663274,-33.67577003315091,209],[151.0971151292324,-33.675826443359256,208.1999969482422],[151.0970683582127,-33.67588930763304,208.1999969482422],[151.09704212285578,-33.67590146139264,208.1999969482422],[151.0969760734588,-33.675944712013006,208],[151.09694958664477,-33.675961727276444,208],[151.09689904376864,-33.6759882979095,207.8000030517578],[151.0968873091042,-33.675994919613004,207.8000030517578],[151.09685311093926,-33.676011599600315,207.60000610351562],[151.09683081507683,-33.676039511337876,206.8000030517578],[151.09678639099002,-33.67608301341534,205.8000030517578],[151.09676367603242,-33.67612274363637,204.60000610351562],[151.09676987864077,-33.67613799870014,204],[151.09677214175463,-33.67614621296525,203.8000030517578],[151.0967786796391,-33.67617052048445,203.39999389648438],[151.0967992991209,-33.676194828003645,202.8000030517578],[151.0968103632331,-33.67621402256191,202.39999389648438],[151.09682100825012,-33.67623665370047,202],[151.09686023555696,-33.676270516589284,201.1999969482422],[151.0969036538154,-33.67631242610514,200.1999969482422],[151.09693106263876,-33.67632692679763,199.1999969482422],[151.09696794301271,-33.67634989321232,198],[151.09699786640704,-33.67637000977993,197],[151.097005661577,-33.67637772113085,196.8000030517578],[151.09704019501805,-33.676407895982265,195.8000030517578],[151.0970693640411,-33.67642683908343,195],[151.09708528965712,-33.67644293233752,194.60000610351562],[151.09709811396897,-33.67646832950413,193.60000610351562],[151.0970971081406,-33.67647545412183,193.39999389648438],[151.09711621887982,-33.67650227621198,192.8000030517578],[151.09713340178132,-33.67651610635221,192.39999389648438],[151.09714463353157,-33.67655424401164,192.1999969482422],[151.09714639373124,-33.67660797201097,192],[151.09714295715094,-33.67663253098726,192.1999969482422],[151.09713667072356,-33.6766995023936,192.1999969482422],[151.09712971374393,-33.67673688568175,192.60000610351562],[151.09712577424943,-33.676774855703115,192.60000610351562],[151.0971243493259,-33.67682162672281,192.39999389648438],[151.09712032601237,-33.6768551543355,192],[151.09712351113558,-33.6768860835582,191.39999389648438],[151.09711982309818,-33.676900919526815,191],[151.09711454249918,-33.67690754123032,190.60000610351562],[151.09710867516696,-33.676916593685746,190.39999389648438],[151.0971039813012,-33.67696713656187,189.39999389648438],[151.09710171818733,-33.676987923681736,188.8000030517578],[151.09709459356964,-33.677021032199264,188.1999969482422],[151.09707405790687,-33.6770795378834,187],[151.097053270787,-33.67712203413248,186.60000610351562],[151.0970244370401,-33.67720610462129,186.8000030517578],[151.09698093496263,-33.67729931138456,186.60000610351562],[151.09697246924043,-33.677313309162855,186.60000610351562],[151.096942294389,-33.677364187315106,187],[151.0969174001366,-33.67739478126168,187.39999389648438],[151.09686392359436,-33.67743509821594,188],[151.0968516021967,-33.677442725747824,188],[151.09683106653392,-33.67746560834348,188.1999969482422],[151.09680793248117,-33.67748153395951,188.39999389648438],[151.0967569705099,-33.67751958779991,188.60000610351562],[151.0967438109219,-33.67752805352211,188.60000610351562],[151.09661950729787,-33.677573231980205,189],[151.09652135521173,-33.67759988643229,189.60000610351562],[151.09647173434496,-33.67760516703129,189.8000030517578],[151.09639302827418,-33.677624529227614,190.1999969482422],[151.09633737243712,-33.677649423480034,190.39999389648438],[151.09623385593295,-33.67769476957619,190.60000610351562],[151.0962226241827,-33.677701810374856,190.60000610351562],[151.09617090784013,-33.677754532545805,190.8000030517578],[151.09607845544815,-33.67782552726567,191.1999969482422],[151.09597644768655,-33.67788872681558,191],[151.09597401693463,-33.67789585143328,190.8000030517578],[151.09597200527787,-33.677924517542124,190.1999969482422],[151.09596244990826,-33.67795226164162,189.39999389648438],[151.09596278518438,-33.67797321639955,189],[151.09596446156502,-33.678017891943455,187.8000030517578],[151.09595985151827,-33.67805334739387,186.8000030517578],[151.09595574438572,-33.67806156165898,186.39999389648438],[151.09594920650125,-33.67810665629804,185.60000610351562],[151.09593235887587,-33.678122498095036,185],[151.09591986984015,-33.67812995798886,184.8000030517578],[151.09589589759707,-33.67813683114946,184.1999969482422],[151.09587754122913,-33.678133646026254,183.8000030517578],[151.09586329199374,-33.6781208217144,183.1999969482422],[151.09585532918572,-33.678114702925086,183],[151.0958171915263,-33.67808134295046,182.39999389648438],[151.09581015072763,-33.67807287722826,182.1999969482422],[151.09577058814466,-33.67803616449237,181],[151.09572716988623,-33.678007163107395,180.39999389648438],[151.0957149323076,-33.6779913213104,180],[151.09570261090994,-33.67797371931374,179.8000030517578],[151.0956644732505,-33.677934827283025,179],[151.09563111327589,-33.67790188640356,178.39999389648438],[151.0956150200218,-33.67787389084697,177.8000030517578],[151.09557914547622,-33.67781278677285,177.1999969482422],[151.0955661535263,-33.67779334075749,176.8000030517578],[151.09553882852197,-33.677754532545805,175.8000030517578],[151.0955146048218,-33.6777167301625,174.60000610351562],[151.0954768024385,-33.67768278345466,173.39999389648438],[151.09545609913766,-33.67765889503062,172.1999969482422],[151.09543723985553,-33.67765327915549,171.8000030517578],[151.0954167880118,-33.6776564642787,171],[151.095367167145,-33.67769376374781,170.1999969482422],[151.0953713580966,-33.67770155891776,170.1999969482422],[151.09536699950695,-33.67777431383729,170.39999389648438],[151.09536523930728,-33.677866933867335,171],[151.09535610303283,-33.67791261523962,170.8000030517578],[151.0953447036445,-33.67798922583461,170.39999389648438],[151.09532073140144,-33.67802903987467,169.8000030517578],[151.09529307112098,-33.67805879563093,169.1999969482422],[151.09528142027557,-33.67806734517217,169],[151.09526901505888,-33.67807539179921,168.8000030517578],[151.0951799992472,-33.678102381527424,167.8000030517578],[151.09515284188092,-33.678104896098375,167.60000610351562],[151.09509768895805,-33.67811185307801,167],[151.095068519935,-33.67811311036348,166.8000030517578],[151.09505594708025,-33.67811587639153,166.8000030517578],[151.09498889185488,-33.67811688221991,166.1999969482422],[151.09494572505355,-33.67813725024462,165.60000610351562],[151.09486148692667,-33.678154181689024,164.60000610351562],[151.09485025517642,-33.67815745063126,164.39999389648438],[151.09472947195172,-33.67817144840956,163.39999389648438],[151.0947153903544,-33.678172621876,163.1999969482422],[151.09465738758445,-33.67817848920822,163],[151.0946017317474,-33.678185446187854,162.1999969482422],[151.09459175728261,-33.67819257080555,162.1999969482422],[151.09458178281784,-33.678199192509055,162],[151.09451254829764,-33.678262224420905,161.1999969482422],[151.09449930489063,-33.67829633876681,160.60000610351562],[151.09450860880315,-33.678314527496696,160],[151.0945391189307,-33.67832760326564,159.60000610351562],[151.09458211809397,-33.67833464406431,158.8000030517578],[151.09459469094872,-33.67833187803626,158.60000610351562],[151.09463701955974,-33.67833196185529,158],[151.09466719441116,-33.67833808064461,157.8000030517578],[151.09474858269095,-33.67835425771773,156.8000030517578],[151.09478470869362,-33.678379068151116,156.1999969482422],[151.09480407088995,-33.67839633487165,155.60000610351562],[151.09482812695205,-33.67840890772641,154.60000610351562],[151.09483793377876,-33.67841938510537,154.1999969482422],[151.09485687687993,-33.67844310589135,153.8000030517578],[151.09486567787826,-33.67844855412841,153.39999389648438],[151.09487799927592,-33.67846867069602,153],[151.094899373129,-33.67849440313876,152],[151.09493273310363,-33.67854000069201,151],[151.09494488686323,-33.67855458520353,150.8000030517578],[151.09495067037642,-33.67858056910336,150],[151.09496123157442,-33.67861367762089,148.60000610351562],[151.0949514247477,-33.67864988744259,147.60000610351562],[151.0949437133968,-33.678687857463956,146.60000610351562],[151.094936337322,-33.67871895432472,145.8000030517578],[151.09493063762784,-33.678725492209196,145.39999389648438],[151.09491672366858,-33.67876362986863,144.1999969482422],[151.09490264207125,-33.67878877557814,143.39999389648438],[151.0948975291103,-33.67879522964358,143.1999969482422],[151.09486861154437,-33.678830433636904,142],[151.09485075809062,-33.678866224363446,140.8000030517578],[151.0948235169053,-33.67891676723957,140.1999969482422],[151.09480784274638,-33.67894107475877,139.8000030517578],[151.0947846248746,-33.67900603450835,139.60000610351562],[151.09473818913102,-33.67908817715943,139.8000030517578],[151.0947132948786,-33.67912254296243,140.39999389648438],[151.09470290131867,-33.679131008684635,140.60000610351562],[151.09469627961516,-33.67914207279682,141],[151.09465336427093,-33.67920418269932,141.8000030517578],[151.09464414417744,-33.67921172641218,142],[151.09462201595306,-33.67924064397812,142.8000030517578],[151.0946041624993,-33.6792625207454,143.1999969482422],[151.0945785138756,-33.67928775027394,144.1999969482422],[151.09457038342953,-33.679295126348734,144.39999389648438],[151.0945620853454,-33.679300490766764,144.60000610351562],[151.09452595934272,-33.67931482382119,145.39999389648438],[151.09447684139013,-33.679344998672605,146.1999969482422],[151.09445010311902,-33.67935346439481,146.39999389648438],[151.09438673593104,-33.67936871945858,147.39999389648438],[151.09437148086727,-33.67937257513404,147.60000610351562],[151.09433200210333,-33.67938280105591,148.1999969482422],[151.09430559910834,-33.67938783019781,148.60000610351562],[151.09424659051,-33.679398726671934,149.39999389648438],[151.094220103696,-33.6794039234519,149.8000030517578],[151.09416319057345,-33.679413395002484,151],[151.0941395536065,-33.679418340325356,151.39999389648438],[151.0941226221621,-33.6794213578105,152],[151.09404877759516,-33.67942973971367,153.1999969482422],[151.0940243024379,-33.67942932061851,153.60000610351562],[151.09397635795176,-33.67944072000682,154.39999389648438],[151.09393134713173,-33.679460333660245,155.39999389648438],[151.09387401491404,-33.67949050851166,156.39999389648438],[151.0938691534102,-33.67949771694839,156.60000610351562],[151.09387267380953,-33.67951272055507,156.8000030517578],[151.093892455101,-33.67954415269196,157.1999969482422],[151.0939011722803,-33.67954985238612,157.60000610351562],[151.0939431656152,-33.67958061397076,158.1999969482422],[151.09397895634174,-33.67960810661316,158.8000030517578],[151.0940284933895,-33.67967566475272,159.8000030517578],[151.09404047951102,-33.679697876796126,160],[151.09404852613807,-33.679736852645874,160.8000030517578],[151.09405632130802,-33.67976484820247,161.1999969482422],[151.0940724145621,-33.67980055510998,162],[151.09408255666494,-33.67981128394604,162],[151.09409177675843,-33.679823353886604,162.1999969482422],[151.09412622638047,-33.679860485717654,163],[151.09415581449866,-33.67990172468126,163.8000030517578],[151.09416821971536,-33.67992075160146,164],[151.09425933100283,-33.68002829141915,164.8000030517578],[151.09427710063756,-33.68004564195871,165],[151.09436117112637,-33.68010398000479,165.39999389648438],[151.09445630572736,-33.68020196445286,166],[151.0944955330342,-33.68027999997139,166.60000610351562],[151.0945015680045,-33.68032065220177,166.8000030517578],[151.09450408257544,-33.68034755811095,167.1999969482422],[151.09448564238846,-33.68045543320477,167.60000610351562],[151.094389250502,-33.680589543655515,166.8000030517578],[151.09435639344156,-33.68063966743648,166.39999389648438],[151.09432789497077,-33.68067177012563,166.1999969482422],[151.09429185278714,-33.68070865049958,165.39999389648438],[151.09427290968597,-33.68072901852429,165],[151.09423066489398,-33.68079272098839,164.1999969482422],[151.09422404319048,-33.68080185726285,164.1999969482422],[151.09421767294407,-33.680809987708926,164],[151.0941916052252,-33.680850975215435,163],[151.09416469931602,-33.6808907892555,161.8000030517578],[151.0941421519965,-33.68093823082745,160.60000610351562],[151.09412614256144,-33.680984834209085,159.60000610351562],[151.09412614256144,-33.680995563045144,159.60000610351562],[151.09412773512304,-33.68100746534765,159.39999389648438],[151.09414885751903,-33.681083992123604,158.8000030517578],[151.0941966343671,-33.68119186721742,158.39999389648438],[151.09420644119382,-33.6811997462064,158.1999969482422],[151.09425782226026,-33.68126495741308,158],[151.0942460037768,-33.6813657078892,158],[151.094233347103,-33.68141608312726,157.60000610351562],[151.09419831074774,-33.68148799985647,157.1999969482422],[151.0941881686449,-33.68149512447417,157],[151.094151455909,-33.68153242394328,156],[151.09411591663957,-33.68157031014562,155],[151.09410820528865,-33.68157693184912,154.8000030517578],[151.09402715228498,-33.681630324572325,154.1999969482422],[151.09401223249733,-33.68163543753326,154],[151.09395087696612,-33.68165840394795,154],[151.09386797994375,-33.68165069259703,154.1999969482422],[151.09383998438716,-33.6816421430558,154.39999389648438],[151.09380754642189,-33.68164390325546,154.60000610351562],[151.09379338100553,-33.681641053408384,154.8000030517578],[151.0937668941915,-33.68163300678134,155.1999969482422],[151.09372992999852,-33.68161431513727,156.1999969482422],[151.09372020699084,-33.68160861544311,156.39999389648438],[151.09371023252606,-33.681605933234096,156.60000610351562],[151.09364493750036,-33.681586403399706,157.1999969482422],[151.0936236474663,-33.68158472701907,157.39999389648438],[151.09358668327332,-33.68157240562141,158.1999969482422],[151.09357804991305,-33.681565281003714,158.39999389648438],[151.09356748871505,-33.681562347337604,158.60000610351562],[151.09354351647198,-33.68155329488218,159],[151.0935076419264,-33.68154080584645,159.39999389648438],[151.09348693862557,-33.68152605369687,159.39999389648438],[151.09346522949636,-33.68151959963143,159.8000030517578],[151.09343170188367,-33.68150585331023,160.60000610351562],[151.09341736882925,-33.68150459602475,161.1999969482422],[151.09340311959386,-33.68149772286415,161.60000610351562],[151.09337411820889,-33.68149654939771,162.8000030517578],[151.0933596175164,-33.68150836788118,163],[151.09334235079587,-33.68150543421507,163.60000610351562],[151.09333430416882,-33.68150467984378,164],[151.09329926781356,-33.68150887079537,165],[151.09323958866298,-33.681500907987356,166],[151.09323338605464,-33.68150174617767,166.1999969482422],[151.09319776296616,-33.68150652386248,167],[151.09318602830172,-33.68150543421507,167.1999969482422],[151.09314520843327,-33.681503338739276,168.39999389648438],[151.09314043074846,-33.68149881251156,168.8000030517578],[151.0931006167084,-33.6815055180341,169.60000610351562],[151.09308854676783,-33.68150652386248,169.8000030517578],[151.09299953095615,-33.68151188828051,170.8000030517578],[151.09297337941825,-33.681518426164985,171.1999969482422],[151.0929266922176,-33.68152320384979,172],[151.09291646629572,-33.6815261375159,172.1999969482422],[151.09284044243395,-33.68153812363744,173],[151.092811524868,-33.68153686635196,173.39999389648438],[151.09270574525,-33.68155086413026,174],[151.09269501641393,-33.6815522890538,174.1999969482422],[151.09267925843596,-33.68155815638602,174.39999389648438],[151.09262368641794,-33.68155664764345,175.1999969482422],[151.0926069226116,-33.681557066738605,175.1999969482422],[151.0925699584186,-33.68155790492892,175.60000610351562],[151.0925310663879,-33.68154793046415,176.1999969482422],[151.09251379966736,-33.68154935538769,176.39999389648438],[151.09247281216085,-33.681541895493865,176.8000030517578],[151.0924613289535,-33.681536950170994,176.8000030517578],[151.09244682826102,-33.6815314181149,176.8000030517578],[151.0923400428146,-33.681498477235436,176.8000030517578],[151.0922969598323,-33.681489676237106,177],[151.0922110453248,-33.681482216343284,177.39999389648438],[151.09219453297555,-33.68148104287684,177.39999389648438],[151.09209327958524,-33.68146260268986,178.1999969482422],[151.09204617328942,-33.68145648390055,178.39999389648438],[151.0919758491218,-33.68146972730756,178.8000030517578],[151.09184358268976,-33.68147861212492,179.1999969482422],[151.09173604287207,-33.68149185553193,179.39999389648438],[151.09171064570546,-33.68148883804679,179.39999389648438],[151.0916492063552,-33.681485150009394,179.1999969482422],[151.09155172482133,-33.68149571120739,179.1999969482422],[151.09149925410748,-33.681502332910895,179.39999389648438],[151.09142960049212,-33.68151482194662,179.1999969482422],[151.09137956053019,-33.68151473812759,179],[151.09128199517727,-33.681494956836104,179.1999969482422],[151.0912566818297,-33.68147945031524,179.1999969482422],[151.09116305597126,-33.68144349195063,179.39999389648438],[151.09112952835858,-33.68143561296165,179.39999389648438],[151.09107454307377,-33.68142287246883,179.39999389648438],[151.09103112481534,-33.681408539414406,179.39999389648438],[151.0910148639232,-33.68140711449087,179.39999389648438],[151.09093523584306,-33.68139739148319,179.1999969482422],[151.09091964550316,-33.68139789439738,179.1999969482422],[151.09082920476794,-33.68139403872192,179.39999389648438],[151.09071495942771,-33.681402085348964,179.1999969482422],[151.09063491225243,-33.681409964337945,179.39999389648438],[151.09058445319533,-33.68141122162342,179.39999389648438],[151.09045294113457,-33.68142111226916,179.39999389648438],[151.09034355729818,-33.68145011365414,179.60000610351562],[151.09029066748917,-33.68146360851824,179.39999389648438],[151.09023082070053,-33.681487161666155,179],[151.09018622897565,-33.68150006979704,178.8000030517578],[151.09014314599335,-33.68152152746916,178.8000030517578],[151.09010291285813,-33.68154063820839,178.8000030517578],[151.0900650266558,-33.68156754411757,179],[151.0899962950498,-33.681601490825415,178.8000030517578],[151.08996679075062,-33.681611213833094,178.8000030517578],[151.08995187096298,-33.68162169121206,178.8000030517578],[151.08986034058034,-33.68164138868451,178.8000030517578],[151.0897785332054,-33.68172621354461,178.60000610351562],[151.08970661647618,-33.681802824139595,178.39999389648438],[151.0896696522832,-33.681841967627406,178.1999969482422],[151.08961215242743,-33.68190726265311,178.39999389648438],[151.08954057097435,-33.68200357072055,178.39999389648438],[151.08950167894363,-33.682084791362286,178.39999389648438],[151.08948407694697,-33.68217774666846,178.39999389648438],[151.08947007916868,-33.6822999548167,178.60000610351562],[151.08946580439806,-33.68234949186444,178.60000610351562],[151.08945172280073,-33.68238151073456,178.60000610351562],[151.08938835561275,-33.68248318322003,178.60000610351562],[151.08937771059573,-33.682493241503835,178.60000610351562],[151.0892703384161,-33.68256867863238,178.39999389648438],[151.0892034508288,-33.6825779825449,178.1999969482422],[151.08915844000876,-33.68259709328413,178.1999969482422],[151.08902424573898,-33.6826572753489,177.8000030517578],[151.08895568177104,-33.682676469907165,177.39999389648438],[151.08892718330026,-33.682688707485795,177.39999389648438],[151.08876541256905,-33.6827452853322,177.39999389648438],[151.08871025964618,-33.6827542539686,177.39999389648438],[151.0886617284268,-33.68275936692953,177.39999389648438],[151.08853340148926,-33.68279993534088,177.60000610351562],[151.08840993605554,-33.682816280052066,177.8000030517578],[151.0883548669517,-33.682833798229694,178],[151.08832678757608,-33.68285668082535,178],[151.08831807039678,-33.68286154232919,178],[151.08818370848894,-33.68290990591049,177.8000030517578],[151.08807189390063,-33.682979391887784,177.60000610351562],[151.08794826082885,-33.68308659642935,177.39999389648438],[151.0878926049918,-33.68312682956457,177.39999389648438],[151.08787433244288,-33.683146024122834,177.39999389648438],[151.08780769631267,-33.68319363333285,177.39999389648438],[151.08778364025056,-33.6832566652447,177.60000610351562],[151.087729325518,-33.68335741572082,177.8000030517578],[151.08771775849164,-33.683442659676075,177.8000030517578],[151.08771516010165,-33.68347107432783,177.8000030517578],[151.08772546984255,-33.68351457640529,177.8000030517578],[151.08780995942652,-33.68360476568341,178],[151.0878881625831,-33.6837004031986,178.39999389648438],[151.08793158084154,-33.68377718143165,178],[151.08795530162752,-33.683789586648345,177.8000030517578],[151.0880427248776,-33.683888241648674,177.60000610351562],[151.08814666047692,-33.68397491052747,178],[151.0881584789604,-33.6839768383652,178],[151.08819636516273,-33.684013886377215,178],[151.088212961331,-33.68402536958456,178],[151.08825478702784,-33.684074990451336,178.1999969482422],[151.08830692246556,-33.68409569375217,178],[151.08836056664586,-33.68412452749908,177.8000030517578],[151.08846886083484,-33.68419577367604,177.60000610351562],[151.08849761076272,-33.684204407036304,177.60000610351562],[151.08853315003216,-33.68422728963196,177.60000610351562],[151.08867974951863,-33.68425075896084,177.8000030517578],[151.08873632736504,-33.68425612337887,177.60000610351562],[151.08879022300243,-33.68425738066435,177.8000030517578],[151.0888210684061,-33.68426727131009,177.8000030517578],[151.08889382332563,-33.684275234118104,177.60000610351562],[151.08899323269725,-33.68429744616151,177.60000610351562],[151.08904612250626,-33.6842839512974,177.60000610351562],[151.08908627182245,-33.68429359048605,177.39999389648438],[151.08911032788455,-33.68429912254214,177.1999969482422],[151.08924091793597,-33.684304654598236,177.39999389648438],[151.0893422551453,-33.68431253358722,177.39999389648438],[151.08944987878203,-33.684330554679036,177.39999389648438],[151.0895882640034,-33.68436559103429,177.1999969482422],[151.08970049768686,-33.68442493490875,177.1999969482422],[151.08979454264045,-33.68446399457753,177],[151.08988624066114,-33.68450037203729,176.8000030517578],[151.08992731198668,-33.68452342227101,176.60000610351562],[151.08993879519403,-33.68452141061425,176.60000610351562],[151.09001180157065,-33.68454077281058,176.8000030517578],[151.0900475922972,-33.68454873561859,176.8000030517578],[151.0900925192982,-33.684549909085035,176.8000030517578],[151.0901081096381,-33.684554770588875,176.8000030517578],[151.0901908390224,-33.684562062844634,176.8000030517578],[151.09023543074727,-33.68458008393645,176.8000030517578],[151.0903010610491,-33.68459701538086,176.8000030517578],[151.09040055423975,-33.6846240889281,177],[151.0904163122177,-33.68462601676583,177.1999969482422],[151.09044598415494,-33.684637332335114,177.1999969482422],[151.09049837104976,-33.684655437245965,177.39999389648438],[151.09053474850953,-33.68466205894947,177.60000610351562],[151.09061747789383,-33.68466884829104,177.8000030517578],[151.0906512569636,-33.6846933234483,178],[151.0906597226858,-33.68471620604396,178],[151.09066491946578,-33.684725761413574,178],[151.09071328304708,-33.68474218994379,177],[151.09072820283473,-33.6847519967705,176.8000030517578],[151.09075997024775,-33.68477378971875,176.39999389648438],[151.09081445261836,-33.684814274311066,175.39999389648438],[151.0908264387399,-33.68481745943427,175.1999969482422],[151.0908655822277,-33.68483556434512,174.8000030517578],[151.09090187586844,-33.68486330844462,174.1999969482422],[151.09095141291618,-33.6848817486316,173.1999969482422],[151.09100237488747,-33.68491862900555,172.60000610351562],[151.09104386530817,-33.68495341390371,172],[151.09108292497694,-33.684996496886015,171.39999389648438],[151.09109541401267,-33.68501275777817,171.1999969482422],[151.09110991470516,-33.68502507917583,171],[151.09112315811217,-33.68504460901022,170.60000610351562],[151.09113279730082,-33.685057600960135,170.60000610351562],[151.0911457054317,-33.685084925964475,170],[151.09116188250482,-33.68513421155512,169.1999969482422],[151.09118937514722,-33.68518617935479,169.39999389648438],[151.091202031821,-33.685224149376154,170.39999389648438],[151.0912141855806,-33.685238901525736,171],[151.09122382476926,-33.68524652905762,171.1999969482422],[151.09126137569547,-33.68528416380286,172],[151.09127512201667,-33.68529380299151,172.39999389648438],[151.09130194410682,-33.68532313965261,173],[151.09131745062768,-33.685330264270306,173.1999969482422],[151.09133111312985,-33.68533303029835,173.39999389648438],[151.09137863852084,-33.68533940054476,174.39999389648438],[151.09138609841466,-33.68534225039184,174.8000030517578],[151.09140202403069,-33.68534895591438,175.39999389648438],[151.0914129205048,-33.685354655608535,175.8000030517578],[151.0914448555559,-33.68536924012005,176.8000030517578],[151.09145273454487,-33.685377119109035,176.8000030517578],[151.09145709313452,-33.685384411364794,177],[151.0914560034871,-33.685405030846596,177.60000610351562],[151.09145390801132,-33.685411820188165,178],[151.091447789222,-33.6854203697294,178.1999969482422],[151.09142842702568,-33.68543847464025,178.60000610351562],[151.09142222441733,-33.6854584235698,179.39999389648438],[151.09142809174955,-33.68551609106362,180.60000610351562],[151.09142960049212,-33.6855255626142,180.8000030517578],[151.09144108369946,-33.685558922588825,181.39999389648438],[151.09146639704704,-33.685587253421545,181.8000030517578],[151.0914945602417,-33.685641316697,183],[151.09149841591716,-33.68564995005727,183.1999969482422],[151.09151819720864,-33.68568817153573,184],[151.0915249865502,-33.685709964483976,184.60000610351562],[151.09153068624437,-33.685729494318366,185],[151.09153965488076,-33.685763105750084,185.60000610351562],[151.09154828824103,-33.685791017487645,186.1999969482422],[151.0915513895452,-33.68580157868564,186.60000610351562],[151.09153915196657,-33.685841811820865,187.39999389648438],[151.09150160104036,-33.68589914403856,188.60000610351562],[151.09145960770547,-33.685930324718356,189],[151.09139523468912,-33.68599595502019,189.39999389648438],[151.09136036597192,-33.68602369911969,189.39999389648438],[151.0912834201008,-33.68612587451935,189.1999969482422],[151.09127143397927,-33.68625881150365,189.39999389648438],[151.0912617109716,-33.6863752361387,189.1999969482422],[151.09125978313386,-33.68640750646591,189.1999969482422],[151.09124461188912,-33.68644597940147,189],[151.091225752607,-33.68648864328861,189],[151.09119448810816,-33.686598781496286,188.8000030517578],[151.09119876287878,-33.68664102628827,188.60000610351562],[151.0912067256868,-33.68670791387558,188.60000610351562],[151.091223154217,-33.68675929494202,188.8000030517578],[151.09122357331216,-33.68678997270763,188.8000030517578],[151.09122281894088,-33.68679785169661,188.8000030517578],[151.09123178757727,-33.686843449249864,188.8000030517578],[151.0912410914898,-33.686872366815805,188.8000030517578],[151.091283923015,-33.686993485316634,188.8000030517578],[151.09129699878395,-33.687105886638165,189],[151.09134192578495,-33.68718811310828,189],[151.09142356552184,-33.687272602692246,189.60000610351562],[151.0915019363165,-33.687370754778385,190.60000610351562],[151.09150998294353,-33.68738265708089,190.8000030517578],[151.09153219498694,-33.687414675951004,190.8000030517578],[151.09155423939228,-33.68744761683047,191],[151.09160444699228,-33.68758097290993,191.39999389648438],[151.09163101762533,-33.68764526210725,191.60000610351562],[151.09164275228977,-33.68766873143613,191.8000030517578],[151.09165658243,-33.68769261986017,191.8000030517578],[151.09170821495354,-33.687760177999735,192.8000030517578],[151.09174098819494,-33.68780627846718,193],[151.09175347723067,-33.687828658148646,193.1999969482422]]},"properties":{"name":"Asquith Galston Gorge circle"}}]}
