{"type":"FeatureCollection","features":[{"type":"Feature","geometry":{"type":"LineString","coordinates":[[151.43752039410174,-33.4703304246068,4.800000190734863],[151.4376141037792,-33.47027728334069,4.599999904632568],[151.43779951147735,-33.470254400745034,4.599999904632568],[151.4379637967795,-33.47026387229562,4.400000095367432],[151.43803646788,-33.4702767804265,5],[151.43810528330505,-33.47027963027358,5.199999809265137],[151.43816588446498,-33.47026747651398,5.400000095367432],[151.43821240402758,-33.4702767804265,5.400000095367432],[151.43822916783392,-33.470279378816485,5.599999904632568],[151.43823050893843,-33.470279881730676,5.800000190734863],[151.43823419697583,-33.47028113901615,5.400000095367432],[151.43825456500053,-33.47028298303485,4.800000190734863],[151.4382840692997,-33.470282731577754,3.5999999046325684],[151.4382996596396,-33.470270493999124,3],[151.43836218863726,-33.47021869383752,2.799999952316284],[151.43840074539185,-33.47020863555372,2.799999952316284],[151.43842899240553,-33.47020100802183,2.5999999046325684],[151.4384452532977,-33.4701993316412,2.5999999046325684],[151.43847182393074,-33.47019178792834,2.4000000953674316],[151.4385010767728,-33.47018080763519,2.5999999046325684],[151.4385446626693,-33.47014283761382,3.200000047683716],[151.43857936374843,-33.470111321657896,3.5999999046325684],[151.43859042786062,-33.47009975463152,3.5999999046325684],[151.43863099627197,-33.470050636678934,4],[151.43866142258048,-33.47005533054471,4.199999809265137],[151.4387672021985,-33.47005834802985,4.800000190734863],[151.43882788717747,-33.47007192671299,5.199999809265137],[151.4388604927808,-33.47008257173002,5.599999904632568],[151.43888890743256,-33.47009673714638,5.800000190734863],[151.438919166103,-33.47011601552367,5.800000190734863],[151.43895177170634,-33.47013797610998,5.599999904632568],[151.43900457769632,-33.470188016071916,5.599999904632568],[151.43903299234807,-33.47020788118243,5.599999904632568],[151.43903986550868,-33.47020788118243,5.800000190734863],[151.43905268982053,-33.47021081484854,5.599999904632568],[151.4390814397484,-33.47022724337876,4.599999904632568],[151.4390856307,-33.470246689394116,4.400000095367432],[151.43910289742053,-33.470306703820825,4],[151.43919048830867,-33.47036856226623,4],[151.4392370916903,-33.47042279317975,4.199999809265137],[151.43927757628262,-33.47046931274235,4.400000095367432],[151.4393118582666,-33.47047149203718,4.599999904632568],[151.43940431065857,-33.470475347712636,4.599999904632568],[151.43948385491967,-33.470518598333,4.400000095367432],[151.43953699618578,-33.47058397717774,4.400000095367432],[151.43954009748995,-33.47059462219477,4.400000095367432],[151.43954202532768,-33.47060568630695,4.400000095367432],[151.4395162090659,-33.470679027959704,4.199999809265137],[151.43950782716274,-33.47069679759443,4.199999809265137],[151.43950782716274,-33.470735270529985,4],[151.43951478414237,-33.470787070691586,3.799999952316284],[151.4395087491721,-33.47079620696604,3.799999952316284],[151.43950514495373,-33.47080157138407,3.799999952316284],[151.43949458375573,-33.47080500796437,4.199999809265137],[151.43949349410832,-33.470806600525975,4.400000095367432],[151.43949349410832,-33.470806600525975,4.400000095367432],[151.4395233336836,-33.4708468336612,3.799999952316284],[151.4395589567721,-33.47091866657138,3.799999952316284],[151.43955803476274,-33.47093274816871,3.799999952316284],[151.4395600464195,-33.47094029188156,4],[151.43956708721817,-33.470955127850175,3.799999952316284],[151.43957228399813,-33.470965437591076,3.799999952316284],[151.4395793247968,-33.47097557969391,3.799999952316284],[151.43958552740514,-33.470984464511275,3.799999952316284],[151.43959977664053,-33.47100089304149,4],[151.439606314525,-33.47101748920977,4],[151.4396343100816,-33.47105545923114,4],[151.4396900497377,-33.47103852778673,4],[151.4397395029664,-33.47102863714099,4],[151.43975132144988,-33.4710262902081,4],[151.4397683367133,-33.471035761758685,4],[151.4397830888629,-33.471060153096914,4],[151.43980387598276,-33.47110474482179,4],[151.43981284461915,-33.471110528334975,4],[151.43987889401615,-33.47116048447788,4.199999809265137],[151.43989314325154,-33.47118931822479,4.199999809265137],[151.4399242401123,-33.47121354192495,4.199999809265137],[151.4399918820709,-33.47131588496268,4.400000095367432],[151.44005089066923,-33.47138159908354,4.199999809265137],[151.44016848877072,-33.47146558575332,4.400000095367432],[151.44023168832064,-33.471538005396724,4.599999904632568],[151.44026446156204,-33.47157346084714,4.800000190734863],[151.44029220566154,-33.47159852273762,4.800000190734863],[151.44038314931095,-33.47170044668019,4.599999904632568],[151.4404377155006,-33.471782337874174,4.800000190734863],[151.44046688452363,-33.47186515107751,4.800000190734863],[151.44046738743782,-33.47193405032158,4.400000095367432],[151.44046193920076,-33.47194586880505,4.400000095367432],[151.44045053981245,-33.47204896621406,4.199999809265137],[151.44046772271395,-33.472094144672155,3.799999952316284],[151.44049831666052,-33.47212063148618,3.799999952316284],[151.44052555784583,-33.472137060016394,3.5999999046325684],[151.440549781546,-33.47217595204711,4],[151.44064709544182,-33.47228097729385,4.199999809265137],[151.44069034606218,-33.47230880521238,4.199999809265137],[151.4407218620181,-33.47231375053525,4.199999809265137],[151.440737452358,-33.47231668420136,4.199999809265137],[151.44076108932495,-33.47235876135528,4.199999809265137],[151.4407977182418,-33.47247661091387,4.400000095367432],[151.44079939462245,-33.47249345853925,4.400000095367432],[151.44079470075667,-33.47251860424876,4.400000095367432],[151.44079227000475,-33.47256696783006,4.400000095367432],[151.4408106263727,-33.472585156559944,4.599999904632568],[151.4408360235393,-33.47263955511153,4.599999904632568],[151.44081867299974,-33.47273854538798,5.199999809265137],[151.44081448204815,-33.47279227338731,5.599999904632568],[151.4408082794398,-33.47282571718097,5.599999904632568],[151.44080651924014,-33.47284818068147,5.800000190734863],[151.44080467522144,-33.472894029691815,6],[151.44081372767687,-33.47295731306076,6],[151.44081808626652,-33.472978603094816,6],[151.44083686172962,-33.473064014688134,6],[151.44082923419774,-33.47309712320566,5.800000190734863],[151.44083376042545,-33.47310927696526,5.800000190734863],[151.44084348343313,-33.47313375212252,5.800000190734863],[151.44084800966084,-33.473152024671435,5.800000190734863],[151.44084298051894,-33.47316191531718,5.800000190734863],[151.44083241932094,-33.47319619730115,5.800000190734863],[151.4408264681697,-33.47321329638362,5.599999904632568],[151.44081666134298,-33.473247326910496,5.400000095367432],[151.4408048428595,-33.47330650314689,5],[151.44080107100308,-33.47331203520298,4.800000190734863],[151.44079017452896,-33.473324440419674,4.800000190734863],[151.44077399745584,-33.47334246151149,4.800000190734863],[151.44076846539974,-33.473348915576935,4.599999904632568],[151.44075865857303,-33.47336383536458,4.400000095367432],[151.44072672352195,-33.473388478159904,4.199999809265137],[151.44071247428656,-33.47339912317693,4],[151.44067458808422,-33.47343600355089,3.799999952316284],[151.4406676311046,-33.473440278321505,3.5999999046325684],[151.4406623505056,-33.473445726558566,3.5999999046325684],[151.4406536333263,-33.47345075570047,3.5999999046325684],[151.44063720479608,-33.473455449566245,3.4000000953674316],[151.44063008017838,-33.4734717104584,3.5999999046325684],[151.44062479957938,-33.473478835076094,3.5999999046325684],[151.4406180102378,-33.473484283313155,3.799999952316284],[151.44059730693698,-33.4734992031008,4],[151.4405777771026,-33.47351328469813,4.199999809265137],[151.44056922756135,-33.47351579926908,4.199999809265137],[151.44055791199207,-33.47350716590881,4.199999809265137],[151.44054751843214,-33.47350540570915,4.800000190734863],[151.4405450038612,-33.47350616008043,4.800000190734863],[151.44051231443882,-33.47352845594287,5.199999809265137],[151.4404993224889,-33.47354178316891,5.199999809265137],[151.4404979813844,-33.47354270517826,5.199999809265137],[151.44047937355936,-33.47355041652918,5],[151.44047166220844,-33.473567850887775,5.400000095367432],[151.44046436995268,-33.4735734667629,5.800000190734863],[151.44046353176236,-33.4735734667629,6],[151.44046059809625,-33.473575226962566,6.400000095367432],[151.44046059809625,-33.473575226962566,6.199999809265137],[151.44045271910727,-33.47357925027609,6.400000095367432],[151.4404491148889,-33.47357992082834,6.400000095367432],[151.44043545238674,-33.4735784959048,6.400000095367432],[151.44043285399675,-33.47357438877225,6.400000095367432],[151.44043285399675,-33.47357438877225,6.400000095367432],[151.44043285399675,-33.47357438877225,6.400000095367432],[151.44043285399675,-33.47357438877225,6.400000095367432],[151.44041877239943,-33.473572293296456,6.400000095367432],[151.4404163416475,-33.473571287468076,6.400000095367432],[151.44041491672397,-33.473571203649044,6.400000095367432],[151.44040192477405,-33.473567850887775,6.199999809265137],[151.44040133804083,-33.47356424666941,6.199999809265137],[151.440399158746,-33.473563492298126,6.199999809265137],[151.44040041603148,-33.473572209477425,6.199999809265137],[151.4403769467026,-33.473587380722165,6.400000095367432],[151.4403740130365,-33.47358821891248,6.400000095367432],[151.4403740130365,-33.47358821891248,6.400000095367432],[151.440333109349,-33.4735924936831,5.800000190734863],[151.44026705995202,-33.473574640229344,5],[151.44024208188057,-33.473566425964236,5],[151.4402437582612,-33.4735650010407,4.800000190734863],[151.4402410760522,-33.473566425964236,4.800000190734863],[151.44023126922548,-33.47356550395489,4.800000190734863],[151.44022967666388,-33.473579585552216,4.800000190734863],[151.44021500833333,-33.47357740625739,4.599999904632568],[151.44020679406822,-33.47357774153352,4.599999904632568],[151.44019128754735,-33.47357740625739,4.800000190734863],[151.4401557482779,-33.4735665936023,5],[151.44014216959476,-33.4735750593245,5.199999809265137],[151.44008064642549,-33.473594170063734,5.599999904632568],[151.44001451320946,-33.47361738793552,5.599999904632568],[151.44001157954335,-33.473617136478424,5.800000190734863],[151.44001878798008,-33.473609425127506,6],[151.44004108384252,-33.473620656877756,6.199999809265137],[151.44004510715604,-33.47362635657191,6.199999809265137],[151.44012607634068,-33.473641108721495,6.199999809265137],[151.440137475729,-33.473647730425,6.199999809265137],[151.4401731826365,-33.473670948296785,6],[151.4401969872415,-33.47368913702667,6],[151.44021375104785,-33.47369818948209,5.599999904632568],[151.44022967666388,-33.47370548173785,4.800000190734863],[151.44022917374969,-33.47371428273618,4.400000095367432],[151.44022649154067,-33.473718306049705,4.400000095367432],[151.4402207918465,-33.47371889278293,4.199999809265137],[151.44022238440812,-33.473716797307134,4.199999809265137],[151.4402566663921,-33.47373624332249,4.199999809265137],[151.44028063863516,-33.473739763721824,4.199999809265137],[151.44041642546654,-33.473775554448366,4.400000095367432],[151.4404512103647,-33.47382006235421,4.400000095367432],[151.44044601358473,-33.473829785361886,4.199999809265137],[151.44043235108256,-33.47385208122432,4.199999809265137],[151.44042405299842,-33.473886363208294,4.199999809265137],[151.44041877239943,-33.47389742732048,4.199999809265137],[151.44039320759475,-33.47391461022198,4.199999809265137],[151.4403682295233,-33.473908407613635,4.199999809265137],[151.44036361947656,-33.47390924580395,4.199999809265137],[151.44035590812564,-33.47391310147941,4.199999809265137],[151.44032347016037,-33.47390924580395,4],[151.44032455980778,-33.47391092218459,4.199999809265137],[151.44032791256905,-33.47391352057457,4.199999809265137],[151.44033528864384,-33.47392089664936,4.199999809265137],[151.44032523036003,-33.473935816437006,4.400000095367432],[151.4403005875647,-33.47395517863333,4.599999904632568],[151.4403100591153,-33.47397319972515,4.599999904632568],[151.4403100591153,-33.47397319972515,3.799999952316284],[151.44032942131162,-33.47401041537523,3],[151.4403425808996,-33.474050061777234,2.799999952316284],[151.44035825505853,-33.4740658197552,2.799999952316284],[151.44037174992263,-33.47408308647573,2.799999952316284],[151.44040326587856,-33.47414226271212,3],[151.440396476537,-33.47420118749142,3.200000047683716],[151.44039932638407,-33.474208395928144,3.200000047683716],[151.44040527753532,-33.47423211671412,3.5999999046325684],[151.44040402024984,-33.4742505569011,3.799999952316284],[151.44040024839342,-33.47427662461996,4.199999809265137],[151.44042070023715,-33.474300764501095,4],[151.44042204134166,-33.47430889494717,4],[151.44042723812163,-33.474332028999925,3.5999999046325684],[151.4404816366732,-33.474403358995914,3],[151.44057601690292,-33.47444551996887,3.4000000953674316],[151.4405952114612,-33.474472258239985,3.200000047683716],[151.44060116261244,-33.474480556324124,3.4000000953674316],[151.44060568884015,-33.47449094988406,4],[151.44056914374232,-33.47450478002429,4],[151.44056604243815,-33.47450528293848,4.199999809265137],[151.44055807963014,-33.47451911307871,4.599999904632568],[151.440560342744,-33.47452087327838,4.800000190734863],[151.4405667129904,-33.474530931562185,5.199999809265137],[151.44057484343648,-33.47456353716552,6.199999809265137],[151.44058004021645,-33.47459463402629,6.599999904632568],[151.44060761667788,-33.47464006394148,6.599999904632568],[151.44063326530159,-33.47467032261193,6.400000095367432],[151.44067752175033,-33.47469882108271,6.199999809265137],[151.4407115522772,-33.4747254755348,6],[151.44071691669524,-33.47473771311343,5.800000190734863],[151.4407237060368,-33.47474073059857,5.599999904632568],[151.4407284837216,-33.47474022768438,5.400000095367432],[151.4407289866358,-33.474743915721774,5],[151.44074809737504,-33.47475095652044,4.599999904632568],[151.44078112207353,-33.47476243972778,3.799999952316284],[151.4407966285944,-33.474773587659,3.4000000953674316],[151.44081439822912,-33.47484198398888,3],[151.44080735743046,-33.474859753623605,3.200000047683716],[151.44085865467787,-33.4748774394393,3],[151.44086686894298,-33.47488355822861,3],[151.44089226610959,-33.47489168867469,3],[151.44091431051493,-33.47490166313946,3.200000047683716],[151.4409403782338,-33.474921779707074,3],[151.4409668650478,-33.474963353946805,3],[151.44103618338704,-33.475005431100726,3],[151.44105889834464,-33.47501439973712,3],[151.44111891277134,-33.475042060017586,3],[151.44113031215966,-33.47506343387067,3.200000047683716],[151.4411534462124,-33.47510911524296,3.200000047683716],[151.44116627052426,-33.47516946494579,3.200000047683716],[151.44117104820907,-33.475213972851634,3.4000000953674316],[151.4412261173129,-33.47526862286031,3.5999999046325684],[151.44123936071992,-33.475285805761814,3.4000000953674316],[151.4412884786725,-33.47533190622926,3.4000000953674316],[151.4413315616548,-33.47541228868067,3.4000000953674316],[151.4413402788341,-33.47544799558818,3.4000000953674316],[151.44133793190122,-33.475456880405545,3.4000000953674316],[151.44131748005748,-33.475474482402205,3.200000047683716],[151.44128789193928,-33.47553391009569,3.200000047683716],[151.44127674400806,-33.475538939237595,3.200000047683716],[151.44121614284813,-33.47558462060988,3],[151.4412062522024,-33.47561655566096,2.799999952316284],[151.44121346063912,-33.475649328902364,2.799999952316284],[151.44121807068586,-33.47566776908934,3],[151.44121404737234,-33.47568914294243,3],[151.44121798686683,-33.475700626149774,3.200000047683716],[151.44121320918202,-33.475723676383495,3.200000047683716],[151.44120197743177,-33.47576315514743,3.200000047683716],[151.44119770266116,-33.47578000277281,3.200000047683716],[151.44118261523545,-33.47580213099718,3.200000047683716],[151.4411729760468,-33.475828282535076,3],[151.44117230549455,-33.4758357424289,3],[151.44112788140774,-33.47587966360152,3.200000047683716],[151.44114565104246,-33.47589064389467,2.799999952316284],[151.44117741845548,-33.475967422127724,3],[151.44122460857034,-33.47603313624859,3],[151.44118261523545,-33.47607135772705,3],[151.4411468245089,-33.476076470687985,3],[151.4411251153797,-33.47609910182655,3],[151.44112369045615,-33.47615836188197,2.799999952316284],[151.44113156944513,-33.47618426196277,2.799999952316284],[151.44116912037134,-33.47622340545058,2.5999999046325684],[151.44121111370623,-33.47625559195876,2.5999999046325684],[151.4412334933877,-33.47626883536577,2.799999952316284],[151.44124891608953,-33.476285599172115,2.799999952316284],[151.44129174761474,-33.476311499252915,2.799999952316284],[151.44129778258502,-33.47631895914674,3],[151.4413217548281,-33.47637344151735,2.799999952316284],[151.44131588749588,-33.47639640793204,2.799999952316284],[151.44129920750856,-33.476426247507334,2.5999999046325684],[151.4412811025977,-33.47647880204022,2.799999952316284],[151.44127875566483,-33.47649900242686,3],[151.44127322360873,-33.47651392221451,3],[151.44125637598336,-33.47652330994606,3.4000000953674316],[151.44123793579638,-33.47653026692569,3.4000000953674316],[151.44122050143778,-33.47653177566826,3.200000047683716],[151.44119443371892,-33.47652222029865,3.200000047683716],[151.44116685725749,-33.47655943594873,3.5999999046325684],[151.44115671515465,-33.47658231854439,3.799999952316284],[151.4411697909236,-33.4766005910933,3.799999952316284],[151.44115612842143,-33.47662607207894,3.799999952316284],[151.4411500096321,-33.47664836794138,3.799999952316284],[151.44118102267385,-33.47669136710465,3.5999999046325684],[151.4411798492074,-33.476724307984114,3.5999999046325684],[151.44118387252092,-33.47676370292902,3.4000000953674316],[151.44119946286082,-33.47684232518077,3],[151.4411988761276,-33.47687300294638,3.200000047683716],[151.44120491109788,-33.476890940219164,3.4000000953674316],[151.44122494384646,-33.47691600210965,3.799999952316284],[151.44126475788653,-33.476954055950046,3.5999999046325684],[151.44128244370222,-33.47697869874537,3.5999999046325684],[151.4412916637957,-33.477032762020826,4],[151.44129141233861,-33.47705380059779,4.199999809265137],[151.44129518419504,-33.477078694850206,4.400000095367432],[151.44133172929287,-33.47711314447224,4.800000190734863],[151.44133877009153,-33.477120101451874,4.800000190734863],[151.4413730520755,-33.47717626020312,4.400000095367432],[151.4413971081376,-33.47722236067057,4.400000095367432],[151.44140280783176,-33.477264773100615,4.800000190734863],[151.4414602238685,-33.47731531597674,5.800000190734863],[151.44147078506649,-33.47731699235737,6],[151.44148042425513,-33.47731992602348,6.400000095367432],[151.44149626605213,-33.477352699264884,6.199999809265137],[151.4415181428194,-33.47738186828792,5.800000190734863],[151.4415326435119,-33.477409947663546,4.800000190734863],[151.4415401034057,-33.47741313278675,4.599999904632568],[151.44162216223776,-33.47745412029326,4],[151.44162232987583,-33.4774832893163,4],[151.44166172482073,-33.47754405811429,4.400000095367432],[151.44168837927282,-33.477574149146676,4.400000095367432],[151.4417395927012,-33.47760641947389,4.400000095367432],[151.44181461073458,-33.47762175835669,5],[151.44185023382306,-33.47762066870928,4.800000190734863],[151.44186004064977,-33.47762066870928,4.800000190734863],[151.44186842255294,-33.47761530429125,4.599999904632568],[151.44187948666513,-33.47760868258774,4.400000095367432],[151.44189164042473,-33.47760843113065,4],[151.44189826212823,-33.477613208815455,3.799999952316284],[151.44190094433725,-33.477614633738995,3.5999999046325684],[151.4419068954885,-33.47761848941445,3.4000000953674316],[151.44195257686079,-33.477643551304936,3.5999999046325684],[151.44197462126613,-33.47769518382847,4.400000095367432],[151.44197353161871,-33.47769635729492,4.599999904632568],[151.44197353161871,-33.47769753076136,4.800000190734863],[151.4419756270945,-33.47770105116069,5],[151.44197621382773,-33.47771161235869,5],[151.44198124296963,-33.4777266997844,5],[151.44196112640202,-33.477790569886565,5.199999809265137],[151.4419753756374,-33.477808171883225,4.800000190734863],[151.44199775531888,-33.477815547958016,4.599999904632568],[151.44207964651287,-33.477831557393074,5.599999904632568],[151.442130189389,-33.47787095233798,5.599999904632568],[151.4421518985182,-33.47788612358272,5.599999904632568],[151.44218341447413,-33.4778905659914,5.400000095367432],[151.44218668341637,-33.477892242372036,5.400000095367432],[151.442206883803,-33.47788176499307,5],[151.4422250725329,-33.47786910831928,4],[151.44228408113122,-33.47789651714265,4.199999809265137],[151.44234962761402,-33.47793926484883,4],[151.4423614460975,-33.47794974222779,4],[151.44243403337896,-33.478009924292564,4.199999809265137],[151.44247870892286,-33.47803674638271,4.199999809265137],[151.44248021766543,-33.47804336808622,4.199999809265137],[151.4425271563232,-33.47803163342178,4.199999809265137],[151.44261089153588,-33.478060299530625,4.199999809265137],[151.44268331117928,-33.47812098450959,3.799999952316284],[151.44269253127277,-33.47812794148922,3.799999952316284],[151.44272505305707,-33.478159457445145,4.400000095367432],[151.4427647832781,-33.478165324777365,4],[151.44278464838862,-33.47816222347319,3.4000000953674316],[151.44280023872852,-33.47817194648087,3.200000047683716],[151.4428165834397,-33.47818871028721,3.200000047683716],[151.44284290261567,-33.47821787931025,3.5999999046325684],[151.4428802859038,-33.47824805416167,3.5999999046325684],[151.44290626980364,-33.478275211527944,3.5999999046325684],[151.44298790954053,-33.478331537917256,4],[151.4430893305689,-33.47839314490557,4.199999809265137],[151.44310207106173,-33.478404292836785,4.199999809265137],[151.4431315753609,-33.4784468729049,4.400000095367432],[151.44314951263368,-33.47849389538169,4.400000095367432],[151.4431611634791,-33.478514179587364,4.400000095367432],[151.44327356480062,-33.47859347239137,4.800000190734863],[151.44328571856022,-33.478600177913904,4.800000190734863],[151.44332989118993,-33.47865608520806,5.400000095367432],[151.44335662946105,-33.47870738245547,5.400000095367432],[151.4433586411178,-33.47873143851757,5.599999904632568],[151.4433488342911,-33.47876714542508,5.599999904632568],[151.443330058828,-33.47877720370889,5.800000190734863],[151.44332838244736,-33.47877846099436,6],[151.44333290867507,-33.47880033776164,7.199999809265137],[151.4433366805315,-33.47880553454161,7.400000095367432],[151.44338814541698,-33.47883302718401,7.800000190734863],[151.44341077655554,-33.47883705049753,7.800000190734863],[151.44341236911714,-33.47883990034461,7.800000190734863],[151.44341035746038,-33.47884283401072,7.800000190734863],[151.44341060891747,-33.47884425893426,7.800000190734863],[151.44341010600328,-33.47884492948651,7.800000190734863],[151.44341010600328,-33.47884492948651,7.800000190734863],[151.44341035746038,-33.47884492948651,7.800000190734863],[151.44341186620295,-33.47884492948651,7.599999904632568],[151.4434111956507,-33.478845013305545,7.599999904632568],[151.4434104412794,-33.478845013305545,7.599999904632568],[151.44341018982232,-33.478845013305545,7.800000190734863],[151.44341010600328,-33.478845013305545,7.800000190734863],[151.4433977007866,-33.47884962335229,7.800000190734863],[151.4433758240193,-33.47885423339903,7.800000190734863],[151.44335822202265,-33.47886278294027,7.800000190734863],[151.44333885982633,-33.478870494291186,7.800000190734863],[151.4433158095926,-33.47888818010688,7.800000190734863],[151.44330826587975,-33.47889262251556,7.800000190734863],[151.44330265000463,-33.47889899276197,7.800000190734863],[151.44329351373017,-33.4789165109396,8.199999809265137],[151.44329074770212,-33.47892975434661,8.399999618530273],[151.44329451955855,-33.47894534468651,8.800000190734863],[151.44329686649144,-33.47898222506046,9.199999809265137],[151.44330055452883,-33.47898809239268,9.399999618530273],[151.4433020632714,-33.47899706102908,9.399999618530273],[151.44329586066306,-33.47900502383709,9.399999618530273],[151.443293094635,-33.47901424393058,9.600000381469727],[151.44328286871314,-33.479037545621395,9.800000190734863],[151.44327951595187,-33.47904425114393,9.800000190734863],[151.44327071495354,-33.479062020778656,9.800000190734863],[151.44326727837324,-33.47908305935562,9.800000190734863],[151.443266607821,-33.47909311763942,9.800000190734863],[151.44326996058226,-33.4791030921042,9.600000381469727],[151.44327549263835,-33.47911247983575,9.600000381469727],[151.44330164417624,-33.47915899939835,9.199999809265137],[151.44332234747708,-33.479164531454444,9],[151.44336266443133,-33.47918154671788,8.199999809265137],[151.44336199387908,-33.479194371029735,8],[151.44335771910846,-33.47920442931354,8],[151.4433499239385,-33.47924843430519,7.800000190734863],[151.44336693920195,-33.479261342436075,7.199999809265137],[151.44337456673384,-33.4792635217309,7.199999809265137],[151.44342695362866,-33.47928514704108,6],[151.443435754627,-33.47930098883808,5.800000190734863],[151.4434127882123,-33.47933979704976,6],[151.44341236911714,-33.47936175763607,6],[151.4434127882123,-33.47938765771687,5.400000095367432],[151.4433916658163,-33.47941070795059,5],[151.44338244572282,-33.47941607236862,4.800000190734863],[151.44334816373885,-33.479426046833396,4.800000190734863],[151.443330058828,-33.479466531425714,4.599999904632568],[151.4433477446437,-33.479504669085145,4.599999904632568],[151.4433123730123,-33.479528557509184,4.800000190734863],[151.44329426810145,-33.47954741679132,4.800000190734863],[151.44328664056957,-33.47955361939967,5],[151.44328747875988,-33.47956116311252,5],[151.443282533437,-33.47959049977362,5.199999809265137],[151.44329083152115,-33.479624865576625,5.400000095367432],[151.44329443573952,-33.47963693551719,5.400000095367432],[151.44330617040396,-33.479648334905505,5.599999904632568],[151.4433192461729,-33.479652274399996,4.800000190734863],[151.4433689508587,-33.47966459579766,4],[151.4433857984841,-33.47972922027111,3.200000047683716],[151.44340365193784,-33.47978252917528,3.5999999046325684],[151.44341027364135,-33.47979225218296,4],[151.44343374297023,-33.479851176962256,3.799999952316284],[151.44348436966538,-33.47992083057761,3.5999999046325684],[151.44349350593984,-33.47995201125741,3.4000000953674316],[151.44350892864168,-33.480002637952566,3.4000000953674316],[151.44349803216755,-33.48002443090081,3.4000000953674316],[151.44349459558725,-33.480034321546555,3.200000047683716],[151.4434790890664,-33.480065166950226,3.200000047683716],[151.4434778317809,-33.4800735488534,3.4000000953674316],[151.44348789006472,-33.48010347224772,3.4000000953674316],[151.44355754368007,-33.48013473674655,3.4000000953674316],[151.44361118786037,-33.4801753051579,3.4000000953674316],[151.4435911551118,-33.48022609949112,3.200000047683716],[151.4435380976647,-33.48024898208678,3.4000000953674316],[151.44345654174685,-33.48030187189579,3.5999999046325684],[151.44342569634318,-33.480335315689445,3.799999952316284],[151.4434098545462,-33.48036582581699,4.400000095367432],[151.44336174242198,-33.480358785018325,4.400000095367432],[151.44333927892148,-33.48036490380764,4.400000095367432],[151.443340620026,-33.48036775365472,5],[151.44334129057825,-33.480381751433015,5.400000095367432],[151.44333039410412,-33.480415027588606,5.400000095367432],[151.4433448947966,-33.48042642697692,4.400000095367432],[151.44335310906172,-33.48045039921999,3.799999952316284],[151.44334581680596,-33.48048811778426,3.5999999046325684],[151.44327842630446,-33.48053338006139,3.799999952316284],[151.44321388565004,-33.48054511472583,3.799999952316284],[151.44320567138493,-33.48051049746573,3.799999952316284],[151.44319653511047,-33.480499098077416,3.799999952316284],[151.4431881532073,-33.48050999455154,4],[151.4431865606457,-33.48051695153117,4],[151.4431868121028,-33.480518124997616,3.799999952316284],[151.4431868121028,-33.480518124997616,3.799999952316284],[151.44316744990647,-33.48054528236389,3.799999952316284],[151.44316049292684,-33.48055249080062,3.799999952316284],[151.44313249737024,-33.48058870062232,4],[151.44308790564537,-33.48059062846005,4],[151.44307700917125,-33.48059196956456,4],[151.44306167028844,-33.48061610944569,3.799999952316284],[151.4430488459766,-33.4806330408901,3.799999952316284],[151.44303266890347,-33.48066849634051,3.799999952316284],[151.4430279750377,-33.48067679442465,3.799999952316284],[151.44302143715322,-33.48069372586906,3.799999952316284],[151.44301280379295,-33.48069992847741,3.799999952316284],[151.442986484617,-33.480710657313466,3.799999952316284],[151.44296804443002,-33.480731192976236,3.5999999046325684],[151.44296435639262,-33.48075742833316,3.5999999046325684],[151.44295915961266,-33.48077880218625,3.5999999046325684],[151.44292906858027,-33.48080025985837,3.5999999046325684],[151.442936277017,-33.480811743065715,3.5999999046325684],[151.44294189289212,-33.48082129843533,3.5999999046325684],[151.44293032586575,-33.480836134403944,3.5999999046325684],[151.4428784418851,-33.480890868231654,3.799999952316284],[151.44285740330815,-33.48092867061496,3.799999952316284],[151.44285824149847,-33.48094065673649,3.5999999046325684],[151.4428239595145,-33.48097016103566,3.5999999046325684],[151.44278992898762,-33.48098902031779,3.799999952316284],[151.4427631907165,-33.48099245689809,3.799999952316284],[151.44273930229247,-33.481002766638994,4],[151.44273603335023,-33.48101223818958,4],[151.44275673665106,-33.481034114956856,4],[151.44273293204606,-33.48106227815151,3.5999999046325684],[151.44268565811217,-33.48109245300293,3.4000000953674316],[151.4426688104868,-33.48109832033515,3.4000000953674316],[151.44264735281467,-33.481145510450006,3.200000047683716],[151.4426495321095,-33.48117912188172,3.200000047683716],[151.44265171140432,-33.48120527341962,3.200000047683716],[151.44266948103905,-33.481219690293074,3.4000000953674316],[151.44269730895758,-33.48124475218356,3.200000047683716],[151.44270015880466,-33.481253050267696,3.200000047683716],[151.442685239017,-33.481263779103756,3.200000047683716],[151.44268741831183,-33.48129856400192,3.200000047683716],[151.4426854904741,-33.48130602389574,3.200000047683716],[151.44265967421234,-33.48134860396385,3.5999999046325684],[151.44263084046543,-33.481380036100745,3.5999999046325684],[151.44262145273387,-33.481416665017605,2.799999952316284],[151.44261851906776,-33.481437200680375,2.5999999046325684],[151.44261935725808,-33.48147793672979,2.799999952316284],[151.44262614659965,-33.48151800222695,2.799999952316284],[151.44263771362603,-33.48153518512845,3.4000000953674316],[151.44262673333287,-33.48156058229506,3],[151.44257443025708,-33.48157164640725,2.799999952316284],[151.44252363592386,-33.48160416819155,2.799999952316284],[151.442508129403,-33.48164959810674,2.799999952316284],[151.4425102248788,-33.48165798000991,2.799999952316284],[151.44254215992987,-33.48171296529472,2.5999999046325684],[151.44255481660366,-33.48172419704497,2.799999952316284],[151.44256571307778,-33.48172780126333,2.799999952316284],[151.44257585518062,-33.481732830405235,2.799999952316284],[151.44259211607277,-33.4817414637655,2.799999952316284],[151.44261709414423,-33.48175512626767,2.5999999046325684],[151.44262748770416,-33.48177373409271,2.5999999046325684],[151.44264869391918,-33.48180625587702,2.799999952316284],[151.44266319461167,-33.48181824199855,3.200000047683716],[151.44268138334155,-33.48187071271241,2.799999952316284],[151.44270200282335,-33.48193030804396,3],[151.44270351156592,-33.48196215927601,3.200000047683716],[151.44270007498562,-33.48196995444596,3.200000047683716],[151.44269613549113,-33.48197867162526,3],[151.44270468503237,-33.48200163803995,3.200000047683716],[151.4427251368761,-33.48201043903828,3.200000047683716],[151.44273393787444,-33.48201169632375,3.4000000953674316],[151.4427547249943,-33.48205343820155,3.200000047683716],[151.44273553043604,-33.48207280039787,3.200000047683716],[151.44273494370282,-33.482073890045285,3.200000047683716],[151.4427208621055,-33.48208914510906,3.200000047683716],[151.44272924400866,-33.48208797164261,3.200000047683716],[151.44271968863904,-33.48205788061023,3.200000047683716],[151.44271625205874,-33.48205394111574,3.200000047683716],[151.4427132345736,-33.48203910514712,3.5999999046325684],[151.44271650351584,-33.482012869790196,3.5999999046325684],[151.4426781143993,-33.48197020590305,3.200000047683716],[151.4426709059626,-33.481941036880016,3.200000047683716],[151.44267325289547,-33.48193533718586,3.200000047683716],[151.4426738396287,-33.48193592391908,3.5999999046325684],[151.44267417490482,-33.481936594471335,3.5999999046325684],[151.44267417490482,-33.48193684592843,3.5999999046325684],[151.4426069520414,-33.48191253840923,3],[151.4425332751125,-33.48189124837518,3],[151.44257149659097,-33.481887644156814,3],[151.44263955764472,-33.48188739269972,3],[151.44265514798462,-33.48188638687134,3],[151.44272161647677,-33.48188789561391,3.4000000953674316],[151.4427330158651,-33.48188932053745,3.799999952316284],[151.44273418933153,-33.481887644156814,3.799999952316284],[151.4426812157035,-33.481887644156814,3],[151.44255163148046,-33.48188948817551,2.799999952316284],[151.44252866506577,-33.481881860643625,2.799999952316284],[151.4425361249596,-33.48188010044396,2.799999952316284],[151.4425324369222,-33.48188194446266,2.799999952316284],[151.4425324369222,-33.48188194446266,2.799999952316284],[151.4425324369222,-33.48188194446266,2.799999952316284],[151.4425324369222,-33.48188194446266,2.799999952316284],[151.442531934008,-33.4818815253675,2.799999952316284],[151.44253369420767,-33.48188454285264,3],[151.4425326883793,-33.48188512958586,3],[151.44254056736827,-33.48188705742359,2.799999952316284],[151.4425470214337,-33.48188420757651,2.799999952316284],[151.4425475243479,-33.48188403993845,2.799999952316284],[151.4425482787192,-33.48188303411007,2.799999952316284],[151.44254878163338,-33.481882782652974,3],[151.4425491169095,-33.481882782652974,3],[151.4425498712808,-33.481888230890036,3],[151.44254995509982,-33.481889236718416,3],[151.44254995509982,-33.48189074546099,3],[151.44254970364273,-33.48189267329872,3],[151.4425496198237,-33.48189317621291,3],[151.44254953600466,-33.48189334385097,3],[151.44254945218563,-33.481893511489034,3],[151.4425493683666,-33.4818936791271,3],[151.4425491169095,-33.4818936791271,3],[151.44254903309047,-33.48189334385097,3],[151.44254785962403,-33.48189292475581,3],[151.44254718907177,-33.48189225420356,3],[151.44254710525274,-33.481892086565495,3],[151.44254710525274,-33.48189191892743,3],[151.44254685379565,-33.48189175128937,3],[151.44254660233855,-33.48189175128937,3],[151.44254626706243,-33.48189175128937,3],[151.44254534505308,-33.48189141601324,3],[151.44254534505308,-33.48189141601324,3],[151.44254534505308,-33.481891164556146,3],[151.44254551269114,-33.481891080737114,3],[151.44254534505308,-33.481891080737114,3],[151.44254534505308,-33.481890661641955,3],[151.44254492595792,-33.48189032636583,3],[151.44254450686276,-33.481890158727765,3],[151.4425443392247,-33.481890158727765,3],[151.44254417158663,-33.481890158727765,3],[151.44254417158663,-33.481890158727765,3],[151.44254400394857,-33.4818899910897,3],[151.44254400394857,-33.48188982345164,3],[151.44254392012954,-33.48188973963261,3],[151.44254341721535,-33.48188940435648,3],[151.44254333339632,-33.48188906908035,3],[151.44254308193922,-33.48188890144229,3],[151.44254308193922,-33.48188881762326,3],[151.44254308193922,-33.481888733804226,3],[151.4425429981202,-33.48188856616616,3],[151.44254283048213,-33.4818883985281,3],[151.44254291430116,-33.48188831470907,3],[151.4425427466631,-33.48188797943294,3],[151.44254266284406,-33.481887727975845,3],[151.44254257902503,-33.48188756033778,3],[151.44254241138697,-33.48188747651875,3],[151.44254207611084,-33.48188739269972,3],[151.4425419922918,-33.48188739269972,3],[151.44254190847278,-33.48188730888069,3],[151.44254190847278,-33.48188739269972,3],[151.44254157319665,-33.48188705742359,3],[151.4425414055586,-33.48188697360456,3],[151.4425414055586,-33.48188688978553,3],[151.4425411541015,-33.481886303052306,3],[151.4425411541015,-33.481886219233274,3],[151.4425409026444,-33.48188605159521,3],[151.44254056736827,-33.481885716319084,3],[151.4425403997302,-33.481885716319084,3],[151.44254006445408,-33.48188563250005,3],[151.4425401482731,-33.48188554868102,3],[151.4425401482731,-33.48188554868102,3],[151.4425401482731,-33.48188554868102,3],[151.44253939390182,-33.4818865545094,3],[151.44249748438597,-33.4818744007498,3],[151.44246839918196,-33.481864761561155,3],[151.44238810054958,-33.4818210080266,3],[151.44236722961068,-33.48180893808603,3],[151.44233604893088,-33.48178789950907,3],[151.44230771809816,-33.48177348263562,3],[151.4422871824354,-33.48175252787769,3],[151.4422282576561,-33.48172176629305,3],[151.44216338172555,-33.48166753537953,3],[151.44213429652154,-33.48163434304297,3],[151.44208861514926,-33.48160022869706,3],[151.44205391407013,-33.48156753927469,3],[151.44203539006412,-33.48155572079122,3],[151.44201837480068,-33.48153962753713,10.399999618530273],[151.44200194627047,-33.4815189242363,10.399999618530273],[151.44196280278265,-33.48148883320391,10.600000381469727],[151.441916115582,-33.48145890980959,10.600000381469727],[151.4418701827526,-33.48143074661493,10.399999618530273],[151.44184436649084,-33.48142177797854,10.399999618530273],[151.4418302848935,-33.481417587026954,10.600000381469727],[151.44174872897565,-33.48138841800392,11],[151.44169567152858,-33.48137877881527,11.399999618530273],[151.44166122190654,-33.481389842927456,11.600000381469727],[151.4416582044214,-33.48141649737954,11.800000190734863],[151.44166071899235,-33.481473913416266,12.199999809265137],[151.44167094491422,-33.481498723849654,12.399999618530273],[151.4416758902371,-33.481532419100404,12.800000190734863],[151.44167312420905,-33.48156158812344,13.399999618530273],[151.4416737947613,-33.48157038912177,13.399999618530273],[151.4416708610952,-33.48157977685332,13.600000381469727],[151.4416627306491,-33.48159813322127,13.800000190734863],[151.4416671730578,-33.481631157919765,14.399999618530273],[151.44165853969753,-33.48165177740157,14.800000190734863],[151.44165677949786,-33.481684634462,15.600000381469727],[151.44165250472724,-33.481730315834284,16.600000381469727],[151.44166599959135,-33.48180667497218,17],[151.44167362712324,-33.48184674046934,17.600000381469727],[151.44167706370354,-33.48187146708369,17.799999237060547],[151.44167186692357,-33.481880854815245,18],[151.44166792742908,-33.48191480152309,18.600000381469727],[151.4416669216007,-33.481922345235944,18.799999237060547],[151.44168184138834,-33.48196894861758,19.799999237060547],[151.44168318249285,-33.48197691142559,19.799999237060547],[151.44168402068317,-33.48198319785297,20],[151.4416639879346,-33.4820126183331,20.600000381469727],[151.44166734069586,-33.482042122632265,21],[151.44166968762875,-33.48205176182091,21.200000762939453],[151.44167371094227,-33.48207221366465,21.399999618530273],[151.44167102873325,-33.48208277486265,21.600000381469727],[151.44166817888618,-33.48209132440388,21.600000381469727],[151.44167547114193,-33.48210440017283,21.799999237060547],[151.4416898880154,-33.48212191835046,22],[151.44169340841472,-33.48212745040655,22],[151.441694162786,-33.48214345984161,22.399999618530273],[151.44168393686414,-33.482166174799204,22.600000381469727],[151.44168695434928,-33.48217715509236,22.799999237060547],[151.44168678671122,-33.48220322281122,23.200000762939453],[151.44170246087015,-33.482227278873324,23.600000381469727],[151.4417129382491,-33.482231721282005,23.600000381469727],[151.44173875451088,-33.48225250840187,24.200000762939453],[151.44176825881004,-33.48228285089135,24.600000381469727],[151.4417932368815,-33.482312271371484,25.200000762939453],[151.44181293435395,-33.482327945530415,25.399999618530273],[151.44189189188182,-33.482375890016556,26.200000762939453],[151.44195433706045,-33.482416709885,26.799999237060547],[151.44207520410419,-33.48247638903558,27.200000762939453],[151.44208283163607,-33.482482843101025,27.399999618530273],[151.44214946776628,-33.482537074014544,27.600000381469727],[151.44215525127947,-33.48254428245127,27.600000381469727],[151.4421965740621,-33.48258971236646,27.799999237060547],[151.44226756878197,-33.48266942426562,27.600000381469727],[151.442278213799,-33.482687612995505,27.399999618530273],[151.44230101257563,-33.482722314074636,27],[151.44232800230384,-33.48279029130936,26.799999237060547],[151.44235390238464,-33.48284083418548,26.600000381469727],[151.44237477332354,-33.48289028741419,26.600000381469727],[151.44239732064307,-33.48294518887997,26.200000762939453],[151.44245088100433,-33.48303630016744,26],[151.44248130731285,-33.483140068128705,25.799999237060547],[151.4425115659833,-33.4832248929888,26],[151.44252422265708,-33.483259342610836,26],[151.44253000617027,-33.48327040672302,26],[151.4425977319479,-33.4833699837327,26.200000762939453],[151.44265263341367,-33.48341801203787,26.799999237060547],[151.44266973249614,-33.483429327607155,26.799999237060547],[151.442740727216,-33.48347165621817,27.200000762939453],[151.44274869002402,-33.483474757522345,27.200000762939453],[151.44276008941233,-33.48348297178745,27.399999618530273],[151.44277048297226,-33.48350225016475,27.399999618530273],[151.4428076148033,-33.483516247943044,27.399999618530273],[151.44282002002,-33.48352094180882,27.399999618530273],[151.44287190400064,-33.483543237671256,27.799999237060547],[151.44290358759463,-33.48355748690665,28],[151.442930996418,-33.48357567563653,28.399999618530273],[151.4429761748761,-33.48360459320247,28.600000381469727],[151.4430581498891,-33.48364843055606,29.399999618530273],[151.4431072678417,-33.48369042389095,29.600000381469727],[151.4431366045028,-33.48373409360647,30.399999618530273],[151.44315806217492,-33.4837637655437,30.799999237060547],[151.44324054010212,-33.483827551826835,31.399999618530273],[151.4432510174811,-33.48383668810129,31.600000381469727],[151.4432550407946,-33.48384800367057,31.799999237060547],[151.44327239133418,-33.48388857208192,32.599998474121094],[151.4433049969375,-33.483944395557046,33.599998474121094],[151.443335339427,-33.48397498950362,34.79999923706055],[151.44336341880262,-33.48402662202716,36],[151.44340784288943,-33.484069872647524,36.599998474121094],[151.44341823644936,-33.484075320884585,36.599998474121094],[151.44342720508575,-33.48408336751163,36.79999923706055],[151.443438436836,-33.48408839665353,37],[151.44345117732882,-33.484092922881246,37],[151.44352150149643,-33.48412251099944,37.79999923706055],[151.44355461001396,-33.484142208471894,37.79999923706055],[151.4435945916921,-33.48418244160712,37.79999923706055],[151.4436828531325,-33.48423675633967,38],[151.44372317008674,-33.484259052202106,38],[151.44375166855752,-33.484279923141,38],[151.44381520338356,-33.4843544382602,37.599998474121094],[151.4438406843692,-33.48438126035035,37.400001525878906],[151.44387597218156,-33.48440816625953,37.400001525878906],[151.4439278561622,-33.48443046212196,37.20000076293945],[151.4439477212727,-33.48443867638707,37],[151.44399072043598,-33.484456865116954,36.79999923706055],[151.44403497688472,-33.484472120180726,36.599998474121094],[151.4441028703004,-33.48449097946286,36.400001525878906],[151.44411116838455,-33.48449349403381,36.20000076293945],[151.44416724331677,-33.48451319150627,36.20000076293945],[151.44419817253947,-33.48453138023615,36.20000076293945],[151.44423572346568,-33.48454772494733,36],[151.44425634294748,-33.48454772494733,36],[151.44426665268838,-33.48455208353698,36],[151.44427629187703,-33.48455937579274,36],[151.44435717724264,-33.48459650762379,36],[151.44440872594714,-33.48461595363915,36],[151.4444657228887,-33.4846324659884,36],[151.4445624500513,-33.484663059934974,36.20000076293945],[151.44457368180156,-33.484667586162686,36.20000076293945],[151.44461835734546,-33.48468208685517,36.400001525878906],[151.4446422457695,-33.48468870855868,36.599998474121094],[151.4446792099625,-33.484691893681884,37.20000076293945],[151.4446901064366,-33.484695330262184,37.20000076293945],[151.44474048167467,-33.48470723256469,38.20000076293945],[151.44478482194245,-33.48472290672362,38.79999923706055],[151.4447960536927,-33.48473279736936,39.400001525878906],[151.44481650553644,-33.48474101163447,40.20000076293945],[151.44482111558318,-33.484737323597074,40.400001525878906],[151.44483100622892,-33.48472944460809,40.79999923706055],[151.44488079473376,-33.4847323782742,41],[151.44488666206598,-33.48473438993096,41],[151.44490317441523,-33.48474361002445,41.400001525878906],[151.4449250511825,-33.484747633337975,41.79999923706055],[151.44495522603393,-33.4847619663924,43],[151.44495874643326,-33.484769677743316,43.20000076293945],[151.4449585787952,-33.48478065803647,43.599998474121094],[151.44497106783092,-33.48479876294732,44],[151.44497819244862,-33.48480228334665,44],[151.44498565234244,-33.48481041379273,44.79999923706055],[151.444995040074,-33.484817957505584,45.20000076293945],[151.4450211916119,-33.48482742905617,46.20000076293945],[151.44503032788634,-33.48483715206385,46.599998474121094],[151.44503795541823,-33.484864393249154,47.20000076293945],[151.44504784606397,-33.484866404905915,47.400001525878906],[151.44507760182023,-33.48487143404782,48.20000076293945],[151.44508221186697,-33.48487637937069,48.400001525878906],[151.44508958794177,-33.48488048650324,49],[151.44510911777616,-33.484892807900906,49.79999923706055],[151.44511154852808,-33.484919127076864,50.599998474121094],[151.44511381164193,-33.484923066571355,50.79999923706055],[151.44514105282724,-33.48492222838104,51.400001525878906],[151.4451501891017,-33.484925078228116,52],[151.4451964572072,-33.484938237816095,53.20000076293945],[151.44520232453942,-33.48497218452394,54.20000076293945],[151.44520265981555,-33.484974866732955,54.400001525878906],[151.4452236983925,-33.48497319035232,55.400001525878906],[151.4452402945608,-33.4849741961807,56],[151.44526108168066,-33.484973357990384,56.599998474121094],[151.44527264870703,-33.48498065024614,57.599998474121094],[151.44529175944626,-33.484974866732955,58.400001525878906],[151.44531229510903,-33.48497620783746,58.599998474121094],[151.44534221850336,-33.48498878069222,59.20000076293945],[151.44535982050002,-33.484988529235125,59.79999923706055],[151.44537742249668,-33.48500286228955,61],[151.4454102795571,-33.48500940017402,62],[151.44542486406863,-33.48500772379339,62.20000076293945],[151.44545076414943,-33.485023230314255,62.79999923706055],[151.44545403309166,-33.485023733228445,63],[151.44545746967196,-33.485025241971016,63.20000076293945],[151.44547750242054,-33.48503462970257,64.19999694824219],[151.44548571668565,-33.48504049703479,64.5999984741211],[151.4454924222082,-33.48505960777402,65.4000015258789],[151.44551496952772,-33.48508391529322,66.19999694824219],[151.44552385434508,-33.48509548231959,66.4000015258789],[151.44553693011403,-33.48510067909956,67.19999694824219],[151.44554464146495,-33.485102439299226,67.5999984741211],[151.4455585554242,-33.48510797135532,68.80000305175781],[151.44555989652872,-33.48510914482176,69.4000015258789],[151.44560172222555,-33.485118951648474,69.80000305175781],[151.44561043940485,-33.48511844873428,70],[151.4456544443965,-33.485114676877856,71],[151.44568847492337,-33.48510696552694,71.4000015258789],[151.44574832171202,-33.48511283285916,71.80000305175781],[151.44575293175876,-33.48511375486851,72],[151.44578008912504,-33.48512850701809,72.80000305175781],[151.44579601474106,-33.485130183398724,73.19999694824219],[151.4458132814616,-33.48514275625348,73.5999984741211],[151.44581520929933,-33.485160022974014,74.19999694824219],[151.44582157954574,-33.48518776707351,74.5999984741211],[151.44583566114306,-33.48520587198436,75.19999694824219],[151.4458515867591,-33.48523009568453,75.80000305175781],[151.44586893729866,-33.48523152060807,76.19999694824219],[151.44590187817812,-33.48525364883244,76.80000305175781],[151.44592492841184,-33.485257755964994,77.4000015258789],[151.4459356572479,-33.48527066409588,78],[151.44595057703555,-33.48528943955898,78.5999984741211],[151.44595158286393,-33.48530536517501,79],[151.44597312435508,-33.485336462035775,79.5999984741211],[151.44598091952503,-33.4853404853493,80.19999694824219],[151.44600044935942,-33.4853595122695,81.19999694824219],[151.4460353180766,-33.485367726534605,81.5999984741211],[151.446070689708,-33.485376946628094,82.19999694824219],[151.44607563503087,-33.48537870682776,82.19999694824219],[151.44608091562986,-33.485382813960314,82.4000015258789],[151.4461307041347,-33.48542028106749,83.4000015258789],[151.44613564945757,-33.485428830608726,83.5999984741211],[151.44617144018412,-33.48547551780939,84.4000015258789],[151.44617504440248,-33.48547853529453,84.80000305175781],[151.44620832055807,-33.485459592193365,85],[151.4462210610509,-33.485454646870494,85],[151.44625735469162,-33.48546830937266,85],[151.44625693559647,-33.4854734223336,85],[151.4462736994028,-33.48547149449587,84.80000305175781],[151.4462736994028,-33.48547149449587,85],[151.4462710171938,-33.48547149449587,85],[151.4462707657367,-33.48547149449587,85],[151.4462686702609,-33.48547107540071,84.5999984741211],[151.44626816734672,-33.48547107540071,84.80000305175781],[151.4462216477841,-33.48544718697667,84.5999984741211],[151.4462216477841,-33.48543930798769,84.4000015258789],[151.4462216477841,-33.48542556166649,84.19999694824219],[151.44622365944088,-33.485421035438776,84],[151.4462258387357,-33.48541969433427,84],[151.4462263416499,-33.48541961051524,84.19999694824219],[151.4462382439524,-33.48541307263076,84.4000015258789],[151.4462382439524,-33.48541307263076,84.4000015258789],[151.446242518723,-33.48541935905814,84.19999694824219],[151.44624453037977,-33.48541986197233,84.5999984741211],[151.44624310545623,-33.48542472347617,84.19999694824219],[151.4462427701801,-33.48542472347617,84],[151.4462419319898,-33.485433189198375,84.19999694824219],[151.4462419319898,-33.48543335683644,84.4000015258789],[151.4462089072913,-33.48546847701073,84.5999984741211],[151.44620454870164,-33.48549664020538,84.80000305175781],[151.44620580598712,-33.48554207012057,85.4000015258789],[151.44620463252068,-33.48555129021406,85.5999984741211],[151.44621117040515,-33.485575346276164,86.19999694824219],[151.4462448656559,-33.48561817780137,86.5999984741211],[151.44624209962785,-33.48563142120838,87],[151.4462295267731,-33.48567827604711,87.5999984741211],[151.44623346626759,-33.48568992689252,87.80000305175781],[151.44623598083854,-33.485787911340594,88.80000305175781],[151.4462269283831,-33.4858014062047,88.80000305175781],[151.44622064195573,-33.48581029102206,89],[151.4462208095938,-33.48583962768316,89.5999984741211],[151.44623145461082,-33.48586544394493,89.80000305175781],[151.44622047431767,-33.48592487163842,90.5999984741211],[151.4462120924145,-33.485931074246764,90.80000305175781],[151.4462036266923,-33.48593970760703,91],[151.44616473466158,-33.486016066744924,91.80000305175781],[151.446163225919,-33.48603492602706,91.80000305175781],[151.44615878351033,-33.48604615777731,92],[151.44615853205323,-33.48607339896262,92.19999694824219],[151.44615509547293,-33.48611354827881,92.4000015258789],[151.44614939577878,-33.486123103648424,92.4000015258789],[151.44610907882452,-33.486144645139575,92.5999984741211],[151.4460411015898,-33.48617163486779,92.80000305175781],[151.4460323844105,-33.4861777536571,92.80000305175781],[151.44602458924055,-33.486184710636735,92.80000305175781],[151.44601956009865,-33.486190997064114,92.80000305175781],[151.44601779989898,-33.48619770258665,92.5999984741211],[151.44599634222686,-33.486222764477134,92.80000305175781],[151.44599122926593,-33.48623634316027,92.80000305175781],[151.44594135694206,-33.4862781688571,92.80000305175781],[151.44589986652136,-33.486330304294825,92.80000305175781],[151.44589877687395,-33.48634522408247,92.80000305175781],[151.4458983577788,-33.486349834129214,92.80000305175781],[151.44589567556977,-33.48637598566711,93],[151.44589819014072,-33.48637900315225,93],[151.44589567556977,-33.486385038122535,93.19999694824219],[151.44589634612203,-33.4863852057606,93.4000015258789],[151.44589634612203,-33.4863852057606,93.4000015258789],[151.44589634612203,-33.4863852057606,93.4000015258789],[151.44589634612203,-33.4863852057606,93.4000015258789],[151.44589634612203,-33.4863852057606,93.4000015258789],[151.44589684903622,-33.4863852057606,93.80000305175781],[151.44589860923588,-33.486385960131884,94],[151.44589902833104,-33.486390486359596,94],[151.44589902833104,-33.48639409057796,94.19999694824219],[151.445898944512,-33.48639417439699,94],[151.4458973519504,-33.48639409057796,94],[151.44587958231568,-33.486386965960264,94],[151.4458772353828,-33.4863852057606,94.19999694824219],[151.44587706774473,-33.4863852057606,94.19999694824219],[151.4458758942783,-33.48638327792287,94.19999694824219],[151.44587438553572,-33.48638285882771,94.19999694824219],[151.44587438553572,-33.48638277500868,94.19999694824219],[151.44587396644056,-33.4863817691803,94.19999694824219],[151.44587388262153,-33.4863815177232,94.19999694824219],[151.4458737988025,-33.48638042807579,94.19999694824219],[151.44588871859014,-33.4863593056798,94.19999694824219],[151.44588167779148,-33.48635444417596,94.19999694824219],[151.4458753913641,-33.48635167814791,94.19999694824219],[151.4458748884499,-33.48635151050985,94.19999694824219],[151.44587363116443,-33.48635117523372,94.19999694824219],[151.44587312825024,-33.48635100759566,94.19999694824219],[151.44587136805058,-33.4863524325192,94.19999694824219],[151.44587103277445,-33.48635268397629,94.19999694824219],[151.44587078131735,-33.48635293543339,94.19999694824219],[151.4458703622222,-33.486353270709515,94.19999694824219],[151.44581546075642,-33.486389480531216,94.19999694824219],[151.44577003084123,-33.48641965538263,94.19999694824219],[151.44566441886127,-33.48651579581201,94.19999694824219],[151.4456494152546,-33.48657673224807,94.19999694824219],[151.44564136862755,-33.486582431942225,94.19999694824219],[151.4455955196172,-33.48662425763905,94.19999694824219],[151.44556676968932,-33.48663163371384,94.19999694824219],[151.4455114491284,-33.486651331186295,94.19999694824219],[151.44550549797714,-33.486661640927196,94.19999694824219],[151.445454955101,-33.486684607341886,94.19999694824219],[151.44543232396245,-33.486684104427695,94.19999694824219],[151.4454107824713,-33.486693827435374,94.19999694824219],[151.4453793503344,-33.486713944002986,94.19999694824219],[151.44532587379217,-33.48672576248646,94.19999694824219],[151.44531070254743,-33.486732970923185,94.19999694824219],[151.44528253935277,-33.48673766478896,94.19999694824219],[151.44523467868567,-33.486752919852734,98.80000305175781],[151.4452049229294,-33.4867856092751,98.80000305175781],[151.44514398649335,-33.48679876886308,99.19999694824219],[151.44508514553308,-33.48676113411784,98.5999984741211],[151.44502873532474,-33.486740766093135,97.80000305175781],[151.4449340198189,-33.48676390014589,97.4000015258789],[151.44492513500154,-33.48677094094455,97.4000015258789],[151.44489236176014,-33.48678342998028,97.80000305175781],[151.4448716584593,-33.48678980022669,98],[151.4447595924139,-33.4868339728564,98.5999984741211],[151.4447487797588,-33.48683665506542,98.80000305175781],[151.4446874242276,-33.4868667460978,99],[151.44469320774078,-33.48692902363837,99.80000305175781],[151.4447048585862,-33.48696439526975,101],[151.44470024853945,-33.486991887912154,101.80000305175781],[151.44469329155982,-33.48700203001499,102],[151.44468390382826,-33.48700965754688,102.19999694824219],[151.44465372897685,-33.48703186959028,102.80000305175781],[151.44460955634713,-33.487056847661734,103.19999694824219],[151.44460067152977,-33.48706883378327,103.19999694824219],[151.44456018693745,-33.48709615878761,103.4000015258789],[151.444540489465,-33.48711686208844,103.4000015258789],[151.44451534375548,-33.48715944215655,103.5999984741211],[151.4445116557181,-33.48718861117959,103.80000305175781],[151.44450763240457,-33.487213756889105,104.4000015258789],[151.44447527825832,-33.48726388067007,105.4000015258789],[151.44440487027168,-33.48731744103134,105.80000305175781],[151.44435541704297,-33.48737142048776,106.4000015258789],[151.44434988498688,-33.4873815625906,106.80000305175781],[151.4442825783044,-33.487433614209294,107.4000015258789],[151.4442751184106,-33.487436128780246,107.4000015258789],[151.44425516948104,-33.48744660615921,107.5999984741211],[151.44421418197453,-33.487465465441346,108],[151.4442032855004,-33.48747309297323,108.19999694824219],[151.44417847506702,-33.48749689757824,108.4000015258789],[151.44416556693614,-33.48750863224268,108.5999984741211],[151.4441702608019,-33.48752003163099,108.80000305175781],[151.44417403265834,-33.48754635080695,109.4000015258789],[151.4441771339625,-33.487553391605616,109.5999984741211],[151.44415022805333,-33.48758968524635,110.5999984741211],[151.44413522444665,-33.48759077489376,110.5999984741211],[151.44409608095884,-33.48758356645703,110.4000015258789],[151.44407554529607,-33.48758423700929,110],[151.44403564743698,-33.48758490756154,110.19999694824219],[151.44401804544032,-33.487576860934496,110.5999984741211],[151.44404461607337,-33.48758784122765,110.19999694824219],[151.44405718892813,-33.487596893683076,110.5999984741211],[151.44405718892813,-33.487596893683076,110.5999984741211],[151.44405718892813,-33.487596893683076,110.4000015258789],[151.44405609928071,-33.4875869192183,110.19999694824219],[151.4440642297268,-33.48759546875954,110.4000015258789],[151.44400496967137,-33.48761030472815,110.80000305175781],[151.4440002758056,-33.48761424422264,110.80000305175781],[151.4440005272627,-33.48762111738324,110.5999984741211],[151.44400061108172,-33.487634444609284,110.5999984741211],[151.44400756806135,-33.48766931332648,111.80000305175781],[151.44400773569942,-33.48767342045903,112],[151.44400304183364,-33.48770937882364,112.80000305175781],[151.444006646052,-33.487760508432984,113.80000305175781],[151.44400840625167,-33.48779344931245,114.80000305175781],[151.44400681369007,-33.48780526779592,115],[151.44400329329073,-33.487851368263364,115.4000015258789],[151.44398560747504,-33.4878908470273,115.80000305175781],[151.4439759682864,-33.48792982287705,115.80000305175781],[151.44396079704165,-33.48797148093581,115.80000305175781],[151.4439408481121,-33.48799729719758,116],[151.44393774680793,-33.48800945095718,116],[151.44392810761929,-33.48806418478489,116.4000015258789],[151.4439371600747,-33.488168539479375,116.80000305175781],[151.44394814036787,-33.48822209984064,117],[151.44393992610276,-33.48829342983663,117.19999694824219],[151.44396230578423,-33.48839501850307,117.80000305175781],[151.44398569129407,-33.48845763131976,118],[151.44399910233915,-33.48848344758153,118],[151.44401594996452,-33.488514041528106,118.19999694824219],[151.44402307458222,-33.48852535709739,118.19999694824219],[151.444030450657,-33.488534996286035,118.19999694824219],[151.44405031576753,-33.488530637696385,118.4000015258789],[151.44405593164265,-33.488528206944466,118.5999984741211],[151.44405593164265,-33.488528206944466,118.80000305175781],[151.44405542872846,-33.488528206944466,118.80000305175781],[151.44405358470976,-33.48852418363094,118.4000015258789],[151.44403522834182,-33.48854354582727,118.4000015258789],[151.44403522834182,-33.48854354582727,118.5999984741211],[151.44403522834182,-33.48854354582727,118.5999984741211],[151.44403522834182,-33.48854346200824,118.5999984741211],[151.44403581507504,-33.48854295909405,118.4000015258789],[151.44399373792112,-33.488500881940126,118],[151.4439862780273,-33.48848939873278,118],[151.44394621253014,-33.488409435376525,118.19999694824219],[151.44391771405935,-33.488305835053325,117.5999984741211],[151.44391092471778,-33.48822847008705,117.19999694824219],[151.44390765577555,-33.48821799270809,117.19999694824219],[151.44389080815017,-33.4881429746747,117],[151.44388712011278,-33.48813358694315,116.80000305175781],[151.4438451267779,-33.48805781453848,116.4000015258789],[151.44383649341762,-33.48805144429207,116.4000015258789],[151.44378771074116,-33.48803157918155,115.80000305175781],[151.44377522170544,-33.48802847787738,115.80000305175781],[151.44370204769075,-33.48800115287304,114.80000305175781],[151.44368964247406,-33.48799763247371,114.5999984741211],[151.44366181455553,-33.487993106245995,114.4000015258789],[151.443612864241,-33.4879841376096,113.80000305175781],[151.44358520396054,-33.48796829581261,113.19999694824219],[151.4435819350183,-33.48796259611845,113],[151.44354907795787,-33.48795874044299,112.5999984741211],[151.44352032803,-33.48794985562563,112.19999694824219],[151.44347791559994,-33.48793569020927,111.5999984741211],[151.44342661835253,-33.487896379083395,111.19999694824219],[151.44336978904903,-33.487857738509774,110.80000305175781],[151.4433543663472,-33.48785128444433,110.4000015258789],[151.44333248957992,-33.48784583620727,110.19999694824219],[151.44329217262566,-33.48783267661929,109.5999984741211],[151.44326685927808,-33.48782152868807,109.4000015258789],[151.4432257041335,-33.48781406879425,109.19999694824219],[151.4431757479906,-33.487802082672715,108.4000015258789],[151.44311950542033,-33.48778313957155,107.19999694824219],[151.4431067649275,-33.48777903243899,107],[151.44303878769279,-33.48776671104133,106],[151.4429788570851,-33.48773988895118,105],[151.44296318292618,-33.48773553036153,104.80000305175781],[151.4429339300841,-33.4877338539809,104.4000015258789],[151.44291289150715,-33.48772991448641,104],[151.4428987260908,-33.4877201076597,103.80000305175781],[151.4428527932614,-33.48770736716688,102.80000305175781],[151.4427916891873,-33.48768197000027,101.5999984741211],[151.44271817989647,-33.48765682429075,100.5999984741211],[151.44270485267043,-33.48765514791012,100.4000015258789],[151.44265548326075,-33.48764986731112,99.4000015258789],[151.44261080771685,-33.48765967413783,98.19999694824219],[151.44260318018496,-33.487664787098765,98],[151.44259689375758,-33.487687753513455,97.19999694824219],[151.44259974360466,-33.48770200274885,97],[151.44260058179498,-33.48771566525102,97],[151.44260737113655,-33.48772890865803,96.80000305175781],[151.44266068004072,-33.48784189671278,96.4000015258789],[151.44267098978162,-33.4878527931869,96.4000015258789],[151.44268834032118,-33.487909622490406,96.19999694824219],[151.44269303418696,-33.48792647011578,96],[151.44271365366876,-33.48797785118222,95.4000015258789],[151.442732764408,-33.4880272205919,95],[151.44275279715657,-33.48805538378656,94.80000305175781],[151.44277090206742,-33.48808094859123,94.4000015258789],[151.44279395230114,-33.488126043230295,94],[151.44279713742435,-33.48813710734248,93.80000305175781],[151.44280560314655,-33.48814716562629,93.80000305175781],[151.44281742163002,-33.488171473145485,93.4000015258789],[151.44283276051283,-33.488212544471025,93.19999694824219],[151.44285229034722,-33.488242803141475,92.80000305175781],[151.4428739156574,-33.48826811648905,92.19999694824219],[151.44289193674922,-33.48831094801426,91.5999984741211],[151.44290626980364,-33.488388396799564,91],[151.4429087843746,-33.48839778453112,90.80000305175781],[151.44291079603136,-33.4884088486433,90.5999984741211],[151.44292764365673,-33.48850440233946,89.4000015258789],[151.44292873330414,-33.48851479589939,89.19999694824219],[151.44292085431516,-33.48859241232276,88.5999984741211],[151.44292814657092,-33.48861688748002,88.4000015258789],[151.44292848184705,-33.48864530213177,88.19999694824219],[151.4429138135165,-33.488693833351135,87.5999984741211],[151.4428952895105,-33.48873565904796,87.5999984741211],[151.442886069417,-33.48876398988068,87.4000015258789],[151.44288355484605,-33.48879525437951,87.19999694824219],[151.44286561757326,-33.48884546197951,87],[151.4428633544594,-33.488858034834266,87],[151.44285891205072,-33.4888768941164,86.80000305175781],[151.4428583253175,-33.488889215514064,86.80000305175781],[151.44284466281533,-33.488968005403876,86.4000015258789],[151.44283276051283,-33.48899206146598,86.4000015258789],[151.44282412715256,-33.489008992910385,86.4000015258789],[151.4428266417235,-33.4890219848603,86.19999694824219],[151.44282312132418,-33.4890462923795,86],[151.44280107691884,-33.48916741088033,85.5999984741211],[151.4428019989282,-33.48922524601221,85.19999694824219],[151.4428030885756,-33.48924469202757,85],[151.44280107691884,-33.489270843565464,84.80000305175781],[151.44279177300632,-33.489330019801855,84.4000015258789],[151.44279613159597,-33.48936480470002,84.19999694824219],[151.44278691150248,-33.48941618576646,83.80000305175781],[151.44278531894088,-33.489423394203186,83.5999984741211],[151.442788252607,-33.489433536306024,83.5999984741211],[151.44278950989246,-33.489484414458275,83.4000015258789],[151.44278833642602,-33.48950729705393,83.19999694824219],[151.44278741441667,-33.48958223126829,82.4000015258789],[151.44278557039797,-33.48962598480284,82.19999694824219],[151.44277727231383,-33.48964819684625,82],[151.4427673816681,-33.48974232561886,81.4000015258789],[151.44276092760265,-33.489754647016525,81.4000015258789],[151.44274592399597,-33.48979286849499,81],[151.44268691539764,-33.48985715769231,80.5999984741211],[151.44264047965407,-33.48988289013505,79.80000305175781],[151.44261734560132,-33.489898731932044,79.80000305175781],[151.44252179190516,-33.48997760564089,79],[151.4425073750317,-33.489983305335045,78.80000305175781],[151.4424803853035,-33.489995962008834,78.4000015258789],[151.442442080006,-33.490022365003824,78],[151.44243059679866,-33.490031752735376,78],[151.44241894595325,-33.49004122428596,77.80000305175781],[151.44233403727412,-33.49010651931167,77],[151.44231526181102,-33.49011749960482,76.80000305175781],[151.44225357100368,-33.49015639163554,76.4000015258789],[151.44221593625844,-33.490185644477606,76.19999694824219],[151.44217863678932,-33.490199306979775,76],[151.44214284606278,-33.490217411890626,75.80000305175781],[151.4420620445162,-33.490274492651224,75.4000015258789],[151.44198660738766,-33.490302404388785,75],[151.44193338230252,-33.49034179933369,74.80000305175781],[151.44192173145711,-33.49035680294037,74.5999984741211],[151.4418709371239,-33.49038572050631,74.4000015258789],[151.44175845198333,-33.490473395213485,73.80000305175781],[151.44171603955328,-33.49049376323819,73.5999984741211],[151.44166734069586,-33.49051807075739,73.4000015258789],[151.44159936346114,-33.49057079292834,73],[151.44153549335897,-33.49060281179845,72.5999984741211],[151.4415257703513,-33.490608762949705,72.4000015258789],[151.44148042425513,-33.490642961114645,72.19999694824219],[151.44139383919537,-33.49068906158209,71.5999984741211],[151.4413709565997,-33.490701047703624,71.4000015258789],[151.44124053418636,-33.49077120423317,70.80000305175781],[151.44121874123812,-33.49078327417374,70.5999984741211],[151.44112846814096,-33.490824261680245,69.5999984741211],[151.4410860557109,-33.490848653018475,69.4000015258789],[151.4409993030131,-33.49089399911463,68.80000305175781],[151.44094322808087,-33.490922497585416,68.4000015258789],[151.44087105989456,-33.49095636047423,67.80000305175781],[151.44076502881944,-33.491006065160036,67.19999694824219],[151.4407530426979,-33.49101168103516,67.19999694824219],[151.44071641378105,-33.49102232605219,66.5999984741211],[151.44066696055233,-33.49105057306588,66.19999694824219],[151.44065505824983,-33.49105560220778,66.19999694824219],[151.44062253646553,-33.49106163717806,66],[151.4406050182879,-33.49106348119676,65.80000305175781],[151.44050016067922,-33.49109038710594,65.4000015258789],[151.44048616290092,-33.49109407514334,65.19999694824219],[151.44046093337238,-33.49110052920878,64.80000305175781],[151.44039496779442,-33.49112307652831,64.4000015258789],[151.4403798803687,-33.49112441763282,64.19999694824219],[151.4402944687754,-33.491141349077225,63.400001525878906],[151.4402611926198,-33.49115073680878,63],[151.44022582098842,-33.4911600407213,63],[151.44014443270862,-33.491175631061196,62],[151.44012230448425,-33.49117781035602,61.599998474121094],[151.4401105698198,-33.49117730744183,61.400001525878906],[151.44004284404218,-33.49118652753532,60.79999923706055],[151.43996086902916,-33.491202453151345,60],[151.43994938582182,-33.49120211787522,59.79999923706055],[151.4398319553584,-33.49119868129492,58.599998474121094],[151.43971695564687,-33.49120806902647,57.599998474121094],[151.43968854099512,-33.491211757063866,57.20000076293945],[151.43963623791933,-33.491209745407104,56.599998474121094],[151.4395835995674,-33.49121284671128,56],[151.43951771780849,-33.49121108651161,55.599998474121094],[151.4394743833691,-33.49121552892029,54.79999923706055],[151.43946139141917,-33.49121142178774,54.599998474121094],[151.43936089240015,-33.491218546405435,53.400001525878906],[151.43934798426926,-33.4912203066051,53.400001525878906],[151.4392730500549,-33.49121930077672,52.400001525878906],[151.4391974452883,-33.491222904995084,51.79999923706055],[151.4391697011888,-33.4912203066051,51.400001525878906],[151.43915662541986,-33.49122114479542,51.20000076293945],[151.43910583108664,-33.49122382700443,50.400001525878906],[151.43909258767962,-33.491224916651845,50.20000076293945],[151.43902393989265,-33.49121326580644,49.599998474121094],[151.43899225629866,-33.49121334962547,49.20000076293945],[151.4389505982399,-33.49121209233999,48.79999923706055],[151.43890810199082,-33.49120211787522,48.20000076293945],[151.43885429017246,-33.4911891259253,47.599998474121094],[151.4388065971434,-33.49118166603148,47],[151.43870601430535,-33.491180911660194,46.20000076293945],[151.4386913459748,-33.49117328412831,46.20000076293945],[151.43867617473006,-33.491168171167374,46],[151.43862831406295,-33.491157023236156,45.400001525878906],[151.43860107287765,-33.491154592484236,44.79999923706055],[151.4385388791561,-33.491151072084904,44.400001525878906],[151.4384814631194,-33.49114654585719,43.79999923706055],[151.4383892621845,-33.49113523028791,42.79999923706055],[151.438377359882,-33.49112953059375,42.599998474121094],[151.43831885419786,-33.49111285060644,42],[151.43828004598618,-33.491112096235156,41.599998474121094],[151.43818013370037,-33.49110413342714,40.79999923706055],[151.43816705793142,-33.49109876900911,40.599998474121094],[151.43813990056515,-33.49109290167689,40],[151.43810846842825,-33.49109122529626,39.599998474121094],[151.43809606321156,-33.49108627997339,39.599998474121094],[151.43806228414178,-33.49107714369893,39.400001525878906],[151.43802473321557,-33.4910752158612,39],[151.43798324279487,-33.49106691777706,38.79999923706055],[151.43796212039888,-33.491062643006444,38.599998474121094],[151.43794468604028,-33.491060715168715,38.20000076293945],[151.4378760382533,-33.491043196991086,37.599998474121094],[151.43784896470606,-33.49103758111596,37.20000076293945],[151.43783831968904,-33.49103255197406,37],[151.43774578347802,-33.4910183865577,36.20000076293945],[151.43771066330373,-33.49100774154067,36],[151.437616199255,-33.4909956716001,35.400001525878906],[151.43758208490908,-33.49098418839276,34.79999923706055],[151.43753598444164,-33.490963485091925,34.400001525878906],[151.43748183734715,-33.49094185978174,33.79999923706055],[151.4374426100403,-33.49092953838408,33.400001525878906],[151.4374346472323,-33.49092643707991,33.400001525878906],[151.4374119322747,-33.490921994671226,33.20000076293945],[151.43735686317086,-33.49090891890228,32.599998474121094],[151.4372639078647,-33.49088955670595,32],[151.43725108355284,-33.4908836055547,31.799999237060547],[151.43722342327237,-33.49087480455637,31.600000381469727],[151.43718168139458,-33.49086097441614,31.200000762939453],[151.4371265284717,-33.4908508323133,30.799999237060547],[151.437116721645,-33.490844713523984,30.600000381469727],[151.43710817210376,-33.49083809182048,30.399999618530273],[151.4370974432677,-33.49083507433534,30.399999618530273],[151.4370614849031,-33.49082778207958,30.200000762939453],[151.43704975023866,-33.490828620269895,30],[151.4369938429445,-33.49083264358342,29.399999618530273],[151.43696987070143,-33.490827698260546,29.200000762939453],[151.43689652904868,-33.49083138629794,28.600000381469727],[151.43686660565436,-33.490831051021814,28.399999618530273],[151.43682830035686,-33.49082828499377,28],[151.43679737113416,-33.49082300439477,27.799999237060547],[151.43674548715353,-33.490819316357374,27.399999618530273],[151.4366764202714,-33.49080104380846,26.799999237060547],[151.43661447800696,-33.490794003009796,26.399999618530273],[151.4366060961038,-33.49079090170562,26.200000762939453],[151.43659788183868,-33.49078436382115,26.200000762939453],[151.43658547662199,-33.49078327417374,25.799999237060547],[151.43650953657925,-33.49077355116606,25.200000762939453],[151.43647667951882,-33.4907731320709,24.799999237060547],[151.43641197122633,-33.490750920027494,24.200000762939453],[151.43639663234353,-33.490747483447194,24],[151.43638313747942,-33.49074480123818,23.799999237060547],[151.43635447137058,-33.49073759280145,23.600000381469727],[151.43633527681231,-33.490723175928,23.200000762939453],[151.4362876676023,-33.49070473574102,22.799999237060547],[151.4361774455756,-33.4907142072916,22.200000762939453],[151.436091279611,-33.49071990698576,21.799999237060547],[151.4360653795302,-33.490719739347696,21.399999618530273],[151.43605238758028,-33.490716805681586,21.399999618530273],[151.43603981472552,-33.4907142072916,21.200000762939453],[151.43602170981467,-33.490710435435176,21.200000762939453],[151.43593822605908,-33.49068654701114,21],[151.4359152596444,-33.49068378098309,20.799999237060547],[151.43590159714222,-33.49068042822182,20.799999237060547],[151.435858765617,-33.49067900329828,20.799999237060547],[151.43574871122837,-33.49069098941982,20.600000381469727],[151.43565148115158,-33.49068017676473,20.399999618530273],[151.43559280782938,-33.490680092945695,20.399999618530273],[151.4355207234621,-33.4906695317477,20.399999618530273],[151.43547479063272,-33.49066617898643,20.200000762939453],[151.43534185364842,-33.490644469857216,20.200000762939453],[151.43529357388616,-33.49063944071531,20.200000762939453],[151.43527823500335,-33.49063927307725,20.200000762939453],[151.4351840224117,-33.49063256755471,20.200000762939453],[151.43507497385144,-33.490602895617485,20],[151.43504748120904,-33.490596022456884,20],[151.4349323976785,-33.49059468135238,20],[151.4349189028144,-33.49059334024787,19.799999237060547],[151.434920495376,-33.490590155124664,19.799999237060547],[151.43492217175663,-33.490590238943696,19.799999237060547],[151.4349263627082,-33.490589233115315,19.799999237060547],[151.434833323583,-33.49054061807692,19.600000381469727],[151.43470130860806,-33.4905244410038,19.200000762939453],[151.4346586447209,-33.49051186814904,19],[151.43464950844646,-33.49050734192133,19],[151.43461070023477,-33.4905001334846,18.799999237060547],[151.43454641103745,-33.490493008866906,18.600000381469727],[151.43441925756633,-33.490484710782766,18],[151.4344030804932,-33.49048303440213,18],[151.43432646989822,-33.49047741852701,17.799999237060547],[151.43420208245516,-33.49045998416841,17.200000762939453],[151.43408498726785,-33.49043601192534,16.799999237060547],[151.43406780436635,-33.49043316207826,16.799999237060547],[151.43395498394966,-33.49041447043419,16.399999618530273],[151.4338160958141,-33.49038605578244,16.200000762939453],[151.43376764841378,-33.49036996252835,16],[151.43376337364316,-33.490366442129016,16],[151.43366195261478,-33.490344900637865,15.600000381469727],[151.43363068811595,-33.49034431390464,15.600000381469727],[151.43348056823015,-33.49032511934638,15.600000381469727],[151.43337847664952,-33.490310199558735,15.199999809265137],[151.43334151245654,-33.490308271721005,15.199999809265137],[151.43328049220145,-33.490283377468586,15],[151.43324570730329,-33.49026946350932,14.800000190734863],[151.43311050720513,-33.49025278352201,14.600000381469727],[151.4330964256078,-33.49024926312268,14.600000381469727],[151.4329502452165,-33.49019469693303,14.199999809265137],[151.43287899903953,-33.49018128588796,13.800000190734863],[151.43287698738277,-33.490180699154735,14],[151.432872293517,-33.49017449654639,14],[151.4328173082322,-33.490175334736705,13.600000381469727],[151.43280079588294,-33.490173825994134,13.600000381469727],[151.4326833654195,-33.49017298780382,13.399999618530273],[151.4324965327978,-33.49020006135106,13.600000381469727],[151.4323640987277,-33.49023132584989,14.399999618530273],[151.4322382863611,-33.49025965668261,14.399999618530273],[151.43217517063022,-33.49027868360281,14.399999618530273],[151.43211892805994,-33.490308187901974,14.399999618530273],[151.43209839239717,-33.490314641967416,14.399999618530273],[151.4320501126349,-33.4903325792402,14.399999618530273],[151.43203779123724,-33.49034741520882,14.399999618530273],[151.43203871324658,-33.49035546183586,14.399999618530273],[151.4320590812713,-33.49039401859045,14.399999618530273],[151.4320757612586,-33.49041958339512,14.399999618530273],[151.432084729895,-33.49044682458043,14.399999618530273],[151.43209571018815,-33.49046618677676,14.399999618530273],[151.43214625306427,-33.49057573825121,14.399999618530273],[151.43207659944892,-33.490636590868235,14.399999618530273],[151.43202203325927,-33.49065042100847,14.399999618530273],[151.4319549780339,-33.490670286118984,14.399999618530273],[151.4318595919758,-33.49069551564753,14.399999618530273],[151.43182170577347,-33.49070616066456,14.399999618530273],[151.4317580871284,-33.49070607684553,14.399999618530273],[151.43174475990236,-33.49069844931364,14.399999618530273],[151.43169337883592,-33.49064773879945,14.399999618530273],[151.43169606104493,-33.4906367585063,14.399999618530273],[151.43169740214944,-33.490629214793444,14.399999618530273],[151.4317533094436,-33.49075452424586,16.799999237060547],[151.43174869939685,-33.49079576320946,16.799999237060547],[151.43174970522523,-33.49072250537574,13.199999809265137],[151.43173227086663,-33.49073021672666,13.199999809265137],[151.43174853175879,-33.49070540629327,13.199999809265137],[151.43175766803324,-33.490696186199784,13.199999809265137],[151.43175004050136,-33.49069752730429,13.199999809265137],[151.43175004050136,-33.49069752730429,13.199999809265137],[151.43175842240453,-33.49068704992533,13.199999809265137],[151.43175842240453,-33.490684954449534,13.199999809265137],[151.43175724893808,-33.49068269133568,13.199999809265137],[151.43174031749368,-33.490685038268566,13.199999809265137],[151.43174048513174,-33.49069694057107,13.199999809265137],[151.43174291588366,-33.49069853313267,13.199999809265137],[151.43174744211137,-33.490695264190435,13.199999809265137],[151.43174769356847,-33.49068411625922,13.199999809265137],[151.43173553980887,-33.49068881012499,13.199999809265137],[151.4317298401147,-33.49069442600012,13.199999809265137],[151.43172833137214,-33.490697694942355,13.199999809265137],[151.43173419870436,-33.49070339463651,13.399999618530273],[151.43180603161454,-33.490689313039184,13],[151.43193393945694,-33.4906867146492,13],[151.43194693140686,-33.490679170936346,13],[151.43207492306828,-33.49065151065588,13],[151.4321175031364,-33.49065930582583,13],[151.43214751034975,-33.490687385201454,13],[151.43222713842988,-33.4908040612936,13],[151.43223283812404,-33.49081261083484,13],[151.4322784356773,-33.49091378040612,13],[151.43228338100016,-33.4909338131547,7.800000190734863],[151.4322866499424,-33.49097010679543,7.800000190734863],[151.43228413537145,-33.491016710177064,7.199999809265137],[151.4322790224105,-33.49106532521546,6.800000190734863],[151.43228312954307,-33.49108586087823,6.800000190734863],[151.43228572793305,-33.491092566400766,6.800000190734863],[151.4322866499424,-33.49111092276871,6.599999904632568],[151.4322843030095,-33.49116716533899,6],[151.43228128552437,-33.49117227829993,6],[151.43227877095342,-33.49117814563215,6],[151.43227701075375,-33.49118401296437,6],[151.43227592110634,-33.4911891259253,6],[151.43223895691335,-33.49121821112931,5.800000190734863],[151.432230072096,-33.49122231826186,5.599999904632568],[151.43214901909232,-33.49128342233598,6],[151.43206578679383,-33.49131410010159,6],[151.43204835243523,-33.49131552502513,6],[151.43202513456345,-33.491315357387066,6.400000095367432],[151.43202597275376,-33.49131619557738,6.599999904632568],[151.4320294931531,-33.491312339901924,6.800000190734863],[151.4320294931531,-33.491312339901924,6.800000190734863],[151.4320294931531,-33.491312339901924,6.400000095367432],[151.43197962082922,-33.49135123193264,6],[151.43186252564192,-33.49140730686486,5.599999904632568],[151.43184986896813,-33.491412084549665,5.599999904632568],[151.43183754757047,-33.49141526967287,5.599999904632568],[151.43172833137214,-33.491463297978044,5.800000190734863],[151.43163847737014,-33.491478553041816,6],[151.4316132478416,-33.491484839469194,6],[151.43151978962123,-33.491493724286556,6],[151.43151526339352,-33.491494143381715,6],[151.4315075520426,-33.491491712629795,6],[151.4314864296466,-33.4915088955313,6],[151.4314766228199,-33.491519540548325,6],[151.43144636414945,-33.4915382321924,6],[151.43143295310438,-33.491536723449826,6],[151.43143110908568,-33.49153286777437,6],[151.43143890425563,-33.491532281041145,6],[151.43144267611206,-33.49152993410826,6],[151.43143337219954,-33.49154477007687,6],[151.43143915571272,-33.49152515642345,6],[151.4314380660653,-33.491527335718274,6],[151.43143798224628,-33.49152993410826,6],[151.43143781460822,-33.4915313590318,6],[151.4314369764179,-33.4915329515934,6],[151.43143689259887,-33.491532783955336,6],[151.43143630586565,-33.49153538234532,6],[151.43143823370337,-33.49145516753197,6],[151.43145139329135,-33.4914084803313,6],[151.43153353594244,-33.49132977426052,6],[151.43160704523325,-33.49125903099775,6],[151.43160997889936,-33.49116750061512,6],[151.43157536163926,-33.491097930818796,6],[151.43156211823225,-33.49107856862247,6],[151.43153303302824,-33.491036742925644,12.199999809265137],[151.4314887765795,-33.490975722670555,12.399999618530273],[151.43145474605262,-33.490929286926985,13.600000381469727],[151.43143689259887,-33.49090321920812,14.399999618530273],[151.4314245712012,-33.490892658010125,14.800000190734863],[151.43139774911106,-33.49086005240679,15.800000190734863],[151.43139288760722,-33.490853095427155,16],[151.4313851762563,-33.49082853645086,16.399999618530273],[151.4313965756446,-33.490794925019145,16.600000381469727],[151.4314044546336,-33.49078310653567,16.399999618530273],[151.4315075520426,-33.4906557854265,15.199999809265137],[151.4316031895578,-33.490538438782096,15.600000381469727],[151.43169824033976,-33.490489991381764,15],[151.43170536495745,-33.49050004966557,14.800000190734863],[151.43170217983425,-33.49051564000547,14.600000381469727],[151.43169287592173,-33.49053516983986,14],[151.431685667485,-33.490542797371745,13.800000190734863],[151.43166035413742,-33.49062250927091,13.600000381469727],[151.43167041242123,-33.49063047207892,13.600000381469727],[151.4316801354289,-33.49063918925822,13.600000381469727],[151.43191684037447,-33.49063131026924,13],[151.43176781013608,-33.490763157606125,13],[151.4317337796092,-33.490704065188766,13],[151.4317564945668,-33.49068604409695,13],[151.43176060169935,-33.49068629555404,13],[151.4317699894309,-33.490679087117314,13],[151.4317707438022,-33.49068378098309,13],[151.43172724172473,-33.49071068689227,13],[151.4316896069795,-33.49072719924152,13],[151.43168373964727,-33.490733820945024,13],[151.4316801354289,-33.49072493612766,13],[151.43170427531004,-33.49072493612766,13],[151.43168189562857,-33.49075133912265,13],[151.43167418427765,-33.49075670354068,13],[151.43166923895478,-33.490762235596776,13],[151.43164752982557,-33.49077036604285,13],[151.43168298527598,-33.49075653590262,13],[151.4317065384239,-33.490729881450534,13],[151.43170804716647,-33.490726528689265,13],[151.43168734386563,-33.49071026779711,13],[151.43169153481722,-33.490709345787764,13],[151.43169153481722,-33.490709345787764,13],[151.43169153481722,-33.490709345787764,13],[151.43169153481722,-33.490709345787764,13],[151.43169153481722,-33.490709345787764,13],[151.43169153481722,-33.490709345787764,13],[151.4316917862743,-33.49071026779711,13],[151.43169212155044,-33.49071026779711,13],[151.4316925406456,-33.49071018397808,13],[151.43169295974076,-33.49071018397808,13],[151.43169379793108,-33.49071018397808,13],[151.4316938817501,-33.49071018397808,13],[151.43169312737882,-33.49071144126356,13],[151.43169262446463,-33.490711860358715,13],[151.43169153481722,-33.49071194417775,13],[151.43169170245528,-33.49071127362549,13],[151.43169312737882,-33.49071026779711,13],[151.43169379793108,-33.49071018397808,13],[151.43169421702623,-33.49070926196873,13],[151.43169564194977,-33.490708423778415,13],[151.43169564194977,-33.490707334131,13],[151.4316980727017,-33.4907038975507,13],[151.4317044429481,-33.49070372991264,13],[151.43170620314777,-33.49070372991264,13],[151.43170695751905,-33.49070372991264,13],[151.43170695751905,-33.49070372991264,13],[151.43170695751905,-33.49070372991264,13],[151.4317073766142,-33.49070808850229,13],[151.43170729279518,-33.490708507597446,13],[151.43170117400587,-33.49070657975972,13],[151.43170217983425,-33.490713788196445,13],[151.43171751871705,-33.490711860358715,13],[151.43174098804593,-33.490727534517646,13],[151.4317409042269,-33.49072761833668,13],[151.43174082040787,-33.49072812125087,13],[151.43174073658884,-33.49072837270796,13],[151.43174082040787,-33.490728456526995,13],[151.4317401498556,-33.49073030054569,13],[151.43174006603658,-33.49072971381247,13],[151.43174023367465,-33.49071295000613,13],[151.43173755146563,-33.49070423282683,13],[151.43174693919718,-33.490706412121654,13],[151.43175481818616,-33.49071412347257,13],[151.43175481818616,-33.49071412347257,13],[151.43174744211137,-33.490740191191435,13],[151.43174869939685,-33.49072057753801,13],[151.43174836412072,-33.49074228666723,13],[151.4317422453314,-33.49074639379978,13],[151.43175062723458,-33.490739269182086,13],[151.4317509625107,-33.49073893390596,13],[151.43175113014877,-33.49073893390596,13],[151.4317512139678,-33.49073893390596,13],[151.43175180070102,-33.490738263353705,13],[151.4317523036152,-33.49073801189661,13],[151.4317530579865,-33.49073759280145,13],[151.43175423145294,-33.49073616787791,13],[151.4317554049194,-33.49073440767825,13],[151.4317633677274,-33.490702640265226,13],[151.43176320008934,-33.49070322699845,13],[151.43176370300353,-33.49070331081748,13],[151.4317638706416,-33.49070431664586,13],[151.43176378682256,-33.49070481956005,13],[151.4317647088319,-33.4907057415694,13],[151.43184249289334,-33.490704484283924,13],[151.43196243792772,-33.490690402686596,13],[151.4319861587137,-33.49068629555404,13],[151.43204282037914,-33.49068872630596,13],[151.43204843625426,-33.49069316871464,13],[151.4320548903197,-33.49069635383785,13],[151.43213326111436,-33.49074295721948,13],[151.4321970473975,-33.490836415439844,13],[151.43220693804324,-33.490851670503616,13],[151.4322163257748,-33.49086164496839,13],[151.4322454109788,-33.4909026324749,13],[151.43226242624223,-33.4909303765744,13],[151.43227164633572,-33.49096038378775,13],[151.432267120108,-33.49097555503249,13],[151.43226745538414,-33.49098762497306,13],[151.4322692155838,-33.491039257496595,13],[151.43227298744023,-33.49104923196137,13],[151.43228765577078,-33.49112944677472,13],[151.43229017034173,-33.491138918325305,13],[151.43228949978948,-33.49115232937038,13],[151.43227466382086,-33.49118736572564,13],[151.43224532715976,-33.49123053252697,13],[151.43222621642053,-33.491241596639156,13],[151.43214885145426,-33.49127747118473,7],[151.4321394637227,-33.49127981811762,7],[151.43211306072772,-33.49128526635468,7],[151.4320466760546,-33.49131753668189,7],[151.43200904130936,-33.49133555777371,6.800000190734863],[151.43199043348432,-33.49134142510593,7.199999809265137],[151.43199378624558,-33.49133748561144,7],[151.4319517929107,-33.49135894328356,6.800000190734863],[151.43191969022155,-33.4913704264909,6.800000190734863],[151.43189429305494,-33.491388615220785,7],[151.43183536827564,-33.49142147228122,7],[151.43181977793574,-33.491427758708596,7],[151.43171600997448,-33.491473691537976,6.599999904632568],[151.431614337489,-33.49150914698839,6.800000190734863],[151.43158173188567,-33.491522055119276,6.800000190734863],[151.43156957812607,-33.49153001792729,6.800000190734863],[151.43154024146497,-33.4915572591126,6.800000190734863],[151.43151350319386,-33.491571340709925,6.800000190734863],[151.43141468055546,-33.49162925966084,6.800000190734863],[151.43132717348635,-33.49168608896434,6.800000190734863],[151.43126129172742,-33.491708217188716,6.800000190734863],[151.4312467072159,-33.491712072864175,6.800000190734863],[151.43117948435247,-33.49172565154731,6.800000190734863],[151.43116238527,-33.491736548021436,6.800000190734863],[151.4310455415398,-33.491797652095556,6.800000190734863],[151.43098418600857,-33.49181232042611,6.800000190734863],[151.43095342442393,-33.49182321690023,6.800000190734863],[151.43094319850206,-33.491827826946974,6.800000190734863],[151.4309319667518,-33.49183402955532,6.800000190734863],[151.43085728399456,-33.49188197404146,6.800000190734863],[151.43084462732077,-33.491897815838456,6.800000190734863],[151.43076265230775,-33.491968140006065,6.800000190734863],[151.43074764870107,-33.49198264069855,6.800000190734863],[151.43073465675116,-33.49198901094496,6.800000190734863],[151.4307030569762,-33.49201222881675,6.800000190734863],[151.43067942000926,-33.49202932789922,6.800000190734863],[151.4305671863258,-33.49211063235998,6.800000190734863],[151.43049183301628,-33.49219545722008,6.800000190734863],[151.43047163262963,-33.492213897407055,6.800000190734863],[151.43044489435852,-33.49224147386849,6.800000190734863],[151.43040885217488,-33.49225320853293,6.800000190734863],[151.43036535009742,-33.49226402118802,6.800000190734863],[151.43029770813882,-33.492259411141276,6.800000190734863],[151.43024272285402,-33.492270139977336,6.800000190734863],[151.43021682277322,-33.492293609306216,6.800000190734863],[151.43020877614617,-33.49230391904712,6.800000190734863],[151.4301229454577,-33.492421014234424,6.800000190734863],[151.4300479274243,-33.49247700534761,6.800000190734863],[151.42998011782765,-33.492553532123566,6.800000190734863],[151.42993091605604,-33.49259049631655,6.800000190734863],[151.42987182363868,-33.49265084601939,6.800000190734863],[151.42978632822633,-33.49270775914192,6.800000190734863],[151.4296977315098,-33.49281270056963,6.800000190734863],[151.4296842366457,-33.49282938055694,6.800000190734863],[151.42964844591916,-33.49285083822906,6.800000190734863],[151.4296274073422,-33.49286542274058,6.800000190734863],[151.42954518087208,-33.49290758371353,6.800000190734863],[151.42953487113118,-33.4929127804935,6.800000190734863],[151.42943982034922,-33.49297824315727,6.800000190734863],[151.42940126359463,-33.49304052069783,6.800000190734863],[151.42937276512384,-33.49306080490351,6.800000190734863],[151.42929053865373,-33.49312584847212,6.800000190734863],[151.42928257584572,-33.493138421326876,6.800000190734863],[151.429182915017,-33.49324177019298,6.800000190734863],[151.42910286784172,-33.49329994060099,6.800000190734863],[151.42901091836393,-33.49335065111518,6.800000190734863],[151.428921232,-33.493431117385626,6.800000190734863],[151.42884755507112,-33.49348953925073,6.800000190734863],[151.4288364071399,-33.49349834024906,6.800000190734863],[151.4287724532187,-33.493540082126856,6.800000190734863],[151.42873481847346,-33.493571849539876,6.800000190734863],[151.42867606133223,-33.49362725391984,6.800000190734863],[151.42865586094558,-33.493653908371925,6.800000190734863],[151.42861696891487,-33.49369942210615,6.800000190734863],[151.42858830280602,-33.493740325793624,6.800000190734863],[151.42847347073257,-33.493819115683436,6.800000190734863],[151.42841219902039,-33.49388315342367,6.800000190734863],[151.428403230384,-33.49388977512717,6.800000190734863],[151.42830365337431,-33.493958339095116,6.800000190734863],[151.4282528590411,-33.49402195774019,6.800000190734863],[151.42820013687015,-33.494078535586596,6.800000190734863],[151.42819007858634,-33.494085408747196,6.800000190734863],[151.42812746576965,-33.49415053613484,6.800000190734863],[151.4281059242785,-33.49418465048075,6.800000190734863],[151.42805722542107,-33.494262685999274,6.800000190734863],[151.4280321635306,-33.49430216476321,6.800000190734863],[151.4279584866017,-33.49441003985703,6.800000190734863],[151.42794851213694,-33.49442462436855,6.800000190734863],[151.4279204327613,-33.49447173066437,6.800000190734863],[151.4278466720134,-33.49457130767405,6.800000190734863],[151.42779076471925,-33.494648253545165,6.800000190734863],[151.4277816284448,-33.49465437233448,6.800000190734863],[151.42768582329154,-33.49473844282329,6.800000190734863],[151.42761164344847,-33.4948137961328,6.800000190734863],[151.42755414359272,-33.494851011782885,6.800000190734863],[151.42752966843545,-33.49487070925534,6.800000190734863],[151.42743629403412,-33.4949210844934,6.800000190734863],[151.42740578390658,-33.49495821632445,6.800000190734863],[151.42737971618772,-33.49498327821493,6.800000190734863],[151.42733730375767,-33.49502393044531,6.800000190734863],[151.42733009532094,-33.495039185509086,6.800000190734863],[151.42727217637002,-33.49509643390775,6.800000190734863],[151.4272583462298,-33.49511546082795,6.800000190734863],[151.42721392214298,-33.495145635679364,6.800000190734863],[151.42720403149724,-33.49514999426901,6.800000190734863],[151.4271579310298,-33.49523280747235,6.800000190734863],[151.4271537400782,-33.49527111276984,6.800000190734863],[151.4271180331707,-33.49533062428236,6.800000190734863],[151.4270710106939,-33.49539985880256,6.800000190734863],[151.42700110562146,-33.49550421349704,6.800000190734863],[151.42694528214633,-33.495604461058974,6.800000190734863],[151.42687336541712,-33.495675791054964,6.800000190734863],[151.4268207270652,-33.495756005868316,6.800000190734863],[151.42674470320344,-33.49585457704961,6.800000190734863],[151.4266380853951,-33.495941581204534,6.800000190734863],[151.42655820585787,-33.49604836665094,6.800000190734863],[151.42646776512265,-33.49617560394108,6.800000190734863],[151.42637950368226,-33.49626679904759,6.800000190734863],[151.42636064440012,-33.49634609185159,6.800000190734863],[151.42635603435338,-33.496364280581474,6.800000190734863],[151.42632963135839,-33.49641348235309,6.800000190734863],[151.42627514898777,-33.496509371325374,6.800000190734863],[151.42621194943786,-33.49661188200116,6.800000190734863],[151.42620080150664,-33.49663149565458,6.800000190734863],[151.42617406323552,-33.49669503048062,6.800000190734863],[151.4261324889958,-33.49679058417678,6.800000190734863],[151.42607633024454,-33.49687121808529,6.800000190734863],[151.42603307962418,-33.49696693941951,6.800000190734863],[151.4259795192629,-33.497078754007816,6.800000190734863],[151.42593341879547,-33.49716827273369,6.800000190734863],[151.4258459955454,-33.49727832712233,6.800000190734863],[151.42583778128028,-33.49731797352433,6.800000190734863],[151.42584222368896,-33.49732920527458,6.800000190734863],[151.42581758089364,-33.49738393910229,6.800000190734863],[151.42576879821718,-33.49745669402182,6.800000190734863],[151.42572244629264,-33.49754646420479,6.800000190734863],[151.42566779628396,-33.49761385470629,6.800000190734863],[151.42564080655575,-33.49768686108291,6.800000190734863],[151.42561641521752,-33.49778492935002,6.800000190734863],[151.42561649903655,-33.49779540672898,6.800000190734863],[151.42560878768563,-33.497891714796424,6.800000190734863],[151.42559981904924,-33.4978980012238,6.800000190734863],[151.425596550107,-33.497914681211114,6.800000190734863],[151.4255823008716,-33.49795223213732,6.800000190734863],[151.42553477548063,-33.498021215200424,6.800000190734863],[151.42549680545926,-33.49813143722713,6.800000190734863],[151.42546026036143,-33.4982436709106,6.800000190734863],[151.42542136833072,-33.49832346662879,6.800000190734863],[151.4254191890359,-33.49833662621677,6.800000190734863],[151.42541902139783,-33.49837585352361,6.800000190734863],[151.42538415268064,-33.4984767716378,6.800000190734863],[151.42534115351737,-33.49856989458203,6.800000190734863],[151.42531969584525,-33.49865186959505,6.800000190734863],[151.42528382129967,-33.49876234307885,6.800000190734863],[151.4252310153097,-33.49887818098068,6.800000190734863],[151.42519203945994,-33.499007262289524,6.800000190734863],[151.42517309635878,-33.4990827832371,6.800000190734863],[151.42516278661788,-33.499097703024745,6.800000190734863],[151.4251269120723,-33.49912578240037,6.800000190734863],[151.42512364313006,-33.499183701351285,6.800000190734863],[151.42512657679617,-33.49920934997499,6.800000190734863],[151.42512070946395,-33.49924539215863,6.800000190734863],[151.4251160994172,-33.49930414929986,6.800000190734863],[151.4251073822379,-33.4993367549032,6.800000190734863],[151.42509380355477,-33.49943079985678,6.800000190734863],[151.42509749159217,-33.49952937103808,6.800000190734863],[151.42509397119284,-33.49963263608515,6.800000190734863],[151.42505943775177,-33.49977470934391,6.800000190734863],[151.42507653683424,-33.499895157292485,6.800000190734863],[151.4250854216516,-33.50000764243305,6.800000190734863],[151.42511350102723,-33.500061705708504,6.800000190734863],[151.42512858845294,-33.50007796660066,6.800000190734863],[151.4251308515668,-33.50017251446843,6.800000190734863],[151.42515499144793,-33.50026278756559,6.800000190734863],[151.425147280097,-33.50038449279964,6.800000190734863],[151.4251274149865,-33.50040419027209,6.800000190734863],[151.42507410608232,-33.50039673037827,6.800000190734863],[151.42506748437881,-33.500418942421675,6.800000190734863],[151.42507913522422,-33.50044785998762,6.800000190734863],[151.42510352656245,-33.500463450327516,6.800000190734863],[151.42512305639684,-33.500527488067746,6.800000190734863],[151.42517628148198,-33.50059177726507,6.800000190734863],[151.42524199560285,-33.5006560664624,6.800000190734863],[151.42533369362354,-33.500752793625,6.800000190734863],[151.42536755651236,-33.50078657269478,6.800000190734863],[151.42537484876812,-33.50080031901598,6.800000190734863],[151.42542245797813,-33.500871397554874,6.800000190734863],[151.42545238137245,-33.500925125554204,6.800000190734863],[151.42545414157212,-33.50092965178192,6.800000190734863],[151.42546210438013,-33.500935435295105,6.800000190734863],[151.42548875883222,-33.5009684599936,6.800000190734863],[151.4255243819207,-33.50100684911013,6.800000190734863],[151.42555858008564,-33.5010495968163,6.800000190734863],[151.42556050792336,-33.50106870755553,6.800000190734863],[151.42555698752403,-33.50107692182064,6.800000190734863],[151.42556042410433,-33.50107742473483,6.800000190734863],[151.425554221496,-33.50107826292515,6.800000190734863],[151.42555413767695,-33.50107725709677,6.800000190734863],[151.42555413767695,-33.50107725709677,6.800000190734863],[151.42555564641953,-33.501077173277736,6.800000190734863],[151.4255587477237,-33.501073736697435,6.800000190734863],[151.42559227533638,-33.50109703838825,6.800000190734863],[151.4256007410586,-33.50110910832882,6.800000190734863],[151.42559990286827,-33.50113752298057,6.800000190734863],[151.4255933649838,-33.50114322267473,6.800000190734863],[151.42557945102453,-33.5011394508183,6.800000190734863],[151.42555254511535,-33.50113349966705,6.800000190734863],[151.4255415648222,-33.50112880580127,6.800000190734863],[151.42551549710333,-33.5011222679168,6.800000190734863],[151.425496134907,-33.50111053325236,6.800000190734863],[151.42537811771035,-33.501070803031325,6.800000190734863],[151.42535598948598,-33.50106652826071,6.800000190734863],[151.42531684599817,-33.50103568285704,11.800000190734863],[151.42526630312204,-33.50100299343467,12],[151.42524224705994,-33.501013135537505,12.199999809265137],[151.42522422596812,-33.501007687300444,12.399999618530273],[151.42520042136312,-33.500989247113466,12.399999618530273],[151.42513135448098,-33.50092202425003,12.399999618530273],[151.42510243691504,-33.500877767801285,12.600000381469727],[151.42505826428533,-33.50083250552416,12.600000381469727],[151.42504795454443,-33.50079922936857,12.600000381469727],[151.42502255737782,-33.50074709393084,12.600000381469727],[151.42499917186797,-33.50070493295789,12.600000381469727],[151.42500688321888,-33.50068598985672,12.800000190734863],[151.42500462010503,-33.500690683722496,12.800000190734863],[151.42500009387732,-33.50070401094854,13.199999809265137],[151.424999255687,-33.50071826018393,13],[151.42499280162156,-33.5007234569639,13],[151.42497930675745,-33.50072563625872,13],[151.4249786362052,-33.500719936564565,13.199999809265137],[151.4249783847481,-33.50072060711682,13.199999809265137],[151.4249783847481,-33.50072060711682,11.600000381469727],[151.4249632973224,-33.50070166401565,10.600000381469727],[151.42494410276413,-33.5006922762841,10.199999809265137],[151.42485433258116,-33.500634860247374,10.399999618530273],[151.42483932897449,-33.50062044337392,11.199999809265137],[151.42484108917415,-33.500621700659394,11.399999618530273],[151.42484167590737,-33.50062262266874,11.199999809265137],[151.4248401671648,-33.50062429904938,11.199999809265137],[151.42483731731772,-33.50062480196357,11.199999809265137],[151.4248340483755,-33.500628154724836,11.199999809265137],[151.4248340483755,-33.50062748417258,11.199999809265137],[151.42483287490904,-33.500627651810646,11.199999809265137],[151.42483312636614,-33.50063418969512,11.600000381469727],[151.4248364791274,-33.50064500235021,11.800000190734863],[151.42485433258116,-33.500652965158224,11.399999618530273],[151.4248536620289,-33.50064785219729,11.399999618530273],[151.42484134063125,-33.50064869038761,11.399999618530273],[151.4248296059668,-33.50065019913018,11.399999618530273],[151.42482952214777,-33.500647684559226,11.399999618530273],[151.42476808279753,-33.500609043985605,11.399999618530273],[151.4246171247214,-33.50047728046775,11.399999618530273],[151.42456666566432,-33.50038072094321,11.399999618530273],[151.4245465490967,-33.50030737929046,11.399999618530273],[151.42453749664128,-33.500296315178275,11.399999618530273],[151.4245000295341,-33.50025583058596,11.399999618530273],[151.42449324019253,-33.50024275481701,11.399999618530273],[151.42449089325964,-33.50021316669881,11.399999618530273],[151.42448795959353,-33.50019942037761,11.399999618530273],[151.42447798512876,-33.50018257275224,11.399999618530273],[151.42444630153477,-33.5001637134701,11.399999618530273],[151.4244241733104,-33.50014694966376,11.399999618530273],[151.4243943337351,-33.50010537542403,11.399999618530273],[151.42438000068069,-33.50009850226343,11.399999618530273],[151.42436298541725,-33.50008106790483,11.399999618530273],[151.42431722022593,-33.50005969405174,11.399999618530273],[151.4242180623114,-33.50006631575525,11.399999618530273],[151.42420808784664,-33.50006774067879,11.399999618530273],[151.42411588691175,-33.50008685141802,24],[151.4240401983261,-33.50009766407311,24.799999237060547],[151.42402309924364,-33.50009908899665,25],[151.42399661242962,-33.500102777034044,25.799999237060547],[151.423992337659,-33.500101855024695,26.200000762939453],[151.42398554831743,-33.500102777034044,26.600000381469727],[151.4239442255348,-33.500094730407,27.399999618530273],[151.42391530796885,-33.500100346282125,27.600000381469727],[151.42387909814715,-33.500094059854746,28.399999618530273],[151.42382729798555,-33.50009615533054,29.399999618530273],[151.42380634322762,-33.500092970207334,30],[151.42378387972713,-33.50010830909014,30.600000381469727],[151.42374289222062,-33.500119876116514,31],[151.4237132202834,-33.50013228133321,31.399999618530273],[151.42370701767504,-33.500136556103826,31.600000381469727],[151.42367499880493,-33.50016069598496,33],[151.42370592802763,-33.50023839622736,33.79999923706055],[151.4237399585545,-33.50033017806709,34],[151.42374289222062,-33.500353982672095,34],[151.4237156510353,-33.5004660487175,34.400001525878906],[151.42370760440826,-33.50052522495389,35],[151.42368673346937,-33.500594878569245,35.20000076293945],[151.42366452142596,-33.5006455052644,35.20000076293945],[151.42362546175718,-33.50073200650513,35.599998474121094],[151.42358363606036,-33.500784477218986,35.400001525878906],[151.42357030883431,-33.500801995396614,35.20000076293945],[151.42355664633214,-33.500824542716146,35.20000076293945],[151.42352554947138,-33.50090676918626,35.400001525878906],[151.42347333021462,-33.50101271644235,35.20000076293945],[151.4234740845859,-33.501045405864716,35.20000076293945],[151.42347282730043,-33.50108999758959,35.20000076293945],[151.42345673404634,-33.50111757405102,35.400001525878906],[151.42343510873616,-33.501153364777565,35.599998474121094],[151.42342722974718,-33.50119326263666,36],[151.4234196022153,-33.50125419907272,37.400001525878906],[151.42343058250844,-33.501356625929475,38.20000076293945],[151.42342840321362,-33.50136970169842,38.400001525878906],[151.4234254695475,-33.50137975998223,38.599998474121094],[151.42341096885502,-33.50142862647772,39.599998474121094],[151.42340778373182,-33.501488054171205,40.20000076293945],[151.4234016649425,-33.50152317434549,40.400001525878906],[151.42339261248708,-33.501545218750834,40.599998474121094],[151.42337643541396,-33.50159291177988,40.79999923706055],[151.42336713150144,-33.501644963398576,41.599998474121094],[151.4233627729118,-33.50165493786335,41.599998474121094],[151.42335824668407,-33.501664996147156,41.599998474121094],[151.42333645373583,-33.50171159952879,42.599998474121094],[151.42329714260995,-33.501776307821274,44],[151.42328071407974,-33.501822827383876,45],[151.4232753496617,-33.5018268506974,45.20000076293945],[151.42323578707874,-33.50188652984798,46.20000076293945],[151.42323821783066,-33.50190362893045,46.400001525878906],[151.4232124015689,-33.501949813216925,47.20000076293945],[151.4232082106173,-33.50195442326367,47.400001525878906],[151.42316739074886,-33.50199197418988,48.400001525878906],[151.42311642877758,-33.50204335525632,49.400001525878906],[151.4231112319976,-33.50204536691308,49.400001525878906],[151.4230760280043,-33.50205475464463,50.400001525878906],[151.423069993034,-33.50206389091909,50.599998474121094],[151.42300084233284,-33.502107225358486,51.599998474121094],[151.42299698665738,-33.50211091339588,51.79999923706055],[151.42296731472015,-33.502184925600886,52.599998474121094],[151.4229555800557,-33.502211244776845,52.79999923706055],[151.42290646210313,-33.50225902162492,53.20000076293945],[151.42287402413785,-33.50227855145931,53.79999923706055],[151.42286153510213,-33.502284502610564,54.20000076293945],[151.42283680848777,-33.50231618620455,54.79999923706055],[151.42282758839428,-33.50232859142125,55],[151.42277905717492,-33.50236086174846,55.79999923706055],[151.42276137135923,-33.50236723199487,56],[151.42270797863603,-33.502394473180175,57],[151.4226751215756,-33.50240704603493,57.20000076293945],[151.422618040815,-33.50241023115814,58],[151.42260664142668,-33.502414086833596,58],[151.4225715212524,-33.5024275816977,59],[151.42256246879697,-33.502432107925415,59.20000076293945],[151.42250429838896,-33.50246253423393,60.400001525878906],[151.42242073081434,-33.5024952236563,61.400001525878906],[151.42235258594155,-33.50250477902591,62.400001525878906],[151.42230556346476,-33.50250855088234,63],[151.42226113937795,-33.50251299329102,63.599998474121094],[151.42222518101335,-33.50253168493509,63.79999923706055],[151.42217556014657,-33.502550292760134,64.19999694824219],[151.4221499953419,-33.502550376579165,64.5999984741211],[151.42214002087712,-33.50255448371172,64.80000305175781],[151.4221304655075,-33.50256035104394,64.80000305175781],[151.42207036726177,-33.50259664468467,65.80000305175781],[151.42202485352755,-33.50264400243759,66.4000015258789],[151.42199744470417,-33.502662191167474,66.80000305175781],[151.42195369116962,-33.502680882811546,67.5999984741211],[151.42193265259266,-33.50269437767565,68.19999694824219],[151.42190733924508,-33.50272069685161,68.80000305175781],[151.4218579698354,-33.50274257361889,69.19999694824219],[151.42178990878165,-33.50278615951538,69.80000305175781],[151.42176635563374,-33.502806946635246,70.19999694824219],[151.42171849496663,-33.50281549617648,70.80000305175781],[151.42169142141938,-33.502837624400854,71.4000015258789],[151.42163216136396,-33.502874840050936,72.19999694824219],[151.42162042669952,-33.50287450477481,72.19999694824219],[151.42160911113024,-33.50287307985127,72.4000015258789],[151.42150157131255,-33.502897806465626,73.19999694824219],[151.42147726379335,-33.50290501490235,73.4000015258789],[151.42139302566648,-33.50294063799083,74.4000015258789],[151.42130451276898,-33.502985229715705,75.5999984741211],[151.4212905149907,-33.503038873896,76.4000015258789],[151.42129126936197,-33.503054715693,76.5999984741211],[151.42131892964244,-33.503144066780806,77],[151.4213899243623,-33.50323517806828,77.5999984741211],[151.42144599929452,-33.50330751389265,77.80000305175781],[151.42151171341538,-33.50340373814106,78.4000015258789],[151.42152319662273,-33.50342729128897,78.5999984741211],[151.42154088243842,-33.50344690494239,78.80000305175781],[151.42157038673759,-33.50347104482353,79],[151.42163341864944,-33.50353617221117,79.19999694824219],[151.42164062708616,-33.50354740396142,79.19999694824219],[151.421682452783,-33.50357950665057,79.19999694824219],[151.4216925110668,-33.5035830270499,79],[151.4217488374561,-33.50360959768295,79],[151.42177666537464,-33.50362200289965,79],[151.42181220464408,-33.50365242920816,79],[151.42184908501804,-33.5036744736135,79],[151.42187272198498,-33.50368654355407,78.80000305175781],[151.42190013080835,-33.50369643419981,78.5999984741211],[151.4219470694661,-33.50371118634939,78.19999694824219],[151.4219588879496,-33.50371906533837,78.19999694824219],[151.42205712385476,-33.50377363152802,78],[151.42215653322637,-33.503821827471256,77.5999984741211],[151.4221811760217,-33.50383406504989,77.19999694824219],[151.42219190485775,-33.50383750163019,77.19999694824219],[151.42226474359632,-33.50387471728027,76.80000305175781],[151.42227647826076,-33.50388594903052,76.80000305175781],[151.42234437167645,-33.5039231646806,76.5999984741211],[151.42235786654055,-33.5039316304028,76.4000015258789],[151.42237010411918,-33.50394160486758,76.19999694824219],[151.42237907275558,-33.50394872948527,76.19999694824219],[151.4224245864898,-33.50396515801549,75.80000305175781],[151.42243632115424,-33.5039696842432,75.5999984741211],[151.4224793203175,-33.50398460403085,75.19999694824219],[151.42254528589547,-33.50402198731899,74.80000305175781],[151.42255827784538,-33.50402911193669,74.80000305175781],[151.42263270914555,-33.50406716577709,74.19999694824219],[151.4226558431983,-33.504079319536686,74],[151.42269800417125,-33.504095915704966,73.80000305175781],[151.42271300777793,-33.50409507751465,73.5999984741211],[151.42274418845773,-33.50410538725555,73.5999984741211],[151.42279163002968,-33.50411913357675,73.19999694824219],[151.42282834276557,-33.50413229316473,73],[151.42294661141932,-33.50420655682683,72.5999984741211],[151.42300536856055,-33.50424092262983,72.5999984741211],[151.42303495667875,-33.50427805446088,72.80000305175781],[151.42307770438492,-33.50431895814836,73],[151.42312355339527,-33.50436891429126,73.4000015258789],[151.4231450110674,-33.50440797396004,74],[151.4231532253325,-33.50443278439343,74.19999694824219],[151.42315599136055,-33.504443261772394,74.4000015258789],[151.42318105325103,-33.50453135557473,75.19999694824219],[151.42318448983133,-33.50454091094434,75.19999694824219],[151.42319010570645,-33.504549795761704,75.4000015258789],[151.42319253645837,-33.504582988098264,75.4000015258789],[151.4231912791729,-33.5045878496021,75.4000015258789],[151.42316739074886,-33.504623640328646,75.5999984741211],[151.423165127635,-33.504637805745006,75.5999984741211],[151.42315817065537,-33.50467401556671,75.80000305175781],[151.42314098775387,-33.50472732447088,76.4000015258789],[151.42310955561697,-33.50479790009558,76.80000305175781],[151.42307426780462,-33.504879623651505,77.4000015258789],[151.42304015345871,-33.504942236468196,77.80000305175781],[151.4230057876557,-33.50505530834198,78.4000015258789],[151.42296354286373,-33.505180114880204,79.4000015258789],[151.4229513052851,-33.50518958643079,79.4000015258789],[151.42289120703936,-33.50525664165616,80.5999984741211],[151.4228762872517,-33.50527860224247,81],[151.42284234054387,-33.505313051864505,81.80000305175781],[151.42280026338995,-33.5053529497236,82.80000305175781],[151.42278970219195,-33.50535965524614,83],[151.42273605801165,-33.50540726445615,83.4000015258789],[151.4227282628417,-33.50541589781642,83.4000015258789],[151.42270730808377,-33.50544188171625,84],[151.42264930531383,-33.50549443624914,84.5999984741211],[151.42261770553887,-33.505517318844795,85],[151.4226098265499,-33.50552863441408,85],[151.42258074134588,-33.50555260665715,85.4000015258789],[151.42254226841033,-33.50559074431658,86.19999694824219],[151.42251645214856,-33.50562980398536,86.80000305175781],[151.42250220291317,-33.50564329884946,87],[151.42244897782803,-33.50567397661507,87.19999694824219],[151.42244143411517,-33.505677999928594,87.4000015258789],[151.4223794080317,-33.50572669878602,88.19999694824219],[151.42234780825675,-33.50575100630522,88.4000015258789],[151.4222948346287,-33.505788473412395,89.19999694824219],[151.42227228730917,-33.505801716819406,89.5999984741211],[151.42219525761902,-33.50585510954261,90.19999694824219],[151.4221288729459,-33.50590699352324,90.80000305175781],[151.42205058597028,-33.505974132567644,91.5999984741211],[151.422031307593,-33.50599056109786,91.80000305175781],[151.42197171226144,-33.506032805889845,92.80000305175781],[151.42196584492922,-33.50604420527816,93],[151.42191655933857,-33.50609508343041,93.4000015258789],[151.42189376056194,-33.506111931055784,94],[151.42185495235026,-33.50614747032523,95.19999694824219],[151.42184749245644,-33.50615275092423,95.4000015258789],[151.42178228124976,-33.506186278536916,96.19999694824219],[151.42174950800836,-33.50621050223708,96.4000015258789],[151.421679854393,-33.50627118721604,97.19999694824219],[151.42163216136396,-33.5063165333122,97.5999984741211],[151.42161942087114,-33.50632851943374,97.80000305175781],[151.42159109003842,-33.50636280141771,98.19999694824219],[151.42158254049718,-33.50636824965477,98.19999694824219],[151.42157449387014,-33.50637461990118,98.4000015258789],[151.4215707220137,-33.506403202190995,98.80000305175781],[151.4215701352805,-33.50640378892422,99.4000015258789],[151.4215762540698,-33.50640747696161,99],[151.4215762540698,-33.50640747696161,98.80000305175781],[151.4215762540698,-33.50640747696161,98.80000305175781],[151.42157164402306,-33.50640923716128,98.5999984741211],[151.42156879417598,-33.50640923716128,98.5999984741211],[151.42156820744276,-33.50640923716128,98.5999984741211],[151.42156762070954,-33.50640890188515,98.5999984741211],[151.42156636342406,-33.5064079798758,98.80000305175781],[151.4215651061386,-33.50640345364809,98.80000305175781],[151.42156602814794,-33.506403202190995,98.80000305175781],[151.42156980000436,-33.50641426630318,98.80000305175781],[151.4215730689466,-33.50641921162605,98.80000305175781],[151.42156401649117,-33.50641862489283,98.80000305175781],[151.42156267538667,-33.50641845725477,98.80000305175781],[151.42156234011054,-33.5064203850925,98.80000305175781],[151.42156401649117,-33.50642189383507,98.80000305175781],[151.4215648546815,-33.506422229111195,98.80000305175781],[151.42156720161438,-33.50642298348248,98.80000305175781],[151.42156745307148,-33.50642298348248,98.80000305175781],[151.42156703397632,-33.50642248056829,98.80000305175781],[151.42156703397632,-33.506421726197004,98.80000305175781],[151.42156695015728,-33.50642164237797,98.80000305175781],[151.4215677883476,-33.50642097182572,98.80000305175781],[151.42156762070954,-33.50642088800669,98.80000305175781],[151.42152805812657,-33.50647386163473,98.80000305175781],[151.42144918441772,-33.50651476532221,98.80000305175781],[151.42139989882708,-33.506507305428386,98.80000305175781],[151.42127006314695,-33.50649691186845,98.80000305175781],[151.42116981558502,-33.50647327490151,98.80000305175781],[151.4211055263877,-33.50646489299834,98.80000305175781],[151.42090645618737,-33.506434466689825,98.80000305175781],[151.420812997967,-33.50642348639667,98.80000305175781],[151.42079673707485,-33.50642398931086,98.80000305175781],[151.4207632932812,-33.506433041766286,98.80000305175781],[151.42074602656066,-33.506432538852096,94.5999984741211],[151.42063655890524,-33.50641476921737,94.19999694824219],[151.4205079805106,-33.50639037787914,93.4000015258789],[151.4204900432378,-33.506384175270796,93.19999694824219],[151.42034830525517,-33.506359281018376,92.4000015258789],[151.42033481039107,-33.50636472925544,92.4000015258789],[151.42028510570526,-33.50637026131153,92.4000015258789],[151.42021612264216,-33.506355760619044,91.5999984741211],[151.42019944265485,-33.50635492242873,91.19999694824219],[151.42012752592564,-33.50634134374559,90.4000015258789],[151.42011218704283,-33.50634394213557,90.19999694824219],[151.4200534299016,-33.50634377449751,89.19999694824219],[151.42002501524985,-33.506345953792334,88.4000015258789],[151.41999282874167,-33.50634436123073,87.80000305175781],[151.41992066055536,-33.50633656606078,86.5999984741211],[151.41987481154501,-33.5063511505723,86.19999694824219],[151.4198396075517,-33.506377805024385,85.4000015258789],[151.41980440355837,-33.50642147473991,84.4000015258789],[151.41979979351163,-33.50643815472722,84.19999694824219],[151.4198018051684,-33.506585508584976,83.19999694824219],[151.41983323730528,-33.506719870492816,82.5999984741211],[151.4198480732739,-33.506772089749575,82.19999694824219],[151.41988889314234,-33.50682891905308,82],[151.41995251178741,-33.50691215135157,81.4000015258789],[151.41997589729726,-33.50694249384105,81.19999694824219],[151.42006021924317,-33.5070541407913,80.4000015258789],[151.42008477821946,-33.507092110812664,80],[151.42010942101479,-33.5071437433362,79.5999984741211],[151.42017521895468,-33.50728053599596,79.19999694824219],[151.42018720507622,-33.507306687533855,79],[151.42022794112563,-33.50739545188844,78.5999984741211],[151.42027404159307,-33.50753375329077,78],[151.42031578347087,-33.50767012685537,77.19999694824219],[151.4203303679824,-33.50781563669443,77.19999694824219],[151.42033045180142,-33.507953099906445,77.19999694824219],[151.42031461000443,-33.508069440722466,76.80000305175781],[151.4203126821667,-33.50810615345836,76.5999984741211],[151.42033665440977,-33.50820514373481,76.4000015258789],[151.42034185118973,-33.50827110931277,76],[151.4203568547964,-33.5082817543298,75.80000305175781],[151.42036221921444,-33.508295165374875,75.80000305175781],[151.42036305740476,-33.50830866023898,75.80000305175781],[151.42034428194165,-33.50846389308572,74.80000305175781],[151.42034118063748,-33.50847965106368,74.80000305175781],[151.42033154144883,-33.50862465798855,74.4000015258789],[151.420289715752,-33.50870202295482,74],[151.42028032802045,-33.50870939902961,74],[151.42019835300744,-33.508748123422265,73.80000305175781],[151.4201908931136,-33.50874896161258,73.80000305175781],[151.42011386342347,-33.50878500379622,72.5999984741211],[151.42010204494,-33.50878684781492,72.4000015258789],[151.42005426809192,-33.50882079452276,71.5999984741211],[151.42003901302814,-33.50883152335882,71],[151.4200029708445,-33.508852729573846,70.4000015258789],[151.41999039798975,-33.508856166154146,70.4000015258789],[151.4199482370168,-33.508851639926434,69.5999984741211],[151.41993516124785,-33.50885381922126,69.4000015258789],[151.41990766860545,-33.50885599851608,68.80000305175781],[151.41988780349493,-33.50886706262827,68.80000305175781],[151.41984798945487,-33.508880054578185,68.19999694824219],[151.41983424313366,-33.50889505818486,68],[151.4198047388345,-33.50891835987568,67.19999694824219],[151.4197481609881,-33.50896622054279,66],[151.419737348333,-33.50896923802793,66],[151.41969460062683,-33.50898876786232,65],[151.4196445606649,-33.509016847237945,63.79999923706055],[151.41963290981948,-33.509028162807226,63.400001525878906],[151.41961086541414,-33.509062360972166,62.599998474121094],[151.41956811770797,-33.50910963490605,61.599998474121094],[151.41951330006123,-33.50914374925196,60.79999923706055],[151.41949905082583,-33.50915640592575,60.20000076293945],[151.41946711577475,-33.50917140953243,59.400001525878906],[151.4194566383958,-33.50918222218752,59],[151.41941866837442,-33.509225975722075,57.79999923706055],[151.41937625594437,-33.50923938676715,56.79999923706055],[151.41936804167926,-33.509254390373826,56.400001525878906],[151.4193649403751,-33.50929361768067,55.79999923706055],[151.41935873776674,-33.50930484943092,55.599998474121094],[151.419343566522,-33.509307699278,55.400001525878906],[151.41929344274104,-33.50933091714978,54.599998474121094],[151.41926779411733,-33.509359918534756,53.400001525878906],[151.41925815492868,-33.50936645641923,53.20000076293945],[151.41920819878578,-33.509389255195856,52.20000076293945],[151.41919830814004,-33.50939101539552,52],[151.4191776048392,-33.50939151830971,51.20000076293945],[151.41916955821216,-33.50939663127065,51.20000076293945],[151.41915321350098,-33.509408282116055,50.599998474121094],[151.41913879662752,-33.50942278280854,50.20000076293945],[151.41913217492402,-33.50942915305495,50],[151.4191059395671,-33.509446922689676,48.79999923706055],[151.4190779440105,-33.509460501372814,48],[151.41906403005123,-33.50947198458016,47.599998474121094],[151.4190444163978,-33.509499644860625,46.79999923706055],[151.4190412312746,-33.509503081440926,46.400001525878906],[151.41901457682252,-33.509521605446935,45.400001525878906],[151.419007955119,-33.509526550769806,45.20000076293945],[151.4189926162362,-33.509547086432576,44.400001525878906],[151.418973589316,-33.509578770026565,43.599998474121094],[151.41896001063287,-33.50960592739284,43.20000076293945],[151.4189273212105,-33.50961229763925,42.599998474121094],[151.4189096353948,-33.509614393115044,42.20000076293945],[151.41889396123588,-33.50964238867164,41.20000076293945],[151.41888549551368,-33.50964800454676,41],[151.41885791905224,-33.50967935286462,40],[151.41882271505892,-33.5097081027925,38.79999923706055],[151.4187882654369,-33.509736182168126,37.599998474121094],[151.41876756213605,-33.50974380970001,37.20000076293945],[151.41873956657946,-33.50975286215544,36.599998474121094],[151.41870335675776,-33.50978530012071,35.599998474121094],[151.4186958130449,-33.50979653187096,35.400001525878906],[151.4186632912606,-33.50981899537146,34.400001525878906],[151.4186000917107,-33.50985034368932,33.599998474121094],[151.41856941394508,-33.509864592924714,33.20000076293945],[151.4185404125601,-33.509886134415865,32],[151.4185271691531,-33.50991630926728,31],[151.41851778142154,-33.50993039086461,30.799999237060547],[151.41849640756845,-33.509950088337064,30.399999618530273],[151.41847587190568,-33.509962828829885,29.799999237060547],[151.4184389077127,-33.50998763926327,28.799999237060547],[151.41843513585627,-33.50999887101352,28.399999618530273],[151.41843345947564,-33.51001001894474,28.200000762939453],[151.4184222277254,-33.510026363655925,27.600000381469727],[151.41839222051203,-33.510039020329714,26.799999237060547],[151.41838098876178,-33.51004430092871,26.600000381469727],[151.41834595240653,-33.5100828576833,25.399999618530273],[151.41833572648466,-33.51010431535542,24.799999237060547],[151.41832910478115,-33.510113283991814,24.200000762939453],[151.41831695102155,-33.51013524457812,23.200000762939453],[151.41831343062222,-33.510141698643565,22.799999237060547],[151.41829758882523,-33.510163994506,21.799999237060547],[151.41829641535878,-33.51016977801919,21.600000381469727],[151.41830211505294,-33.51018947549164,20.799999237060547],[151.4183041267097,-33.51020146161318,20.600000381469727],[151.41830454580486,-33.5102123580873,20.399999618530273],[151.41830680891871,-33.510237419977784,19.600000381469727],[151.41830756329,-33.51025024428964,19],[151.41830756329,-33.51026197895408,18.600000381469727],[151.41831720247865,-33.510278994217515,17.399999618530273],[151.4183350559324,-33.51028569974005,17],[151.41836875118315,-33.51029483601451,16.399999618530273],[151.41838970594108,-33.51030430756509,15.199999809265137],[151.41838677227497,-33.51033733226359,14],[151.41837428323925,-33.510356191545725,13],[151.41835517250001,-33.510412434116006,12],[151.4183052163571,-33.51045040413737,12.199999809265137],[151.41827219165862,-33.51046213880181,11.199999809265137],[151.41826858744025,-33.51046163588762,11],[151.41824712976813,-33.51046146824956,11.199999809265137],[151.41823044978082,-33.51045702584088,11.199999809265137],[151.41821418888867,-33.510456355288625,12],[151.4181963354349,-33.5104816686362,11.800000190734863],[151.41817102208734,-33.51049088872969,11.600000381469727],[151.41810438595712,-33.510502791032195,12.199999809265137],[151.41808468848467,-33.51051175966859,13.199999809265137],[151.41804981976748,-33.5105009470135,13.600000381469727],[151.41800631769001,-33.51048091426492,14],[151.41797857359052,-33.51047119125724,14.199999809265137],[151.41796390525997,-33.510466665029526,14.199999809265137],[151.4178411103785,-33.51042450405657,14.399999618530273],[151.41774002462626,-33.510411428287625,15.199999809265137],[151.41770247370005,-33.51040271110833,15.800000190734863],[151.41768973320723,-33.51039960980415,15.800000190734863],[151.4176399447024,-33.51038510911167,16.399999618530273],[151.417625695467,-33.51038569584489,16.600000381469727],[151.41756056807935,-33.51037563756108,17.399999618530273],[151.41755243763328,-33.51037312299013,17.799999237060547],[151.41750826500356,-33.51037982851267,18],[151.41743735410273,-33.5103867854923,18.600000381469727],[151.41742134466767,-33.5103904735297,18.799999237060547],[151.4174118731171,-33.51039793342352,19],[151.41735998913646,-33.510403633117676,19.799999237060547],[151.41734071075916,-33.51040539331734,20.399999618530273],[151.41732461750507,-33.51040338166058,20.799999237060547],[151.41729653812945,-33.51039499975741,21.399999618530273],[151.41726711764932,-33.51039466448128,21.799999237060547],[151.41724901273847,-33.51040187291801,22],[151.41722830943763,-33.51040614768863,22.200000762939453],[151.4172071032226,-33.51041369140148,22.799999237060547],[151.41717148013413,-33.510427102446556,23.799999237060547],[151.41715966165066,-33.510428527370095,24],[151.41709914430976,-33.51042576134205,25.200000762939453],[151.41705824062228,-33.510435903444886,25.799999237060547],[151.4170226175338,-33.51044495590031,26.200000762939453],[151.41696503385901,-33.510464150458574,27],[151.4169486053288,-33.51046549156308,27.200000762939453],[151.4169047679752,-33.51047999225557,27.600000381469727],[151.4168880879879,-33.51048602722585,27.799999237060547],[151.41687576659024,-33.51048409938812,27.799999237060547],[151.41684014350176,-33.51048736833036,28.200000762939453],[151.41682958230376,-33.51049114018679,28.399999618530273],[151.41681550070643,-33.5104956664145,28.600000381469727],[151.41672573052347,-33.510500276461244,28.799999237060547],[151.41663495451212,-33.51051804609597,29.399999618530273],[151.416624058038,-33.51051821373403,29.600000381469727],[151.41659891232848,-33.510527266189456,29.600000381469727],[151.41654250212014,-33.51054595783353,29.799999237060547],[151.41644401475787,-33.510566325858235,30.399999618530273],[151.41643001697958,-33.51056867279112,30.600000381469727],[151.416394142434,-33.51058074273169,31],[151.41636765561998,-33.510590298101306,31.200000762939453],[151.41634016297758,-33.51059339940548,31.600000381469727],[151.41632842831314,-33.510598009452224,31.600000381469727],[151.4163145981729,-33.51060303859413,31.799999237060547],[151.41624603420496,-33.51062223315239,32.20000076293945],[151.41622876748443,-33.510630782693624,32.400001525878906],[151.41618677414954,-33.51064017042518,32.599998474121094],[151.41617445275187,-33.51064654067159,32.599998474121094],[151.4161488879472,-33.51065584458411,32.79999923706055],[151.4161364827305,-33.51065492257476,32.79999923706055],[151.41605727374554,-33.51068585179746,33.20000076293945],[151.41602877527475,-33.51070739328861,33.20000076293945],[151.41596741974354,-33.510731952264905,33.400001525878906],[151.4158719498664,-33.5107203014195,33.599998474121094],[151.41585703007877,-33.51071988232434,33.599998474121094],[151.41582735814154,-33.510731533169746,33.79999923706055],[151.41579559072852,-33.51073312573135,33.79999923706055],[151.41571319662035,-33.51074645295739,34],[151.41568922437727,-33.51074913516641,34.20000076293945],[151.41561496071517,-33.51075039245188,34.400001525878906],[151.4155756495893,-33.51075517013669,34.599998474121094],[151.41556441783905,-33.51075667887926,34.79999923706055],[151.41556257382035,-33.51076288148761,35],[151.41551638953388,-33.51074008271098,35.79999923706055],[151.41546106897295,-33.510744189843535,36.79999923706055],[151.41545201651752,-33.51074544712901,37.20000076293945],[151.4154355879873,-33.51074846461415,37.599998474121094],[151.41541371122003,-33.51074796169996,38],[151.41539661213756,-33.51074838079512,38.20000076293945],[151.4153790101409,-33.51075416430831,38.599998474121094],[151.415334334597,-33.51076061837375,39.20000076293945],[151.41530918888748,-33.51076204329729,39.599998474121094],[151.41527691856027,-33.51074972189963,40.20000076293945],[151.41523425467312,-33.51073773577809,40.599998474121094],[151.41521707177162,-33.510740753263235,40.79999923706055],[151.41513635404408,-33.51076430641115,41],[151.415122942999,-33.51076246239245,41],[151.41502135433257,-33.510781237855554,41.20000076293945],[151.4150177501142,-33.510782243683934,41.400001525878906],[151.41493560746312,-33.51078257896006,42],[151.4149239566177,-33.510799342766404,42.20000076293945],[151.41492253169417,-33.510797917842865,42.20000076293945],[151.41491674818099,-33.510827170684934,41.79999923706055],[151.41490828245878,-33.51083102636039,41.400001525878906],[151.41489294357598,-33.5108408331871,41.599998474121094],[151.41488992609084,-33.51083982735872,41.79999923706055],[151.41488992609084,-33.51083982735872,42],[151.41492663882673,-33.510839408263564,41.400001525878906],[151.4149304945022,-33.51083915680647,41.400001525878906],[151.4149304945022,-33.51083915680647,41.400001525878906],[151.4149304945022,-33.51083915680647,41.400001525878906],[151.4149304945022,-33.51083915680647,41.400001525878906],[151.4149304945022,-33.51083915680647,41.400001525878906],[151.4149304945022,-33.51083915680647,41.400001525878906],[151.4149304945022,-33.51083915680647,41.400001525878906],[151.4149313326925,-33.51083915680647,41.400001525878906],[151.4149313326925,-33.51083840243518,41.400001525878906],[151.41492823138833,-33.51083857007325,41.400001525878906],[151.41490266658366,-33.51083437912166,41.400001525878906],[151.41490157693624,-33.51083186455071,41.400001525878906],[151.41489797271788,-33.51082691922784,41.400001525878906],[151.41489227302372,-33.5108236502856,41.400001525878906],[151.41488816589117,-33.510822309181094,41.400001525878906],[151.41486503183842,-33.51078987121582,41.400001525878906],[151.4148623496294,-33.510788194835186,41.400001525878906],[151.4148623496294,-33.510788194835186,41.400001525878906],[151.4148623496294,-33.510788194835186,41.400001525878906],[151.41486243344843,-33.51078836247325,41.400001525878906],[151.41486461274326,-33.5108133405447,41.400001525878906],[151.41486511565745,-33.510819459334016,41.400001525878906],[151.4148768503219,-33.51082976907492,41.400001525878906],[151.41487693414092,-33.51082792505622,41.400001525878906],[151.41487701795995,-33.510827170684934,41.400001525878906],[151.41487735323608,-33.51082650013268,41.400001525878906],[151.41487735323608,-33.51082683540881,41.400001525878906],[151.41487785615027,-33.510825326666236,41.400001525878906],[151.41487785615027,-33.510823315009475,40.79999923706055],[151.41487852670252,-33.51082348264754,41.400001525878906],[151.41487760469317,-33.5108236502856,41.400001525878906],[151.41487802378833,-33.51082398556173,41.599998474121094],[151.41487835906446,-33.510822895914316,41.20000076293945],[151.41487835906446,-33.510822895914316,41.20000076293945],[151.4148786943406,-33.510822895914316,41.400001525878906],[151.4148792810738,-33.510822895914316,41.400001525878906],[151.41487961634994,-33.51082314737141,41.599998474121094],[151.41487936489284,-33.51082272827625,41.599998474121094],[151.41487936489284,-33.510822057724,41.79999923706055],[151.41487936489284,-33.510822057724,41.79999923706055],[151.41488062217832,-33.51082147099078,41.79999923706055],[151.41488053835928,-33.51082163862884,41.79999923706055],[151.41487936489284,-33.510821303352714,42],[151.41487802378833,-33.510820884257555,42],[151.4148779399693,-33.510820884257555,42],[151.41487877815962,-33.510821387171745,42],[151.4148790296167,-33.51082272827625,42],[151.41488104127347,-33.51082356646657,42],[151.4148837234825,-33.51083152927458,42],[151.41488791443408,-33.51085742935538,42],[151.41489621251822,-33.510871678590775,42],[151.4149096235633,-33.51094870828092,42],[151.4148972183466,-33.5109808947891,42],[151.41489386558533,-33.51101299747825,42],[151.4148864056915,-33.51104501634836,42],[151.41490560024977,-33.511063791811466,49.599998474121094],[151.41491356305778,-33.51108466275036,49.599998474121094],[151.41491138376296,-33.51111441850662,50.400001525878906],[151.41491850838065,-33.5111397318542,50.599998474121094],[151.41491800546646,-33.511175187304616,51.400001525878906],[151.41491532325745,-33.511206954717636,51.79999923706055],[151.41490006819367,-33.51123780012131,53],[151.4148958772421,-33.51125640794635,53],[151.41489394940436,-33.511305693537,53.79999923706055],[151.41489151865244,-33.511316422373056,54],[151.41488699242473,-33.5113281570375,54.20000076293945],[151.414853380993,-33.51135673932731,54.79999923706055],[151.4148472622037,-33.51137576624751,55.400001525878906],[151.41484365798533,-33.51138741709292,55.599998474121094],[151.4148211106658,-33.51143192499876,56.599998474121094],[151.41481993719935,-33.51144005544484,56.599998474121094],[151.4147875830531,-33.5114988964051,57.400001525878906],[151.41478112898767,-33.511506440117955,57.599998474121094],[151.4147642813623,-33.511538626626134,58.79999923706055],[151.41476394608617,-33.51154231466353,59],[151.41476344317198,-33.51155798882246,60],[151.41478213481605,-33.51158338598907,60.400001525878906],[151.41480585560203,-33.51160601712763,61],[151.41481432132423,-33.51162537932396,61.400001525878906],[151.41482890583575,-33.51165622472763,62.20000076293945],[151.41483452171087,-33.51167684420943,62.599998474121094],[151.4148181769997,-33.51172562688589,63.20000076293945],[151.41480979509652,-33.51173912175,63.79999923706055],[151.41480191610754,-33.511756053194404,64.4000015258789],[151.41479512676597,-33.51177935488522,64.80000305175781],[151.4147986471653,-33.5118081048131,65.5999984741211],[151.4148036763072,-33.511821599677205,65.80000305175781],[151.41480459831655,-33.511866610497236,66.5999984741211],[151.4148176740855,-33.51190575398505,67.19999694824219],[151.41482278704643,-33.511918829753995,67.5999984741211],[151.41482790000737,-33.51193467155099,68.19999694824219],[151.41483653336763,-33.51194707676768,68.80000305175781],[151.41485480591655,-33.51198362186551,70],[151.41485447064042,-33.51199317723513,70.4000015258789],[151.41485103406012,-33.511999966576695,71],[151.41486058942974,-33.51202117279172,71.80000305175781],[151.4148781914264,-33.512032236903906,72.4000015258789],[151.4149104617536,-33.512034080922604,73.4000015258789],[151.4149022474885,-33.512052772566676,74.4000015258789],[151.414906186983,-33.512069787830114,74.5999984741211],[151.4149476774037,-33.51210247725248,75.5999984741211],[151.41496720723808,-33.51214329712093,76.80000305175781],[151.41496175900102,-33.512162659317255,77.5999984741211],[151.4149569813162,-33.51217120885849,77.80000305175781],[151.4149429835379,-33.51222099736333,79],[151.4149437379092,-33.51226148195565,79.80000305175781],[151.4149556402117,-33.51228595711291,80.19999694824219],[151.41498120501637,-33.51232568733394,81],[151.4149913471192,-33.51235401816666,81.5999984741211],[151.41505144536495,-33.51240070536733,82.80000305175781],[151.41508363187313,-33.512419732287526,83.80000305175781],[151.41509796492755,-33.512443117797375,84.19999694824219],[151.41515186056495,-33.51246340200305,85],[151.41515881754458,-33.51246725767851,85],[151.41523106954992,-33.51253221742809,85.80000305175781],[151.41524313949049,-33.512554513290524,86],[151.41525386832654,-33.51260765455663,86.80000305175781],[151.41524489969015,-33.512616036459804,87],[151.41522453166544,-33.51267797872424,88],[151.41521707177162,-33.5126871149987,88.19999694824219],[151.41516426578164,-33.51275115273893,89.19999694824219],[151.41515471041203,-33.51275467313826,89.19999694824219],[151.41513149254024,-33.512801360338926,90.19999694824219],[151.41512679867446,-33.51280999369919,90.5999984741211],[151.41511271707714,-33.512867325916886,91.5999984741211],[151.4151128847152,-33.51287822239101,91.5999984741211],[151.4151041675359,-33.51291820406914,92.19999694824219],[151.41509997658432,-33.51295852102339,92.5999984741211],[151.41511145979166,-33.51298316381872,93.19999694824219],[151.41512436792254,-33.51299271918833,93.80000305175781],[151.415149345994,-33.5130098182708,94.4000015258789],[151.41516820527613,-33.51302809081972,95],[151.41519117169082,-33.51304183714092,95.4000015258789],[151.41521690413356,-33.513054829090834,95.5999984741211],[151.4152246993035,-33.51306740194559,96],[151.41525018028915,-33.51309137418866,96.4000015258789],[151.41525998711586,-33.51309682242572,96.5999984741211],[151.41528320498765,-33.51311467587948,97],[151.4153184928,-33.51311668753624,97.5999984741211],[151.41536241397262,-33.51312456652522,98],[151.41540667042136,-33.513141917064786,98.19999694824219],[151.41548437066376,-33.513184329494834,99],[151.4155605621636,-33.513248199597,100.19999694824219],[151.41557464376092,-33.51326772943139,100.19999694824219],[151.4155820198357,-33.51327879354358,100.5999984741211],[151.41560557298362,-33.513328498229384,101.4000015258789],[151.4156100153923,-33.51333763450384,101.5999984741211],[151.41562124714255,-33.513352889567614,102],[151.4156364183873,-33.51338725537062,102.4000015258789],[151.41561806201935,-33.513462441042066,103.4000015258789],[151.41559568233788,-33.51354374550283,104.4000015258789],[151.4155898988247,-33.51355405524373,104.4000015258789],[151.4155864622444,-33.51361121982336,105.4000015258789],[151.41558864153922,-33.513621278107166,105.5999984741211],[151.41558797098696,-33.513629995286465,105.80000305175781],[151.4155928324908,-33.51367182098329,106.5999984741211],[151.41563767567277,-33.51375044323504,107.5999984741211],[151.41564873978496,-33.51378480903804,108.19999694824219],[151.4156652521342,-33.51382219232619,108.80000305175781],[151.41567179001868,-33.51383778266609,108.80000305175781],[151.41566349193454,-33.513897797092795,109.19999694824219],[151.41566030681133,-33.51390643045306,109.19999694824219],[151.4156528469175,-33.51397817954421,110.19999694824219],[151.41564371064305,-33.51402813568711,111],[151.41563675366342,-33.51403811015189,111.19999694824219],[151.41563004814088,-33.5140598192811,111.4000015258789],[151.4156060758978,-33.514154702425,112.19999694824219],[151.4155957661569,-33.514179680496454,112.4000015258789],[151.415558969602,-33.51425176486373,112.5999984741211],[151.41554044559598,-33.51432359777391,112.80000305175781],[151.41550121828914,-33.51437103934586,113.19999694824219],[151.41549727879465,-33.51437833160162,113.19999694824219],[151.41546006314456,-33.51444823667407,113.5999984741211],[151.4154088497162,-33.51453507319093,113.4000015258789],[151.41535461880267,-33.514591148123145,113.4000015258789],[151.4152989629656,-33.5146333090961,113.4000015258789],[151.41527314670384,-33.51464604958892,113.4000015258789],[151.41523752361536,-33.51468619890511,113.4000015258789],[151.41519469209015,-33.514735819771886,113.19999694824219],[151.41515797935426,-33.51477990858257,113],[151.4151385333389,-33.514810586348176,113],[151.4151287265122,-33.51482056081295,112.80000305175781],[151.41508027911186,-33.5149110853672,112.80000305175781],[151.41506116837263,-33.51493841037154,112.5999984741211],[151.41499830409884,-33.515060283243656,112.4000015258789],[151.4149905089289,-33.515071514993906,112.19999694824219],[151.41494113951921,-33.5151824913919,111.80000305175781],[151.41488120891154,-33.51527301594615,111.19999694824219],[151.41487022861838,-33.51529858075082,111],[151.41478867270052,-33.51542414166033,110.5999984741211],[151.41477073542774,-33.51546077057719,110.19999694824219],[151.41475791111588,-33.51547476835549,110],[151.41472321003675,-33.51551986299455,109.80000305175781],[151.4147170074284,-33.51553101092577,109.80000305175781],[151.4146403130144,-33.51564793847501,109.4000015258789],[151.41458172351122,-33.51572220213711,109],[151.41456747427583,-33.51574491709471,109.19999694824219],[151.41448340378702,-33.5158231202513,108.5999984741211],[151.41444099135697,-33.51586653850973,108],[151.4143916219473,-33.51592537946999,107.80000305175781],[151.41431693919003,-33.516043312847614,107.4000015258789],[151.41422205604613,-33.51613610051572,107],[151.41420948319137,-33.516143560409546,107],[151.41419850289822,-33.51615345105529,106.80000305175781],[151.41415106132627,-33.51620231755078,106.4000015258789],[151.4140924718231,-33.51627113297582,106],[151.4140835031867,-33.51628001779318,106],[151.41401049681008,-33.51634891703725,105.80000305175781],[151.41394511796534,-33.516455702483654,105.5999984741211],[151.41389105468988,-33.516519824042916,105.5999984741211],[151.4138831757009,-33.51653139106929,105.4000015258789],[151.41381486319005,-33.51661965250969,105.5999984741211],[151.41380656510592,-33.51662686094642,105.5999984741211],[151.41375292092562,-33.516682432964444,106],[151.41372014768422,-33.51671361364424,106.19999694824219],[151.41365258954465,-33.516787961125374,106.80000305175781],[151.4135758113116,-33.51687370799482,106.80000305175781],[151.41357220709324,-33.51688435301185,106.80000305175781],[151.41352359205484,-33.51693246513605,106.80000305175781],[151.41348813660443,-33.51698133163154,106.80000305175781],[151.41344882547855,-33.51701787672937,106.80000305175781],[151.4134193211794,-33.51704486645758,106.80000305175781],[151.41341479495168,-33.5170560143888,106.80000305175781],[151.41332804225385,-33.517152490094304,106.80000305175781],[151.41330574639142,-33.517178473994136,106.80000305175781],[151.41329200007021,-33.51721443235874,106.80000305175781],[151.41321153379977,-33.51729456335306,106.80000305175781],[151.4131577219814,-33.5173477884382,106.80000305175781],[151.413114387542,-33.517370419576764,106.80000305175781],[151.41310198232532,-33.5173755325377,113.5999984741211],[151.41305127181113,-33.51742138154805,113.5999984741211],[151.41297357156873,-33.517467733472586,113.19999694824219],[151.41293979249895,-33.51749380119145,113.19999694824219],[151.41280928626657,-33.51759874261916,113.19999694824219],[151.4127554744482,-33.517636712640524,113.19999694824219],[151.41271348111331,-33.5176620259881,113.4000015258789],[151.41260049305856,-33.51772656664252,113.80000305175781],[151.41249982640147,-33.51779940538108,114],[151.41248733736575,-33.517808290198445,114],[151.41239991411567,-33.51787970401347,114.5999984741211],[151.41236294992268,-33.51791247725487,114.5999984741211],[151.41228524968028,-33.51797215640545,115.4000015258789],[151.41227192245424,-33.51797902956605,115.5999984741211],[151.4122097287327,-33.51803510449827,116.5999984741211],[151.41219765879214,-33.518046671524644,116.80000305175781],[151.41218558885157,-33.518056562170386,116.80000305175781],[151.41214954666793,-33.51806905120611,117.4000015258789],[151.41210755333304,-33.518083384260535,117.80000305175781],[151.41205474734306,-33.51810643449426,117.80000305175781],[151.41200353391469,-33.5181371960789,118.19999694824219],[151.41195366159081,-33.51816653274,118.80000305175781],[151.41183237545192,-33.518247082829475,119.4000015258789],[151.41174637712538,-33.51828069426119,119.19999694824219],[151.41160681843758,-33.518325705081224,119.4000015258789],[151.41158091835678,-33.51833710446954,119.4000015258789],[151.41155418008566,-33.518345234915614,119.4000015258789],[151.4114911481738,-33.518359987065196,118.80000305175781],[151.4113573729992,-33.51837239228189,118.19999694824219],[151.41128252260387,-33.51835202425718,117.80000305175781],[151.41126584261656,-33.51835043169558,117.80000305175781],[151.41123223118484,-33.5183425527066,117.5999984741211],[151.41117523424327,-33.51832805201411,117.19999694824219],[151.4111343305558,-33.51831514388323,117],[151.4111092686653,-33.518318412825465,116.5999984741211],[151.41095504164696,-33.518331572413445,116.19999694824219],[151.41087910160422,-33.51836979389191,115.80000305175781],[151.41086828894913,-33.518382366746664,115.5999984741211],[151.41085672192276,-33.518397035077214,115.5999984741211],[151.41080358065665,-33.51846995763481,114.80000305175781],[151.4107955340296,-33.518481105566025,114.5999984741211],[151.410764856264,-33.518572552129626,113.80000305175781],[151.41075463034213,-33.51859820075333,113.5999984741211],[151.41069897450507,-33.518693670630455,112.4000015258789],[151.41068883240223,-33.518698532134295,112.4000015258789],[151.41065899282694,-33.51873239502311,112],[151.41058271750808,-33.51879609748721,111.4000015258789],[151.4105716533959,-33.51880934089422,111.19999694824219],[151.41049361787736,-33.51887824013829,110.5999984741211],[151.41046872362494,-33.51888737641275,110.4000015258789],[151.41044944524765,-33.51891168393195,109.80000305175781],[151.41040208749473,-33.518970189616084,109.19999694824219],[151.41036864370108,-33.519017212092876,108.80000305175781],[151.41032447107136,-33.51906473748386,108.19999694824219],[151.41030016355217,-33.51909415796399,107.80000305175781],[151.41023612581193,-33.519165236502886,107.19999694824219],[151.41021785326302,-33.51917831227183,107],[151.4102103933692,-33.51918728090823,106.80000305175781],[151.41013571061194,-33.51928568445146,106.19999694824219],[151.41006253659725,-33.51936682127416,105],[151.4099823217839,-33.51942733861506,104.4000015258789],[151.4099281746894,-33.51948408409953,104],[151.40988023020327,-33.51954887621105,103.80000305175781],[151.40983966179192,-33.51959547959268,102.80000305175781],[151.40981535427272,-33.5196203738451,102.4000015258789],[151.40976472757757,-33.51965608075261,102],[151.40973874367774,-33.51966907270253,101.80000305175781],[151.409670766443,-33.51975238882005,100.80000305175781],[151.40966364182532,-33.5197636205703,100.80000305175781],[151.40959390439093,-33.5198603477329,99.80000305175781],[151.4095840137452,-33.51986822672188,99.80000305175781],[151.40955065377057,-33.519920613616705,99.19999694824219],[151.40952307730913,-33.519956320524216,98.80000305175781],[151.40951653942466,-33.519967971369624,98.5999984741211],[151.40946809202433,-33.52002195082605,97.80000305175781],[151.40942299738526,-33.52008146233857,97.5999984741211],[151.4093939960003,-33.52013041265309,96.4000015258789],[151.40938762575388,-33.52014256641269,96.19999694824219],[151.40937882475555,-33.52016896940768,95.80000305175781],[151.40935418196023,-33.520196629688144,95.5999984741211],[151.40934948809445,-33.52020861580968,95.4000015258789],[151.40934504568577,-33.520216662436724,95.19999694824219],[151.40934051945806,-33.520249016582966,94.5999984741211],[151.4092991128564,-33.52033099159598,94.19999694824219],[151.4092914853245,-33.52034934796393,94],[151.40927287749946,-33.52036762051284,93.80000305175781],[151.40923532657325,-33.52038513869047,93.19999694824219],[151.40922920778394,-33.520403914153576,92.5999984741211],[151.40920104458928,-33.520444901660085,92],[151.40919065102935,-33.520453283563256,91.80000305175781],[151.40917380340397,-33.52047842927277,91.4000015258789],[151.40915636904538,-33.52049544453621,90.80000305175781],[151.40911638736725,-33.52054196409881,90.4000015258789],[151.40907498076558,-33.5205718036741,90],[151.40906626358628,-33.520577335730195,89.80000305175781],[151.4090462308377,-33.52059921249747,89.4000015258789],[151.40900457277894,-33.52065788581967,88.5999984741211],[151.40898504294455,-33.52069292217493,88.19999694824219],[151.40894564799964,-33.52074849419296,87.80000305175781],[151.40893558971584,-33.520758133381605,87.5999984741211],[151.40892402268946,-33.520783027634025,87.4000015258789],[151.4088945183903,-33.52082954719663,86.5999984741211],[151.40887406654656,-33.52087036706507,85.5999984741211],[151.40886291861534,-33.520880760625005,85.4000015258789],[151.4088580571115,-33.520888136699796,85.19999694824219],[151.4088332466781,-33.52093532681465,84.5999984741211],[151.40881539322436,-33.52096105925739,84.19999694824219],[151.40879862941802,-33.52099869400263,83.80000305175781],[151.40877700410783,-33.521018056198955,83.4000015258789],[151.4087592344731,-33.52104865014553,83],[151.40875370241702,-33.52106616832316,82.80000305175781],[151.40873760916293,-33.521160800009966,82.4000015258789],[151.40871539711952,-33.521244283765554,81.4000015258789],[151.40870969742537,-33.521252665668726,81.19999694824219],[151.4086994715035,-33.521280912682414,81.19999694824219],[151.4086857251823,-33.521332712844014,80.80000305175781],[151.40868647955358,-33.521344531327486,80.80000305175781],[151.408671727404,-33.52143120020628,80.4000015258789],[151.40866971574724,-33.52144058793783,80.4000015258789],[151.40866661444306,-33.52146011777222,80.19999694824219],[151.40864725224674,-33.52152977138758,80],[151.40863794833422,-33.5216080583632,79.4000015258789],[151.40863593667746,-33.521643513813615,79.19999694824219],[151.40862411819398,-33.52171375416219,78.80000305175781],[151.40861925669014,-33.52174652740359,78.80000305175781],[151.40861934050918,-33.52180218324065,78.4000015258789],[151.4086183346808,-33.52182841859758,78],[151.40861665830016,-33.521840991452336,78],[151.40861640684307,-33.521990021690726,77.19999694824219],[151.40858623199165,-33.522100830450654,77.19999694824219],[151.4085829630494,-33.52211239747703,77],[151.40856527723372,-33.52219655178487,75.80000305175781],[151.40856385231018,-33.52220778353512,75.80000305175781],[151.40855035744607,-33.52226385846734,75.5999984741211],[151.40854985453188,-33.52232923731208,75.5999984741211],[151.40854784287512,-33.52241858839989,75.5999984741211],[151.40855371020734,-33.522500060498714,75.19999694824219],[151.40854164026678,-33.52252529002726,75.19999694824219],[151.40852789394557,-33.52258203551173,75.19999694824219],[151.40851758420467,-33.522614976391196,75.19999694824219],[151.40848925337195,-33.52268957532942,75.19999694824219],[151.40848187729716,-33.52270130999386,75],[151.40847659669816,-33.522722348570824,75],[151.40847684815526,-33.522798120975494,75.19999694824219],[151.40846469439566,-33.52286987006664,75.19999694824219],[151.40845354646444,-33.52292192168534,75.4000015258789],[151.4084494393319,-33.52298554033041,75.4000015258789],[151.4084473438561,-33.52299618534744,75.4000015258789],[151.4084407221526,-33.52308469824493,75.80000305175781],[151.40843753702939,-33.52309551090002,75.80000305175781],[151.4083638601005,-33.5231898073107,76.19999694824219],[151.40830191783607,-33.52322702296078,76.4000015258789],[151.40827836468816,-33.52322157472372,75.80000305175781],[151.40818909741938,-33.52321763522923,75.80000305175781],[151.4081825595349,-33.52322727441788,75.80000305175781],[151.40815590508282,-33.52324143983424,75.80000305175781],[151.40803629532456,-33.52326096966863,75.80000305175781],[151.40801978297532,-33.523260885849595,75.80000305175781],[151.40795138664544,-33.52328251115978,75.80000305175781],[151.40788684599102,-33.52330966852605,75.80000305175781],[151.40784275718033,-33.52332266047597,75.80000305175781],[151.4077580999583,-33.52333975955844,75.80000305175781],[151.40762667171657,-33.523354679346085,75.80000305175781],[151.40755693428218,-33.523369850590825,75.80000305175781],[151.40754947438836,-33.52337286807597,69.80000305175781],[151.407516784966,-33.52338183671236,69.80000305175781],[151.4074830058962,-33.52339994162321,69.19999694824219],[151.4074655715376,-33.523406479507685,68.5999984741211],[151.4074037130922,-33.52342760190368,67.4000015258789],[151.40738351270556,-33.52343070320785,67],[151.40735727734864,-33.5234316252172,66.19999694824219],[151.40731687657535,-33.523436821997166,65.19999694824219],[151.40729659236968,-33.523449059575796,64.80000305175781],[151.40726750716567,-33.52349432185292,64],[151.4072646573186,-33.523502703756094,63.79999923706055],[151.4072538446635,-33.52352349087596,63.400001525878906],[151.4072361588478,-33.523552659898996,62.79999923706055],[151.40719081275165,-33.523573614656925,62.20000076293945],[151.40718184411526,-33.52357663214207,62],[151.40716197900474,-33.52358694188297,61.599998474121094],[151.40715384855866,-33.52359155192971,61.400001525878906],[151.40713951550424,-33.523605382069945,61],[151.4071291219443,-33.52361988276243,60.599998474121094],[151.40710330568254,-33.52365584112704,59.599998474121094],[151.4070611447096,-33.5236855968833,58.400001525878906],[151.40703323297203,-33.52371560409665,57.79999923706055],[151.40701998956501,-33.523739743977785,57.400001525878906],[151.40698964707553,-33.52378726936877,56.20000076293945],[151.4069385174662,-33.523799339309335,55.20000076293945],[151.40693021938205,-33.523800345137715,54.79999923706055],[151.40689820051193,-33.52380461990833,54],[151.40684321522713,-33.523816941305995,53],[151.40683483332396,-33.52382163517177,52.79999923706055],[151.40682343393564,-33.523865304887295,51.79999923706055],[151.40681756660342,-33.52388424798846,51.20000076293945],[151.40682854689658,-33.52391098625958,50.400001525878906],[151.4068116992712,-33.52395247668028,49.79999923706055],[151.40679736621678,-33.523984998464584,49.400001525878906],[151.40675713308156,-33.52402330376208,48],[151.40672435984015,-33.52405515499413,46.79999923706055],[151.40672469511628,-33.524068566039205,46.599998474121094],[151.40672955662012,-33.524093544110656,45.79999923706055],[151.4067181572318,-33.52413687855005,45.20000076293945],[151.4067115355283,-33.52414517663419,44.79999923706055],[151.40669150277972,-33.52416839450598,43.599998474121094],[151.40668395906687,-33.52418817579746,43.20000076293945],[151.40665856190026,-33.52421298623085,42.599998474121094],[151.40664397738874,-33.52422857657075,42.400001525878906],[151.40663769096136,-33.5242778621614,41.599998474121094],[151.4066457375884,-33.52428565733135,41.400001525878906],[151.4066496770829,-33.52431658655405,40.400001525878906],[151.40666007064283,-33.524351036176085,39.599998474121094],[151.40666275285184,-33.52436654269695,39.20000076293945],[151.40666434541345,-33.52440702728927,38.20000076293945],[151.40665479004383,-33.52442060597241,38],[151.40663660131395,-33.52444550022483,37.20000076293945],[151.40660022385418,-33.52446595206857,36],[151.4065791014582,-33.52448774501681,35.599998474121094],[151.4065635111183,-33.524502497166395,35],[151.40653559938073,-33.52451481856406,34],[151.40652931295335,-33.524523954838514,33.79999923706055],[151.40649503096938,-33.524532755836844,32.79999923706055],[151.406470220536,-33.52454331703484,32.20000076293945],[151.40643702819943,-33.52454734034836,31.799999237060547],[151.40640115365386,-33.52454608306289,31.200000762939453],[151.40636360272765,-33.52455345913768,30.600000381469727],[151.40633351169527,-33.52454524487257,30],[151.40631054528058,-33.524540634825826,29.399999618530273],[151.40626528300345,-33.524536192417145,28.799999237060547],[151.40625765547156,-33.52454666979611,28.399999618530273],[151.4062551409006,-33.524551866576076,28.200000762939453],[151.40624835155904,-33.524564607068896,27.200000762939453],[151.40625396743417,-33.52458321489394,26.799999237060547],[151.40625581145287,-33.52460668422282,26.200000762939453],[151.40625421889126,-33.52462839335203,25.600000381469727],[151.40625866129994,-33.52463870309293,25],[151.40626637265086,-33.524659322574735,24.200000762939453],[151.40626637265086,-33.52466560900211,23.799999237060547],[151.40626000240445,-33.524684803560376,22.600000381469727],[151.40627768822014,-33.52470307610929,21.799999237060547],[151.40629009343684,-33.52470693178475,21.600000381469727],[151.40631557442248,-33.524745823815465,21],[151.40633191913366,-33.52478773333132,20.799999237060547],[151.4063306618482,-33.52480022236705,21],[151.4063362777233,-33.524852860718966,22.200000762939453],[151.40633166767657,-33.52487834170461,22.600000381469727],[151.40633133240044,-33.52487842552364,23],[151.40632772818208,-33.52488437667489,23.600000381469727],[151.40632563270628,-33.52488395757973,23],[151.40632504597306,-33.52487850934267,23.200000762939453],[151.40632420778275,-33.52487758733332,23.200000762939453],[151.4063203521073,-33.52487783879042,23.200000762939453],[151.4063203521073,-33.524878174066544,23],[151.40632026828825,-33.52487842552364,23],[151.4063140656799,-33.524881694465876,23],[151.40630275011063,-33.52488370612264,23],[151.40628565102816,-33.524888986721635,23],[151.40628598630428,-33.52488923817873,23],[151.40628749504685,-33.52488957345486,23],[151.40628749504685,-33.52488965727389,23],[151.40628757886589,-33.52488982491195,23],[151.40628749504685,-33.52489024400711,23],[151.40628749504685,-33.524886555969715,23],[151.40628489665687,-33.52488521486521,23],[151.40628598630428,-33.52488521486521,23],[151.40628724358976,-33.524884628131986,23],[151.40628749504685,-33.52488739416003,23],[151.40629042871296,-33.52488789707422,23],[151.40625690110028,-33.52491807192564,30.600000381469727],[151.40619914978743,-33.52496291510761,30.600000381469727],[151.40614081174135,-33.525000885128975,31],[151.40609831549227,-33.525036089122295,31.600000381469727],[151.4060846529901,-33.52504204027355,32.20000076293945],[151.40604777261615,-33.52505444549024,33.20000076293945],[151.40602765604854,-33.525070706382394,34.20000076293945],[151.4060204476118,-33.52508118376136,34.599998474121094],[151.4060119818896,-33.52509115822613,35],[151.40600703656673,-33.525102473795414,35.599998474121094],[151.40601315535605,-33.52511730976403,36],[151.40602237544954,-33.52513549849391,36.400001525878906],[151.40601877123117,-33.525142623111606,36.599998474121094],[151.40601684339345,-33.52515117265284,36.79999923706055],[151.40600108541548,-33.52517615072429,37.400001525878906],[151.40599303878844,-33.52519710548222,37.79999923706055],[151.40598532743752,-33.52520397864282,38],[151.40598214231431,-33.52521663531661,38.20000076293945],[151.40596403740346,-33.52523566223681,38.599998474121094],[151.40595163218677,-33.5252430383116,39],[151.40592782758176,-33.52524655871093,39.599998474121094],[151.40591307543218,-33.5252464748919,40],[151.40586722642183,-33.52524706162512,40.79999923706055],[151.4058552403003,-33.525252593681216,41.20000076293945],[151.4058354590088,-33.52525074966252,42.599998474121094],[151.40579304657876,-33.52524538524449,43.400001525878906],[151.40578793361783,-33.52524681016803,43.599998474121094],[151.40575675293803,-33.5252448823303,44.79999923706055],[151.40573219396174,-33.52525292895734,45.400001525878906],[151.40569673851132,-33.525256449356675,46],[151.40566002577543,-33.525260305032134,46.400001525878906],[151.40563320368528,-33.525260305032134,47],[151.4055608678609,-33.52527782320976,48.20000076293945],[151.405510911718,-33.52530313655734,49.400001525878906],[151.4055013563484,-33.52530162781477,49.599998474121094],[151.40543941408396,-33.5253122728318,50.400001525878906],[151.4054096583277,-33.52532325312495,51],[151.40537227503955,-33.52533943019807,51.599998474121094],[151.4053539186716,-33.52534404024482,52],[151.40533681958914,-33.52534747682512,52.599998474121094],[151.40529985539615,-33.5253571998328,53.20000076293945],[151.40526926144958,-33.52539206854999,53.79999923706055],[151.40520757064223,-33.52540246210992,54.79999923706055],[151.40519784763455,-33.52539952844381,55],[151.40515157952905,-33.525413274765015,55.79999923706055],[151.40514638274908,-33.52541553787887,55.79999923706055],[151.40509475022554,-33.52546473965049,57],[151.40508200973272,-33.52547664195299,57.400001525878906],[151.40505753457546,-33.52549818344414,58],[151.4050454646349,-33.525533052161336,58.79999923706055],[151.40502786263824,-33.5255540907383,59],[151.4050188101828,-33.52556247264147,59],[151.4049704466015,-33.525601867586374,59.79999923706055],[151.4049526769668,-33.52560840547085,60],[151.40493960119784,-33.52561477571726,60],[151.40491236001253,-33.52563648484647,60.400001525878906],[151.4048921596259,-33.52566406130791,60.400001525878906],[151.4048593863845,-33.52570731192827,60.79999923706055],[151.40484061092138,-33.52571812458336,61.20000076293945],[151.4048139564693,-33.52577545680106,62.400001525878906],[151.40480264090002,-33.525797836482525,62.599998474121094],[151.40478906221688,-33.5258181206882,62.599998474121094],[151.40475377440453,-33.52585474960506,63],[151.40474396757782,-33.5258612036705,63],[151.40466266311705,-33.525928761810064,63],[151.40464573167264,-33.52595298551023,63],[151.40460088849068,-33.52599204517901,63],[151.40457859262824,-33.52603278122842,62.79999923706055],[151.404567360878,-33.52605566382408,62.599998474121094],[151.40456115826964,-33.52606228552759,62.599998474121094],[151.40453215688467,-33.52612406015396,62.599998474121094],[151.40451648272574,-33.52616026997566,62.599998474121094],[151.40450650826097,-33.526182817295194,62.599998474121094],[151.40449292957783,-33.526195138692856,62.599998474121094],[151.40448924154043,-33.52620226331055,62.599998474121094],[151.40447071753442,-33.52622087113559,62.400001525878906],[151.4044386986643,-33.52624425664544,62.20000076293945],[151.4044201746583,-33.526266468688846,62],[151.40441950410604,-33.52627946063876,62],[151.40439678914845,-33.52633176371455,61.599998474121094],[151.40438337810338,-33.526365123689175,61.20000076293945],[151.40436912886798,-33.526384150609374,61],[151.40436342917383,-33.52638884447515,61],[151.40435856767,-33.52639705874026,61],[151.40433124266565,-33.52644206956029,60.599998474121094],[151.4043192565441,-33.52645338512957,60.400001525878906],[151.40431825071573,-33.52646226994693,60.20000076293945],[151.40431053936481,-33.52648054249585,60],[151.4043020736426,-33.52651256136596,59.599998474121094],[151.40429059043527,-33.52654617279768,59.20000076293945],[151.40426234342158,-33.5265935305506,59],[151.4042322523892,-33.52663594298065,58],[151.40420534648,-33.52666393853724,57.400001525878906],[151.40417877584696,-33.52670006453991,57],[151.40416217967868,-33.52671288885176,56.79999923706055],[151.40413988381624,-33.52672244422138,55.79999923706055],[151.40412295237184,-33.52674792520702,54.79999923706055],[151.4041164983064,-33.52675672620535,54.599998474121094],[151.4040855690837,-33.52679980918765,53.400001525878906],[151.40407651662827,-33.526823949068785,52.79999923706055],[151.40403603203595,-33.52686921134591,52.400001525878906],[151.40402236953378,-33.526879604905844,52],[151.4040055219084,-33.526895865798,51],[151.4039809629321,-33.526915814727545,50],[151.4039745926857,-33.526921262964606,49.599998474121094],[151.40395154245198,-33.52693467400968,49],[151.4039312582463,-33.52697163820267,47.79999923706055],[151.40390871092677,-33.52700013667345,46.599998474121094],[151.40387015417218,-33.52702754549682,46],[151.40384475700557,-33.52703928016126,45.599998474121094],[151.40380871482193,-33.52707230485976,45],[151.40372967347503,-33.52709870785475,46.400001525878906],[151.40372187830508,-33.52709552273154,46.79999923706055],[151.4036901947111,-33.52709300816059,47.79999923706055],[151.4036711677909,-33.52710030041635,48.599998474121094],[151.40366110950708,-33.52710457518697,49],[151.4036545716226,-33.52710675448179,49.20000076293945],[151.40364216640592,-33.527109939605,49.599998474121094],[151.40362582169473,-33.52711924351752,50],[151.4036140870303,-33.52712485939264,50.20000076293945],[151.4035805594176,-33.52714019827545,50.599998474121094],[151.40356086194515,-33.52715260349214,51],[151.40351375564933,-33.52717657573521,51.79999923706055],[151.40344351530075,-33.527206499129534,52],[151.40343077480793,-33.52720918133855,52.400001525878906],[151.4033931400627,-33.52721069008112,53.400001525878906],[151.40338299795985,-33.527210941538215,53.400001525878906],[151.4033770468086,-33.527216305956244,53.599998474121094],[151.40330940485,-33.527247151359916,54.599998474121094],[151.40324553474784,-33.527281349524856,55.400001525878906],[151.40322734601796,-33.527282355353236,55.599998474121094],[151.4031709358096,-33.527278918772936,56.599998474121094],[151.40315811149776,-33.52728143334389,56.79999923706055],[151.4031484723091,-33.52728025987744,57],[151.4031180460006,-33.527271123602986,58],[151.40309675596654,-33.527272967621684,58.400001525878906],[151.40305995941162,-33.527275398373604,59],[151.40303422696888,-33.527275482192636,59.400001525878906],[151.40297329053283,-33.52729920297861,59.79999923706055],[151.402920903638,-33.527285289019346,59.79999923706055],[151.40291067771614,-33.52727816440165,60],[151.4028844423592,-33.5272616520524,60.599998474121094],[151.40283306129277,-33.52725167758763,61.20000076293945],[151.4028061553836,-33.527245139703155,61.599998474121094],[151.4027028903365,-33.52725142613053,61.79999923706055],[151.40269375406206,-33.52724782191217,61.79999923706055],[151.40261890366673,-33.52721756324172,61.400001525878906],[151.40256073325872,-33.52720339782536,61.20000076293945],[151.40248387120664,-33.527170876041055,61],[151.40245637856424,-33.52714975364506,61],[151.4024121221155,-33.52710558101535,60.599998474121094],[151.40239770524204,-33.527081441134214,60.20000076293945],[151.40237105078995,-33.52706006728113,60],[151.40233014710248,-33.52703928016126,59.79999923706055],[151.4022660255432,-33.527014972642064,59.400001525878906],[151.40224708244205,-33.52700256742537,59.20000076293945],[151.4022371917963,-33.526997873559594,59],[151.4022078551352,-33.526981780305505,58.599998474121094],[151.4021927677095,-33.52697582915425,58.400001525878906],[151.40215035527945,-33.526966609060764,57.79999923706055],[151.40212177298963,-33.52695596404374,57.599998474121094],[151.40209998004138,-33.52693961933255,57],[151.40208899974823,-33.52693718858063,56.79999923706055],[151.40206234529614,-33.526934925466776,56.20000076293945],[151.40203787013888,-33.52693459019065,56],[151.4020247105509,-33.52692989632487,55.79999923706055],[151.40197148546576,-33.52693014778197,54.79999923706055],[151.40195765532553,-33.52693157270551,54.599998474121094],[151.40191490761936,-33.526933919638395,53.599998474121094],[151.4018819667399,-33.526934925466776,52.79999923706055],[151.4018682204187,-33.5269336681813,52.599998474121094],[151.4018206950277,-33.526943139731884,51.400001525878906],[151.4017646200955,-33.52693911641836,50.20000076293945],[151.4017387200147,-33.52694112807512,49.400001525878906],[151.40173050574958,-33.52694456465542,49.20000076293945],[151.40169555321336,-33.526939284056425,48],[151.40169052407146,-33.52693945169449,47.599998474121094],[151.40168038196862,-33.526936769485474,47],[151.4016782026738,-33.52693936787546,46.79999923706055],[151.40167971141636,-33.52694087661803,46.79999923706055],[151.4016705751419,-33.5269405413419,46.79999923706055],[151.40166940167546,-33.52694112807512,46.599998474121094],[151.40166940167546,-33.52694112807512,46.599998474121094],[151.40166940167546,-33.52694112807512,46.20000076293945],[151.40166940167546,-33.52694112807512,46],[151.4016689825803,-33.52694489993155,44.79999923706055],[151.4016362093389,-33.52694649249315,44.79999923706055],[151.4015933778137,-33.52694674395025,44.599998474121094],[151.40154903754592,-33.52695185691118,43.79999923706055],[151.40147586353123,-33.526953952386975,42.400001525878906],[151.40144049189985,-33.52695520967245,41.599998474121094],[151.40142942778766,-33.526955880224705,41.20000076293945],[151.40137419104576,-33.52693174034357,40.400001525878906],[151.40136589296162,-33.52692746557295,40],[151.40135625377297,-33.5269267950207,39.400001525878906],[151.40133420936763,-33.52692914195359,38.79999923706055],[151.40129590407014,-33.52691497653723,37.599998474121094],[151.4012696687132,-33.52690081112087,37.20000076293945],[151.40124309808016,-33.5268990509212,36.599998474121094],[151.40119163319468,-33.526905504986644,35.400001525878906],[151.40117537230253,-33.52691422216594,34.599998474121094],[151.4011673256755,-33.526915395632386,34.400001525878906],[151.40113865956664,-33.526906091719866,33.20000076293945],[151.40111669898033,-33.526897290721536,32.400001525878906],[151.4011033717543,-33.52689494378865,32.20000076293945],[151.4010426029563,-33.52690181694925,31.600000381469727],[151.4010301977396,-33.52690005674958,31.200000762939453],[151.40101821161807,-33.52689754217863,31],[151.40099625103176,-33.52689418941736,30.600000381469727],[151.40097529627383,-33.52689201012254,30],[151.4009669981897,-33.52689251303673,30],[151.40091746114194,-33.526903660967946,29.799999237060547],[151.40088284388185,-33.5268903337419,31.200000762939453],[151.400877982378,-33.52688639424741,31.600000381469727],[151.400859458372,-33.52687985636294,32.400001525878906],[151.40084302984178,-33.52686334401369,33],[151.40083054080606,-33.526851357892156,33.400001525878906],[151.40082651749253,-33.526845406740904,33.599998474121094],[151.4008055627346,-33.52683727629483,34.599998474121094],[151.4008026290685,-33.526837192475796,35.20000076293945],[151.40079969540238,-33.5268369410187,35.599998474121094],[151.4007978513837,-33.52683777920902,36.20000076293945],[151.4007978513837,-33.52683744393289,36.20000076293945],[151.4007939118892,-33.52683283388615,36.20000076293945],[151.40073624439538,-33.526770723983645,35.79999923706055],[151.40070372261107,-33.5267180018127,35.79999923706055],[151.40070288442075,-33.52669721469283,35.79999923706055],[151.40068947337568,-33.52668204344809,36],[151.40066877007484,-33.526674415916204,36.400001525878906],[151.40064630657434,-33.52667181752622,36.599998474121094],[151.40061747282743,-33.526658322662115,37],[151.400608420372,-33.52664834819734,37.400001525878906],[151.4005878008902,-33.52663200348616,37.79999923706055],[151.4005531836301,-33.52661792188883,38.400001525878906],[151.40053742565215,-33.52658129297197,39.79999923706055],[151.40052258968353,-33.5265554767102,41],[151.40049886889756,-33.526539551094174,41.599998474121094],[151.40048721805215,-33.526532761752605,41.599998474121094],[151.4004546124488,-33.526524966582656,42.20000076293945],[151.400426030159,-33.526517590507865,43.400001525878906],[151.40041136182845,-33.52651440538466,43.400001525878906],[151.4003739785403,-33.526517087593675,44.599998474121094],[151.40035453252494,-33.526514237746596,45],[151.40033181756735,-33.52651147171855,45.599998474121094],[151.40030357055366,-33.52651339955628,46.599998474121094],[151.40027163550258,-33.52650619111955,47.599998474121094],[151.400264846161,-33.52650468237698,47.79999923706055],[151.4002391975373,-33.526481967419386,48.79999923706055],[151.4002050831914,-33.526467299088836,49.599998474121094],[151.4001879002899,-33.52646302431822,49.79999923706055],[151.40015588141978,-33.52644642814994,50.599998474121094],[151.40014733187854,-33.526437962427735,51],[151.40010508708656,-33.52641331963241,52],[151.4000980462879,-33.52640929631889,52.400001525878906],[151.40009553171694,-33.526410050690174,53.20000076293945],[151.4000822044909,-33.52642161771655,53.20000076293945],[151.40007466077805,-33.526425221934915,54],[151.4000753313303,-33.52642304264009,53.79999923706055],[151.40007608570158,-33.526420863345265,53.400001525878906],[151.40007608570158,-33.526420863345265,53.79999923706055],[151.40007608570158,-33.526420863345265,54.20000076293945],[151.40007541514933,-33.526420863345265,55.20000076293945],[151.4000668656081,-33.526401668787,56.400001525878906],[151.40004188753664,-33.526394460350275,57.599998474121094],[151.40001565217972,-33.52638406679034,58.599998474121094],[151.3999728206545,-33.52636579424143,59.599998474121094],[151.39989822171628,-33.52632539346814,60.20000076293945],[151.39982446096838,-33.526288848370314,60.79999923706055],[151.39978439547122,-33.526270324364305,61.79999923706055],[151.399775929749,-33.5262637026608,62.400001525878906],[151.39975681900978,-33.52625649422407,63],[151.3997365348041,-33.52624677121639,63.400001525878906],[151.39972982928157,-33.52623537182808,64],[151.3997132331133,-33.52622229605913,65.19999694824219],[151.39970920979977,-33.5262169316411,65.4000015258789],[151.39965631999075,-33.52620553225279,66],[151.39964634552598,-33.52620310150087,66.4000015258789],[151.39955699443817,-33.52619647979736,67.19999694824219],[151.39954601414502,-33.526199916377664,67.4000015258789],[151.39949169941247,-33.526185750961304,68.4000015258789],[151.39948314987123,-33.52617929689586,68.4000015258789],[151.399434953928,-33.526131603866816,69.4000015258789],[151.39942724257708,-33.52612439543009,69.5999984741211],[151.39939882792532,-33.52610260248184,69.80000305175781],[151.39937820844352,-33.52607661858201,69.80000305175781],[151.39934149570763,-33.52603940293193,70.5999984741211],[151.39931534416974,-33.5260234773159,71.19999694824219],[151.39925331808627,-33.52599975652993,71.4000015258789],[151.3991942256689,-33.52596262469888,71],[151.39911585487425,-33.52589682675898,70.80000305175781],[151.39909557066858,-33.52588685229421,70.5999984741211],[151.39904578216374,-33.52589037269354,70],[151.3990150205791,-33.52589037269354,69.80000305175781],[151.39899565838277,-33.52589967660606,69.5999984741211],[151.39897185377777,-33.52590914815664,69.4000015258789],[151.39892768114805,-33.52593110874295,69],[151.39889381825924,-33.525941921398044,68.4000015258789],[151.3988850172609,-33.52594569325447,68.19999694824219],[151.39885551296175,-33.52595784701407,67.5999984741211],[151.39883439056575,-33.52597553282976,67.4000015258789],[151.39879206195474,-33.52598676458001,67.19999694824219],[151.3987846020609,-33.52598961442709,67.19999694824219],[151.3987393397838,-33.5260028578341,66.80000305175781],[151.39869910664856,-33.52600931189954,66],[151.39861470088363,-33.52601207792759,65.19999694824219],[151.39860338531435,-33.52601149119437,64.80000305175781],[151.39858813025057,-33.52601115591824,64.19999694824219],[151.39855829067528,-33.52600822225213,63.400001525878906],[151.3984970189631,-33.52601258084178,63],[151.3984727114439,-33.52601710706949,62.79999923706055],[151.39843901619315,-33.526016771793365,62.400001525878906],[151.39839149080217,-33.52600931189954,61.20000076293945],[151.39836374670267,-33.525998247787356,60.79999923706055],[151.398274730891,-33.525970755144954,60.20000076293945],[151.39824899844825,-33.5259650554508,59.79999923706055],[151.39820641838014,-33.52595600299537,59],[151.39814062044024,-33.52594410069287,58.20000076293945],[151.39812762849033,-33.525940077379346,58],[151.39808060601354,-33.52591887116432,56.599998474121094],[151.39804230071604,-33.525905376300216,55.20000076293945],[151.39801648445427,-33.52589732967317,54.79999923706055],[151.3979081902653,-33.52587126195431,55],[151.39783979393542,-33.525832956656814,54],[151.3978180848062,-33.52582449093461,53.599998474121094],[151.39778832904994,-33.525803284719586,53],[151.39773778617382,-33.5257782228291,52.20000076293945],[151.39770861715078,-33.52576548233628,52],[151.39763351529837,-33.525769002735615,52],[151.3976230379194,-33.525766571983695,52],[151.39760199934244,-33.525754334405065,52],[151.39758464880288,-33.52574435994029,52],[151.3975657057017,-33.525736732408404,51.400001525878906],[151.3975329324603,-33.52572030387819,50.79999923706055],[151.3974800426513,-33.52570228278637,50.20000076293945],[151.39745187945664,-33.52569851092994,49.79999923706055],[151.39733277261257,-33.52564629167318,49.20000076293945],[151.39728616923094,-33.525635562837124,49],[151.39727435074747,-33.525638077408075,48.79999923706055],[151.39724702574313,-33.52564218454063,48.79999923706055],[151.397193800658,-33.52566230110824,48.599998474121094],[151.3971822336316,-33.52566657587886,48.599998474121094],[151.39714091084898,-33.5256730299443,48.400001525878906],[151.3971327804029,-33.52567445486784,48.20000076293945],[151.39709246344864,-33.525691302493215,47.599998474121094],[151.39707611873746,-33.52569951675832,47.400001525878906],[151.3970397412777,-33.52571410126984,46.599998474121094],[151.39703035354614,-33.52571896277368,46.400001525878906],[151.39698525890708,-33.525744611397386,45.20000076293945],[151.3969345483929,-33.52577562443912,44.20000076293945],[151.39691594056785,-33.52579087950289,43.400001525878906],[151.3969010207802,-33.525796411558986,43],[151.3968602847308,-33.525822814553976,42.20000076293945],[151.39685374684632,-33.525826167315245,42],[151.39683161862195,-33.52583924308419,40.79999923706055],[151.39680337160826,-33.52586204186082,39.599998474121094],[151.3967902958393,-33.52587629109621,39],[151.39676799997687,-33.525899508967996,38.400001525878906],[151.39673916622996,-33.52591677568853,37.400001525878906],[151.39672307297587,-33.52593010291457,37],[151.39670605771244,-33.5259529016912,36.20000076293945],[151.39667621813715,-33.52597905322909,35.400001525878906],[151.3966633938253,-33.52598701603711,35.20000076293945],[151.39664327725768,-33.526016771793365,34.20000076293945],[151.39662869274616,-33.52603152394295,33.79999923706055],[151.3966074027121,-33.526054825633764,33.20000076293945],[151.39657110907137,-33.52606572210789,32.400001525878906],[151.39656264334917,-33.526060776785016,32.20000076293945],[151.39655333943665,-33.52605273015797,32.20000076293945],[151.39651930890977,-33.525998247787356,32],[151.39648972079158,-33.52591375820339,31.799999237060547],[151.39647387899458,-33.52590839378536,31.399999618530273],[151.39646398834884,-33.52590713649988,31],[151.396438004449,-33.52590512484312,30.600000381469727],[151.39643096365035,-33.52589959278703,30.399999618530273],[151.39642375521362,-33.52589246816933,30],[151.39641855843365,-33.52586740627885,29.799999237060547],[151.39640565030277,-33.52585977874696,29.600000381469727],[151.3964015431702,-33.525857012718916,29.600000381469727],[151.3964046444744,-33.52583169937134,29.600000381469727],[151.39641570858657,-33.525808565318584,29.399999618530273],[151.39642937108874,-33.525748467072845,29.600000381469727],[151.3964395970106,-33.52572935633361,29.799999237060547],[151.3964887149632,-33.52572885341942,30],[151.3964985217899,-33.525720639154315,30.200000762939453],[151.39655685983598,-33.5257126763463,31],[151.39656599611044,-33.52570873685181,31],[151.39659659005702,-33.52566699497402,31.600000381469727],[151.3966129347682,-33.52564796805382,32],[151.39663129113615,-33.52563346736133,32.20000076293945],[151.3966610468924,-33.525589713826776,33],[151.39671158976853,-33.52555610239506,33],[151.396728688851,-33.52555274963379,32.79999923706055],[151.3967323768884,-33.52553992532194,32.400001525878906],[151.39673195779324,-33.52552802301943,31.799999237060547],[151.3967229053378,-33.525515953078866,31],[151.39671435579658,-33.525500278919935,29.799999237060547],[151.39670454896986,-33.52548628114164,29.200000762939453],[151.39669365249574,-33.52547597140074,28.799999237060547],[151.39668476767838,-33.52546180598438,27.600000381469727],[151.39668468385935,-33.52544965222478,27],[151.39668342657387,-33.525445545092225,26.600000381469727],[151.39669239521027,-33.525431798771024,25.600000381469727],[151.39668527059257,-33.52541796863079,24.799999237060547],[151.39667588286102,-33.525411849841475,24.200000762939453],[151.39665107242763,-33.52542190812528,23],[151.3966420199722,-33.525421572849154,22.600000381469727],[151.39660983346403,-33.52541268803179,21.799999237060547],[151.39658804051578,-33.52540430612862,20.399999618530273],[151.3965854421258,-33.52540145628154,20],[151.396564822644,-33.52538703940809,19],[151.3965508248657,-33.52533733472228,18.200000762939453],[151.39654596336186,-33.525332724675536,18],[151.3965267688036,-33.525323839858174,18],[151.3964826799929,-33.52531713433564,17],[151.39643121510744,-33.52529056370258,16.600000381469727],[151.39636357314885,-33.52524312213063,16],[151.39634429477155,-33.52521814405918,15.800000190734863],[151.39628369361162,-33.525136252865195,15.399999618530273],[151.39627908356488,-33.52507749572396,15],[151.39627313241363,-33.52506500668824,14.800000190734863],[151.396255614236,-33.524970039725304,14.600000381469727],[151.3962479867041,-33.524941792711616,14.399999618530273],[151.39623851515353,-33.524914467707276,14.399999618530273],[151.39623013325036,-33.5249029006809,14.399999618530273],[151.39619241468608,-33.52478513494134,14.800000190734863],[151.3961520139128,-33.52465387433767,15],[151.3961132057011,-33.52456510998309,14.600000381469727],[151.3960687816143,-33.52452336810529,15.199999809265137],[151.39602527953684,-33.52446712553501,15.199999809265137],[151.3959617447108,-33.52440753020346,15.600000381469727],[151.39588731341064,-33.52434625849128,15.600000381469727],[151.39587884768844,-33.52433376945555,15.600000381469727],[151.39583769254386,-33.524259673431516,15.800000190734863],[151.39575739391148,-33.52418758906424,15.199999809265137],[151.39568069949746,-33.52413428016007,15.199999809265137],[151.3956644386053,-33.52409681305289,15.600000381469727],[151.395623954013,-33.5240447614342,16],[151.39559654518962,-33.52402196265757,16],[151.39551658183336,-33.5239443462342,15.600000381469727],[151.3955005723983,-33.52392850443721,15.600000381469727],[151.3954487722367,-33.52388986386359,15.399999618530273],[151.39536939561367,-33.523849211633205,16.399999618530273],[151.39536185190082,-33.52384367957711,16.399999618530273],[151.39528180472553,-33.523789113387465,15.399999618530273],[151.39527367427945,-33.523779306560755,15.399999618530273],[151.3952014222741,-33.52371761575341,15.199999809265137],[151.39511114917696,-33.523656176403165,15.199999809265137],[151.395024061203,-33.523602867498994,15.399999618530273],[151.39495407231152,-33.52355483919382,15.399999618530273],[151.3948668166995,-33.523497339338064,15.399999618530273],[151.39478785917163,-33.52345006540418,15.399999618530273],[151.3947256654501,-33.523391308262944,15.399999618530273],[151.3946887012571,-33.52327488362789,15.399999618530273],[151.3946862705052,-33.52320900186896,15.399999618530273],[151.394699010998,-33.523182682693005,15.399999618530273],[151.39469699934125,-33.523186119273305,15.399999618530273],[151.39468794688582,-33.52317715063691,15.399999618530273],[151.39468660578132,-33.523183185607195,15.399999618530273],[151.3946846779436,-33.523183688521385,15.399999618530273],[151.3946846779436,-33.523183688521385,15.399999618530273],[151.3946846779436,-33.523183688521385,15.399999618530273],[151.39467738568783,-33.52319031022489,15.399999618530273],[151.3946720212698,-33.5231913998723,15.399999618530273],[151.3946765474975,-33.523192992433906,15.399999618530273],[151.39465081505477,-33.52322199381888,15.399999618530273],[151.39458049088717,-33.523301370441914,15.399999618530273],[151.39456599019468,-33.523301957175136,15.399999618530273],[151.39456506818533,-33.5233021248132,15.399999618530273],[151.39455274678767,-33.52332333102822,15.399999618530273],[151.39455274678767,-33.52332333102822,15.399999618530273],[151.39455274678767,-33.52332333102822,15.399999618530273],[151.39454470016062,-33.52332601323724,15.399999618530273],[151.39451142400503,-33.52336725220084,15.399999618530273],[151.39451142400503,-33.52336775511503,15.399999618530273],[151.39453363604844,-33.523371778428555,15.399999618530273],[151.394550986588,-33.523353254422545,15.399999618530273],[151.39458677731454,-33.52332710288465,15.399999618530273],[151.39463296160102,-33.523278487846255,15.399999618530273],[151.3946612086147,-33.52323045954108,15.399999618530273],[151.39467478729784,-33.523196848109365,15.399999618530273],[151.39467637985945,-33.52320590056479,15.399999618530273],[151.39467084780335,-33.523213528096676,15.399999618530273],[151.39467763714492,-33.52321235463023,15.399999618530273],[151.39470546506345,-33.52321235463023,15.399999618530273],[151.3947040401399,-33.523211516439915,15.399999618530273],[151.39469465240836,-33.52324923500419,15.399999618530273],[151.39469356276095,-33.523249654099345,15.399999618530273],[151.3946968317032,-33.52324881590903,15.399999618530273],[151.39469775371253,-33.5232432000339,15.399999618530273],[151.39469783753157,-33.52324630133808,15.399999618530273],[151.39469783753157,-33.523246720433235,15.399999618530273],[151.39468618668616,-33.52327320724726,15.399999618530273],[151.3946850132197,-33.523276979103684,15.399999618530273],[151.3946712668985,-33.52328695356846,15.399999618530273],[151.39467109926045,-33.52328737266362,15.399999618530273],[151.39465869404376,-33.52328393608332,15.399999618530273],[151.39464017003775,-33.52324638515711,15.399999618530273],[151.3946234062314,-33.523250073194504,15.399999618530273],[151.39462726190686,-33.52324370294809,15.399999618530273],[151.39462608844042,-33.52324437350035,15.399999618530273],[151.39461938291788,-33.52324998937547,15.399999618530273],[151.394603876397,-33.523253090679646,15.399999618530273],[151.3946110010147,-33.523258371278644,15.399999618530273],[151.3946183770895,-33.52324881590903,15.399999618530273],[151.39462424442172,-33.52324303239584,15.399999618530273],[151.39464301988482,-33.5232191439718,15.399999618530273],[151.39466498047113,-33.52320397272706,15.399999618530273],[151.39466607011855,-33.52320145815611,15.399999618530273],[151.39466975815594,-33.52321268990636,15.399999618530273],[151.3946696743369,-33.523205649107695,15.399999618530273],[151.3946712668985,-33.523212438449264,15.399999618530273],[151.394659364596,-33.52321746759117,15.399999618530273],[151.39466187916696,-33.52321562357247,15.399999618530273],[151.3946815766394,-33.52321872487664,15.399999618530273],[151.39465156942606,-33.52324948646128,15.399999618530273],[151.39465400017798,-33.52326733991504,15.399999618530273],[151.39466506429017,-33.523239847272635,15.399999618530273],[151.3946662377566,-33.52323867380619,15.399999618530273],[151.39465810731053,-33.52320087142289,15.399999618530273],[151.3946587778628,-33.52319307625294,15.399999618530273],[151.3946667406708,-33.523207157850266,15.399999618530273],[151.39469356276095,-33.523149490356445,15.399999618530273],[151.39469523914158,-33.52317329496145,15.399999618530273],[151.3947084825486,-33.52316441014409,15.399999618530273],[151.39470881782472,-33.52316038683057,15.399999618530273],[151.3947135116905,-33.52316491305828,15.399999618530273],[151.39470839872956,-33.523165667429566,15.399999618530273],[151.39473027549684,-33.523135324940085,15.399999618530273],[151.3947420939803,-33.52311319671571,15.399999618530273],[151.3947515655309,-33.52313750423491,15.399999618530273],[151.39475399628282,-33.52316876873374,15.399999618530273],[151.39474645256996,-33.52317153476179,15.399999618530273],[151.394749218598,-33.52315653115511,15.399999618530273],[151.39475030824542,-33.52315309457481,15.399999618530273],[151.3947515655309,-33.52314437739551,15.399999618530273],[151.3947489671409,-33.523144125938416,15.399999618530273],[151.39475617557764,-33.5231224168092,15.199999809265137],[151.3947547506541,-33.52312074042857,15.199999809265137],[151.39475651085377,-33.52312434464693,15.399999618530273],[151.39475332573056,-33.52310372516513,15.600000381469727],[151.39475433155894,-33.52309458889067,15.600000381469727],[151.39476464129984,-33.52307505905628,15.199999809265137],[151.39475961215794,-33.52308897301555,15.199999809265137],[151.39475961215794,-33.52308897301555,15.199999809265137],[151.39475324191153,-33.52305946871638,15.199999809265137],[151.39472901821136,-33.52306969463825,15.199999809265137],[151.39472742564976,-33.52307363413274,15.600000381469727],[151.39472256414592,-33.523148065432906,15.199999809265137],[151.3947196304798,-33.52316063828766,15.199999809265137],[151.3947024475783,-33.523168517276645,15.199999809265137],[151.39469808898866,-33.52321763522923,15.199999809265137],[151.3946995139122,-33.52325024083257,15.199999809265137],[151.39468953944743,-33.523273542523384,15.199999809265137],[151.3946846779436,-33.523282343521714,15.199999809265137],[151.39467026107013,-33.52330078370869,15.199999809265137],[151.39462466351688,-33.52335878647864,15.199999809265137],[151.3945876993239,-33.5234004445374,15.199999809265137],[151.39457269571722,-33.52341544814408,15.199999809265137],[151.39457093551755,-33.523416705429554,15.199999809265137],[151.39456330798566,-33.523419639095664,15.199999809265137],[151.39455794356763,-33.52342642843723,15.199999809265137],[151.39455718919635,-33.523426512256265,15.199999809265137],[151.39455718919635,-33.523426512256265,15.199999809265137],[151.39455718919635,-33.523426512256265,15.199999809265137],[151.39455718919635,-33.52342642843723,15.199999809265137],[151.39455668628216,-33.523426093161106,15.199999809265137],[151.39455609954894,-33.523426093161106,15.199999809265137],[151.3945551775396,-33.52342642843723,15.199999809265137],[151.39455459080637,-33.52341980673373,15.199999809265137],[151.3945549260825,-33.52341854944825,12.399999618530273],[151.3945597037673,-33.523414358496666,13.600000381469727],[151.3945752941072,-33.52337513118982,14.199999809265137],[151.39457998797297,-33.52336775511503,14.199999809265137],[151.39460085891187,-33.523305896669626,14.199999809265137],[151.39462105929852,-33.52327932603657,14.399999618530273],[151.3946310337633,-33.523259377107024,14.800000190734863],[151.39464050531387,-33.52324454113841,15.399999618530273],[151.39466179534793,-33.523208666592836,15.800000190734863],[151.39467663131654,-33.52319911122322,15.800000190734863],[151.39467822387815,-33.523195339366794,15.800000190734863],[151.39467629604042,-33.523198356851935,15.600000381469727],[151.39463857747614,-33.52322744205594,14.800000190734863],[151.3946337159723,-33.523232974112034,14.600000381469727],[151.394601194188,-33.52327102795243,14.600000381469727],[151.39453162439167,-33.52331620641053,14],[151.3945131842047,-33.52333523333073,14],[151.3944740407169,-33.52337404154241,14],[151.39446498826146,-33.52339273318648,13.800000190734863],[151.39445300213993,-33.52340882644057,13.600000381469727],[151.394445290789,-33.52339935488999,14.199999809265137],[151.39445249922574,-33.523385440930724,14.600000381469727],[151.39445702545345,-33.52338041178882,14.800000190734863],[151.39445166103542,-33.5233589541167,15.199999809265137],[151.39445392414927,-33.52332349866629,15.199999809265137],[151.39447865076363,-33.52329776622355,15.199999809265137],[151.39450547285378,-33.523273542523384,15.199999809265137],[151.394550986588,-33.52323146536946,15.199999809265137],[151.3946281839162,-33.52322316728532,15.199999809265137],[151.3946809899062,-33.52321461774409,15.199999809265137],[151.39467629604042,-33.52319190278649,15.199999809265137],[151.39467721804976,-33.5231913998723,15.199999809265137],[151.39467721804976,-33.52319089695811,15.199999809265137],[151.39468275010586,-33.523184694349766,15.199999809265137],[151.39468275010586,-33.523184694349766,15.199999809265137],[151.39468819834292,-33.52318653836846,15.199999809265137],[151.39467772096395,-33.52316357195377,15.199999809265137],[151.39467461965978,-33.52313951589167,15.199999809265137],[151.39467319473624,-33.52313733659685,15.199999809265137],[151.39467193745077,-33.52314203046262,15.199999809265137],[151.3946587778628,-33.52313934825361,15.199999809265137],[151.39465022832155,-33.523133397102356,15.199999809265137],[151.39468132518232,-33.523125099018216,15.199999809265137],[151.3946823310107,-33.52307195775211,15.199999809265137],[151.39469850808382,-33.52303817868233,15.199999809265137],[151.39470512978733,-33.52300414815545,15.199999809265137],[151.39470605179667,-33.52299777790904,15.199999809265137],[151.39470605179667,-33.52299777790904,15.199999809265137],[151.39471208676696,-33.52299593389034,15.199999809265137],[151.39471736736596,-33.522995095700026,15.199999809265137],[151.39472080394626,-33.52299492806196,15.199999809265137],[151.39472315087914,-33.52299333550036,15.199999809265137],[151.3947270065546,-33.52298738434911,15.199999809265137],[151.3947301916778,-33.52297531440854,15.199999809265137],[151.39472977258265,-33.52296047843993,15.199999809265137],[151.39473270624876,-33.522990234196186,15.199999809265137],[151.3947309460491,-33.52298704907298,15.199999809265137],[151.39473371207714,-33.52297296747565,15.199999809265137],[151.3947378192097,-33.522956455126405,15.199999809265137],[151.39474368654191,-33.52295435965061,15.199999809265137],[151.3947483804077,-33.52294011041522,15.199999809265137],[151.3947621267289,-33.522924184799194,15.199999809265137],[151.39476422220469,-33.52291312068701,15.199999809265137],[151.39476413838565,-33.52291353978217,15.199999809265137],[151.3947689998895,-33.52290817536414,15.199999809265137],[151.39477101154625,-33.52290431968868,15.199999809265137],[151.39477117918432,-33.52290876209736,15.199999809265137],[151.39477134682238,-33.52290733717382,15.199999809265137],[151.39480227604508,-33.52288822643459,15.199999809265137],[151.39478903263807,-33.522927202284336,15.199999809265137],[151.3947957381606,-33.522930135950446,15.199999809265137],[151.3947973307222,-33.522960897535086,15.199999809265137],[151.3947872724384,-33.522989144548774,15.199999809265137],[151.39478266239166,-33.5229807626456,15.199999809265137],[151.3947790581733,-33.52298151701689,15.199999809265137],[151.39477788470685,-33.5229601431638,15.199999809265137],[151.3947777170688,-33.52296072989702,15.199999809265137],[151.3947687484324,-33.5229860432446,15.199999809265137],[151.3947605341673,-33.52299878373742,15.199999809265137],[151.39476438984275,-33.5229894798249,15.199999809265137],[151.39478081837296,-33.52296458557248,15.199999809265137],[151.39475651085377,-33.52292628027499,15.199999809265137],[151.39475072734058,-33.52293130941689,15.199999809265137],[151.39475273899734,-33.52293524891138,15.199999809265137],[151.39474435709417,-33.52292460389435,15.199999809265137],[151.3947526551783,-33.522913036867976,15.199999809265137],[151.39472985640168,-33.52295050397515,15.199999809265137],[151.39474687166512,-33.52294488810003,15.199999809265137],[151.39474108815193,-33.522933488711715,15.199999809265137],[151.39474142342806,-33.52292384952307,15.199999809265137],[151.39474184252322,-33.52288302965462,15.199999809265137],[151.39473740011454,-33.52286375127733,15.199999809265137],[151.39474779367447,-33.5228512622416,15.199999809265137],[151.39473614282906,-33.522881185635924,15.199999809265137],[151.3947187922895,-33.522934494540095,15.199999809265137],[151.39471250586212,-33.52294564247131,15.199999809265137],[151.3947233185172,-33.52297238074243,15.199999809265137],[151.3947224803269,-33.522983863949776,15.199999809265137],[151.39471820555627,-33.52301345206797,15.199999809265137],[151.39471133239567,-33.52303289808333,15.199999809265137],[151.39470906928182,-33.52303775958717,15.199999809265137],[151.39470202848315,-33.523038597777486,15.199999809265137],[151.3946984242648,-33.523032227531075,15.199999809265137],[151.39469247311354,-33.523042453452945,15.199999809265137],[151.39469574205577,-33.52303088642657,15.199999809265137],[151.39470035210252,-33.5230603069067,15.199999809265137],[151.39469381421804,-33.52306466549635,15.199999809265137],[151.3946834206581,-33.5230587143451,15.199999809265137],[151.39467420056462,-33.523049242794514,15.199999809265137],[151.39466372318566,-33.52304463274777,15.199999809265137],[151.39466254971921,-33.52306952700019,15.199999809265137],[151.39466573484242,-33.523062067106366,15.199999809265137],[151.39466891996562,-33.52305477485061,15.199999809265137],[151.39466866850853,-33.523061983287334,15.199999809265137],[151.39466137625277,-33.52307841181755,15.199999809265137],[151.39466959051788,-33.52306064218283,15.199999809265137],[151.39465198852122,-33.52306852117181,15.199999809265137],[151.3946529943496,-33.52308000437915,15.199999809265137],[151.39465383253992,-33.52305284701288,15.199999809265137],[151.39466078951955,-33.523061061277986,15.199999809265137],[151.39466632157564,-33.52307497523725,15.199999809265137],[151.39466933906078,-33.52306994609535,15.199999809265137],[151.3946683332324,-33.52306768298149,15.199999809265137],[151.39466766268015,-33.52309509180486,15.199999809265137],[151.39466213062406,-33.52310045622289,15.199999809265137],[151.39465282671154,-33.523122668266296,15.199999809265137],[151.39464762993157,-33.52312417700887,15.199999809265137],[151.39464352279902,-33.52312090806663,15.199999809265137],[151.39464352279902,-33.52311638183892,15.199999809265137],[151.39464704319835,-33.52310280315578,15.199999809265137],[151.394648803398,-33.52310230024159,15.199999809265137],[151.39464654028416,-33.523101545870304,15.199999809265137],[151.3946456182748,-33.52309509180486,15.199999809265137],[151.3946374040097,-33.52309098467231,15.199999809265137],[151.39463773928583,-33.52309928275645,15.199999809265137],[151.39463983476162,-33.523107999935746,15.199999809265137],[151.3946577720344,-33.523096181452274,15.199999809265137],[151.39468166045845,-33.52310665883124,15.199999809265137],[151.39468383975327,-33.52312317118049,15.199999809265137],[151.39469171874225,-33.523140689358115,15.199999809265137],[151.39468090608716,-33.523140689358115,15.199999809265137],[151.39468585141003,-33.52317865937948,15.199999809265137],[151.3946871086955,-33.52322660386562,15.199999809265137],[151.3946841750294,-33.523215958848596,15.199999809265137],[151.39465869404376,-33.523256527259946,15.199999809265137],[151.39461527578533,-33.52329231798649,15.199999809265137],[151.39461477287114,-33.5233089979738,15.199999809265137],[151.3946048822254,-33.523311261087656,15.199999809265137],[151.39461460523307,-33.52330623194575,15.199999809265137],[151.39461250975728,-33.523303382098675,15.199999809265137],[151.3946181256324,-33.52328066714108,15.199999809265137],[151.39462768100202,-33.52325627580285,15.199999809265137],[151.39462810009718,-33.52322886697948,15.199999809265137],[151.3946316204965,-33.52323574014008,15.199999809265137],[151.39464176259935,-33.523235907778144,15.199999809265137],[151.39465819112957,-33.52328075096011,15.199999809265137],[151.39466816559434,-33.5232659149915,15.199999809265137],[151.39468559995294,-33.52322878316045,15.199999809265137],[151.39469230547547,-33.52321662940085,15.199999809265137],[151.39467629604042,-33.52321092970669,15.199999809265137],[151.39466087333858,-33.52321310900152,15.199999809265137],[151.39466162770987,-33.523236410692334,15.199999809265137],[151.39466607011855,-33.523238841444254,15.199999809265137],[151.39467294327915,-33.52325635962188,15.199999809265137],[151.39467000961304,-33.52319994941354,15.199999809265137],[151.39464704319835,-33.523131888359785,15.199999809265137],[151.39460538513958,-33.523060558363795,15.199999809265137],[151.39461301267147,-33.52306969463825,15.199999809265137],[151.3946300279349,-33.523115292191505,15.199999809265137],[151.39463916420937,-33.523118644952774,15.199999809265137],[151.39463916420937,-33.523118644952774,15.199999809265137],[151.39464025385678,-33.52312191389501,15.199999809265137],[151.39464469626546,-33.52319517172873,15.199999809265137],[151.39464813284576,-33.52319894358516,15.199999809265137],[151.39465944841504,-33.52320187725127,15.199999809265137],[151.39466070570052,-33.52323532104492,15.199999809265137],[151.39463572762907,-33.5232691001147,15.199999809265137],[151.39466204680502,-33.52330514229834,15.199999809265137],[151.39465215615928,-33.52330162189901,15.399999618530273],[151.39465047977865,-33.523259880021214,15.600000381469727],[151.39465198852122,-33.523250659927726,15.399999618530273],[151.39465014450252,-33.523261807858944,15.600000381469727],[151.39464947395027,-33.5232656635344,15.399999618530273],[151.39464419335127,-33.52327915839851,15.600000381469727],[151.39464419335127,-33.52327915839851,15.600000381469727],[151.39467369765043,-33.52324596606195,15.600000381469727],[151.3946582749486,-33.523265244439244,15.600000381469727],[151.3946527428925,-33.523242361843586,15.600000381469727],[151.39465467073023,-33.52323247119784,15.600000381469727],[151.39466045424342,-33.52321553975344,15.600000381469727],[151.3946603704244,-33.52320556528866,15.600000381469727],[151.3946662377566,-33.52321797050536,15.600000381469727],[151.394669925794,-33.52323146536946,15.600000381469727],[151.3946596160531,-33.5232244245708,15.600000381469727],[151.39463614672422,-33.52319257333875,15.600000381469727],[151.39462508261204,-33.52320045232773,15.600000381469727],[151.3946186285466,-33.52323071099818,15.600000381469727],[151.39462399296463,-33.52323180064559,15.600000381469727],[151.3946178741753,-33.52323045954108,15.600000381469727],[151.394601194188,-33.52322107180953,15.600000381469727],[151.39461091719568,-33.523197351023555,15.600000381469727],[151.39463170431554,-33.52318586781621,15.600000381469727],[151.39465198852122,-33.52319039404392,15.600000381469727],[151.39466129243374,-33.523193495348096,15.600000381469727],[151.39467503875494,-33.52319709956646,15.600000381469727],[151.39468199573457,-33.5232035536319,15.600000381469727],[151.39468065463006,-33.52317673154175,15.600000381469727],[151.39467990025878,-33.52317916229367,15.600000381469727],[151.39467990025878,-33.52317916229367,15.600000381469727],[151.39463639818132,-33.5232072416693,15.600000381469727],[151.3946231547743,-33.523224676027894,15.600000381469727],[151.39460085891187,-33.523269686847925,15.600000381469727],[151.39455961994827,-33.52332333102822,15.600000381469727],[151.39456297270954,-33.52332701906562,15.600000381469727],[151.39456037431955,-33.52333003655076,15.600000381469727],[151.3945462089032,-33.52340874262154,15.600000381469727],[151.3945504836738,-33.52340765297413,15.600000381469727],[151.3945462089032,-33.523403126746416,15.600000381469727],[151.39453849755228,-33.52339164353907,15.600000381469727],[151.39458459801972,-33.52335526607931,15.600000381469727],[151.3945755455643,-33.52336389943957,15.600000381469727],[151.39457613229752,-33.523361971601844,15.600000381469727],[151.39457965269685,-33.523351745679975,15.600000381469727],[151.39464159496129,-33.523301957175136,15.600000381469727],[151.39466824941337,-33.52327815257013,15.600000381469727],[151.39478341676295,-33.52313255891204,15.600000381469727],[151.3948086462915,-33.52309358306229,15.600000381469727],[151.39490545727313,-33.522958466783166,15.600000381469727],[151.3949445169419,-33.52292795665562,15.600000381469727],[151.39496840536594,-33.52290884591639,15.600000381469727],[151.3949389848858,-33.522911947220564,15.600000381469727],[151.39493512921035,-33.522913036867976,15.600000381469727],[151.39490654692054,-33.52291957475245,15.600000381469727],[151.3949268311262,-33.52292158640921,15.600000381469727],[151.39491450972855,-33.52289560250938,15.600000381469727],[151.39490554109216,-33.52289560250938,15.600000381469727],[151.39489925466478,-33.522903649136424,15.600000381469727],[151.39489908702672,-33.52290348149836,15.600000381469727],[151.394897159189,-33.522902224212885,15.600000381469727],[151.39489674009383,-33.522901302203536,15.600000381469727],[151.39489598572254,-33.52290012873709,15.600000381469727],[151.39486748725176,-33.522972045466304,15.600000381469727],[151.39485776424408,-33.52299157530069,15.600000381469727],[151.39485776424408,-33.52299157530069,15.600000381469727],[151.39484259299934,-33.52300372906029,15.600000381469727],[151.39482708647847,-33.523029210045934,15.600000381469727],[151.39482616446912,-33.52302853949368,15.600000381469727],[151.39481610618532,-33.523034155368805,15.600000381469727],[151.3947513140738,-33.5230896435678,15.600000381469727],[151.39461963437498,-33.523168601095676,15.600000381469727],[151.39449977315962,-33.52322509512305,15.600000381469727],[151.3944608811289,-33.5232297051698,15.600000381469727],[151.39432383701205,-33.5232553537935,15.600000381469727],[151.39426181092858,-33.52323900908232,15.600000381469727],[151.39421596191823,-33.52321361191571,15.600000381469727],[151.39416474848986,-33.52317673154175,15.600000381469727],[151.39416893944144,-33.523156866431236,15.600000381469727],[151.39412024058402,-33.52314320392907,15.600000381469727],[151.3940020557493,-33.52313121780753,15.600000381469727],[151.39383408240974,-33.523102551698685,15.600000381469727],[151.39361179433763,-33.52306508459151,15.600000381469727],[151.39359813183546,-33.523064916953444,15.600000381469727],[151.39346217736602,-33.52301328442991,15.600000381469727],[151.39332479797304,-33.52296927943826,15.600000381469727],[151.39316780492663,-33.52297690697014,15.600000381469727],[151.39309261925519,-33.52296240627766,15.600000381469727],[151.39308013021946,-33.522961400449276,15.600000381469727],[151.39305825345218,-33.52295779623091,15.600000381469727],[151.39295565895736,-33.52293809875846,15.600000381469727],[151.39281442388892,-33.52293516509235,15.600000381469727],[151.3927865959704,-33.522936925292015,15.600000381469727],[151.39263723045588,-33.52291664108634,15.600000381469727],[151.39253840781748,-33.522900212556124,15.600000381469727],[151.39251091517508,-33.52289669215679,15.600000381469727],[151.3924152776599,-33.52288738824427,15.600000381469727],[151.39224386774004,-33.52288001216948,15.600000381469727],[151.39221352525055,-33.522878251969814,15.600000381469727],[151.39218410477042,-33.522880179807544,15.600000381469727],[151.39211998321116,-33.52288235910237,15.600000381469727],[151.39206055551767,-33.52289082482457,15.600000381469727],[151.39199316501617,-33.52290440350771,15.600000381469727],[151.39196634292603,-33.52290574461222,15.600000381469727],[151.39187783002853,-33.52291823364794,15.600000381469727],[151.3918153848499,-33.522917395457625,15.600000381469727],[151.39177079312503,-33.52292108349502,15.600000381469727],[151.39166643843055,-33.52293960750103,15.600000381469727],[151.3915529474616,-33.52295955643058,15.600000381469727],[151.39149997383356,-33.52297003380954,15.600000381469727],[151.3914778456092,-33.52297179400921,15.600000381469727],[151.39145395718515,-33.522972129285336,15.600000381469727],[151.39137332327664,-33.52296064607799,15.600000381469727],[151.39135588891804,-33.522947737947106,15.600000381469727],[151.39130987226963,-33.52290884591639,15.600000381469727],[151.3912162464112,-33.52285696193576,15.600000381469727],[151.39114944264293,-33.52283441461623,15.600000381469727],[151.3910634443164,-33.52281371131539,15.600000381469727],[151.39101533219218,-33.52276467718184,15.600000381469727],[151.39099915511906,-33.5227391961962,15.600000381469727],[151.3910051062703,-33.5227304790169,15.600000381469727],[151.39100334607065,-33.52272746153176,15.600000381469727],[151.39099840074778,-33.52271053008735,15.600000381469727],[151.39100963249803,-33.52268798276782,15.600000381469727],[151.39100669883192,-33.52268831804395,15.600000381469727],[151.3910092972219,-33.522685719653964,15.600000381469727],[151.39101633802056,-33.522678427398205,15.600000381469727],[151.39102203771472,-33.52268504910171,15.600000381469727],[151.39102572575212,-33.522682785987854,19],[151.39101818203926,-33.522683288902044,19.399999618530273],[151.39101818203926,-33.522683288902044,19.600000381469727],[151.39101818203926,-33.522683288902044,19.600000381469727],[151.39101441018283,-33.52266660891473,19.799999237060547],[151.39101466163993,-33.52266602218151,19.600000381469727],[151.39100996777415,-33.52267130278051,19.799999237060547],[151.391009548679,-33.522671051323414,20.200000762939453],[151.3910119794309,-33.522667195647955,20.200000762939453],[151.39099127613008,-33.522654958069324,20.200000762939453],[151.3909664656967,-33.522668201476336,19.799999237060547],[151.39097266830504,-33.52266560308635,19.799999237060547],[151.39094274491072,-33.52269980125129,19.799999237060547],[151.39090058393776,-33.52267172187567,19.799999237060547],[151.3908790424466,-33.522656466811895,19.799999237060547],[151.39088264666498,-33.52262335829437,19.799999237060547],[151.39087049290538,-33.52261698804796,19.799999237060547],[151.39088599942625,-33.52262939326465,19.799999237060547],[151.3908440899104,-33.52267432026565,19.799999237060547],[151.39084828086197,-33.52267222478986,19.799999237060547],[151.39085507020354,-33.522674571722746,19.799999237060547],[151.39085926115513,-33.52267088368535,19.799999237060547],[151.39085926115513,-33.52267088368535,19.799999237060547],[151.39085926115513,-33.52267088368535,24],[151.39085465110838,-33.522669207304716,25.200000762939453],[151.39085029251873,-33.52265261113644,25.399999618530273],[151.39085884205997,-33.52265085093677,25],[151.39085532166064,-33.52264900691807,24.600000381469727],[151.39085666276515,-33.52264984510839,24.600000381469727],[151.39085775241256,-33.52264950983226,24.399999618530273],[151.3908533938229,-33.52264255285263,24.600000381469727],[151.39085398055613,-33.522639283910394,24.600000381469727],[151.39085398055613,-33.522639283910394,24.600000381469727],[151.39085398055613,-33.522639283910394,24.799999237060547],[151.39085247181356,-33.522639283910394,25.200000762939453],[151.39084769412875,-33.52262780070305,24.799999237060547],[151.39084241352975,-33.52262428030372,25],[151.3908372167498,-33.52261765860021,25],[151.39083663001657,-33.522617407143116,25],[151.39083361253142,-33.52261707186699,25],[151.39083218760788,-33.52261707186699,25],[151.39080285094678,-33.522614976391196,24],[151.39080276712775,-33.52260726504028,24],[151.39080402441323,-33.5226060077548,24.399999618530273],[151.39081659726799,-33.5226060077548,25],[151.39083101414144,-33.522609025239944,25],[151.39081710018218,-33.52261112071574,25],[151.39081651344895,-33.52261061780155,25],[151.39084945432842,-33.52260106243193,25],[151.39089396223426,-33.522588573396206,25],[151.3908824790269,-33.522569043561816,25],[151.39087711460888,-33.52256426587701,25],[151.39085699804127,-33.52255806326866,25],[151.39083864167333,-33.52254624478519,25],[151.3908596802503,-33.522514309734106,25],[151.3908596802503,-33.522500144317746,28],[151.39087669551373,-33.52245823480189,28.200000762939453],[151.3908768631518,-33.52246477268636,28.200000762939453],[151.39088398776948,-33.52246611379087,28.200000762939453],[151.3908916991204,-33.52246762253344,28.200000762939453],[151.39090485870838,-33.52244842797518,28.799999237060547],[151.39091592282057,-33.52244130335748,29.399999618530273],[151.39093218371272,-33.52242898195982,30.399999618530273],[151.39093805104494,-33.52242160588503,30.799999237060547],[151.39095825143158,-33.52238338440657,31.399999618530273],[151.39097618870437,-33.522369135171175,31.799999237060547],[151.39097845181823,-33.52235798723996,31.799999237060547],[151.39098482206464,-33.5223366972059,32.20000076293945],[151.3910010829568,-33.522315826267004,32.400001525878906],[151.39101239852607,-33.52230928838253,32.79999923706055],[151.39100971631706,-33.522306606173515,33.20000076293945],[151.39100250788033,-33.52229495532811,34],[151.39099613763392,-33.52228892035782,34.20000076293945],[151.3909873366356,-33.522279281169176,34.20000076293945],[151.39096369966865,-33.522250447422266,34.400001525878906],[151.39095263555646,-33.522242149338126,34.599998474121094],[151.3909320998937,-33.522231336683035,34.79999923706055],[151.3909109774977,-33.522238209843636,35],[151.39089446514845,-33.52223728783429,35.400001525878906],[151.3908848259598,-33.52224131114781,35.599998474121094],[151.39087879098952,-33.52223946712911,35.79999923706055],[151.39086839742959,-33.52222924120724,36.20000076293945],[151.3908584229648,-33.52222815155983,36.400001525878906],[151.39082900248468,-33.52223024703562,36.79999923706055],[151.39078717678785,-33.52221968583763,37.20000076293945],[151.3907748553902,-33.5222159139812,37.400001525878906],[151.39076555147767,-33.5222003236413,37.400001525878906],[151.39074602164328,-33.52219797670841,37.79999923706055],[151.39072087593377,-33.522217674180865,38],[151.39070679433644,-33.522228403016925,38.400001525878906],[151.39069975353777,-33.52223158814013,38.599998474121094],[151.39068223536015,-33.52224566973746,38.79999923706055],[151.39067863114178,-33.52224885486066,39],[151.39066957868636,-33.52224734611809,39.400001525878906],[151.39063202776015,-33.52224248461425,40],[151.3906297646463,-33.52223661728203,40],[151.39061484485865,-33.52223804220557,40.400001525878906],[151.3906001765281,-33.522247010841966,40.599998474121094],[151.39057075604796,-33.52224860340357,40.79999923706055],[151.3905240688473,-33.52225849404931,41.20000076293945],[151.39049456454813,-33.5222677141428,41.599998474121094],[151.3904421776533,-33.522284142673016,41.79999923706055],[151.3904358074069,-33.5222796164453,42.20000076293945],[151.3904273416847,-33.522280203178525,42.400001525878906],[151.3904207199812,-33.52229084819555,42.599998474121094],[151.39039649628103,-33.52229847572744,43],[151.3903871923685,-33.52229512296617,43],[151.39036665670574,-33.522300235927105,43.599998474121094],[151.39034721069038,-33.52231364697218,43.599998474121094],[151.39031410217285,-33.522314401343465,44.20000076293945],[151.3902304507792,-33.52231130003929,44.79999923706055],[151.3901855237782,-33.52231088094413,45.400001525878906],[151.39018200337887,-33.52230937220156,45.79999923706055],[151.39015467837453,-33.52232018485665,46.400001525878906],[151.39013908803463,-33.522334014996886,46.79999923706055],[151.3901245035231,-33.522342815995216,47],[151.3900961726904,-33.52235379628837,47.400001525878906],[151.3900565262884,-33.522361340001225,47.79999923706055],[151.3900118507445,-33.522365195676684,48.400001525878906],[151.38995569199324,-33.5223866533488,48.79999923706055],[151.3899214938283,-33.52242747321725,49],[151.38990162871778,-33.522443398833275,49.20000076293945],[151.38983809389174,-33.52245354093611,49.599998474121094],[151.38981487601995,-33.52246267721057,50],[151.38980146497488,-33.522472735494375,50.20000076293945],[151.38977413997054,-33.52247801609337,50.79999923706055],[151.389777995646,-33.52246896363795,51],[151.3897846173495,-33.522460497915745,51.400001525878906],[151.3897846173495,-33.522460497915745,52.20000076293945],[151.38980037532747,-33.52249637246132,53.400001525878906],[151.38980800285935,-33.522535264492035,53.599998474121094],[151.3898147083819,-33.5226406250149,54.20000076293945],[151.3898163009435,-33.52264758199453,54.400001525878906],[151.38980423100293,-33.52267239242792,54.79999923706055],[151.38980146497488,-33.5227098595351,55.400001525878906],[151.38979769311845,-33.52272511459887,55.599998474121094],[151.38978637754917,-33.522762916982174,56],[151.3897690270096,-33.52280088700354,56.20000076293945],[151.38975469395518,-33.52282368578017,56.599998474121094],[151.3897507544607,-33.52287892252207,57.20000076293945],[151.38974002562463,-33.52290817536414,57.599998474121094],[151.38968772254884,-33.52298461832106,58.400001525878906],[151.38965838588774,-33.52303641848266,58.79999923706055],[151.38963357545435,-33.52305829524994,59],[151.3896215055138,-33.52306583896279,59.20000076293945],[151.38961144722998,-33.52307547815144,59.599998474121094],[151.38960784301162,-33.52308922447264,59.79999923706055],[151.38960893265903,-33.52312417700887,60.599998474121094],[151.38961144722998,-33.52313172072172,61],[151.38962963595986,-33.52319475263357,62.20000076293945],[151.38962930068374,-33.52320833131671,62.20000076293945],[151.38961186632514,-33.52322685532272,62.400001525878906],[151.38960096985102,-33.52325820364058,63],[151.38960130512714,-33.52327027358115,63.20000076293945],[151.3896122854203,-33.523341435939074,64],[151.38965922407806,-33.52340178564191,64.19999694824219],[151.38968210667372,-33.52342232130468,65.19999694824219],[151.38968897983432,-33.52342709898949,65.19999694824219],[151.38971177861094,-33.52344101294875,65],[151.38973340392113,-33.523446125909686,64.4000015258789],[151.38974354602396,-33.523452244699,64.19999694824219],[151.38975108973682,-33.523459201678634,64.19999694824219],[151.3897703681141,-33.523548720404506,64.4000015258789],[151.38977154158056,-33.52356355637312,64.5999984741211],[151.38976014219224,-33.52362382225692,64.80000305175781],[151.38976508751512,-33.523656679317355,64.5999984741211],[151.38977279886603,-33.52367394603789,64.5999984741211],[151.38978084549308,-33.523716274648905,64],[151.38978235423565,-33.52373605594039,63.79999923706055],[151.3898398540914,-33.52376002818346,63.79999923706055],[151.38985469006002,-33.52377670817077,63.400001525878906],[151.3898655027151,-33.5238150972873,63.79999923706055],[151.38986558653414,-33.523824736475945,63.79999923706055],[151.3898657541722,-33.52382389828563,63.79999923706055],[151.3898567855358,-33.52383219636977,63.79999923706055],[151.3898567855358,-33.52383219636977,63.79999923706055],[151.3898567855358,-33.52383219636977,63.79999923706055],[151.38981646858156,-33.523794477805495,63.79999923706055],[151.3897555321455,-33.52379229851067,63.79999923706055],[151.38969937339425,-33.52381660602987,63.79999923706055],[151.38967556878924,-33.523821383714676,63.79999923706055],[151.38965318910778,-33.52381769567728,63.79999923706055],[151.38964153826237,-33.5238150972873,63.79999923706055],[151.3895707949996,-33.523832615464926,63.79999923706055],[151.38956006616354,-33.52383739314973,60.20000076293945],[151.38951455242932,-33.52384267374873,60],[151.38947733677924,-33.52385642006993,59.400001525878906],[151.3894589804113,-33.52386220358312,59.20000076293945],[151.38939879834652,-33.52386463433504,58],[151.38936962932348,-33.52386019192636,57.599998474121094],[151.3893390353769,-33.52383999153972,56.79999923706055],[151.38932386413217,-33.52383219636977,56.20000076293945],[151.38930508866906,-33.523827167227864,55.599998474121094],[151.3892604969442,-33.52382238954306,54.400001525878906],[151.3892510253936,-33.52382389828563,54],[151.38919319026172,-33.52382289245725,53.400001525878906],[151.38913535512984,-33.52382004261017,52.79999923706055],[151.38909126631916,-33.52382398210466,52.400001525878906],[151.3890800345689,-33.52382272481918,52.20000076293945],[151.38902538456023,-33.52382062934339,51.599998474121094],[151.3889925274998,-33.523818366229534,51.20000076293945],[151.38895640149713,-33.52382071316242,51],[151.38893351890147,-33.52381660602987,50.79999923706055],[151.38889596797526,-33.523809565231204,50.20000076293945],[151.3888056948781,-33.523782743141055,50],[151.38878675177693,-33.523776875808835,50],[151.3887676410377,-33.52377821691334,50],[151.38874400407076,-33.52378014475107,49.599998474121094],[151.38870905153453,-33.523780731484294,49.20000076293945],[151.38863369822502,-33.52379414252937,48.400001525878906],[151.388607211411,-33.52379875257611,48],[151.38857435435057,-33.5238045360893,46.79999923706055],[151.38853445649147,-33.52380654774606,46.20000076293945],[151.38852230273187,-33.52381291799247,46],[151.38849900104105,-33.52382414974272,45.79999923706055],[151.38848684728146,-33.52382632903755,45.79999923706055],[151.3884655572474,-33.523820294067264,45.79999923706055],[151.38837972655892,-33.52379816584289,44.599998474121094],[151.38836690224707,-33.523788107559085,44.599998474121094],[151.388353491202,-33.523782743141055,44.400001525878906],[151.38828920200467,-33.52377654053271,44],[151.38825508765876,-33.523777378723025,43.599998474121094],[151.3882422633469,-33.523777294903994,43.599998474121094],[151.3882197998464,-33.52377310395241,43.599998474121094],[151.38814989477396,-33.523747120052576,42.79999923706055],[151.3881167024374,-33.523755921050906,42.599998474121094],[151.38809734024107,-33.52376095019281,42.400001525878906],[151.38807026669383,-33.523773439228535,42],[151.388031039387,-33.523771930485964,41.599998474121094],[151.3879473041743,-33.5237701702863,40.400001525878906],[151.38788720592856,-33.5237717628479,39.400001525878906],[151.38786365278065,-33.52377503179014,38.400001525878906],[151.3878505770117,-33.523772433400154,38],[151.387787964195,-33.52378165349364,37],[151.3877768162638,-33.52377721108496,37],[151.38774915598333,-33.52377117611468,36.400001525878906],[151.3877102639526,-33.52378685027361,36],[151.38765963725746,-33.523798920214176,35.400001525878906],[151.38764052651823,-33.52382389828563,35],[151.3876362517476,-33.523832028731704,34.79999923706055],[151.38762074522674,-33.523844266310334,34.599998474121094],[151.38760113157332,-33.52386170066893,34.20000076293945],[151.3875913247466,-33.523872597143054,34],[151.387581769377,-33.52388181723654,33.79999923706055],[151.38753742910922,-33.52390503510833,33.599998474121094],[151.38749870471656,-33.52392129600048,32.599998474121094],[151.38747883960605,-33.52393018081784,32.20000076293945],[151.38744749128819,-33.52393202483654,31.600000381469727],[151.38741564005613,-33.52388257160783,30.600000381469727],[151.38739770278335,-33.52387586608529,30.600000381469727],[151.38738789595664,-33.523877542465925,30.600000381469727],[151.3873777538538,-33.52388349361718,30.600000381469727],[151.3873648457229,-33.5238994192332,30.600000381469727],[151.38733408413827,-33.52393722161651,30.799999237060547],[151.387272560969,-33.5239601880312,31],[151.38719821348786,-33.52398592047393,31.399999618530273],[151.38716309331357,-33.523988937959075,31.799999237060547],[151.38712462037802,-33.523992374539375,32.20000076293945],[151.3870967924595,-33.52399656549096,32.20000076293945],[151.38708187267184,-33.52400058880448,32.20000076293945],[151.38703619129956,-33.52400419302285,32.20000076293945],[151.38695036061108,-33.52401056326926,32],[151.3869413919747,-33.52401710115373,31.799999237060547],[151.38689403422177,-33.524058843031526,31],[151.38688967563212,-33.52406085468829,31],[151.3868830539286,-33.5240809712559,30.399999618530273],[151.38684424571693,-33.52412397041917,29.399999618530273],[151.3868219498545,-33.52413235232234,29],[151.3867646176368,-33.52413101121783,28.399999618530273],[151.38675313442945,-33.52413193322718,28.200000762939453],[151.38674139976501,-33.52413771674037,28],[151.38670083135366,-33.52413721382618,27.799999237060547],[151.38667467981577,-33.52414559572935,27.799999237060547],[151.3866398949176,-33.52420426905155,27.200000762939453],[151.38663587160408,-33.52420762181282,26.799999237060547],[151.38662396930158,-33.52419094182551,26],[151.38661307282746,-33.52418599650264,25.799999237060547],[151.38658457435668,-33.52419379167259,24.799999237060547],[151.38657208532095,-33.524208795279264,25],[151.38656202703714,-33.524233186617494,25],[151.38655154965818,-33.52425497956574,25.200000762939453],[151.38655649498105,-33.52427559904754,25.200000762939453],[151.38652338646352,-33.524314407259226,25.799999237060547],[151.38651634566486,-33.52431851439178,26],[151.38651131652296,-33.52433511056006,27.200000762939453],[151.38650779612362,-33.52435120381415,27.399999618530273],[151.38650259934366,-33.524366626515985,27.799999237060547],[151.38649539090693,-33.52436754852533,28.200000762939453],[151.38648759573698,-33.5243711527437,28.399999618530273],[151.38645348139107,-33.524375008419156,29],[151.38643411919475,-33.52437810972333,29.399999618530273],[151.38642598874867,-33.52437878027558,30],[151.3864199537784,-33.5243814624846,30.799999237060547],[151.38640880584717,-33.524392610415816,31.799999237060547],[151.38638474978507,-33.524415073916316,32.79999923706055],[151.386376619339,-33.52442219853401,33],[151.38637066818774,-33.524443823844194,33.400001525878906],[151.3863689918071,-33.52449872530997,34],[151.38637016527355,-33.52452085353434,34.400001525878906],[151.38635147362947,-33.52453200146556,35],[151.38633085414767,-33.52456125430763,35.599998474121094],[151.38631132431328,-33.52458623237908,36.20000076293945],[151.3863066304475,-33.52459654211998,36.400001525878906],[151.38628064654768,-33.524648593738675,37.20000076293945],[151.38624301180243,-33.524686144664884,38],[151.38623278588057,-33.524693604558706,38.20000076293945],[151.38617863878608,-33.52473417297006,39.400001525878906],[151.38611862435937,-33.52481346577406,40.20000076293945],[151.38606590218842,-33.52484866976738,40.20000076293945],[151.3860586937517,-33.524863086640835,40.20000076293945],[151.3860497251153,-33.52489007636905,40.400001525878906],[151.38604436069727,-33.52491606026888,41],[151.3860288541764,-33.5249425470829,41.400001525878906],[151.3860249146819,-33.52495570667088,41.400001525878906],[151.38599960133433,-33.52498739026487,41.400001525878906],[151.38594000600278,-33.525028713047504,40.79999923706055],[151.38592584058642,-33.52503793314099,40.599998474121094],[151.38591251336038,-33.525045895949006,40.599998474121094],[151.38587647117674,-33.52506567724049,40.400001525878906],[151.38586993329227,-33.52507137693465,40.400001525878906],[151.38584244064987,-33.52509040385485,40.400001525878906],[151.38582617975771,-33.525103982537985,41],[151.38580983504653,-33.52512560784817,41.599998474121094],[151.38578795827925,-33.52517698891461,42.599998474121094],[151.3857711944729,-33.525190483778715,42.599998474121094],[151.38573163188994,-33.52524002082646,42.599998474121094],[151.385707994923,-33.52525896392763,42.400001525878906],[151.38565368019044,-33.52527430281043,42.599998474121094],[151.38564647175372,-33.52528536692262,42.599998474121094],[151.38562778010964,-33.52531051263213,42.599998474121094],[151.3855883013457,-33.5253606364131,42.79999923706055],[151.38557656668127,-33.52535979822278,42.79999923706055],[151.38554245233536,-33.525369856506586,42.79999923706055],[151.38552904129028,-33.525375723838806,42.79999923706055],[151.38543399050832,-33.52537974715233,42.79999923706055],[151.38541429303586,-33.52538217790425,42.79999923706055],[151.38538302853703,-33.525411766022444,42.79999923706055],[151.3853552006185,-33.52542048320174,42.79999923706055],[151.38534388504922,-33.52541604079306,42.599998474121094],[151.38532536104321,-33.52542484179139,42.400001525878906],[151.38531086035073,-33.5254227463156,42.20000076293945],[151.38529535382986,-33.52542517706752,42.20000076293945],[151.3852809369564,-33.52542903274298,41.599998474121094],[151.38527397997677,-33.52543590590358,41.20000076293945],[151.38523584231734,-33.525461638346314,40.400001525878906],[151.3852158933878,-33.52546867914498,40.20000076293945],[151.38518672436476,-33.5254917293787,39.20000076293945],[151.38517473824322,-33.52549608796835,39.20000076293945],[151.38512838631868,-33.525516372174025,38.79999923706055],[151.38511874713004,-33.52554051205516,38.79999923706055],[151.38514079153538,-33.525585355237126,39.599998474121094],[151.38514364138246,-33.52559759281576,39.79999923706055],[151.38513970188797,-33.52564134635031,40.20000076293945],[151.38513349927962,-33.5256592836231,40.599998474121094],[151.38512536883354,-33.525710916146636,41.20000076293945],[151.38512176461518,-33.52576766163111,41.20000076293945],[151.3851228542626,-33.52581803686917,41],[151.38510575518012,-33.52585516870022,40.79999923706055],[151.3851019833237,-33.5258680768311,40.599998474121094],[151.38509787619114,-33.52591350674629,40.400001525878906],[151.38509770855308,-33.5259301867336,40.400001525878906],[151.3850832078606,-33.52595298551023,40.20000076293945],[151.38509016484022,-33.52597754448652,39.599998474121094],[151.38507708907127,-33.52598483674228,39.20000076293945],[151.38504364527762,-33.52601517923176,38.79999923706055],[151.3850279711187,-33.52602708153427,39],[151.38498740270734,-33.5260718408972,39.79999923706055],[151.3849767576903,-33.52607594802976,40.400001525878906],[151.3849791046232,-33.52609220892191,41.20000076293945],[151.38496611267328,-33.52610838599503,41.599998474121094],[151.38496074825525,-33.52613286115229,42.400001525878906],[151.38495907187462,-33.52614216506481,42.79999923706055],[151.38492990285158,-33.526165299117565,43.20000076293945],[151.38492026366293,-33.526177536696196,43.400001525878906],[151.3848863169551,-33.526196060702205,43.79999923706055],[151.38487324118614,-33.526198491454124,43.79999923706055],[151.3848638534546,-33.52619765326381,44],[151.38484784401953,-33.526210226118565,44],[151.38483677990735,-33.52621584199369,44.20000076293945],[151.384812053293,-33.526249369606376,44.79999923706055],[151.3848060183227,-33.52628004737198,45],[151.38481096364558,-33.526291865855455,45.20000076293945],[151.38481758534908,-33.52630326524377,45.20000076293945],[151.38483141548932,-33.52635037153959,45.20000076293945],[151.38486133888364,-33.526500072330236,45],[151.38486008159816,-33.526510717347264,45],[151.3848580699414,-33.52659269236028,44.79999923706055],[151.38487533666193,-33.52663015946746,44.20000076293945],[151.38488061726093,-33.52664281614125,43.79999923706055],[151.3848775997758,-33.526649521663785,43.79999923706055],[151.3848601654172,-33.52667408064008,43.400001525878906],[151.38488832861185,-33.52669796906412,43.599998474121094],[151.38494700193405,-33.52672847919166,44.400001525878906],[151.38496309518814,-33.526741890236735,45],[151.38498589396477,-33.52679687552154,45.79999923706055],[151.38498027808964,-33.52680173702538,46],[151.38495278544724,-33.52684071287513,46.400001525878906],[151.38491238467395,-33.52689418941736,47],[151.38490743935108,-33.526920173317194,47.400001525878906],[151.38489151373506,-33.526948587968946,48],[151.3848656974733,-33.526980355381966,48.79999923706055],[151.384843820706,-33.52698982693255,49.20000076293945],[151.38481230475008,-33.52699636481702,49.400001525878906],[151.38479319401085,-33.52701975032687,49.599998474121094],[151.3847859017551,-33.527028635144234,49.599998474121094],[151.38473468832672,-33.52708957158029,49.400001525878906],[151.3847224507481,-33.52716249413788,49.599998474121094],[151.3847047649324,-33.52719853632152,50.20000076293945],[151.38469856232405,-33.527215803042054,50.599998474121094],[151.38469479046762,-33.52725712582469,50.79999923706055],[151.3846838939935,-33.5272962693125,51.400001525878906],[151.3846437446773,-33.527364833280444,52.20000076293945],[151.38463402166963,-33.52740632370114,52.400001525878906],[151.38462597504258,-33.527428368106484,52.599998474121094],[151.38458565808833,-33.527493160218,53.20000076293945],[151.38457568362355,-33.52750045247376,53.400001525878906],[151.38456453569233,-33.52750699035823,53.400001525878906],[151.38449261896312,-33.52755912579596,54.20000076293945],[151.3844753522426,-33.527572453022,54.400001525878906],[151.3844233006239,-33.52759810164571,55.599998474121094],[151.38438876718283,-33.527606315910816,56.400001525878906],[151.3843826483935,-33.52762710303068,56.79999923706055],[151.3843506295234,-33.527657110244036,57.20000076293945],[151.3842946384102,-33.527686363086104,58],[151.38428198173642,-33.527690805494785,58.599998474121094],[151.38427192345262,-33.52769340388477,59],[151.38425624929368,-33.527689799666405,59.20000076293945],[151.38420671224594,-33.527696589007974,60],[151.3841973245144,-33.52770178578794,60.20000076293945],[151.38415709137917,-33.527739671990275,60.79999923706055],[151.3841273356229,-33.52776104584336,61],[151.38410797342658,-33.527780659496784,61.20000076293945],[151.38409791514277,-33.52778526954353,61.400001525878906],[151.38399926014245,-33.52781410329044,62],[151.3839518185705,-33.527803709730506,62],[151.38393136672676,-33.52780295535922,62],[151.3839238230139,-33.52780932560563,62],[151.3838809914887,-33.52783966809511,61.79999923706055],[151.38382625766098,-33.52784595452249,61.599998474121094],[151.38380555436015,-33.52784536778927,61.400001525878906],[151.38378736563027,-33.52784059010446,61.20000076293945],[151.38376079499722,-33.527846122160554,60.599998474121094],[151.38374512083828,-33.52784628979862,60.20000076293945],[151.3837171252817,-33.527849642559886,60],[151.38370086438954,-33.527864227071404,60.20000076293945],[151.3836928177625,-33.527871519327164,60.400001525878906],[151.38367848470807,-33.52790546603501,61.20000076293945],[151.3836767245084,-33.527913596481085,61.400001525878906],[151.38367605395615,-33.52793329395354,61.599998474121094],[151.3836758863181,-33.527979059144855,62.400001525878906],[151.3836753834039,-33.52798475883901,62.599998474121094],[151.38365828432143,-33.52803437970579,63.400001525878906],[151.38364663347602,-33.52805441245437,63.79999923706055],[151.38361134566367,-33.52807654067874,64.4000015258789],[151.38360606506467,-33.528085174039006,64.5999984741211],[151.38357739895582,-33.52810914628208,65.19999694824219],[151.3835667539388,-33.52811861783266,65.80000305175781],[151.38354973867536,-33.5281440988183,66],[151.38350841589272,-33.528178380802274,66.19999694824219],[151.38349953107536,-33.52818693034351,66.19999694824219],[151.38348729349673,-33.52819623425603,66.19999694824219],[151.38346122577786,-33.528233198449016,66.5999984741211],[151.38344119302928,-33.52824317291379,66.5999984741211],[151.3833952601999,-33.52828558534384,66.5999984741211],[151.3833836093545,-33.52831978350878,66.19999694824219],[151.38336014002562,-33.528352892026305,66],[151.38334639370441,-33.528358759358525,66],[151.38333147391677,-33.52836479432881,66],[151.38331479392946,-33.528369991108775,66],[151.38325762934983,-33.528396897017956,66.19999694824219],[151.38323625549674,-33.52838943712413,66.80000305175781],[151.38321563601494,-33.528408128768206,67.19999694824219],[151.3831848744303,-33.52843872271478,67.5999984741211],[151.3831637520343,-33.528469149023294,68],[151.3831571303308,-33.52848666720092,68.19999694824219],[151.3831484131515,-33.528496474027634,68.19999694824219],[151.38313273899257,-33.52851139381528,68.4000015258789],[151.38311706483364,-33.52852899581194,68.4000015258789],[151.3831016421318,-33.528564954176545,68.4000015258789],[151.3830817770213,-33.52859538048506,68.5999984741211],[151.38305612839758,-33.52861608378589,68.80000305175781],[151.38302201405168,-33.528666626662016,68.80000305175781],[151.383001729846,-33.52868867106736,68.80000305175781],[151.38298094272614,-33.5287263058126,68.5999984741211],[151.38295319862664,-33.528775591403246,68.19999694824219],[151.38294087722898,-33.52882529608905,67.80000305175781],[151.38293718919158,-33.528850274160504,67.5999984741211],[151.38293375261128,-33.52886293083429,67.5999984741211],[151.38294867239892,-33.528900649398565,67.19999694824219],[151.38296828605235,-33.52892571128905,67.19999694824219],[151.3829813618213,-33.52897508069873,66.80000305175781],[151.38298789970577,-33.529011122882366,66.19999694824219],[151.3829882349819,-33.529023360461,66],[151.3829861395061,-33.5290368553251,65.80000305175781],[151.38297624886036,-33.529103407636285,66.4000015258789],[151.38298898935318,-33.529131822288036,66.5999984741211],[151.38300617225468,-33.529194854199886,66.5999984741211],[151.38301698490977,-33.52921748533845,66.5999984741211],[151.38302151113749,-33.5292424634099,66.4000015258789],[151.38303282670677,-33.52930935099721,66.19999694824219],[151.38300315476954,-33.5293547809124,66.80000305175781],[151.38299770653248,-33.52937322109938,67.19999694824219],[151.38300055637956,-33.52940515615046,68],[151.38300684280694,-33.529426949098706,68.4000015258789],[151.38299678452313,-33.52948076091707,69.19999694824219],[151.38299661688507,-33.529492914676666,69.19999694824219],[151.38300508260727,-33.52952878922224,70.5999984741211],[151.3830246962607,-33.529567178338766,71.4000015258789],[151.38305135071278,-33.52961864322424,71.5999984741211],[151.38305604457855,-33.5296293720603,71.80000305175781],[151.3830640912056,-33.529644794762135,71.80000305175781],[151.3830966129899,-33.529683938249946,72.19999694824219],[151.38312796130776,-33.52972366847098,72.4000015258789],[151.3831376004964,-33.52974269539118,72.5999984741211],[151.38316333293915,-33.529812851920724,73.4000015258789],[151.38321278616786,-33.529872028157115,73.19999694824219],[151.3832247722894,-33.52990320883691,73],[151.38322276063263,-33.529934640973806,73.4000015258789],[151.38321328908205,-33.52993531152606,72.80000305175781],[151.38321085833013,-33.52994210086763,73.19999694824219],[151.38321085833013,-33.52994210086763,73.80000305175781],[151.3832118641585,-33.529942855238914,74],[151.38321203179657,-33.529942855238914,74],[151.38321278616786,-33.52994352579117,74],[151.38321479782462,-33.529945369809866,73.5999984741211],[151.38321303762496,-33.52994570508599,73.4000015258789],[151.38321194797754,-33.52994637563825,73.80000305175781],[151.3831727206707,-33.53001728653908,72.80000305175781],[151.38316576369107,-33.530025500804186,72.80000305175781],[151.38314380310476,-33.53008107282221,72.4000015258789],[151.3831238541752,-33.53008417412639,72.4000015258789],[151.38311262242496,-33.53010001592338,72.4000015258789],[151.3830945175141,-33.53012398816645,71.80000305175781],[151.3830918353051,-33.53015483357012,70.80000305175781],[151.3830961100757,-33.53016396984458,70.5999984741211],[151.38314086943865,-33.530202275142074,70.4000015258789],[151.3831428810954,-33.53020939975977,70.4000015258789],[151.38315905816853,-33.530239490792155,70],[151.3831616565585,-33.53026354685426,69.5999984741211],[151.38316467404366,-33.53027980774641,69.19999694824219],[151.3831137958914,-33.53034225292504,68.80000305175781],[151.38309745118022,-33.53038441389799,69],[151.38309460133314,-33.53039505891502,69],[151.38308194465935,-33.53046488016844,68.5999984741211],[151.38307129964232,-33.53048541583121,68.19999694824219],[151.38305520638824,-33.53054811246693,67.4000015258789],[151.38305151835084,-33.530578622594476,67.19999694824219],[151.38301195576787,-33.53068381547928,66.80000305175781],[151.3830024842173,-33.53069270029664,66.80000305175781],[151.38298789970577,-33.53074550628662,66.5999984741211],[151.38298278674483,-33.530759336426854,66.4000015258789],[151.38291958719492,-33.53085824288428,66.19999694824219],[151.3828468322754,-33.53087894618511,65.19999694824219],[151.38283719308674,-33.53087592869997,65],[151.3828138075769,-33.530870815739036,64.19999694824219],[151.3827601633966,-33.530856063589454,63.20000076293945],[151.38268916867673,-33.530820440500975,62.20000076293945],[151.38267651200294,-33.530817003920674,61.599998474121094],[151.38263158500195,-33.53080510161817,60.599998474121094],[151.38260166160762,-33.5308001562953,60],[151.38254726305604,-33.530775932595134,59.599998474121094],[151.3825162500143,-33.53077291510999,58.599998474121094],[151.38250686228275,-33.530775010585785,58.400001525878906],[151.38245724141598,-33.53079495951533,57.599998474121094],[151.3824385497719,-33.53079814463854,57.400001525878906],[151.3823745958507,-33.530815076082945,56.79999923706055],[151.38233955949545,-33.530823877081275,56.400001525878906],[151.3823269866407,-33.530828319489956,56.400001525878906],[151.3822992425412,-33.53083644993603,56],[151.3822450954467,-33.53081641718745,55.400001525878906],[151.3822347857058,-33.53081532754004,55.20000076293945],[151.38218734413385,-33.53085338138044,54.599998474121094],[151.38215423561633,-33.530896715819836,54],[151.38209857977927,-33.53091557510197,53.599998474121094],[151.38208248652518,-33.53093418292701,52.79999923706055],[151.3820720091462,-33.53094398975372,52.599998474121094],[151.38200528919697,-33.53097760118544,51.599998474121094],[151.3819839991629,-33.53098128922284,51],[151.38197117485106,-33.53097609244287,50.599998474121094],[151.381926080212,-33.53099377825856,49.79999923706055],[151.3819104898721,-33.5309952031821,49.400001525878906],[151.3819017726928,-33.53099755011499,49.20000076293945],[151.3818735256791,-33.531005093827844,48.20000076293945],[151.3818513136357,-33.531000316143036,48],[151.3818000163883,-33.53099210187793,47],[151.38178668916225,-33.53099428117275,46.79999923706055],[151.3817413430661,-33.53099159896374,46],[151.38171217404306,-33.530991012230515,45.400001525878906],[151.38168686069548,-33.53098548017442,45],[151.38163631781936,-33.530970979481936,44],[151.381624834612,-33.5309693031013,43.79999923706055],[151.38157496228814,-33.53096435777843,43],[151.38155970722437,-33.53097022511065,42.79999923706055],[151.3815407641232,-33.53097667917609,42.599998474121094],[151.38152425177395,-33.530977349728346,42.400001525878906],[151.38148888014257,-33.53098539635539,41.599998474121094],[151.38147739693522,-33.5309883300215,41.400001525878906],[151.3814176339656,-33.53098941966891,40.599998474121094],[151.3813869562,-33.53096527978778,40],[151.38136357069016,-33.53094172663987,39.79999923706055],[151.38132392428815,-33.53094005025923,40.599998474121094],[151.3812714535743,-33.53093795478344,41.599998474121094],[151.381241613999,-33.530936697497964,41.79999923706055],[151.38119459152222,-33.530939714983106,42],[151.3811662606895,-33.53094566613436,42],[151.3811525143683,-33.53095404803753,42.20000076293945],[151.38111672364175,-33.530959663912654,42.20000076293945],[151.38109786435962,-33.53096720762551,42.20000076293945],[151.38108788989484,-33.530971985310316,42],[151.3810674380511,-33.53098229505122,41.79999923706055],[151.3810463156551,-33.53098883293569,41.599998474121094],[151.38101899065077,-33.53098548017442,41.400001525878906],[151.38098806142807,-33.530991012230515,41.400001525878906],[151.38097532093525,-33.53099796921015,41.599998474121094],[151.38094766065478,-33.53101825341582,41.400001525878906],[151.38093047775328,-33.53104490786791,41.20000076293945],[151.38090709224343,-33.53106711991131,40.79999923706055],[151.38089284300804,-33.531067706644535,40.599998474121094],[151.38087985105813,-33.53107089176774,40.599998474121094],[151.3808200880885,-33.5311283916235,40.400001525878906],[151.38080969452858,-33.53114616125822,40.20000076293945],[151.3807885721326,-33.531178599223495,40],[151.38077097013593,-33.53117843158543,39.79999923706055],[151.38074507005513,-33.531177174299955,39.599998474121094],[151.38073241338134,-33.53117063641548,39.599998474121094],[151.38067323714495,-33.53115881793201,39.400001525878906],[151.38059863820672,-33.531189830973744,38.79999923706055],[151.38051548972726,-33.53120776824653,38.599998474121094],[151.38050115667284,-33.531204080209136,38.400001525878906],[151.3804846443236,-33.5312060918659,38.400001525878906],[151.38042697682977,-33.531193351373076,38.20000076293945],[151.3804183434695,-33.53118237107992,38],[151.38040451332927,-33.53117482736707,37.79999923706055],[151.38031993992627,-33.53116896003485,37.599998474121094],[151.38030527159572,-33.53116602636874,37.599998474121094],[151.38028364628553,-33.53115890175104,37.599998474121094],[151.38025145977736,-33.5311646014452,37.400001525878906],[151.38023788109422,-33.53116166777909,37.20000076293945],[151.3802278228104,-33.53115990757942,37.20000076293945],[151.38020468875766,-33.53116795420647,37],[151.38016638346016,-33.531178683042526,37],[151.38015045784414,-33.53118027560413,37],[151.38011592440307,-33.53117734193802,37],[151.38008256442845,-33.53116912767291,36.599998474121094],[151.3800512161106,-33.53118916042149,36.400001525878906],[151.38003570958972,-33.53119687177241,36.20000076293945],[151.38002070598304,-33.531205505132675,36.20000076293945],[151.37989522889256,-33.531246576458216,35.599998474121094],[151.37988056056201,-33.53124967776239,35.400001525878906],[151.3798316102475,-33.53127842769027,35.20000076293945],[151.37979296967387,-33.5312956944108,34.20000076293945],[151.37978123500943,-33.531299382448196,34],[151.37970512732863,-33.531315894797444,33],[151.37965206988156,-33.531307093799114,32.599998474121094],[151.3795700110495,-33.53129628114402,31.799999237060547],[151.3794481381774,-33.53128404356539,31],[151.37941930443048,-33.53127867914736,30.799999237060547],[151.37928418815136,-33.53125914931297,29.600000381469727],[151.37926826253533,-33.53125688619912,29.600000381469727],[151.3791778218001,-33.53121556341648,28.600000381469727],[151.37917111627758,-33.531209444627166,28.600000381469727],[151.3791375886649,-33.531183041632175,28.200000762939453],[151.37913121841848,-33.531175246462226,28.200000762939453],[151.3791307155043,-33.53117407299578,28.399999618530273],[151.37913088314235,-33.531174240633845,28.399999618530273],[151.37906081043184,-33.531124871224165,28.600000381469727],[151.37895335443318,-33.531036861240864,28.200000762939453],[151.37889032252133,-33.53097332641482,28],[151.37888328172266,-33.53096175938845,27.799999237060547],[151.37886710464954,-33.530937787145376,27.600000381469727],[151.3788255304098,-33.53086478076875,27.200000762939453],[151.37876316905022,-33.53081130422652,27.399999618530273],[151.37875688262284,-33.53080610744655,27.200000762939453],[151.37871405109763,-33.5307499486953,26.799999237060547],[151.3786841277033,-33.53069077245891,26.600000381469727],[151.37867448851466,-33.53067476302385,26.399999618530273],[151.3786676991731,-33.53066520765424,26.399999618530273],[151.3786341715604,-33.53063511662185,26.399999618530273],[151.37858513742685,-33.53062782436609,27.799999237060547],[151.37857248075306,-33.53062438778579,28],[151.37853777967393,-33.53062036447227,28.200000762939453],[151.37849729508162,-33.53061659261584,28.200000762939453],[151.37847843579948,-33.530612736940384,28.399999618530273],[151.37845379300416,-33.530613323673606,28.799999237060547],[151.3784192595631,-33.53062665089965,29.200000762939453],[151.37834692373872,-33.53064492344856,29.399999618530273],[151.3783233705908,-33.53064534254372,29.799999237060547],[151.37823921628296,-33.53066059760749,30.600000381469727],[151.37820485047996,-33.530664034187794,31],[151.3781499490142,-33.5306722484529,31.200000762939453],[151.37801826931536,-33.53068591095507,31.399999618530273],[151.37789857573807,-33.530677780508995,31.600000381469727],[151.37783001177013,-33.53068616241217,32],[151.3777762837708,-33.53068205527961,32.20000076293945],[151.3776692468673,-33.53067350573838,33],[151.37764167040586,-33.53067660704255,33.20000076293945],[151.37754234485328,-33.53068917989731,33.599998474121094],[151.37739934958518,-33.53074265643954,34],[151.37735727243125,-33.53076654486358,34.20000076293945],[151.37727303430438,-33.530781297013164,34.79999923706055],[151.37719340622425,-33.53078171610832,35.20000076293945],[151.37713599018753,-33.530773501843214,35.79999923706055],[151.37708980590105,-33.53076168335974,36.20000076293945],[151.37700489722192,-33.53073754347861,37],[151.3769577909261,-33.53072488680482,37.400001525878906],[151.3769236765802,-33.53071952238679,37.599998474121094],[151.37689006514847,-33.53070627897978,37.79999923706055],[151.37678847648203,-33.53067794814706,38.20000076293945],[151.37675779871643,-33.5306690633297,38.400001525878906],[151.3766531087458,-33.53065204806626,39],[151.376611283049,-33.53063310496509,39.400001525878906],[151.37654372490942,-33.53061852045357,39.599998474121094],[151.37649301439524,-33.53061441332102,39.599998474121094],[151.37645680457354,-33.53060603141785,39],[151.37640416622162,-33.5306067019701,38.400001525878906],[151.37634582817554,-33.53060896508396,37.79999923706055],[151.37629964388907,-33.53060904890299,37.400001525878906],[151.376288915053,-33.530609887093306,37.400001525878906],[151.37624692171812,-33.53061055764556,37],[151.37618254870176,-33.53060075081885,36.79999923706055],[151.376122366637,-33.53057426400483,37.400001525878906],[151.3760214485228,-33.530552722513676,37.599998474121094],[151.3759786169976,-33.53054861538112,37.599998474121094],[151.3758401479572,-33.530598571524024,38.20000076293945],[151.37582522816956,-33.5306101385504,38.400001525878906],[151.37578155845404,-33.5306429117918,38.20000076293945],[151.37572447769344,-33.53066001087427,37.599998474121094],[151.3757124915719,-33.53066638112068,37.599998474121094],[151.3756379764527,-33.53067652322352,38.20000076293945],[151.37554594315588,-33.5306344460696,38.20000076293945],[151.37543588876724,-33.53061483241618,38.20000076293945],[151.37539976276457,-33.53053822182119,38.20000076293945],[151.37534494511783,-33.530456414446235,38.20000076293945],[151.37533949688077,-33.53044216521084,38.20000076293945],[151.37533790431917,-33.53043369948864,38.20000076293945],[151.37530831620097,-33.53038039058447,38.20000076293945],[151.3753017783165,-33.53036924265325,38.20000076293945],[151.37529205530882,-33.53034485131502,38.20000076293945],[151.3752822484821,-33.530322974547744,38.20000076293945],[151.37528291903436,-33.530312748625875,38.20000076293945],[151.37529482133687,-33.530269330367446,38.20000076293945],[151.37526917271316,-33.53024770505726,33.79999923706055],[151.3752579409629,-33.53024158626795,33.79999923706055],[151.37524746358395,-33.53023580275476,33.79999923706055],[151.3752259220928,-33.53022264316678,33.79999923706055],[151.37517630122602,-33.530182242393494,33.599998474121094],[151.37517454102635,-33.530142260715365,32.599998474121094],[151.37517026625574,-33.530126083642244,32.599998474121094],[151.37516272254288,-33.53008911944926,32.400001525878906],[151.3751477189362,-33.53003312833607,32.400001525878906],[151.37514671310782,-33.53000178001821,31.600000381469727],[151.37514470145106,-33.5299938172102,31],[151.3751482218504,-33.529975628480315,30.399999618530273],[151.37513615190983,-33.529941849410534,29.399999618530273],[151.3751371577382,-33.52993573062122,29],[151.37514017522335,-33.529913099482656,27.799999237060547],[151.37515685521066,-33.529890049248934,27.399999618530273],[151.37515283189714,-33.529878314584494,27.200000762939453],[151.37515073642135,-33.52987378835678,27],[151.37514512054622,-33.52987068705261,26.799999237060547],[151.3751371577382,-33.52986624464393,26.600000381469727],[151.37511075474322,-33.52984981611371,26],[151.37510471977293,-33.5298484750092,25.600000381469727],[151.37508686631918,-33.52983037009835,24.399999618530273],[151.3750737067312,-33.529822155833244,24],[151.37506373226643,-33.5298157017678,23.399999618530273],[151.37504219077528,-33.529813354834914,23.200000762939453],[151.37501277029514,-33.52980673313141,22.799999237060547],[151.37498695403337,-33.52980497293174,22.399999618530273],[151.3749809190631,-33.52980178780854,22.799999237060547],[151.37498008087277,-33.52980103343725,23],[151.37497915886343,-33.529800698161125,23.200000762939453],[151.37496734037995,-33.529795082286,23.200000762939453],[151.37495803646743,-33.52978862822056,23],[151.37495694682002,-33.529789466410875,23.399999618530273],[151.37495694682002,-33.529789466410875,23.200000762939453],[151.37495736591518,-33.529789466410875,23.200000762939453],[151.3749574497342,-33.529789466410875,23.200000762939453],[151.37495753355324,-33.529789466410875,22.799999237060547],[151.3749048113823,-33.52977546863258,22],[151.3748101796955,-33.52974269539118,21],[151.37477732263505,-33.529736241325736,20.200000762939453],[151.37475905008614,-33.529738085344434,20.200000762939453],[151.3746987003833,-33.529738085344434,20.200000762939453],[151.374674141407,-33.52973314002156,20],[151.374650336802,-33.52971646003425,20],[151.37464933097363,-33.52970874868333,20],[151.37463139370084,-33.52967329323292,20],[151.37457917444408,-33.529623756185174,19.799999237060547],[151.37444749474525,-33.52952451445162,20],[151.37442972511053,-33.52950959466398,20.200000762939453],[151.37439385056496,-33.529461566358805,20],[151.37434565462172,-33.52942602708936,19.399999618530273],[151.37433693744242,-33.529421081766486,19.399999618530273],[151.37426007539034,-33.5293566249311,19.600000381469727],[151.37424138374627,-33.529346231371164,19.799999237060547],[151.37418321333826,-33.529303735122085,19.600000381469727],[151.37413434684277,-33.529271967709064,19.600000381469727],[151.3740374520421,-33.52922645397484,19.600000381469727],[151.37395254336298,-33.529176665470004,19.600000381469727],[151.37384257279336,-33.52912503294647,19.600000381469727],[151.37380292639136,-33.52911723777652,19.600000381469727],[151.37377141043544,-33.52909636683762,19.600000381469727],[151.3737498689443,-33.52908069267869,19.600000381469727],[151.37366672046483,-33.52904959581792,19.600000381469727],[151.37360494583845,-33.52902252227068,19.600000381469727],[151.37359815649688,-33.52900483645499,19.600000381469727],[151.3735577557236,-33.5289850551635,19.600000381469727],[151.37344577349722,-33.52893266826868,19.600000381469727],[151.3733175303787,-33.52887290529907,19.600000381469727],[151.37311653234065,-33.52879151701927,19.600000381469727],[151.37310429476202,-33.52878523059189,19.600000381469727],[151.37299675494432,-33.528733514249325,19.600000381469727],[151.3729285262525,-33.52870434522629,19.600000381469727],[151.37288929894567,-33.528680708259344,19.600000381469727],[151.37278477661312,-33.52865262888372,19.600000381469727],[151.3727667555213,-33.528648940846324,19.600000381469727],[151.3727080821991,-33.528629997745156,19.600000381469727],[151.37264831922948,-33.528605438768864,19.600000381469727],[151.37250314466655,-33.52859487757087,19.600000381469727],[151.37242418713868,-33.52857853285968,19.600000381469727],[151.37240951880813,-33.528575263917446,19.600000381469727],[151.37227029539645,-33.52855841629207,19.600000381469727],[151.37210517190397,-33.528560511767864,19.600000381469727],[151.3719548843801,-33.52854760363698,19.600000381469727],[151.37180727906525,-33.52852748706937,19.600000381469727],[151.37168406508863,-33.52853243239224,19.600000381469727],[151.3715700712055,-33.52854751981795,19.600000381469727],[151.37144207954407,-33.52855749428272,19.600000381469727],[151.37143126688898,-33.52855942212045,19.600000381469727],[151.37129430659115,-33.528588423505425,19.600000381469727],[151.37117411009967,-33.52860677987337,19.600000381469727],[151.3710555061698,-33.52859068661928,19.600000381469727],[151.3709307834506,-33.52862639352679,19.600000381469727],[151.37074721977115,-33.52868062444031,19.600000381469727],[151.37061034329236,-33.528697388246655,19.600000381469727],[151.37043532915413,-33.5287347715348,19.600000381469727],[151.37026802636683,-33.52877416647971,19.600000381469727],[151.37008605524898,-33.52879478596151,19.600000381469727],[151.36991162784398,-33.528837533667684,19.600000381469727],[151.3697510305792,-33.52888589724898,19.600000381469727],[151.36963519267738,-33.52891984395683,19.600000381469727],[151.36949001811445,-33.528962759301066,19.600000381469727],[151.36933067813516,-33.528986563906074,19.600000381469727],[151.36919287964702,-33.52903174236417,19.600000381469727],[151.3690284267068,-33.52905730716884,19.600000381469727],[151.368915354833,-33.52910407818854,19.600000381469727],[151.3687702640891,-33.529154788702726,19.600000381469727],[151.36872039176524,-33.52916803210974,19.600000381469727],[151.3686478883028,-33.529169373214245,19.600000381469727],[151.36857798323035,-33.52918781340122,19.600000381469727],[151.36855635792017,-33.52919887751341,19.600000381469727],[151.3685440365225,-33.52920189499855,19.600000381469727],[151.36852861382067,-33.52920399047434,19.600000381469727],[151.36851687915623,-33.529204996302724,19.600000381469727],[151.36848469264805,-33.529222095385194,19.600000381469727],[151.36844848282635,-33.52923500351608,19.600000381469727],[151.36842291802168,-33.52924967184663,19.600000381469727],[151.36834982782602,-33.529279259964824,19.600000381469727],[151.36832828633487,-33.529289653524756,19.600000381469727],[151.3683167193085,-33.529294431209564,19.600000381469727],[151.36830288916826,-33.52929702959955,19.600000381469727],[151.36826030910015,-33.52930733934045,19.600000381469727],[151.36823675595224,-33.52931764908135,19.600000381469727],[151.36822627857327,-33.52932267822325,19.600000381469727],[151.36820297688246,-33.52933089248836,19.600000381469727],[151.3681690301746,-33.52934195660055,19.600000381469727],[151.3680664356798,-33.52936752140522,19.600000381469727],[151.36796400882304,-33.5293825250119,19.600000381469727],[151.36795168742537,-33.529383866116405,19.600000381469727],[151.3679382763803,-33.529388811439276,19.600000381469727],[151.3678732328117,-33.52941730991006,19.600000381469727],[151.3678557984531,-33.529423512518406,19.600000381469727],[151.3677874021232,-33.529448825865984,19.600000381469727],[151.36773727834225,-33.5294670984149,19.600000381469727],[151.3677271362394,-33.52947321720421,19.600000381469727],[151.36770391836762,-33.529480593279004,19.600000381469727],[151.36760442517698,-33.52950733155012,19.600000381469727],[151.36751524172723,-33.52953893132508,19.600000381469727],[151.3674170896411,-33.52958310395479,19.600000381469727],[151.36729043908417,-33.5296256840229,19.600000381469727],[151.36723268777132,-33.52964026853442,19.600000381469727],[151.36717988178134,-33.529640436172485,19.600000381469727],[151.36708818376064,-33.529689218848944,19.600000381469727],[151.36691744439304,-33.529744539409876,19.600000381469727],[151.36679381132126,-33.52976239286363,19.600000381469727],[151.36675994843245,-33.529773792251945,19.600000381469727],[151.36669834144413,-33.529802123084664,19.600000381469727],[151.36660505086184,-33.52984109893441,19.600000381469727],[151.3665346428752,-33.529864652082324,19.600000381469727],[151.36653246358037,-33.52986490353942,19.600000381469727],[151.3665330503136,-33.52986490353942,19.600000381469727],[151.36653707362711,-33.52986498735845,19.600000381469727],[151.36647689156234,-33.5298814997077,19.600000381469727],[151.36643162928522,-33.529899939894676,19.600000381469727],[151.3663950841874,-33.52991485968232,19.600000381469727],[151.36631059460342,-33.52994067594409,19.600000381469727],[151.36629818938673,-33.52994604036212,19.600000381469727],[151.36619324795902,-33.5299866925925,19.600000381469727],[151.36611269786954,-33.53000949136913,19.600000381469727],[151.36608847416937,-33.53001703508198,19.600000381469727],[151.36601228266954,-33.53004628792405,19.600000381469727],[151.3659741450101,-33.530062548816204,19.600000381469727],[151.3658932596445,-33.530099680647254,19.600000381469727],[151.36585554108024,-33.530112924054265,19.600000381469727],[151.36573777534068,-33.530155001208186,19.600000381469727],[151.3655822072178,-33.53021174669266,19.600000381469727],[151.36544046923518,-33.53026865981519,19.600000381469727],[151.3652938697487,-33.53031199425459,19.600000381469727],[151.36519001796842,-33.53035666979849,19.600000381469727],[151.3651077914983,-33.53038433007896,19.600000381469727],[151.36505406349897,-33.530399249866605,19.600000381469727],[151.3650131598115,-33.530403692275286,19.600000381469727],[151.36497309431434,-33.5303995013237,19.600000381469727],[151.36494333855808,-33.530402937904,19.600000381469727],[151.3647618703544,-33.53046119213104,19.600000381469727],[151.3646672386676,-33.53050737641752,19.600000381469727],[151.3645723555237,-33.530557584017515,19.600000381469727],[151.36442927643657,-33.530610809102654,19.600000381469727],[151.364253340289,-33.530669985339046,19.600000381469727],[151.36409433558583,-33.53072698228061,19.600000381469727],[151.36394689790905,-33.53078448213637,19.600000381469727],[151.36381924152374,-33.53083812631667,19.600000381469727],[151.3636153936386,-33.53091465309262,19.600000381469727],[151.36359016411006,-33.53092663921416,19.600000381469727],[151.3634263817221,-33.53098581545055,19.600000381469727],[151.36329914443195,-33.531031077727675,19.600000381469727],[151.36314885690808,-33.531109197065234,19.600000381469727],[151.36303067207336,-33.531155716627836,19.600000381469727],[151.36291600763798,-33.53117315098643,19.600000381469727],[151.36285138316453,-33.531133169308305,19.600000381469727],[151.36277318000793,-33.5310972109437,19.600000381469727],[151.36269950307906,-33.531032586470246,19.600000381469727],[151.36262741871178,-33.530980702489614,19.600000381469727],[151.362569835037,-33.53093409910798,19.600000381469727],[151.36251258663833,-33.53089604526758,19.600000381469727],[151.36250546202064,-33.53088699281216,19.600000381469727],[151.36242206208408,-33.5308123100549,19.600000381469727],[151.3623721897602,-33.53076905943453,22.200000762939453],[151.36235676705837,-33.53075958788395,22.200000762939453],[151.3622828386724,-33.53068339638412,22.600000381469727],[151.36224729940295,-33.5306429117918,23.399999618530273],[151.36219977401197,-33.53061684407294,23.799999237060547],[151.36206633411348,-33.53054467588663,23.799999237060547],[151.36200036853552,-33.530506789684296,24],[151.36196080595255,-33.530487176030874,24.399999618530273],[151.36194119229913,-33.53045909665525,24.399999618530273],[151.36188444681466,-33.53036781772971,25.399999618530273],[151.36188025586307,-33.53035750798881,25.399999618530273],[151.36187992058694,-33.53034493513405,25.799999237060547],[151.36188042350113,-33.53034493513405,26.399999618530273],[151.36187966912985,-33.530348371714354,25.600000381469727],[151.36184563860297,-33.53034661151469,25.600000381469727],[151.36184345930815,-33.530344096943736,25.799999237060547],[151.3618425372988,-33.530343510210514,26],[151.3618393521756,-33.530343007296324,26.200000762939453],[151.36183876544237,-33.53034275583923,26.200000762939453],[151.3618425372988,-33.53034040890634,26],[151.3618523441255,-33.53033655323088,26],[151.36185410432518,-33.53033261373639,26],[151.36185485869646,-33.53032875806093,26],[151.3618697784841,-33.53031358681619,26],[151.36187287978828,-33.53031115606427,26],[151.36187564581633,-33.530306462198496,26],[151.36187606491148,-33.5303046181798,26],[151.36187623254955,-33.53030419908464,26],[151.36187623254955,-33.53030419908464,26],[151.36187631636858,-33.53030411526561,26],[151.36186625808477,-33.53032263927162,26],[151.36186701245606,-33.53032272309065,26],[151.36186860501766,-33.530322974547744,26],[151.36186852119863,-33.53032314218581,26],[151.36186944320798,-33.53032414801419,26],[151.3618689402938,-33.53032414801419,26],[151.36188461445272,-33.53031291626394,26],[151.36194253340364,-33.53031844832003,26],[151.36194605380297,-33.530315179377794,26],[151.36194731108844,-33.53031610138714,26],[151.36194814927876,-33.530315263196826,26],[151.36194814927876,-33.53031459264457,26],[151.36194840073586,-33.53031350299716,26],[151.36200397275388,-33.53031191043556,25.799999237060547],[151.36200338602066,-33.53031291626394,26],[151.36200221255422,-33.53031291626394,25.799999237060547],[151.36200154200196,-33.530312832444906,25.799999237060547],[151.36197346262634,-33.5302890278399,25.399999618530273],[151.36196189559996,-33.53028701618314,25.799999237060547],[151.36195812374353,-33.530285423621535,26],[151.36195669882,-33.530284920707345,26],[151.3619553577155,-33.53028466925025,26],[151.3619419466704,-33.53028777055442,26],[151.36194177903235,-33.53028869256377,26],[151.36194169521332,-33.53028919547796,26],[151.36194169521332,-33.53028994984925,26],[151.36194127611816,-33.530289866030216,26],[151.36190959252417,-33.53024695068598,26],[151.36185703799129,-33.53018534369767,26],[151.36184195056558,-33.53016489185393,26],[151.36182568967342,-33.530148547142744,26],[151.36179115623236,-33.530116863548756,26],[151.3617143779993,-33.53008476085961,26],[151.36168655008078,-33.53008484467864,26],[151.3616588898003,-33.53008643724024,26],[151.36164975352585,-33.53005802258849,26],[151.3616401143372,-33.530040672048926,26],[151.36158043518662,-33.53002147749066,26],[151.36148328892887,-33.530027847737074,30.200000762939453],[151.36137516237795,-33.53003824129701,30.200000762939453],[151.36136275716126,-33.53004712611437,30.200000762939453],[151.3612819556147,-33.530089957639575,30.600000381469727],[151.36120475828648,-33.53015676140785,31],[151.36104868724942,-33.530269330367446,31],[151.36100652627647,-33.53031635284424,31.399999618530273],[151.36099856346846,-33.530324567109346,31.600000381469727],[151.36098288930953,-33.5303458571434,31.799999237060547],[151.3609548099339,-33.53037100285292,32],[151.36093167588115,-33.53039648383856,32.20000076293945],[151.36088909581304,-33.53044233284891,32.599998474121094],[151.36083419434726,-33.530485248193145,33.20000076293945],[151.3607877586037,-33.530529672279954,33.79999923706055],[151.36070813052356,-33.53060385212302,34.400001525878906],[151.3606286700815,-33.530667973682284,34.79999923706055],[151.36057510972023,-33.53068775497377,35],[151.36051149107516,-33.53070887736976,35.400001525878906],[151.3604677375406,-33.530727569013834,35.79999923706055],[151.36036531068385,-33.53076268918812,36.400001525878906],[151.36029020883143,-33.5307948756963,36.79999923706055],[151.36021829210222,-33.53080124594271,37.20000076293945],[151.3601162005216,-33.530845837667584,38],[151.3601016998291,-33.530854722484946,38],[151.36001008562744,-33.530874671414495,38.79999923706055],[151.35999608784914,-33.530880035832524,39],[151.35987270623446,-33.53092320263386,40],[151.3598598819226,-33.530925549566746,40],[151.35979768820107,-33.530939128249884,40.599998474121094],[151.35976281948388,-33.53093979880214,40.599998474121094],[151.35969249531627,-33.53093267418444,41],[151.3596341572702,-33.530951365828514,41.599998474121094],[151.35955402627587,-33.530960669741035,42.20000076293945],[151.3595165591687,-33.530960250645876,42.400001525878906],[151.35950272902846,-33.53096234612167,42.400001525878906],[151.35938772931695,-33.530954299494624,43.20000076293945],[151.35937222279608,-33.53095036000013,43.400001525878906],[151.3593604043126,-33.53095220401883,43.400001525878906],[151.35928815230727,-33.53095010854304,43.79999923706055],[151.3592382799834,-33.530962094664574,44.20000076293945],[151.35923207737505,-33.53096536360681,44.20000076293945],[151.35918136686087,-33.53097709827125,45.20000076293945],[151.35918865911663,-33.53096972219646,45.20000076293945],[151.35919829830527,-33.530965615063906,45.400001525878906],[151.3591999746859,-33.53096636943519,45.79999923706055],[151.35918128304183,-33.53095748461783,45.599998474121094],[151.35918161831796,-33.530959160998464,45.599998474121094],[151.3591888267547,-33.53095815517008,45.400001525878906],[151.3591888267547,-33.53095815517008,45.400001525878906],[151.3591888267547,-33.53095815517008,45.599998474121094],[151.3591888267547,-33.53095815517008,45.79999923706055],[151.3591888267547,-33.53095815517008,45.79999923706055],[151.3591888267547,-33.53095815517008,45.79999923706055],[151.3591888267547,-33.53095815517008,45.79999923706055],[151.35919083841145,-33.53095756843686,45.599998474121094],[151.35919586755335,-33.53095497004688,45.400001525878906],[151.35919586755335,-33.530954299494624,45.400001525878906],[151.35919620282948,-33.53095413185656,45.20000076293945],[151.35919620282948,-33.53095404803753,45.400001525878906],[151.35919787921011,-33.5309537127614,45.400001525878906],[151.3592025730759,-33.530953796580434,45.400001525878906],[151.35921120643616,-33.530942564830184,45.400001525878906],[151.35921179316938,-33.53093753568828,45.400001525878906],[151.3592131342739,-33.530936278402805,45.400001525878906],[151.3592231925577,-33.530937703326344,45.400001525878906],[151.35922520421445,-33.53093845769763,45.400001525878906],[151.35922570712864,-33.53093854151666,45.400001525878906],[151.35922495275736,-33.53093887679279,45.400001525878906],[151.35922411456704,-33.5309399664402,45.400001525878906],[151.35915932245553,-33.53092043660581,45.400001525878906],[151.359041640535,-33.530854638665915,45.400001525878906],[151.35910735465586,-33.53064768947661,51.599998474121094],[151.35914532467723,-33.53061416186392,51.79999923706055],[151.35917315259576,-33.53056370280683,52],[151.35917717590928,-33.530549705028534,52],[151.3591835461557,-33.530505783855915,52.400001525878906],[151.3592208456248,-33.53043856099248,52.400001525878906],[151.35922654531896,-33.530429005622864,52.400001525878906],[151.35923425666988,-33.53040595538914,52.400001525878906],[151.35924272239208,-33.53037452325225,52.400001525878906],[151.35926795192063,-33.53033118881285,52.400001525878906],[151.3593077659607,-33.53024351410568,51.400001525878906],[151.3593215122819,-33.53021610528231,51.20000076293945],[151.3593442272395,-33.530178302899,50.599998474121094],[151.35938035324216,-33.53011267259717,50.20000076293945],[151.3594092708081,-33.53007461875677,50.20000076293945],[151.35945302434266,-33.53001192212105,50.20000076293945],[151.35950926691294,-33.529921900480986,50],[151.35957079008222,-33.529830956831574,50.400001525878906],[151.35958780534565,-33.5298088286072,50.400001525878906],[151.359649496153,-33.529704390093684,49.599998474121094],[151.35965527966619,-33.529692655429244,49.599998474121094],[151.35969433933496,-33.529655020684004,49.20000076293945],[151.35970297269523,-33.52960732765496,49],[151.3597583770752,-33.529499201104045,48.79999923706055],[151.35977120138705,-33.52947464212775,48.599998474121094],[151.35983305983245,-33.52938118390739,48.400001525878906],[151.35988678783178,-33.529273979365826,48.400001525878906],[151.35991252027452,-33.52925889194012,48.599998474121094],[151.35995618999004,-33.529158560559154,48.599998474121094],[151.35997949168086,-33.52909829467535,48.400001525878906],[151.3600276876241,-33.52898580953479,48.400001525878906],[151.36006632819772,-33.52885203436017,49.20000076293945],[151.3600721117109,-33.528798473998904,49.599998474121094],[151.3600850198418,-33.528767796233296,49.79999923706055],[151.36008325964212,-33.528744326904416,50.20000076293945],[151.36008946225047,-33.52870342321694,50.599998474121094],[151.36009231209755,-33.52868624031544,50.79999923706055],[151.3601016998291,-33.52864617481828,51],[151.36011552996933,-33.52860191836953,51.599998474121094],[151.36012089438736,-33.52858146652579,51.79999923706055],[151.3601289410144,-33.528527822345495,52.400001525878906],[151.36012843810022,-33.528491109609604,52.79999923706055],[151.3601291924715,-33.52841818705201,54],[151.36014888994396,-33.52837359532714,54.400001525878906],[151.36015224270523,-33.52834434248507,54.400001525878906],[151.36017294600606,-33.52831056341529,54.20000076293945],[151.3601799029857,-33.52826898917556,55],[151.3602013606578,-33.52822900749743,55.400001525878906],[151.36019993573427,-33.52816320955753,55],[151.36020379140973,-33.528069918975234,55.599998474121094],[151.36020722799003,-33.528042091056705,55.599998474121094],[151.3602216448635,-33.5278972517699,55.400001525878906],[151.360236229375,-33.527825586497784,55.20000076293945],[151.3602312002331,-33.52779935114086,55],[151.36023346334696,-33.52778828702867,55],[151.36027545668185,-33.527684938162565,54.400001525878906],[151.36028048582375,-33.5276469681412,54.400001525878906],[151.36028040200472,-33.52763397619128,54.20000076293945],[151.36028786189854,-33.527617966756225,54.20000076293945],[151.36029154993594,-33.52760111913085,54],[151.36031518690288,-33.52755996398628,53.79999923706055],[151.3603279273957,-33.52752584964037,53.79999923706055],[151.36033974587917,-33.527416130527854,54],[151.3603387400508,-33.52731781080365,54.400001525878906],[151.36031937785447,-33.52722896263003,55],[151.3603228982538,-33.527219742536545,55],[151.3603144325316,-33.52711186744273,55.20000076293945],[151.36030219495296,-33.52698597125709,55.20000076293945],[151.36028450913727,-33.52689368650317,56.20000076293945],[151.36028232984245,-33.52681397460401,56.599998474121094],[151.36029289104044,-33.52675102651119,56.79999923706055],[151.36029481887817,-33.52672127075493,56.79999923706055],[151.36032759211957,-33.52663652971387,56.599998474121094],[151.36040839366615,-33.526576682925224,55.79999923706055],[151.36043395847082,-33.52654214948416,55.20000076293945],[151.36044284328818,-33.52652848698199,55.20000076293945],[151.36048248969018,-33.5264949593693,55],[151.36056538671255,-33.526395885273814,54.79999923706055],[151.36057578027248,-33.526384150609374,54.79999923706055],[151.3606429193169,-33.52631122805178,55],[151.36073688045144,-33.52622011676431,55.20000076293945],[151.36080091819167,-33.52616018615663,55.400001525878906],[151.36081885546446,-33.5261270776391,55.400001525878906],[151.3608372118324,-33.526099752634764,55.400001525878906],[151.36083553545177,-33.52608734741807,55.20000076293945],[151.3608406484127,-33.526094388216734,55.400001525878906],[151.36084634810686,-33.52608843706548,55.400001525878906],[151.3608766067773,-33.52602272294462,56.20000076293945],[151.36090577580035,-33.52593990974128,56.79999923706055],[151.36091273277998,-33.52591736242175,57.400001525878906],[151.3609355315566,-33.52588358335197,57.79999923706055],[151.36094785295427,-33.525836896151304,58.20000076293945],[151.3609490264207,-33.52582507766783,58.400001525878906],[151.36098012328148,-33.52571737021208,58.20000076293945],[151.36095866560936,-33.52564645931125,58.599998474121094],[151.36094575747848,-33.525641430169344,58.599998474121094],[151.36092136614025,-33.52560304105282,59],[151.36090661399066,-33.52559046819806,59.20000076293945],[151.36087560094893,-33.52557320147753,59.400001525878906],[151.36083872057498,-33.525545205920935,60.400001525878906],[151.36082438752055,-33.52554059587419,60.599998474121094],[151.3607486989349,-33.52552341297269,61.20000076293945],[151.3607230503112,-33.52552575990558,61.79999923706055],[151.36066588573158,-33.52554009296,62.20000076293945],[151.36054325848818,-33.525598011910915,62],[151.36048718355596,-33.52563749067485,62.79999923706055],[151.3604833278805,-33.52564964443445,63.20000076293945],[151.36045843362808,-33.52567889727652,64.19999694824219],[151.3604576792568,-33.52571644820273,64.80000305175781],[151.36045122519135,-33.52573103271425,65],[151.3604457769543,-33.52575156837702,65.19999694824219],[151.3604130037129,-33.52581141516566,66.4000015258789],[151.36037712916732,-33.52584695443511,67.19999694824219],[151.36036606505513,-33.52586975321174,67.5999984741211],[151.3603065535426,-33.525928594172,68.4000015258789],[151.36028995737433,-33.52594552561641,68.5999984741211],[151.36020362377167,-33.526018280535936,69],[151.36014285497367,-33.52606295607984,69.5999984741211],[151.36007387191057,-33.52612221613526,70.4000015258789],[151.3599732890725,-33.52618566714227,70.4000015258789],[151.3598974328488,-33.5262497048825,70.80000305175781],[151.35988796129823,-33.52625506930053,70.80000305175781],[151.35980791412294,-33.52630670182407,70.4000015258789],[151.35978570207953,-33.52630971930921,70.4000015258789],[151.359702385962,-33.5263448394835,71],[151.35968159884214,-33.52635129354894,71.5999984741211],[151.3596719596535,-33.52635657414794,71.80000305175781],[151.35966148227453,-33.52636001072824,72],[151.3596405275166,-33.526367302984,72.19999694824219],[151.35960901156068,-33.52639328688383,72.19999694824219],[151.3594977837056,-33.526429580524564,72],[151.3593838736415,-33.52647232823074,72.5999984741211],[151.35936107486486,-33.526481380686164,72.80000305175781],[151.35925848037004,-33.52653016336262,74],[151.35918237268925,-33.52656897157431,74.80000305175781],[151.35916753672063,-33.52657224051654,75],[151.35911632329226,-33.52658900432289,76.19999694824219],[151.35906720533967,-33.52661155164242,76.80000305175781],[151.35902781039476,-33.52662722580135,77.4000015258789],[151.35899017564952,-33.52663669735193,77.80000305175781],[151.35894156061113,-33.52665773592889,78],[151.35891918092966,-33.52667022496462,78.19999694824219],[151.358893616125,-33.526685144752264,78.19999694824219],[151.3588632736355,-33.52668849751353,78.4000015258789],[151.35885011404753,-33.526691598817706,78.5999984741211],[151.3588032592088,-33.52670953609049,79.4000015258789],[151.35879353620112,-33.526720348745584,79.4000015258789],[151.35876931250095,-33.52674029767513,79.5999984741211],[151.35870879516006,-33.526758989319205,80.19999694824219],[151.3586811348796,-33.5267592407763,80.80000305175781],[151.3585902750492,-33.52677541784942,81.80000305175781],[151.3585511315614,-33.526790253818035,82],[151.3585117366165,-33.52679922245443,82.4000015258789],[151.3584692403674,-33.52683409117162,83],[151.358436467126,-33.52686904370785,84.19999694824219],[151.35839816182852,-33.526921262964606,85.19999694824219],[151.35839170776308,-33.526950515806675,85.5999984741211],[151.35839262977242,-33.52699410170317,86.19999694824219],[151.35838827118278,-33.52702645584941,86.4000015258789],[151.35838005691767,-33.527031568810344,86.5999984741211],[151.3583452720195,-33.5270510148257,86.5999984741211],[151.35832029394805,-33.52705076336861,86.5999984741211],[151.35831560008228,-33.52705294266343,86.19999694824219],[151.35831157676876,-33.52706233039498,86],[151.35831057094038,-33.52705403231084,86.4000015258789],[151.3583182822913,-33.527061492204666,86.80000305175781],[151.35831861756742,-33.527054619044065,86.5999984741211],[151.3583180308342,-33.52705713361502,86.4000015258789],[151.3583159353584,-33.527059983462095,86.4000015258789],[151.3583079725504,-33.52705939672887,86.80000305175781],[151.35831107385457,-33.527053613215685,86.19999694824219],[151.35830788873136,-33.527053613215685,86.80000305175781],[151.35830788873136,-33.527053613215685,87],[151.35830973275006,-33.527053613215685,86.80000305175781],[151.35831149294972,-33.527053613215685,86.5999984741211],[151.3583207130432,-33.52705227211118,87],[151.35832180269063,-33.527051601558924,86.19999694824219],[151.35832046158612,-33.52705394849181,87.4000015258789],[151.35831945575774,-33.52704648859799,87.4000015258789],[151.3583177793771,-33.52703928016126,87.5999984741211],[151.35831710882485,-33.5270319879055,87.5999984741211],[151.3583180308342,-33.527018409222364,87.5999984741211],[151.35830738581717,-33.5269923415035,87.19999694824219],[151.35832113213837,-33.52697901427746,86.80000305175781],[151.35834141634405,-33.52701815776527,86.80000305175781],[151.35834242217243,-33.52702704258263,86.80000305175781],[151.3583409972489,-33.52702394127846,86.5999984741211],[151.35833135806024,-33.527020839974284,86.5999984741211],[151.35832482017577,-33.527018912136555,87],[151.35831895284355,-33.527016062289476,87.4000015258789],[151.3583058770746,-33.527014805004,87.4000015258789],[151.35831291787326,-33.52701958268881,87.5999984741211],[151.35830763727427,-33.527042884379625,87.5999984741211],[151.35827327147126,-33.52711304090917,87.4000015258789],[151.35828383266926,-33.527150424197316,87.4000015258789],[151.35827452875674,-33.52715008892119,87.4000015258789],[151.35827343910933,-33.527148831635714,87.19999694824219],[151.35827343910933,-33.527147490531206,86.80000305175781],[151.35827771387994,-33.527142545208335,87.80000305175781],[151.35828115046024,-33.527141120284796,87.80000305175781],[151.35828123427927,-33.52708546444774,87.4000015258789],[151.35828349739313,-33.527084877714515,87.4000015258789],[151.35828483849764,-33.52708479389548,87.4000015258789],[151.35828861035407,-33.527085380628705,87.5999984741211],[151.35828802362084,-33.527053110301495,87],[151.3582900352776,-33.527034083381295,87.19999694824219],[151.35828835889697,-33.527025366202,88],[151.35828676633537,-33.52703006006777,87.80000305175781],[151.3582850061357,-33.527038441970944,86.80000305175781],[151.35828324593604,-33.52703467011452,88.4000015258789],[151.35828441940248,-33.52703290991485,87.4000015258789],[151.3582905381918,-33.52702813223004,88.4000015258789],[151.35833370499313,-33.527080519124866,87.5999984741211],[151.3583503011614,-33.52709627710283,87.80000305175781],[151.35838843882084,-33.52716266177595,88.5999984741211],[151.3584065437317,-33.5272323153913,88.80000305175781],[151.35842422954738,-33.52729492820799,89.19999694824219],[151.35843210853636,-33.52730875834823,89.4000015258789],[151.35844820179045,-33.52734128013253,89.4000015258789],[151.35845398530364,-33.52735293097794,89.5999984741211],[151.35846328921616,-33.52737790904939,90],[151.35846429504454,-33.52740431204438,90.5999984741211],[151.35846412740648,-33.527421075850725,91.19999694824219],[151.35846144519746,-33.52744580246508,91.80000305175781],[151.35846773162484,-33.527466086670756,92],[151.35847812518477,-33.52750397287309,92],[151.35848818346858,-33.52753699757159,92.19999694824219],[151.35849690064788,-33.5275742970407,92.5999984741211],[151.3585112337023,-33.52761344052851,92.80000305175781],[151.3585146702826,-33.52762660011649,93],[151.3585497904569,-33.52774470113218,93.80000305175781],[151.35855155065656,-33.527788454666734,94.19999694824219],[151.35852078907192,-33.52785517461598,95],[151.3584599364549,-33.527932707220316,95],[151.35844392701983,-33.5279474593699,95],[151.35841215960681,-33.527990374714136,95.19999694824219],[151.35835968889296,-33.528040582314134,95.80000305175781],[151.35832934640348,-33.52807360701263,96.4000015258789],[151.3582781329751,-33.52812943048775,97.19999694824219],[151.3582632970065,-33.528156001120806,97.4000015258789],[151.35822256095707,-33.52824375964701,98.4000015258789],[151.35821929201484,-33.52825448848307,98.5999984741211],[151.35818492621183,-33.52834249846637,98.80000305175781],[151.3581591937691,-33.528434950858355,99.4000015258789],[151.35815005749464,-33.52849345654249,99.5999984741211],[151.35813756845891,-33.528534695506096,99.5999984741211],[151.35812105610967,-33.52860493585467,100],[151.35811124928296,-33.528628405183554,100.19999694824219],[151.3580725248903,-33.528706189244986,100.5999984741211],[151.35806372389197,-33.52873921394348,101],[151.358063807711,-33.52876813150942,101.4000015258789],[151.35805685073137,-33.52881968021393,101.5999984741211],[151.35805618017912,-33.528827810660005,101.5999984741211],[151.35805274359882,-33.52885362692177,102],[151.358050564304,-33.528905091807246,102.5999984741211],[151.35804033838212,-33.52894306182861,103.19999694824219],[151.3580233231187,-33.52899653837085,103.5999984741211],[151.35801980271935,-33.52901925332844,103.5999984741211],[151.3580159470439,-33.529121512547135,104.5999984741211],[151.35801326483488,-33.529141461476684,104.80000305175781],[151.35795299895108,-33.52927699685097,105.80000305175781],[151.35794453322887,-33.529285211116076,105.80000305175781],[151.35791150853038,-33.529378501698375,106.4000015258789],[151.35787119157612,-33.52944681420922,106.80000305175781],[151.35786456987262,-33.52946927770972,106.80000305175781],[151.35782819241285,-33.529567094519734,108],[151.35781050659716,-33.529586624354124,108.19999694824219],[151.35769600979984,-33.52971545420587,109],[151.357611855492,-33.52977555245161,109.19999694824219],[151.35747321881354,-33.529842272400856,109.5999984741211],[151.3574204966426,-33.52986725047231,109.5999984741211],[151.35732393711805,-33.529908237978816,110],[151.35725394822657,-33.52994008921087,111],[151.35721631348133,-33.5299591999501,111.4000015258789],[151.35711363516748,-33.52999733760953,111.4000015258789],[151.35699913837016,-33.53003757074475,111.5999984741211],[151.3568779360503,-33.53009180165827,112],[151.35677400045097,-33.53012625128031,111.4000015258789],[151.3566871639341,-33.530162712559104,112],[151.35667333379388,-33.53016899898648,112.19999694824219],[151.35660191997886,-33.53018207475543,112.19999694824219],[151.35644920170307,-33.530239071697,112],[151.356290448457,-33.530303947627544,113.19999694824219],[151.35627728886902,-33.53030730038881,113.4000015258789],[151.35618031024933,-33.530359687283635,113.4000015258789],[151.3560467865318,-33.530432526022196,113.80000305175781],[151.3560232333839,-33.5304462723434,114],[151.35591007769108,-33.530507795512676,114],[151.3558414299041,-33.530542915686965,113.5999984741211],[151.35583128780127,-33.53054651990533,113.5999984741211],[151.35579918511212,-33.530567809939384,114.4000015258789],[151.3557541742921,-33.53059094399214,115.4000015258789],[151.35566054843366,-33.530647018924356,114.80000305175781],[151.35553305968642,-33.53072111494839,116.19999694824219],[151.35552132502198,-33.53072941303253,116.4000015258789],[151.35544010438025,-33.530751541256905,116.5999984741211],[151.3553855381906,-33.53077920153737,116.19999694824219],[151.3553062453866,-33.53080987930298,116.19999694824219],[151.35528470389545,-33.530827229842544,116.4000015258789],[151.35517791844904,-33.530887831002474,117.4000015258789],[151.35515595786273,-33.530904008075595,117.5999984741211],[151.3550625834614,-33.530959160998464,118.4000015258789],[151.35504372417927,-33.53097072802484,118.4000015258789],[151.3549402076751,-33.53105513378978,118.80000305175781],[151.35485471226275,-33.53111154399812,119.5999984741211],[151.35481900535524,-33.53114138357341,120.19999694824219],[151.35472680442035,-33.53121246211231,120.5999984741211],[151.35471775196493,-33.53121858090162,120.80000305175781],[151.35462932288647,-33.53130541741848,121.19999694824219],[151.35456897318363,-33.53136065416038,121.5999984741211],[151.35455849580467,-33.53136685676873,121.5999984741211],[151.35453519411385,-33.53138311766088,121.80000305175781],[151.35449294932187,-33.53142427280545,122.4000015258789],[151.35445648804307,-33.53146241046488,122.80000305175781],[151.35441918857396,-33.53150180540979,123.19999694824219],[151.35431684553623,-33.53158210404217,123.5999984741211],[151.35428734123707,-33.53160850703716,123.80000305175781],[151.35424392297864,-33.531641364097595,124.19999694824219],[151.35415147058666,-33.53173331357539,124.19999694824219],[151.3540342077613,-33.53181864134967,124.19999694824219],[151.3539113290608,-33.531869519501925,124.80000305175781],[151.3538542483002,-33.53187865577638,124.80000305175781],[151.35374092496932,-33.53187471628189,125],[151.35370211675763,-33.53187656030059,124.80000305175781],[151.3536568544805,-33.5318794939667,125.4000015258789],[151.3535695988685,-33.531876811757684,125.5999984741211],[151.35342727415264,-33.53187010623515,125.80000305175781],[151.3534121029079,-33.53187220171094,125.80000305175781],[151.35327933356166,-33.53187060914934,126.19999694824219],[151.35310222394764,-33.53185560554266,126.80000305175781],[151.3530733063817,-33.53185468353331,126.80000305175781],[151.35293844155967,-33.53184345178306,126.80000305175781],[151.35281975381076,-33.53183222003281,127.4000015258789],[151.35268731974065,-33.53181277401745,127.80000305175781],[151.3526552170515,-33.53181813843548,128],[151.35262520983815,-33.53181411512196,128],[151.35258019901812,-33.53180388920009,128],[151.35246310383081,-33.53179936297238,127.4000015258789],[151.35244918987155,-33.53179751895368,127.4000015258789],[151.35234684683383,-33.5317896399647,126.80000305175781],[151.35232027620077,-33.53178871795535,126.5999984741211],[151.3522357866168,-33.53176390752196,126.80000305175781],[151.35222447104752,-33.53175980038941,126.80000305175781],[151.35218515992165,-33.531739600002766,126.5999984741211],[151.35218440555036,-33.53173842653632,126.5999984741211],[151.35218256153166,-33.53173431940377,126.4000015258789],[151.35218231007457,-33.53173306211829,126.5999984741211],[151.3521818909794,-33.53172308765352,126.4000015258789],[151.35218138806522,-33.53172183036804,126],[151.35209346190095,-33.531716549769044,126.4000015258789],[151.35193772614002,-33.53171160444617,125.80000305175781],[151.35192624293268,-33.53170917369425,125.5999984741211],[151.35179162956774,-33.53169442154467,124.80000305175781],[151.3517254125327,-33.531691236421466,124.5999984741211],[151.35166129097342,-33.53168402798474,124.5999984741211],[151.3515457045287,-33.531675981357694,124],[151.35138125158846,-33.53163717314601,123.5999984741211],[151.3513467181474,-33.5316323954612,123.4000015258789],[151.3512233365327,-33.53162300772965,123.5999984741211],[151.35116583667696,-33.531619906425476,123.5999984741211],[151.35115158744156,-33.53161957114935,123.4000015258789],[151.35107179172337,-33.5316170565784,123.19999694824219],[151.35105846449733,-33.531615966930985,123.19999694824219],[151.35104748420417,-33.53161487728357,123.19999694824219],[151.3510361686349,-33.53161512874067,123.19999694824219],[151.35098814032972,-33.53163432329893,122.80000305175781],[151.35092929936945,-33.531669694930315,122.5999984741211],[151.35089099407196,-33.53168570436537,122.19999694824219],[151.35080566629767,-33.5317272786051,121.5999984741211],[151.35076275095344,-33.53175292722881,121.19999694824219],[151.35067742317915,-33.5317809227854,120.5999984741211],[151.35067231021821,-33.53178871795535,120.4000015258789],[151.35066401213408,-33.53179324418306,120.19999694824219],[151.35060257278383,-33.531817300245166,119.80000305175781],[151.35056669823825,-33.531838338822126,119.80000305175781],[151.35055504739285,-33.53184110485017,119.5999984741211],[151.35053182952106,-33.531848480924964,119.19999694824219],[151.35052302852273,-33.53185367770493,119],[151.35047399438918,-33.531879745423794,119],[151.35036662220955,-33.531932048499584,119],[151.3502481020987,-33.531977562233806,119],[151.35022505186498,-33.53198963217437,119],[151.35011960752308,-33.53204621002078,119.19999694824219],[151.35011281818151,-33.53205258026719,119.19999694824219],[151.35004928335547,-33.53209851309657,118.80000305175781],[151.35000737383962,-33.53211988694966,118.5999984741211],[151.34995037689805,-33.532154420390725,118.4000015258789],[151.3498862553388,-33.53219046257436,118.19999694824219],[151.34983755648136,-33.532201275229454,117.80000305175781],[151.34972708299756,-33.532238407060504,117.19999694824219],[151.3497163541615,-33.532244274392724,117],[151.3496132567525,-33.532285848632455,116.80000305175781],[151.34957268834114,-33.5322957392782,116.5999984741211],[151.34953656233847,-33.53230479173362,116.5999984741211],[151.34944880381227,-33.532338067889214,116.4000015258789],[151.34939591400325,-33.53236413560808,116],[151.3493175432086,-33.53240143507719,115.5999984741211],[151.34922064840794,-33.5324389860034,115.19999694824219],[151.34919717907906,-33.53244535624981,115],[151.349183851853,-33.53245549835265,115],[151.3491333089769,-33.5324889421463,114.80000305175781],[151.34906340390444,-33.53251341730356,114.4000015258789],[151.34903825819492,-33.532519955188036,114.19999694824219],[151.348956534639,-33.53259111754596,114],[151.34894865565002,-33.5325994156301,113.80000305175781],[151.34887715801597,-33.5326839890331,113.4000015258789],[151.34884228929877,-33.53273897431791,113.19999694824219],[151.34881546720862,-33.53277317248285,113],[151.34876894764602,-33.53287375532091,112],[151.34876660071313,-33.53288205340505,111.80000305175781],[151.34876341558993,-33.53288951329887,111.5999984741211],[151.3487591408193,-33.53289890103042,111.5999984741211],[151.34873843751848,-33.532924046739936,111],[151.34872385300696,-33.53294617496431,110.80000305175781],[151.3487176503986,-33.53295598179102,110.80000305175781],[151.34867808781564,-33.53303611278534,110.4000015258789],[151.34862947277725,-33.53310509584844,110.19999694824219],[151.34862519800663,-33.53312009945512,110.19999694824219],[151.34861178696156,-33.53314951993525,110.19999694824219],[151.34859292767942,-33.533181454986334,110.19999694824219],[151.3485749065876,-33.53322294540703,110.19999694824219],[151.34851690381765,-33.53332436643541,110],[151.3484979607165,-33.533341716974974,109.80000305175781],[151.348470216617,-33.53337767533958,109.4000015258789],[151.34844255633652,-33.53341338224709,109.4000015258789],[151.3483542110771,-33.533506002277136,110.4000015258789],[151.34831205010414,-33.53355905972421,111],[151.34827181696892,-33.53358864784241,111.80000305175781],[151.3482418935746,-33.53362158872187,112],[151.34822177700698,-33.5336391068995,112],[151.34820903651416,-33.53364589624107,112.19999694824219],[151.34813443757594,-33.53370180353522,112.80000305175781],[151.34809462353587,-33.53371697477996,113],[151.34807132184505,-33.533725356683135,113],[151.3479977287352,-33.533753687515855,113.4000015258789],[151.3479086291045,-33.533804062753916,113.4000015258789],[151.3477899413556,-33.533873884007335,113.80000305175781],[151.3477270770818,-33.53390623815358,113.5999984741211],[151.347669493407,-33.53394605219364,113.19999694824219],[151.34760017506778,-33.53397388011217,112.80000305175781],[151.3475354667753,-33.534014113247395,113],[151.34747159667313,-33.53404579684138,112],[151.34745768271387,-33.53404755704105,111.80000305175781],[151.3474096544087,-33.53405979461968,111.5999984741211],[151.34730940684676,-33.53410564363003,111.4000015258789],[151.3472654018551,-33.53411788120866,111],[151.34721737354994,-33.53413841687143,110.80000305175781],[151.34715300053358,-33.53417169302702,110.80000305175781],[151.34714260697365,-33.534205136820674,111],[151.34709608741105,-33.53430664166808,111.5999984741211],[151.3470999430865,-33.53441652841866,112],[151.34708359837532,-33.534478889778256,112.19999694824219],[151.34704319760203,-33.53453613817692,111.80000305175781],[151.3469262700528,-33.534625908359885,111.19999694824219],[151.34683867916465,-33.534703608602285,111.4000015258789],[151.34681889787316,-33.53470478206873,111],[151.3468113541603,-33.534713834524155,110.80000305175781],[151.3467555306852,-33.53476236574352,109.80000305175781],[151.34673566557467,-33.53477728553116,109.4000015258789],[151.34667975828052,-33.5348064545542,108.5999984741211],[151.34663390927017,-33.53482908569276,108.4000015258789],[151.34658068418503,-33.53486395440996,107.5999984741211],[151.34654053486884,-33.53486797772348,107],[151.34653022512794,-33.53486370295286,107],[151.34652075357735,-33.53487744927406,106.80000305175781],[151.34649887681007,-33.53488507680595,106.4000015258789],[151.34644967503846,-33.534899996593595,105.5999984741211],[151.34643877856433,-33.534903936088085,105.4000015258789],[151.34637884795666,-33.534941989928484,104.4000015258789],[151.34633970446885,-33.53497643955052,104.19999694824219],[151.346266111359,-33.53502153418958,103.19999694824219],[151.34622721932828,-33.53504290804267,102.5999984741211],[151.3461773470044,-33.53508967906237,102.19999694824219],[151.3461104594171,-33.5351190995425,101.19999694824219],[151.34603929705918,-33.53516754694283,100],[151.3459434080869,-33.535228902474046,99.4000015258789],[151.3458902668208,-33.535273326560855,98.80000305175781],[151.3458205293864,-33.535328563302755,98.80000305175781],[151.3457552343607,-33.535377429798245,98.4000015258789],[151.34574064984918,-33.53537457995117,98.4000015258789],[151.34573562070727,-33.53537751361728,98.4000015258789],[151.345684658736,-33.53537575341761,98.5999984741211],[151.34560687467456,-33.53538002818823,98.5999984741211],[151.34551115334034,-33.535376926884055,99.4000015258789],[151.3454861752689,-33.53537407703698,100],[151.34545600041747,-33.53537684306502,100.80000305175781],[151.34543714113533,-33.53537558577955,101],[151.34537243284285,-33.53533602319658,101.4000015258789],[151.3453669846058,-33.53532294742763,101.4000015258789],[151.34535977616906,-33.53529914282262,101.5999984741211],[151.34534921497107,-33.535277685150504,102],[151.34533882141113,-33.535262513905764,102.19999694824219],[151.34533463045955,-33.535254718735814,102.19999694824219],[151.34531225077808,-33.535213731229305,102.4000015258789],[151.34529951028526,-33.53516176342964,102.4000015258789],[151.34529205039144,-33.53511323221028,103.19999694824219],[151.3453070539981,-33.53506897576153,103.5999984741211],[151.34534661658108,-33.535036789253354,104.4000015258789],[151.34535768069327,-33.53502438403666,104.4000015258789],[151.34536874480546,-33.53500368073583,104.5999984741211],[151.34539271704853,-33.534967890009284,105.19999694824219],[151.34540176950395,-33.53495984338224,105.4000015258789],[151.34540864266455,-33.534952299669385,105.4000015258789],[151.34542766958475,-33.53491768240929,106.5999984741211],[151.34543932043016,-33.5348841547966,106.80000305175781],[151.34546547196805,-33.534795977175236,107.19999694824219],[151.34545960463583,-33.53475415147841,107.4000015258789],[151.34545826353133,-33.53474375791848,107.5999984741211],[151.3454579282552,-33.534743674099445,107.5999984741211],[151.34545910172164,-33.53474635630846,107.5999984741211],[151.34545910172164,-33.53474501520395,107.80000305175781],[151.34545910172164,-33.53474384173751,107.5999984741211],[151.34545910172164,-33.534743674099445,107.5999984741211],[151.3454592693597,-33.53474157862365,107.19999694824219],[151.3454592693597,-33.534741159528494,107],[151.3454592693597,-33.5347409080714,107],[151.3454592693597,-33.53474057279527,107.19999694824219],[151.34545859880745,-33.534740740433335,107.19999694824219],[151.3454581797123,-33.5347409080714,107.19999694824219],[151.34545591659844,-33.534741159528494,107.4000015258789],[151.34545574896038,-33.53474099189043,107.4000015258789],[151.3454621192068,-33.53473361581564,106.5999984741211],[151.34546061046422,-33.534730430692434,106.80000305175781],[151.34545482695103,-33.534721126779914,106.5999984741211],[151.34545600041747,-33.534717774018645,106.4000015258789],[151.34545910172164,-33.534717690199614,107.19999694824219],[151.34546128101647,-33.534719701856375,106.80000305175781],[151.3454616162926,-33.53471794165671,106.80000305175781],[151.3454611133784,-33.53471450507641,107.19999694824219],[151.34546010755002,-33.5347113199532,107],[151.3454565871507,-33.534706961363554,106.5999984741211],[151.34545591659844,-33.53470612317324,107],[151.34545566514134,-33.534707464277744,107],[151.3454549945891,-33.53470863774419,107],[151.34545507840812,-33.534710481762886,106.80000305175781],[151.34545507840812,-33.53471148759127,106.5999984741211],[151.3454555813223,-33.53471299633384,106.4000015258789],[151.34545549750328,-33.53471308015287,106.5999984741211],[151.34545516222715,-33.53471408598125,107.5999984741211],[151.34544837288558,-33.53468969464302,108.19999694824219],[151.34544242173433,-33.53464183397591,108.80000305175781],[151.3454684894532,-33.53456790558994,109.5999984741211],[151.345483828336,-33.53455784730613,109.80000305175781],[151.34548215195537,-33.534546699374914,110.5999984741211],[151.3454782962799,-33.53453773073852,111],[151.34552976116538,-33.53448542766273,111.80000305175781],[151.3456101436168,-33.53447075933218,112],[151.34565155021846,-33.53442776016891,112.19999694824219],[151.34565557353199,-33.534416696056724,112.19999694824219],[151.34565942920744,-33.53437554091215,112.5999984741211],[151.34563461877406,-33.53434234857559,112.5999984741211],[151.34561500512064,-33.53432508185506,112.5999984741211],[151.34559254162014,-33.53431569412351,112.5999984741211],[151.34557887911797,-33.53431452065706,112.5999984741211],[151.34555155411363,-33.53430890478194,112.80000305175781],[151.34552246890962,-33.53429540991783,112.80000305175781],[151.3455033581704,-33.53427839465439,112.80000305175781],[151.34546597488225,-33.53425023145974,112.80000305175781],[151.34544108062983,-33.53425048291683,112.4000015258789],[151.34541082195938,-33.534248219802976,112.4000015258789],[151.34538643062115,-33.53424101136625,112.19999694824219],[151.3453321158886,-33.53422458283603,112.4000015258789],[151.34525089524686,-33.534223744645715,112.4000015258789],[151.3451592810452,-33.53421242907643,112.80000305175781],[151.34514595381916,-33.53420999832451,112.80000305175781],[151.34510605596006,-33.534216368570924,112.80000305175781],[151.34509356692433,-33.53421829640865,112.80000305175781],[151.3450231589377,-33.534246711060405,113],[151.3449478894472,-33.53426112793386,113.19999694824219],[151.3448952510953,-33.53425836190581,113.80000305175781],[151.34479450061917,-33.534254003316164,114.4000015258789],[151.34478653781116,-33.534259451553226,114.4000015258789],[151.34472275152802,-33.53429012931883,114.80000305175781],[151.3446991983801,-33.53429767303169,115],[151.34464899078012,-33.534312173724174,115.4000015258789],[151.3446027226746,-33.53432960808277,116.5999984741211],[151.34454606100917,-33.53435785509646,117.5999984741211],[151.3445289619267,-33.53436732664704,118],[151.34447774849832,-33.53436288423836,118.5999984741211],[151.3444195780903,-33.53436824865639,119.5999984741211],[151.3444095198065,-33.534365398809314,120],[151.34439610876143,-33.53435944765806,120.19999694824219],[151.34432586841285,-33.5343127604574,120.5999984741211],[151.34430793114007,-33.53429968468845,120.5999984741211],[151.34429812431335,-33.53429934941232,120.5999984741211],[151.34425931610167,-33.5343127604574,120.5999984741211],[151.34422880597413,-33.534316113218665,121],[151.344162421301,-33.53432474657893,121],[151.34414699859917,-33.534319633618,120.80000305175781],[151.34404960088432,-33.53427713736892,121.19999694824219],[151.34398564696312,-33.53422902524471,120.5999984741211],[151.34397148154676,-33.534219805151224,120.5999984741211],[151.3438988942653,-33.5342070646584,120.5999984741211],[151.34388707578182,-33.534198766574264,120.80000305175781],[151.34387584403157,-33.534192480146885,121],[151.34381926618516,-33.534150905907154,121.19999694824219],[151.34380090981722,-33.534139925614,121],[151.34374944493175,-33.53410136885941,120.19999694824219],[151.34372564032674,-33.53409047238529,120],[151.34367987513542,-33.534066919237375,120.4000015258789],[151.34367065504193,-33.53405250236392,120.4000015258789],[151.34366621263325,-33.53404420427978,120.4000015258789],[151.34365665726364,-33.53402350097895,120],[151.34363536722958,-33.533987794071436,119.5999984741211],[151.34362388402224,-33.53397957980633,119.5999984741211],[151.3436155859381,-33.533971114084125,119.5999984741211],[151.34357300586998,-33.53394387289882,119.5999984741211],[151.34354668669403,-33.53392752818763,119.5999984741211],[151.3434906117618,-33.533851001411676,119.4000015258789],[151.34345867671072,-33.533824095502496,118.80000305175781],[151.34343705140054,-33.53381160646677,118.5999984741211],[151.3434067927301,-33.53379777632654,118.4000015258789],[151.34327821433544,-33.53377003222704,118.4000015258789],[151.3432545773685,-33.533764500170946,118.4000015258789],[151.34322783909738,-33.53372418321669,118.19999694824219],[151.34321685880423,-33.53369417600334,117.80000305175781],[151.343218870461,-33.53368302807212,117.5999984741211],[151.3432265818119,-33.533663330599666,117.19999694824219],[151.34323957376182,-33.53363675996661,117],[151.3432437647134,-33.53361798450351,116.80000305175781],[151.3432408310473,-33.533609099686146,116.5999984741211],[151.34324066340923,-33.53357791900635,116.19999694824219],[151.3432503864169,-33.533548498526216,115.80000305175781],[151.34325709193945,-33.53353416547179,115.80000305175781],[151.34324703365564,-33.53346518240869,115.19999694824219],[151.34323563426733,-33.53344841860235,114.5999984741211],[151.34322926402092,-33.53339393623173,114.4000015258789],[151.34322247467935,-33.53331824764609,113.5999984741211],[151.34326949715614,-33.53325697593391,112.80000305175781],[151.34328056126833,-33.53322093375027,113],[151.34328986518085,-33.533213809132576,113],[151.3433288410306,-33.53320291265845,112.80000305175781],[151.3433698285371,-33.53318514302373,112.5999984741211],[151.34339421987534,-33.53316594846547,112.4000015258789],[151.34340939112008,-33.533150190487504,112],[151.3434248138219,-33.533117501065135,111.80000305175781],[151.3434248138219,-33.53308414109051,111.19999694824219],[151.3434239756316,-33.53303569369018,110.80000305175781],[151.34343763813376,-33.53300920687616,110.4000015258789],[151.34346119128168,-33.53297995403409,110],[151.34349999949336,-33.53293829597533,109.4000015258789],[151.34350771084428,-33.53290870785713,109.4000015258789],[151.34349572472274,-33.5328359529376,108.80000305175781],[151.34349044412374,-33.53283184580505,108.80000305175781],[151.34348155930638,-33.532812148332596,108.5999984741211],[151.34344082325697,-33.532729502767324,108.4000015258789],[151.3434416614473,-33.53271625936031,108.4000015258789],[151.34348943829536,-33.532675271853805,107.80000305175781],[151.3434916175902,-33.53266186080873,107.80000305175781],[151.34349144995213,-33.53265012614429,107.80000305175781],[151.34352087043226,-33.53258986026049,107.4000015258789],[151.34351709857583,-33.53257477283478,107.19999694824219],[151.34349782019854,-33.53254711255431,106.80000305175781],[151.34348885156214,-33.53251467458904,106.5999984741211],[151.34347820654511,-33.532479889690876,107.19999694824219],[151.34347041137516,-33.532441249117255,107],[151.34345917962492,-33.532352820038795,106.19999694824219],[151.34342464618385,-33.53226497769356,106],[151.3434028532356,-33.532158276066184,106],[151.34334451518953,-33.532005809247494,106.19999694824219],[151.3432630430907,-33.53199357166886,106.19999694824219],[151.3432117458433,-33.53197823278606,106.19999694824219],[151.34318819269538,-33.53194411844015,106.19999694824219],[151.3431779667735,-33.531905226409435,106.80000305175781],[151.3431679084897,-33.531895922496915,107.19999694824219],[151.34315013885498,-33.531855354085565,107.80000305175781],[151.3431406673044,-33.53180472739041,108.5999984741211],[151.34311761707067,-33.53176667355001,108.80000305175781],[151.34311971254647,-33.531736582517624,108.80000305175781],[151.34312096983194,-33.53172015398741,108.80000305175781],[151.343134297058,-33.53166064247489,108.80000305175781],[151.34315240196884,-33.5316429566592,109],[151.34316296316683,-33.53163524530828,109.19999694824219],[151.34319506585598,-33.53160347789526,110.19999694824219],[151.34320721961558,-33.531580343842506,110.80000305175781],[151.34320973418653,-33.53153700940311,110.4000015258789],[151.34322582744062,-33.531503984704614,109.80000305175781],[151.3432751968503,-33.531429301947355,109.4000015258789],[151.34329522959888,-33.53142033331096,109.19999694824219],[151.34330495260656,-33.53141941130161,109.19999694824219],[151.3433228060603,-33.53142268024385,108.5999984741211],[151.34332532063127,-33.53142796084285,108.19999694824219],[151.3433217164129,-33.531423434615135,108.19999694824219],[151.3433180283755,-33.53142418898642,108.19999694824219],[151.3433180283755,-33.53142418898642,108.4000015258789],[151.3433180283755,-33.531424943357706,108.5999984741211],[151.34331526234746,-33.531425865367055,108.19999694824219],[151.34331526234746,-33.531425865367055,108.19999694824219],[151.34331526234746,-33.531425865367055,108.19999694824219],[151.34331551380455,-33.53142561390996,108.19999694824219],[151.34332205168903,-33.531425446271896,108.19999694824219],[151.34332615882158,-33.53142653591931,107.80000305175781],[151.34332867339253,-33.53141396306455,108.19999694824219],[151.34332842193544,-33.53141404688358,108.19999694824219],[151.34332817047834,-33.53141446597874,108.19999694824219],[151.34332766756415,-33.53141689673066,108.19999694824219],[151.34332967922091,-33.53141681291163,108.19999694824219],[151.3433185312897,-33.53141387924552,108.19999694824219],[151.34331836365163,-33.5314130410552,108.19999694824219],[151.34331970475614,-33.53141287341714,108.19999694824219],[151.34332020767033,-33.531412621960044,108.19999694824219],[151.34332180023193,-33.531412202864885,108.19999694824219],[151.34338927455246,-33.53139862418175,108.19999694824219],[151.3434533122927,-33.53137381374836,108.19999694824219],[151.3434683997184,-33.53136794641614,108.19999694824219],[151.3435373827815,-33.53134506382048,108.19999694824219],[151.34354878216982,-33.53134204633534,108.19999694824219],[151.34359991177917,-33.531337939202785,108.19999694824219],[151.3436425756663,-33.53133148513734,108.19999694824219],[151.3436515443027,-33.53131430223584,108.19999694824219],[151.34368674829602,-33.53130877017975,108.19999694824219],[151.3437144085765,-33.5312972869724,108.19999694824219],[151.3437231257558,-33.53128815069795,108.19999694824219],[151.34373435750604,-33.53125621564686,108.19999694824219],[151.34373762644827,-33.53121405467391,108.19999694824219],[151.34373603388667,-33.531181029975414,108.19999694824219],[151.34373603388667,-33.53116954676807,108.19999694824219],[151.34372832253575,-33.53114775381982,108.19999694824219],[151.34371985681355,-33.5311128012836,108.19999694824219],[151.34371398948133,-33.53106929920614,108.19999694824219],[151.34371927008033,-33.53103074245155,108.19999694824219],[151.34373888373375,-33.53100718930364,108.19999694824219],[151.34376486763358,-33.53095865808427,101],[151.34378724731505,-33.530929908156395,101],[151.3437929470092,-33.53092513047159,101],[151.3437961321324,-33.53090761229396,101],[151.34378959424794,-33.530883975327015,100.80000305175781],[151.3437852356583,-33.53085631504655,100],[151.34380996227264,-33.5308294929564,99.4000015258789],[151.34383007884026,-33.53077182546258,99],[151.3438325934112,-33.53076260536909,99],[151.3438413105905,-33.53072949685156,98.4000015258789],[151.34384927339852,-33.53072253987193,97.80000305175781],[151.3438548054546,-33.53071625344455,97.5999984741211],[151.34387634694576,-33.53069915436208,96.80000305175781],[151.34388866834342,-33.53069169446826,96.5999984741211],[151.34390216320753,-33.5306793730706,96.5999984741211],[151.34392521344125,-33.5306585021317,96.4000015258789],[151.3439314160496,-33.530655233189464,96.4000015258789],[151.34396620094776,-33.530639139935374,96],[151.3439808692783,-33.53062958456576,95.5999984741211],[151.34400400333107,-33.530615167692304,95],[151.34400903247297,-33.53060427121818,94.4000015258789],[151.344014396891,-33.5306051094085,94.19999694824219],[151.34402663446963,-33.530598068609834,94],[151.34404306299984,-33.53059446439147,93.80000305175781],[151.3440664485097,-33.5305792093277,93.5999984741211],[151.3440767582506,-33.53057183325291,93.19999694824219],[151.34408748708665,-33.53056764230132,93],[151.3441174943,-33.53054358623922,92.19999694824219],[151.34412495419383,-33.53053671307862,92.19999694824219],[151.34414582513273,-33.53050544857979,92],[151.34414993226528,-33.53049287572503,91.80000305175781],[151.34417046792805,-33.53046538308263,91.19999694824219],[151.3442239444703,-33.53041701950133,90],[151.34424339048564,-33.53039983659983,89.5999984741211],[151.34428806602955,-33.53036052547395,89.4000015258789],[151.3443178217858,-33.53034024126828,89],[151.3443661853671,-33.53032582439482,88.5999984741211],[151.34439828805625,-33.530309395864606,87.80000305175781],[151.34444447234273,-33.5302890278399,87.19999694824219],[151.34447414427996,-33.530295733362436,86.5999984741211],[151.34448554366827,-33.53029942139983,86.4000015258789],[151.34454597719014,-33.53027620352805,85.5999984741211],[151.344550922513,-33.53027360513806,85.5999984741211],[151.3446034770459,-33.53025541640818,85],[151.34461965411901,-33.53024267591536,84.4000015258789],[151.34465745650232,-33.53023923933506,83.80000305175781],[151.3447219133377,-33.530224822461605,83.5999984741211],[151.34473515674472,-33.53022440336645,83.19999694824219],[151.34477203711867,-33.530190624296665,82],[151.3447673432529,-33.53017528541386,81.80000305175781],[151.34470967575908,-33.530134381726384,81.19999694824219],[151.34471093304455,-33.53012482635677,81],[151.34471436962485,-33.53011225350201,80.80000305175781],[151.344720069319,-33.530077217146754,80],[151.3447221647948,-33.530064979568124,79.80000305175781],[151.34472501464188,-33.53004335425794,79.4000015258789],[151.34473809041083,-33.52999054826796,78.80000305175781],[151.34475259110332,-33.52994939312339,78],[151.3447551894933,-33.52994168177247,77.80000305175781],[151.3447329774499,-33.529911087825894,76.5999984741211],[151.34473029524088,-33.52988108061254,76],[151.34471889585257,-33.52986842393875,75.4000015258789],[151.34471696801484,-33.52984881028533,74.80000305175781],[151.34471747092903,-33.5298296995461,74.19999694824219],[151.34471839293838,-33.529821233823895,74],[151.34472208097577,-33.52976968511939,73],[151.34472275152802,-33.529749820008874,72],[151.34474018588662,-33.529705395922065,70.80000305175781],[151.34476290084422,-33.52966407313943,69.5999984741211],[151.34478762745857,-33.52963079698384,68.5999984741211],[151.3447815924883,-33.52958209812641,67.5999984741211],[151.3447774015367,-33.52950322441757,66.4000015258789],[151.34477572515607,-33.529493836686015,66.4000015258789],[151.34474295191467,-33.52948201820254,65.5999984741211],[151.344735911116,-33.5294792521745,65.19999694824219],[151.34467363357544,-33.52950003929436,64.19999694824219],[151.3446639943868,-33.52951353415847,64],[151.3446550257504,-33.529520155861974,63.79999923706055],[151.34463901631534,-33.52954597212374,63.400001525878906],[151.34463532827795,-33.52955862879753,63],[151.34462954476476,-33.529571453109384,62.79999923706055],[151.34461127221584,-33.5295794159174,62.400001525878906],[151.3445379305631,-33.52961101569235,61.79999923706055],[151.3444840349257,-33.529634568840265,61.400001525878906],[151.34447196498513,-33.52965049445629,61.400001525878906],[151.3443806860596,-33.52969047613442,61.599998474121094],[151.34436266496778,-33.529705898836255,61.400001525878906],[151.3443066738546,-33.52971361018717,61.400001525878906],[151.34427624754608,-33.52971872314811,61.79999923706055],[151.34422721341252,-33.529727859422565,61.79999923706055],[151.3441880699247,-33.52973699569702,61.79999923706055],[151.3441092800349,-33.52975828573108,61.79999923706055],[151.34409436024725,-33.52976658381522,61.79999923706055],[151.34402244351804,-33.52978351525962,62],[151.34399780072272,-33.52977437898517,62.20000076293945],[151.3439330086112,-33.52973263710737,62.20000076293945],[151.34390853345394,-33.52971260435879,62.20000076293945],[151.34389420039952,-33.52971880696714,62.20000076293945],[151.34386419318616,-33.52971486747265,62.20000076293945],[151.3438312523067,-33.52968125604093,62.20000076293945],[151.3438230380416,-33.52967228740454,62],[151.3437973894179,-33.52967144921422,62],[151.34378029033542,-33.529655523598194,61.79999923706055],[151.3437533006072,-33.529643286019564,61.79999923706055],[151.34371818043292,-33.529636999592185,61.79999923706055],[151.34362095035613,-33.52960146032274,62.20000076293945],[151.3435580022633,-33.529578410089016,62.79999923706055],[151.34352539665997,-33.52956550195813,62.79999923706055],[151.34351240471005,-33.52956156246364,63.20000076293945],[151.34348231367767,-33.52952225133777,63.599998474121094],[151.34345364756882,-33.529500709846616,63.79999923706055],[151.34344015270472,-33.52949207648635,63.79999923706055],[151.34334979578853,-33.52943147532642,63.599998474121094],[151.3432947266847,-33.52939819917083,63.20000076293945],[151.34327058680356,-33.52938353084028,62.79999923706055],[151.34326555766165,-33.529383363202214,62.79999923706055],[151.34323596954346,-33.529348662123084,62.20000076293945],[151.3432286772877,-33.529330138117075,62.20000076293945],[151.34318710304797,-33.52929627522826,61.599998474121094],[151.34315634146333,-33.529277332127094,60.79999923706055],[151.34313278831542,-33.52924975566566,60.599998474121094],[151.34310646913946,-33.52921513840556,59.599998474121094],[151.34309875778854,-33.52920382283628,59.599998474121094],[151.34309766814113,-33.5291787609458,59.20000076293945],[151.34310143999755,-33.529160153120756,58.79999923706055],[151.34309993125498,-33.529142048209906,58.599998474121094],[151.34309565648437,-33.52912997826934,58.400001525878906],[151.34306648746133,-33.52909971959889,57.79999923706055],[151.34304092265666,-33.52904884144664,57.400001525878906],[151.34302407503128,-33.52901925332844,56.79999923706055],[151.3430058863014,-33.52900450117886,56],[151.34297747164965,-33.5289644356817,55],[151.34297403506935,-33.52894892916083,54.79999923706055],[151.34296498261392,-33.52893250063062,54.20000076293945],[151.34295836091042,-33.52891112677753,53.79999923706055],[151.34294461458921,-33.52887173183262,53.20000076293945],[151.34293790906668,-33.52884943597019,52.79999923706055],[151.34292860515416,-33.528827810660005,52.599998474121094],[151.3429001905024,-33.52879419922829,51.79999923706055],[151.34289365261793,-33.528781877830625,51.599998474121094],[151.34286364540458,-33.5287278983742,50.79999923706055],[151.34286699816585,-33.528697388246655,50.599998474121094],[151.34287646971643,-33.52866469882429,50],[151.34287261404097,-33.52863343432546,49.400001525878906],[151.34286733344197,-33.528617760166526,49.400001525878906],[151.34284771978855,-33.52857878431678,48.400001525878906],[151.34284713305533,-33.52857727557421,48.400001525878906],[151.34282190352678,-33.52854165248573,47.599998474121094],[151.34281888604164,-33.528536120429635,47.400001525878906],[151.3428105879575,-33.52851550094783,46.599998474121094],[151.3428058102727,-33.528508711606264,46.20000076293945],[151.34280656464398,-33.52849924005568,46.20000076293945],[151.34280748665333,-33.52848641574383,45.79999923706055],[151.3427947461605,-33.5284704901278,45.400001525878906],[151.34278938174248,-33.52846001274884,45.20000076293945],[151.3427865318954,-33.52845079265535,44.79999923706055],[151.34278276003897,-33.528439393267035,44],[151.34277228266,-33.52841257117689,43.599998474121094],[151.34277077391744,-33.52835666388273,43],[151.3427706900984,-33.528302013874054,42.400001525878906],[151.3427664153278,-33.52827636525035,42],[151.34276130236685,-33.528263038024306,42],[151.342759039253,-33.52818458341062,41],[151.342756440863,-33.52817879989743,40.79999923706055],[151.34274965152144,-33.5281631257385,40.400001525878906],[151.34274789132178,-33.52813714183867,39.79999923706055],[151.34275199845433,-33.528116354718804,39.79999923706055],[151.34275862015784,-33.52809992618859,39.599998474121094],[151.3427619729191,-33.528068074956536,39.400001525878906],[151.34275618940592,-33.52802868001163,39.20000076293945],[151.342759039253,-33.52801635861397,39],[151.34276390075684,-33.52799255400896,38.599998474121094],[151.3427550997585,-33.527977634221315,38.400001525878906],[151.3427785690874,-33.52794419042766,38],[151.34280178695917,-33.52793471887708,37.79999923706055],[151.34282349608839,-33.52792759425938,37.400001525878906],[151.34284688159823,-33.52791954763234,37],[151.3428681716323,-33.527904879301786,36.400001525878906],[151.34289097040892,-33.527883337810636,36],[151.3429332152009,-33.52785282768309,35.20000076293945],[151.34293748997152,-33.52784578688443,35],[151.34297344833612,-33.52781318128109,34.400001525878906],[151.34298400953412,-33.52781259454787,34],[151.34299641475081,-33.527808571234345,33.599998474121094],[151.34302902035415,-33.5277711879462,33],[151.3430328760296,-33.52775945328176,32.599998474121094],[151.34306682273746,-33.527757693082094,32.20000076293945],[151.34309121407568,-33.52775978855789,32],[151.34311124682426,-33.52776096202433,31.799999237060547],[151.34316388517618,-33.52774076163769,30.799999237060547],[151.34318752214313,-33.52771645411849,30.399999618530273],[151.34322239086032,-33.52767890319228,29.600000381469727],[151.3432672340423,-33.5276467166841,29],[151.34327511303127,-33.527640933170915,28.799999237060547],[151.34328240528703,-33.527639005333185,28.600000381469727],[151.3433283381164,-33.52762257680297,27.799999237060547],[151.34335272945464,-33.527617966756225,27.600000381469727],[151.34336488321424,-33.52761176414788,27.600000381469727],[151.34337267838418,-33.527600867673755,27.399999618530273],[151.34338994510472,-33.52759324014187,27],[151.34343336336315,-33.52758343331516,26.399999618530273],[151.34346613660455,-33.52757488377392,26],[151.34350293315947,-33.5275555215776,25.200000762939453],[151.3435619417578,-33.5275190602988,24.200000762939453],[151.3436192739755,-33.52749022655189,23.200000762939453],[151.34362924844027,-33.527484107762575,23],[151.34364215657115,-33.527471367269754,22.799999237060547],[151.34365933947265,-33.52745946496725,22.200000762939453],[151.34371264837682,-33.527436666190624,21.600000381469727],[151.34374097920954,-33.52742434479296,21],[151.34378800168633,-33.52741219103336,20],[151.34380040690303,-33.52740867063403,19.799999237060547],[151.34384005330503,-33.527363659814,19.600000381469727],[151.34385111741722,-33.52733767591417,19],[151.3438489381224,-33.52733692154288,19],[151.3438497763127,-33.5273427888751,18.799999237060547],[151.34384650737047,-33.52734354324639,18.200000762939453],[151.3438404724002,-33.52735226042569,18.200000762939453],[151.3438404724002,-33.52735226042569,18.200000762939453],[151.3438404724002,-33.52735226042569,18.200000762939453],[151.3438404724002,-33.52735041640699,18.399999618530273],[151.3438457529992,-33.5273427888751,18],[151.3438500277698,-33.527336586266756,18.200000762939453]]},"properties":{"name":"Central Coast Hiking"}}]}
