{"type":"FeatureCollection","features":[{"type":"Feature","geometry":{"type":"LineString","coordinates":[[151.17738442495465,-33.59053789637983,121],[151.17738752625883,-33.5905359685421,121],[151.17740931920707,-33.590529430657625,120.5999984741211],[151.17746111936867,-33.59049707651138,119.80000305175781],[151.177469920367,-33.59049045480788,119.4000015258789],[151.1774759553373,-33.59048467129469,119],[151.17747050710022,-33.590471344068646,118.80000305175781],[151.1774850077927,-33.590437062084675,118.19999694824219],[151.1774852592498,-33.590426836162806,117.80000305175781],[151.17755172774196,-33.59039716422558,116.5999984741211],[151.17755449377,-33.590395571663976,116.5999984741211],[151.17758341133595,-33.59036506153643,115.5999984741211],[151.17761199362576,-33.59034142456949,115],[151.17761886678636,-33.59033321030438,114.80000305175781],[151.17763345129788,-33.59031770378351,114.5999984741211],[151.1776482872665,-33.590287277475,113.80000305175781],[151.17765666916966,-33.59028149396181,113.80000305175781],[151.1776704993099,-33.590267496183515,113.4000015258789],[151.17771081626415,-33.59021443873644,112.5999984741211],[151.1777733452618,-33.59017445705831,112.4000015258789],[151.17779304273427,-33.590160040184855,112],[151.17779740132391,-33.59015258029103,112],[151.1778552364558,-33.59009658917785,111.19999694824219],[151.17787786759436,-33.59005509875715,110],[151.1778678931296,-33.59003070741892,109],[151.17789471521974,-33.59000992029905,108.19999694824219],[151.17790368385613,-33.589999191462994,108],[151.17793679237366,-33.58997756615281,106.80000305175781],[151.17797886952758,-33.589955773204565,105.80000305175781],[151.17798834107816,-33.58995275571942,105.5999984741211],[151.17802052758634,-33.58992274850607,104.5999984741211],[151.17807123810053,-33.589868266135454,103.5999984741211],[151.17808179929852,-33.58986281789839,103.19999694824219],[151.17809319868684,-33.58985795639455,103],[151.17815195582807,-33.589835576713085,102.80000305175781],[151.1781660374254,-33.58983205631375,102.80000305175781],[151.17821456864476,-33.58981378376484,102.5999984741211],[151.17823191918433,-33.589801294729114,102.4000015258789],[151.17828899994493,-33.58972351066768,101.4000015258789],[151.1782957892865,-33.5897174756974,101.19999694824219],[151.1783269699663,-33.589686965569854,100.5999984741211],[151.1783592402935,-33.58966609463096,100.4000015258789],[151.178371142596,-33.58965729363263,100.4000015258789],[151.17838421836495,-33.58964757062495,100.19999694824219],[151.17839922197163,-33.58962586149573,99.80000305175781],[151.17841372266412,-33.58960415236652,99.5999984741211],[151.1784532852471,-33.58955763280392,99.19999694824219],[151.1784800235182,-33.589538019150496,99],[151.17852712981403,-33.58949091285467,99],[151.17854867130518,-33.589478339999914,98.80000305175781],[151.17861631326377,-33.589455457404256,98.19999694824219],[151.1786303948611,-33.589447075501084,98],[151.17865721695125,-33.58941706828773,97],[151.17872812785208,-33.58942595310509,96],[151.17877607233822,-33.58942930586636,95.80000305175781],[151.17881689220667,-33.589437268674374,95.4000015258789],[151.1788671836257,-33.58943064697087,95.19999694824219],[151.17888512089849,-33.58942788094282,94.80000305175781],[151.1789348255843,-33.589426120743155,94],[151.17893557995558,-33.58942243270576,93.5999984741211],[151.17895846255124,-33.589403070509434,93],[151.17897095158696,-33.58938479796052,92.5999984741211],[151.17900665849447,-33.5893617477268,91.5999984741211],[151.1790188960731,-33.58935210853815,91.4000015258789],[151.1790963448584,-33.58932578936219,91],[151.179156024009,-33.589301481842995,90.4000015258789],[151.17918577976525,-33.58928857371211,90.19999694824219],[151.179264402017,-33.589278012514114,89.5999984741211],[151.1792792379856,-33.589282454922795,89.5999984741211],[151.17928627878428,-33.58928840607405,89.4000015258789],[151.1792958341539,-33.589294608682394,89.19999694824219],[151.17931980639696,-33.589292680844665,89],[151.17935199290514,-33.58928371220827,89],[151.17941251024604,-33.58927482739091,88.5999984741211],[151.17944578640163,-33.589268205687404,88.4000015258789],[151.17953111417592,-33.58926937915385,88.19999694824219],[151.1795463692397,-33.589265858754516,88.19999694824219],[151.1796201299876,-33.58926082961261,87.80000305175781],[151.17965533398092,-33.589285304769874,87.4000015258789],[151.17972096428275,-33.58928857371211,86.5999984741211],[151.17976983077824,-33.58928203582764,86.19999694824219],[151.17977678775787,-33.58928463421762,86],[151.1798450164497,-33.58928664587438,85.19999694824219],[151.1798550747335,-33.58929678797722,85.19999694824219],[151.17990645579994,-33.589309863746166,84.4000015258789],[151.17991575971246,-33.58931782655418,84],[151.1799325235188,-33.58931246213615,83.80000305175781],[151.1799684818834,-33.58930315822363,83.4000015258789],[151.1800010036677,-33.58931070193648,82.80000305175781],[151.18000879883766,-33.589314725250006,82.5999984741211],[151.18002480827272,-33.5893115401268,82.5999984741211],[151.18008406832814,-33.58931187540293,81.80000305175781],[151.18012689985335,-33.58931070193648,81.5999984741211],[151.18019906803966,-33.58931011520326,81.4000015258789],[151.1802708171308,-33.589312210679054,80.80000305175781],[151.18031792342663,-33.589332327246666,80],[151.18033192120492,-33.58934523537755,79.5999984741211],[151.18039193563163,-33.58932478353381,79],[151.18042546324432,-33.5893149767071,78.5999984741211],[151.18045169860125,-33.58931112103164,78.19999694824219],[151.18047701194882,-33.58932310715318,77.5999984741211],[151.1805004812777,-33.589335260912776,77.5999984741211],[151.18056544102728,-33.58933802694082,77.5999984741211],[151.1806082725525,-33.58934188261628,77.5999984741211],[151.1806373577565,-33.58930232003331,77.5999984741211],[151.1806854698807,-33.58927616849542,77.5999984741211],[151.1807264573872,-33.58925487846136,77.4000015258789],[151.18080843240023,-33.58918681740761,77.5999984741211],[151.18084556423128,-33.589188158512115,78],[151.1808749847114,-33.58918438665569,77.80000305175781],[151.18094723671675,-33.58918296173215,77.5999984741211],[151.18100624531507,-33.58916586264968,77.19999694824219],[151.18109157308936,-33.589145662263036,76.5999984741211],[151.18109869770706,-33.58914331533015,76.5999984741211],[151.181109091267,-33.58914683572948,76.4000015258789],[151.18112426251173,-33.589149015024304,76.4000015258789],[151.1811855342239,-33.58916007913649,76.5999984741211],[151.18124697357416,-33.58918245881796,76.19999694824219],[151.18126172572374,-33.58918556012213,76],[151.18129081092775,-33.58921439386904,75.5999984741211],[151.18131570518017,-33.589219842106104,75.19999694824219],[151.18143984116614,-33.58922654762864,74.80000305175781],[151.18146926164627,-33.58923006802797,74.80000305175781],[151.18148191832006,-33.58922788873315,74.80000305175781],[151.18149633519351,-33.589224284514785,75],[151.18152332492173,-33.589237025007606,75],[151.18158518336713,-33.58924951404333,74.5999984741211],[151.1816020309925,-33.58924959786236,74.5999984741211],[151.18169247172773,-33.58925982378423,74.80000305175781],[151.1817762069404,-33.58928773552179,74.19999694824219],[151.18179003708065,-33.58928848989308,74],[151.18182079866529,-33.58928807079792,73.80000305175781],[151.18191459216177,-33.58930315822363,73.5999984741211],[151.18197427131236,-33.5893390327692,73.19999694824219],[151.18202657438815,-33.58935898169875,72.80000305175781],[151.18206437677145,-33.589374236762524,72.19999694824219],[151.18208097293973,-33.58937063254416,72],[151.1821012571454,-33.58936568722129,71.80000305175781],[151.1821746826172,-33.58936828561127,71.19999694824219],[151.18221047334373,-33.58937901444733,70.5999984741211],[151.18223830126226,-33.58939913101494,70.5999984741211],[151.18224886246026,-33.589404663071036,70.5999984741211],[151.18232161737978,-33.589455960318446,70.80000305175781],[151.18237459100783,-33.5894809383899,70.19999694824219],[151.18239445611835,-33.58949040994048,70],[151.1824567336589,-33.589521842077374,69.80000305175781],[151.18250970728695,-33.58955419622362,69.4000015258789],[151.18256947025657,-33.589582443237305,69],[151.18258262984455,-33.58959870412946,68.80000305175781],[151.18263468146324,-33.58963357284665,68.19999694824219],[151.18265773169696,-33.5896569583565,68],[151.1827299837023,-33.589716386049986,67.19999694824219],[151.18275697343051,-33.589748153463006,67],[151.18278983049095,-33.589784782379866,66.5999984741211],[151.18280164897442,-33.58978679403663,66.4000015258789],[151.18281212635338,-33.589794505387545,66.4000015258789],[151.1828496772796,-33.589822333306074,66],[151.1828676983714,-33.5898295417428,65.80000305175781],[151.18288001976907,-33.58984605409205,65.80000305175781],[151.18295445106924,-33.589913696050644,65.5999984741211],[151.18296794593334,-33.58992165885866,65.4000015258789],[151.18302376940846,-33.58992140740156,65.19999694824219],[151.18307095952332,-33.58993607573211,65],[151.18312301114202,-33.58994931913912,64.80000305175781],[151.18316860869527,-33.589962562546134,64.5999984741211],[151.18321093730628,-33.58998200856149,64.19999694824219],[151.18323708884418,-33.59000195749104,63.79999923706055],[151.18324974551797,-33.59001318924129,63.599998474121094],[151.1833188124001,-33.59005090780556,62.599998474121094],[151.18333322927356,-33.59005216509104,62.599998474121094],[151.18339953012764,-33.5900819208473,61.79999923706055],[151.18344202637672,-33.59009952284396,61.400001525878906],[151.183479744941,-33.59011150896549,61],[151.18351930752397,-33.59013640321791,60.400001525878906],[151.1835479736328,-33.59016255475581,59.79999923706055],[151.1835587862879,-33.59018476679921,59.599998474121094],[151.18356658145785,-33.59019549563527,59.20000076293945],[151.18362701497972,-33.59020873904228,58.400001525878906],[151.18363430723548,-33.590220138430595,58.20000076293945],[151.18363933637738,-33.59026531688869,57.400001525878906],[151.18364771828055,-33.59027076512575,57.20000076293945],[151.1836589500308,-33.59027738682926,57.20000076293945],[151.1836763843894,-33.5902891214937,57],[151.18369759060442,-33.59030278399587,56.79999923706055],[151.18373623117805,-33.590357434004545,56],[151.1837477143854,-33.59035575762391,56],[151.1837897915393,-33.59037419781089,55.79999923706055],[151.1838003527373,-33.59041669405997,55.20000076293945],[151.1838045436889,-33.59042750671506,55],[151.1838209722191,-33.59049255028367,54.20000076293945],[151.18382566608489,-33.590502524748445,53.79999923706055],[151.18385617621243,-33.59051459468901,52.599998474121094],[151.18386791087687,-33.590520126745105,52.400001525878906],[151.18390412069857,-33.59054879285395,51.599998474121094],[151.1839227285236,-33.590566059574485,51.20000076293945],[151.18392256088555,-33.59057913534343,51],[151.1839314457029,-33.59060059301555,50.400001525878906],[151.18396983481944,-33.59062599018216,49.79999923706055],[151.18403563275933,-33.59066974371672,49.20000076293945],[151.18406580761075,-33.59071643091738,48],[151.18411358445883,-33.59075741842389,47],[151.18416840210557,-33.590774685144424,46.400001525878906],[151.18418424390256,-33.5907809715718,46.400001525878906],[151.18419656530023,-33.59079102985561,46.400001525878906],[151.18424543179572,-33.59081257134676,46],[151.1842659674585,-33.59082371927798,45.79999923706055],[151.18431131355464,-33.59083889052272,45.400001525878906],[151.18434417061508,-33.590852888301015,45],[151.18439882062376,-33.59091089107096,43.79999923706055],[151.18440879508853,-33.59091172926128,43.79999923706055],[151.184460259974,-33.59094307757914,43],[151.1844740062952,-33.59095573425293,42.79999923706055],[151.18449663743377,-33.59099177643657,42.400001525878906],[151.18453050032258,-33.59102597460151,41.79999923706055],[151.18456008844078,-33.59108615666628,40.599998474121094],[151.18456771597266,-33.5910936165601,40.400001525878906],[151.18461549282074,-33.591106021776795,40],[151.1846335977316,-33.59112094156444,39.79999923706055],[151.18464466184378,-33.5911263898015,39.599998474121094],[151.1846550554037,-33.59112395904958,39.400001525878906],[151.18474960327148,-33.59116720966995,38.79999923706055],[151.1847543809563,-33.59117525629699,38.79999923706055],[151.18476963602006,-33.5911940317601,38.79999923706055],[151.18479637429118,-33.591217920184135,38.400001525878906],[151.18481154553592,-33.59122001565993,38.400001525878906],[151.18484071455896,-33.591230576857924,38.400001525878906],[151.1848611664027,-33.59124164097011,38.20000076293945],[151.18487231433392,-33.59124658629298,38],[151.1849251203239,-33.591273576021194,37.400001525878906],[151.18493945337832,-33.591278018429875,37.20000076293945],[151.18496568873525,-33.591287322342396,37.20000076293945],[151.18499418720603,-33.591292602941394,37.20000076293945],[151.18501572869718,-33.59130986966193,37.400001525878906],[151.18504657410085,-33.591336105018854,37.400001525878906],[151.18507809005678,-33.59135068953037,37.20000076293945],[151.18515972979367,-33.59139368869364,36.400001525878906],[151.18517557159066,-33.59140324406326,36.20000076293945],[151.18522619828582,-33.59141690656543,36],[151.1852655094117,-33.59142277389765,36],[151.18529258295894,-33.59141715802252,36],[151.18530314415693,-33.59141707420349,36],[151.18535846471786,-33.591426545754075,35.599998474121094],[151.185382604599,-33.59144783578813,35.20000076293945],[151.185440775007,-33.591454457491636,35],[151.18545535951853,-33.59145370312035,35],[151.18551596067846,-33.59145663678646,34],[151.18554814718664,-33.59147281385958,33.599998474121094],[151.18559919297695,-33.59147373586893,33],[151.18562106974423,-33.59147851355374,32.79999923706055],[151.1856358218938,-33.59147801063955,32.79999923706055],[151.18567446246743,-33.59148530289531,32.79999923706055],[151.1857333034277,-33.591492930427194,33.20000076293945],[151.18579608388245,-33.59149360097945,33.20000076293945],[151.18581200949848,-33.591496953740716,33.20000076293945],[151.18587847799063,-33.591508604586124,32.599998474121094],[151.18588493205607,-33.59150734730065,32.599998474121094],[151.18595207110047,-33.591523775830865,32.400001525878906],[151.18597310967743,-33.59154121018946,32.20000076293945],[151.18599641136825,-33.591543389484286,32],[151.1860755365342,-33.59155571088195,32.400001525878906],[151.18608861230314,-33.59156015329063,32.400001525878906],[151.18609992787242,-33.591565769165754,32.400001525878906],[151.1861342098564,-33.5915685351938,32.20000076293945],[151.18614686653018,-33.59156987629831,32.20000076293945],[151.18620185181499,-33.591572223231196,32],[151.18621970526874,-33.59157188795507,32],[151.18629883043468,-33.59158948995173,31],[151.18630251847208,-33.591593177989125,31],[151.18639044463634,-33.59158219769597,30.799999237060547],[151.18652187287807,-33.59159988351166,31],[151.18652757257223,-33.591607343405485,30.799999237060547],[151.1865520477295,-33.59161245636642,30.799999237060547],[151.18662036024034,-33.59162410721183,30.600000381469727],[151.1866583302617,-33.59164682216942,30.600000381469727],[151.1867167521268,-33.59165579080582,29.799999237060547],[151.18674717843533,-33.59167255461216,28.799999237060547],[151.18675413541496,-33.59167632646859,28.600000381469727],[151.18676804937422,-33.59169099479914,27.799999237060547],[151.18677073158324,-33.59169501811266,27.600000381469727],[151.1868013255298,-33.591697700321674,26.600000381469727],[151.18683921173215,-33.59170398674905,25.399999618530273],[151.1868898384273,-33.59171588905156,24.399999618530273],[151.1869051773101,-33.59171622432768,24.399999618530273],[151.18694499135017,-33.591720247641206,23.600000381469727],[151.18696108460426,-33.59172821044922,23.200000762939453],[151.18700886145234,-33.59175411053002,22.600000381469727],[151.1870219372213,-33.591757295653224,22.600000381469727],[151.18705403991044,-33.59177179634571,22.200000762939453],[151.187068708241,-33.59176768921316,22.200000762939453],[151.18709511123598,-33.59176936559379,22],[151.18717331439257,-33.59182904474437,21.399999618530273],[151.187190329656,-33.591865841299295,21.200000762939453],[151.18719208985567,-33.59188654460013,20.799999237060547],[151.1872228514403,-33.59192484989762,20],[151.18723743595183,-33.59193004667759,19.799999237060547],[151.18725813925266,-33.59192920848727,19.799999237060547],[151.1872809380293,-33.591929292306304,19.600000381469727],[151.18740842677653,-33.591959215700626,19.200000762939453],[151.18743197992444,-33.59197564423084,19],[151.18744840845466,-33.59198050573468,19],[151.18749140761793,-33.59198779799044,19],[151.1875227559358,-33.59199249185622,19.200000762939453],[151.18759291246533,-33.59200087375939,19.399999618530273],[151.1876063235104,-33.59200498089194,19.399999618530273],[151.18765829131007,-33.592048566788435,19.399999618530273],[151.18766650557518,-33.59205854125321,19.399999618530273],[151.18767648003995,-33.592063654214144,19.399999618530273],[151.18771847337484,-33.592080334201455,19.399999618530273],[151.1877801641822,-33.59206801280379,19.600000381469727],[151.1878002807498,-33.59207823872566,19.799999237060547],[151.18783816695213,-33.59212165698409,19.600000381469727],[151.18786314502358,-33.59213716350496,19.399999618530273],[151.18788678199053,-33.592149652540684,19.399999618530273],[151.18795601651073,-33.59218301251531,19],[151.1879696790129,-33.5921919811517,18.799999237060547],[151.1880053859204,-33.59220237471163,18.600000381469727],[151.18806766346097,-33.5922160372138,17.799999237060547],[151.18810622021556,-33.59221922233701,17.600000381469727],[151.1881880275905,-33.592208325862885,17.200000762939453],[151.18821577169,-33.59224319458008,17],[151.18824443779886,-33.592250822111964,16.799999237060547],[151.18827947415411,-33.59224772080779,16.799999237060547],[151.18832322768867,-33.59224663116038,16.600000381469727],[151.18835088796914,-33.592247888445854,16.399999618530273],[151.18839556351304,-33.59224805608392,16.399999618530273],[151.18843395262957,-33.59225124120712,16.399999618530273],[151.1884549073875,-33.59225166030228,16.200000762939453],[151.18847267702222,-33.592219054698944,16.399999618530273],[151.18847963400185,-33.59221335500479,16.399999618530273],[151.18852347135544,-33.59217228367925,16.399999618530273],[151.18857233785093,-33.59216113574803,16.600000381469727],[151.18857979774475,-33.59216406941414,16.399999618530273],[151.18865414522588,-33.592114532366395,16],[151.18865875527263,-33.59210849739611,16.200000762939453],[151.18874358013272,-33.59206985682249,16.399999618530273],[151.1888085398823,-33.59202962368727,16.799999237060547],[151.18886729702353,-33.592014787718654,17.200000762939453],[151.1888915207237,-33.59200238250196,17.600000381469727],[151.18893175385892,-33.591977236792445,17.799999237060547],[151.18895505554974,-33.59195494093001,18],[151.188992774114,-33.59189576469362,18.600000381469727],[151.18900970555842,-33.59187640249729,18.600000381469727],[151.18901909328997,-33.59187036752701,18.600000381469727],[151.1890371143818,-33.59185377135873,18.799999237060547],[151.1890682950616,-33.59182694926858,19.200000762939453],[151.1891060974449,-33.59180482104421,19.600000381469727],[151.18912453763187,-33.59179928898811,19.600000381469727],[151.18918019346893,-33.591792583465576,19.600000381469727],[151.18919846601784,-33.591795014217496,19.399999618530273],[151.18924121372402,-33.59178068116307,19.200000762939453],[151.18926702998579,-33.5917654260993,19],[151.1892765853554,-33.591760229319334,19],[151.18936912156641,-33.59172494150698,19],[151.18937708437443,-33.59172091819346,19],[151.18944405578077,-33.59170323237777,19],[151.18951966054738,-33.59168806113303,18.799999237060547],[151.1895403638482,-33.591684037819505,18.799999237060547],[151.1896037310362,-33.59165696427226,19.200000762939453],[151.18964522145689,-33.5916443914175,19.399999618530273],[151.18967841379344,-33.59163265675306,19.399999618530273],[151.1897821817547,-33.59164531342685,19.600000381469727],[151.18980707600713,-33.59163894318044,19.600000381469727],[151.1898670066148,-33.59162209555507,19.399999618530273],[151.1899293679744,-33.591599548235536,19.399999618530273],[151.1899692658335,-33.59158848412335,19.600000381469727],[151.19005828164518,-33.59160625375807,20],[151.1900652386248,-33.59160323627293,20],[151.190086863935,-33.59161061234772,20.399999618530273],[151.19009910151362,-33.59160851687193,20.399999618530273],[151.19016095995903,-33.59159669838846,20.799999237060547],[151.19018979370594,-33.591587813571095,21],[151.1902892868966,-33.5915701277554,21.200000762939453],[151.19031066074967,-33.591574653983116,21.399999618530273],[151.19032616727054,-33.59155671671033,22],[151.19033086113632,-33.59155193902552,22],[151.19039087556303,-33.591526206582785,22.799999237060547],[151.19040437042713,-33.59152436256409,22.799999237060547],[151.19043563492596,-33.591524278745055,23.200000762939453],[151.19050118140876,-33.59152411110699,23.399999618530273],[151.19057494215667,-33.59152100980282,23.600000381469727],[151.19064677506685,-33.59153467230499,23.600000381469727],[151.19065859355032,-33.59153224155307,23.399999618530273],[151.19067736901343,-33.59153131954372,23.399999618530273],[151.19076227769256,-33.5915064252913,23],[151.1907822266221,-33.59149804338813,23],[151.19087987579405,-33.5914873983711,23],[151.1909138225019,-33.59146728180349,23],[151.1909973062575,-33.59144473448396,23.200000762939453],[151.19102672673762,-33.59143819659948,23.200000762939453],[151.19103728793561,-33.591436855494976,23.200000762939453],[151.1910776887089,-33.59143517911434,23.200000762939453],[151.19114248082042,-33.59142059460282,23.200000762939453],[151.19120685383677,-33.59139746055007,23.200000762939453],[151.1912986356765,-33.591350270435214,23.600000381469727],[151.19131229817867,-33.59134423546493,23.600000381469727],[151.19136795401573,-33.59132462181151,23.799999237060547],[151.191479684785,-33.59130308032036,23.600000381469727],[151.1914997175336,-33.59130626544356,23.399999618530273],[151.19155277498066,-33.591322023421526,22.799999237060547],[151.19158445857465,-33.591312635689974,22.399999618530273],[151.19162226095796,-33.59130886383355,22],[151.1916784197092,-33.59129109419882,21.399999618530273],[151.1916876398027,-33.59128740616143,21.399999618530273],[151.19172829203308,-33.59127298928797,21],[151.19175519794226,-33.591267205774784,20.799999237060547],[151.1917661782354,-33.59125924296677,20.799999237060547],[151.1918063275516,-33.59123409725726,20.600000381469727],[151.19187204167247,-33.5911903437227,20.799999237060547],[151.19195871055126,-33.591168550774455,20.799999237060547],[151.1919770669192,-33.59115857630968,20.799999237060547],[151.19200749322772,-33.59115547500551,21],[151.19204906746745,-33.59113376587629,21],[151.19212048128247,-33.59105447307229,20.799999237060547],[151.19219969026744,-33.59096604399383,20.799999237060547],[151.1922101676464,-33.590961853042245,20.799999237060547],[151.19224629364908,-33.59090108424425,21],[151.19225987233222,-33.590865544974804,21],[151.19229616597295,-33.590841656550765,21],[151.1923301126808,-33.59082120470703,21],[151.19240471161902,-33.59079010784626,20.799999237060547],[151.192417871207,-33.5907896887511,20.799999237060547],[151.1924570146948,-33.590752221643925,20.799999237060547],[151.19246581569314,-33.590745851397514,20.600000381469727],[151.1924857646227,-33.590713078156114,20.600000381469727],[151.19248811155558,-33.59069690108299,20.799999237060547],[151.19248542934656,-33.59065733850002,21.600000381469727],[151.19249121285975,-33.59064292162657,22],[151.19252423755825,-33.590590534731746,22.799999237060547],[151.19254058226943,-33.590546278283,22.799999237060547],[151.19254670105875,-33.59053362160921,22.799999237060547],[151.1925503052771,-33.590513253584504,22.799999237060547],[151.19255810044706,-33.59046849422157,23.200000762939453],[151.19256304576993,-33.590447371825576,23.200000762939453],[151.19255860336125,-33.590445443987846,23],[151.19255307130516,-33.59044183976948,23],[151.1925587709993,-33.59043982811272,23],[151.19257838465273,-33.59043890610337,23],[151.1925806477666,-33.59043697826564,23],[151.19258140213788,-33.59043136239052,23],[151.1925840843469,-33.590430272743106,23],[151.19258156977594,-33.5904323682189,23],[151.1925888620317,-33.59039029106498,23.200000762939453],[151.19259397499263,-33.59037738293409,23.200000762939453],[151.19260202161968,-33.59029909595847,22.799999237060547],[151.19260068051517,-33.590292893350124,22.799999237060547],[151.19257427752018,-33.590263053774834,22.399999618530273],[151.192568494007,-33.590253330767155,22],[151.19257042184472,-33.590227430686355,21.200000762939453],[151.19257570244372,-33.59022282063961,20.799999237060547],[151.19258349761367,-33.59020823612809,19.799999237060547],[151.19258785620332,-33.59020681120455,19.600000381469727],[151.19259556755424,-33.59019155614078,19],[151.1925994232297,-33.59017001464963,18.600000381469727],[151.1925899516791,-33.59013732522726,18.399999618530273],[151.19260302744806,-33.59011326916516,17.600000381469727],[151.1926126666367,-33.59009290114045,17],[151.1926356330514,-33.5900713596493,16.399999618530273],[151.19262146763504,-33.590023666620255,16],[151.19259506464005,-33.59001059085131,15.800000190734863],[151.19254862889647,-33.59000103548169,15.399999618530273],[151.19253689423203,-33.58999768272042,15.199999809265137],[151.19250646792352,-33.58996415510774,14.399999618530273],[151.1924976669252,-33.589954348281026,14.399999618530273],[151.1924783885479,-33.58994227834046,14.399999618530273],[151.1924612056464,-33.58992861583829,14.600000381469727],[151.19244871661067,-33.58991218730807,14.800000190734863],[151.1924107465893,-33.58987438492477,14.800000190734863],[151.19236933998764,-33.58984521590173,14.399999618530273],[151.19236037135124,-33.589802803471684,13.399999618530273],[151.192359700799,-33.58979609794915,12.800000190734863],[151.19234746322036,-33.58978318981826,12.800000190734863],[151.19233924895525,-33.58975376933813,12.399999618530273],[151.19233824312687,-33.589747650548816,12.199999809265137],[151.19232919067144,-33.58972325921059,11.199999809265137],[151.19232013821602,-33.58971504494548,11.199999809265137],[151.19227889925241,-33.58967506326735,11.399999618530273],[151.1922791507095,-33.589663999155164,11.399999618530273],[151.19225249625742,-33.58964237384498,11.199999809265137],[151.19218552485108,-33.5895998775959,12.199999809265137],[151.19218024425209,-33.589589819312096,12.399999618530273],[151.19216473773122,-33.58956039883196,11.800000190734863],[151.19216834194958,-33.58955671079457,11.600000381469727],[151.19215962477028,-33.58954514376819,12],[151.19216951541603,-33.58952636830509,11.199999809265137],[151.19216909632087,-33.58950306661427,10.800000190734863],[151.19215853512287,-33.589444728568196,10.399999618530273],[151.1921525001526,-33.58943961560726,10.800000190734863],[151.19214956648648,-33.589441711083055,10.800000190734863],[151.19214956648648,-33.589441711083055,10.800000190734863],[151.19214956648648,-33.589441291987896,10.800000190734863],[151.19214822538197,-33.58944003470242,10.800000190734863],[151.1921409331262,-33.589423103258014,10.600000381469727],[151.19213917292655,-33.589423103258014,10.600000381469727],[151.19211905635893,-33.58942620456219,10.800000190734863],[151.1921176314354,-33.58942628838122,10.800000190734863],[151.19211595505476,-33.58942637220025,10.800000190734863],[151.19210187345743,-33.58942637220025,10.800000190734863],[151.19209458120167,-33.58942679129541,10.800000190734863],[151.192084858194,-33.58942737802863,10.600000381469727],[151.1920682620257,-33.5894325748086,10.399999618530273],[151.19206650182605,-33.589432993903756,10.399999618530273],[151.19206516072154,-33.589433496817946,10.399999618530273],[151.19206499308348,-33.58943332917988,10.399999618530273],[151.19207069277763,-33.589433412998915,10.399999618530273],[151.19209206663072,-33.58943307772279,10.399999618530273],[151.19209986180067,-33.58943316154182,10.399999618530273],[151.1921260971576,-33.5894341673702,10.399999618530273],[151.192127186805,-33.589434335008264,10.399999618530273],[151.1921281926334,-33.58943450264633,10.399999618530273],[151.19212970137596,-33.58943408355117,10.399999618530273],[151.19213229976594,-33.589431988075376,10.399999618530273],[151.19213263504207,-33.58943182043731,10.399999618530273],[151.19213238358498,-33.58943207189441,10.399999618530273],[151.1921316292137,-33.58943207189441,10.399999618530273],[151.1921306233853,-33.58943207189441,10.399999618530273],[151.1921316292137,-33.589431988075376,10.399999618530273],[151.19213330559433,-33.5894325748086,10.399999618530273],[151.19213372468948,-33.589432490989566,10.399999618530273],[151.19213338941336,-33.58943156898022,10.399999618530273],[151.19213079102337,-33.58943081460893,10.399999618530273],[151.19213070720434,-33.58943064697087,10.399999618530273],[151.19213053956628,-33.589430563151836,10.399999618530273],[151.192127186805,-33.58943081460893,10.399999618530273],[151.1921266000718,-33.589430563151836,10.399999618530273],[151.19212442077696,-33.58942980878055,10.399999618530273],[151.1921229120344,-33.58942964114249,10.399999618530273],[151.1921203136444,-33.5894291382283,10.399999618530273],[151.19212064892054,-33.5894288867712,10.399999618530273],[151.19211855344474,-33.589427629485726,10.399999618530273],[151.19211939163506,-33.589427545666695,10.399999618530273],[151.192119223997,-33.58942737802863,10.399999618530273],[151.1921173799783,-33.589427629485726,10.399999618530273],[151.19211494922638,-33.58942695893347,10.399999618530273],[151.19211654178798,-33.589427629485726,10.399999618530273],[151.19211520068347,-33.58942695893347,10.399999618530273],[151.19211696088314,-33.58942528255284,10.399999618530273],[151.19211729615927,-33.589425114914775,10.399999618530273],[151.19211729615927,-33.58942494727671,10.399999618530273],[151.1921168770641,-33.58942503109574,10.399999618530273],[151.1921171285212,-33.58942503109574,10.399999618530273],[151.19211838580668,-33.58942494727671,10.399999618530273],[151.19211821816862,-33.589423103258014,10.399999618530273],[151.19211939163506,-33.589423103258014,10.399999618530273],[151.1921200621873,-33.58942276798189,10.399999618530273],[151.1921208165586,-33.58942251652479,10.399999618530273],[151.19212073273957,-33.58942234888673,10.399999618530273],[151.1921205651015,-33.5894222650677,10.399999618530273],[151.1921213194728,-33.589421762153506,10.399999618530273],[151.19212148711085,-33.5894220136106,10.399999618530273],[151.19219885207713,-33.58944204635918,10.399999618530273],[151.19223967194557,-33.58951094560325,10.399999618530273],[151.19222726672888,-33.58950926922262,13.399999618530273],[151.19221930392087,-33.58951044268906,13.399999618530273],[151.19218016043305,-33.589522344991565,13.800000190734863],[151.19216616265476,-33.58952268026769,14],[151.1921625584364,-33.58952125534415,14.399999618530273],[151.192148309201,-33.58950734138489,15],[151.19214210659266,-33.58947666361928,15],[151.19212542660534,-33.589453445747495,14.800000190734863],[151.19211293756962,-33.589435340836644,15],[151.1921134404838,-33.58943282626569,15],[151.1920983530581,-33.58940885402262,15.199999809265137],[151.19210556149483,-33.58938563615084,15],[151.19210329838097,-33.5893686208874,14.800000190734863],[151.1920988559723,-33.58934213407338,14.199999809265137],[151.19210723787546,-33.5893131326884,13.600000381469727],[151.1921068187803,-33.589289747178555,13.399999618530273],[151.19210623204708,-33.58927625231445,13.199999809265137],[151.19211117736995,-33.58924859203398,13],[151.19211310520768,-33.58923191204667,12.600000381469727],[151.192113943398,-33.589223781600595,12.600000381469727],[151.19211142882705,-33.5891873203218,12.199999809265137],[151.1921141948551,-33.58917525038123,12],[151.19208712130785,-33.58914725482464,12.199999809265137],[151.19207102805376,-33.58911640942097,13],[151.19206289760768,-33.589109033346176,13.199999809265137],[151.19205300696194,-33.58909662812948,13.399999618530273],[151.1920497380197,-33.5890905931592,13.800000190734863],[151.19204588234425,-33.589086569845676,14.199999809265137],[151.1920520849526,-33.5890750028193,15.199999809265137],[151.1920378357172,-33.58906863257289,15.600000381469727],[151.192029369995,-33.5890646930784,15.800000190734863],[151.1920151207596,-33.58902865089476,16.600000381469727],[151.19198637083173,-33.58900015242398,17.200000762939453],[151.19196105748415,-33.58896318823099,17.399999618530273],[151.19195150211453,-33.58893728815019,17.799999237060547],[151.1919331457466,-33.588895965367556,17.799999237060547],[151.1919112689793,-33.58885866589844,17.799999237060547],[151.19189626537263,-33.58882094733417,17.799999237060547],[151.1918895598501,-33.588808961212635,17.799999237060547],[151.19188310578465,-33.58879789710045,17.600000381469727],[151.19187179021537,-33.58879026956856,17.600000381469727],[151.191857624799,-33.58876118436456,17.399999618530273],[151.19180875830352,-33.5887311771512,16.799999237060547],[151.19180046021938,-33.58872254379094,16.600000381469727],[151.1917634960264,-33.58871407806873,16.399999618530273],[151.19172963313758,-33.5887071210891,17],[151.1917093489319,-33.58869739808142,17.399999618530273],[151.19170255959034,-33.58869102783501,17.600000381469727],[151.19168680161238,-33.58866420574486,18],[151.19167540222406,-33.588659930974245,18],[151.1916683614254,-33.58864945359528,18.200000762939453],[151.19166408665478,-33.58862355351448,17.600000381469727],[151.19165788404644,-33.588617434725165,16.399999618530273],[151.19166065007448,-33.588612489402294,16.399999618530273],[151.19169652462006,-33.588582649827,16.200000762939453],[151.19171110913157,-33.58857284300029,16.799999237060547],[151.19173902086914,-33.588569574058056,17.600000381469727],[151.1917898990214,-33.588591953739524,18.200000762939453],[151.1917981132865,-33.58860000036657,18.200000762939453],[151.19184379465878,-33.58861818909645,18.200000762939453],[151.1919199861586,-33.58864987269044,18],[151.19196876883507,-33.58865708112717,17.399999618530273],[151.19200422428548,-33.58863570727408,17.600000381469727],[151.19202375411987,-33.58863000757992,17.799999237060547],[151.19204294867814,-33.588632605969906,18],[151.1920869536698,-33.58864450827241,17.799999237060547],[151.192148309201,-33.58865054324269,17.200000762939453],[151.19216482155025,-33.58869295567274,16.600000381469727],[151.19217772968113,-33.58869647607207,16.399999618530273],[151.19221209548414,-33.58871642500162,16],[151.19223539717495,-33.58873545192182,15.399999618530273],[151.19224428199232,-33.58873168006539,15.199999809265137],[151.1922714393586,-33.58872380107641,15.199999809265137],[151.1922872811556,-33.588693626224995,16],[151.1923005245626,-33.58867736533284,16.600000381469727],[151.19231167249382,-33.58867811970413,17.200000762939453],[151.19233086705208,-33.588674599304795,17.799999237060547],[151.19234444573522,-33.58866102062166,18.600000381469727],[151.19236431084573,-33.588666804134846,18.799999237060547],[151.19239658117294,-33.5886674746871,19.399999618530273],[151.1924009397626,-33.58866898342967,19.600000381469727],[151.19241275824606,-33.58866596594453,19.799999237060547],[151.19242759421468,-33.58863662928343,21.200000762939453],[151.19243010878563,-33.58863394707441,21.399999618530273],[151.19243622757494,-33.588633025065064,21.799999237060547],[151.1924464534968,-33.58863000757992,22.200000762939453],[151.19244938716292,-33.588627660647035,22.399999618530273],[151.1924503929913,-33.5886209551245,22.799999237060547],[151.19245785288513,-33.58860586769879,23.399999618530273],[151.19247059337795,-33.58861165121198,24.200000762939453],[151.19247964583337,-33.58861651271582,24.399999618530273],[151.19248911738396,-33.588601341471076,25.600000381469727],[151.1925116647035,-33.58859228901565,26.399999618530273],[151.1925185378641,-33.58859220519662,26.600000381469727],[151.19252264499664,-33.588592037558556,27],[151.19253236800432,-33.588582230731845,27.799999237060547],[151.19255164638162,-33.588568568229675,28.799999237060547],[151.1925777979195,-33.58854283578694,29.799999237060547],[151.19257612153888,-33.5885414108634,30.200000762939453],[151.19259774684906,-33.58853663317859,30.799999237060547],[151.1926129180938,-33.58854568563402,31.200000762939453],[151.1926351301372,-33.58854526653886,31.600000381469727],[151.1926377285272,-33.58854736201465,32],[151.19265239685774,-33.58854526653886,32.79999923706055],[151.1926607787609,-33.58854149468243,33.20000076293945],[151.19269262999296,-33.58854970894754,34.20000076293945],[151.19269690476358,-33.58855817466974,35],[151.19269874878228,-33.58856295235455,35.20000076293945],[151.19272213429213,-33.58857217244804,36.400001525878906],[151.19272381067276,-33.58857217244804,36.599998474121094],[151.1927513871342,-33.58857627958059,37.400001525878906],[151.19277292862535,-33.588555827736855,38.599998474121094],[151.19279229082167,-33.58853219076991,39.79999923706055],[151.19279438629746,-33.58849271200597,40.79999923706055],[151.1927981581539,-33.58847452327609,41.20000076293945],[151.19282129220665,-33.58845507726073,42],[151.19282623752952,-33.588452730327845,42.400001525878906],[151.19285230524838,-33.588435128331184,42.79999923706055],[151.19286043569446,-33.58843345195055,43.20000076293945],[151.19288130663335,-33.58843554742634,44.400001525878906],[151.19288474321365,-33.588435128331184,44.599998474121094],[151.19288943707943,-33.5884359665215,45.599998474121094],[151.19290527887642,-33.588424399495125,46.400001525878906],[151.19290896691382,-33.58842213638127,46.599998474121094],[151.19293461553752,-33.58840646222234,47.79999923706055],[151.19294911623,-33.58840176835656,48.400001525878906],[151.19295364245772,-33.58839774504304,49],[151.19295565411448,-33.58838307671249,49.79999923706055],[151.19296143762767,-33.58838466927409,50],[151.19296663440764,-33.58839238062501,50.79999923706055],[151.19296671822667,-33.588394559919834,51],[151.19298256002367,-33.5884119104594,51.400001525878906],[151.19298415258527,-33.58842171728611,52],[151.192986080423,-33.58841978944838,52.20000076293945],[151.19298549368978,-33.58840411528945,53.20000076293945],[151.19298490695655,-33.588401433080435,53.20000076293945],[151.19299488142133,-33.588403863832355,54.400001525878906],[151.1929945461452,-33.588404366746545,55],[151.1929990723729,-33.58840453438461,55.400001525878906],[151.19301868602633,-33.5883653908968,56.599998474121094],[151.19302907958627,-33.58836245723069,57.599998474121094],[151.19304617866874,-33.58835918828845,58.599998474121094],[151.19306109845638,-33.58835759572685,59.20000076293945],[151.19307233020663,-33.58835776336491,59.79999923706055],[151.1930756829679,-33.588356506079435,60.79999923706055],[151.1930756829679,-33.588356506079435,61.79999923706055],[151.1930756829679,-33.588356506079435,62],[151.1930756829679,-33.588356506079435,63.20000076293945],[151.193075934425,-33.588356506079435,64.19999694824219],[151.1930949613452,-33.58835717663169,65.19999694824219],[151.19309881702065,-33.58835717663169,65.4000015258789],[151.19311834685504,-33.58835734426975,66.5999984741211],[151.1931467615068,-33.58836589381099,67.5999984741211],[151.19318439625204,-33.58836589381099,68.5999984741211],[151.19321197271347,-33.588363379240036,69.80000305175781],[151.19322085753083,-33.5883582662791,71.19999694824219],[151.19322563521564,-33.588348710909486,72.19999694824219],[151.19324658997357,-33.58834837563336,73],[151.19332982227206,-33.58837343752384,72.5999984741211],[151.1933568958193,-33.58837662264705,72.5999984741211],[151.19335781782866,-33.58837637118995,72.5999984741211],[151.19335840456188,-33.58837620355189,72.5999984741211],[151.193358739838,-33.58837620355189,72.5999984741211],[151.19335957802832,-33.58837620355189,72.5999984741211],[151.19336041621864,-33.58837620355189,72.5999984741211],[151.1933610867709,-33.58837620355189,72.5999984741211],[151.1933621764183,-33.58837620355189,72.5999984741211],[151.19336511008441,-33.58837620355189,72.5999984741211],[151.19337265379727,-33.58837628737092,72.80000305175781],[151.1933967936784,-33.58837670646608,72.80000305175781],[151.19339277036488,-33.588378466665745,72.4000015258789],[151.19339218363166,-33.5883788857609,72.4000015258789],[151.1933920159936,-33.58837905339897,72.4000015258789],[151.19339159689844,-33.588379388675094,72.4000015258789],[151.19339092634618,-33.58838223852217,72.5999984741211],[151.1933906748891,-33.58838299289346,72.5999984741211],[151.19339059107006,-33.58838324435055,72.5999984741211],[151.19339033961296,-33.588383914902806,72.5999984741211],[151.19338924996555,-33.58838349580765,72.5999984741211],[151.19338924996555,-33.58838349580765,72.5999984741211],[151.19338874705136,-33.588383914902806,72.5999984741211],[151.1933885794133,-33.588383914902806,72.5999984741211],[151.1933880764991,-33.58838466927409,72.5999984741211],[151.1933883279562,-33.588384417817,72.5999984741211],[151.1933880764991,-33.58838492073119,72.5999984741211],[151.19338455609977,-33.58838617801666,72.5999984741211],[151.1933835502714,-33.58838609419763,72.5999984741211],[151.1933809518814,-33.58838617801666,72.5999984741211],[151.19338044896722,-33.588386261835694,72.5999984741211],[151.19337969459593,-33.58838659711182,72.5999984741211],[151.19337759912014,-33.588386764749885,72.5999984741211],[151.19337793439627,-33.58838693238795,72.5999984741211],[151.1933782696724,-33.58838710002601,72.5999984741211],[151.19337743148208,-33.58838751912117,72.5999984741211],[151.193377263844,-33.58838718384504,72.5999984741211],[151.19337701238692,-33.588386345654726,72.4000015258789],[151.19337684474885,-33.58838609419763,72.4000015258789],[151.1933732405305,-33.58835231512785,73.19999694824219],[151.19338422082365,-33.588278805837035,73.19999694824219],[151.19342495687306,-33.58823077753186,73.19999694824219],[151.19344297796488,-33.58823815360665,73.19999694824219],[151.19344641454518,-33.58823857270181,73.19999694824219],[151.19344867765903,-33.588235806673765,73.19999694824219],[151.19345261715353,-33.58823228627443,73.19999694824219],[151.19345999322832,-33.588203033432364,73.19999694824219],[151.19345932267606,-33.58819238841534,73.19999694824219],[151.19344842620194,-33.588162548840046,73.19999694824219],[151.19342495687306,-33.58811049722135,73.19999694824219],[151.19342470541596,-33.58810077421367,73.19999694824219],[151.19342445395887,-33.5880907997489,73.19999694824219],[151.19343627244234,-33.58805132098496,73.19999694824219],[151.19345353916287,-33.58802835457027,73.19999694824219],[151.19346175342798,-33.58802332542837,73.19999694824219],[151.19347256608307,-33.58802039176226,73.19999694824219],[151.1935167387128,-33.58799742534757,73.19999694824219],[151.1935299821198,-33.58796238899231,73.19999694824219],[151.19354104623199,-33.587924502789974,73.19999694824219],[151.19355143979192,-33.587873708456755,73.19999694824219],[151.19354858994484,-33.58786222524941,81.19999694824219],[151.1935907509178,-33.58775652945042,81.4000015258789],[151.193612460047,-33.587736412882805,82],[151.19363450445235,-33.58772987499833,82.19999694824219],[151.1936737317592,-33.5877192299813,82.80000305175781],[151.19368705898523,-33.58771084807813,83.4000015258789],[151.19369795545936,-33.58770095743239,84],[151.19370885193348,-33.58769224025309,84.4000015258789],[151.19374279864132,-33.587692994624376,85],[151.19375478476286,-33.58768813312054,85.4000015258789],[151.1937697045505,-33.58765804208815,86.4000015258789],[151.19377490133047,-33.58763976953924,87],[151.19378143921494,-33.58763205818832,87.5999984741211],[151.19379510171711,-33.58763155527413,88.19999694824219],[151.1938038188964,-33.587625017389655,88.5999984741211],[151.1938151344657,-33.58759207651019,89.5999984741211],[151.19382259435952,-33.58759098686278,89.80000305175781],[151.19384866207838,-33.58755234628916,91],[151.19386995211244,-33.587525775656104,92],[151.19388713501394,-33.58750842511654,92.80000305175781],[151.19390406645834,-33.58750465326011,93.19999694824219],[151.1939372587949,-33.58750557526946,94],[151.19395276531577,-33.587506748735905,94.19999694824219],[151.19397807866335,-33.58749677427113,95.19999694824219],[151.1939829401672,-33.58749442733824,95.4000015258789],[151.19400749914348,-33.5874707903713,96.5999984741211],[151.19401504285634,-33.58746643178165,96.5999984741211],[151.19405862875283,-33.58745033852756,97.5999984741211],[151.19406801648438,-33.587454948574305,97.80000305175781],[151.19408302009106,-33.58746500685811,98.80000305175781],[151.1940887197852,-33.58746609650552,99.19999694824219],[151.19410514831543,-33.587462827563286,99.80000305175781],[151.1941238399595,-33.58745947480202,100.19999694824219],[151.19415091350675,-33.58746835961938,100.80000305175781],[151.19416700676084,-33.587475987151265,101.4000015258789],[151.19418787769973,-33.58748151920736,102],[151.19422727264464,-33.587466683238745,103],[151.19424294680357,-33.58745830133557,103.5999984741211],[151.19425208307803,-33.587454529479146,104],[151.19425107724965,-33.587447153404355,104.19999694824219],[151.19424479082227,-33.58741454780102,104.80000305175781],[151.19425116106868,-33.587340116500854,104.5999984741211],[151.194286365062,-33.58731748536229,105.19999694824219],[151.19429466314614,-33.58731932938099,105.4000015258789],[151.19431687518954,-33.587318155914545,106.19999694824219],[151.19432584382594,-33.58730524778366,107],[151.19433305226266,-33.58728714287281,107.4000015258789],[151.19434973224998,-33.58727356418967,108.5999984741211],[151.1943720281124,-33.58726073987782,109.4000015258789],[151.194378901273,-33.5872548725456,109.5999984741211],[151.19438225403428,-33.587225368246436,110.19999694824219],[151.1943888757378,-33.58719049952924,110.5999984741211],[151.19442022405565,-33.587170047685504,111.5999984741211],[151.19445567950606,-33.58715227805078,112.80000305175781],[151.1944610439241,-33.58715194277465,113.19999694824219],[151.19450395926833,-33.58715755864978,114],[151.19452541694045,-33.587152529507875,114],[151.19454679079354,-33.58715219423175,114.19999694824219],[151.194579731673,-33.58714205212891,115],[151.194680146873,-33.587133502587676,116],[151.19468802586198,-33.58713232912123,116.19999694824219],[151.19475005194545,-33.587116906419396,117.19999694824219],[151.19475399143994,-33.58711573295295,117.4000015258789],[151.19479632005095,-33.587102657184005,118.19999694824219],[151.19479632005095,-33.587095364928246,118.4000015258789],[151.1947591882199,-33.587075248360634,119.19999694824219],[151.1947504710406,-33.587064100429416,119.5999984741211],[151.19476622901857,-33.587040128186345,120.4000015258789],[151.19474301114678,-33.58702043071389,121],[151.19469146244228,-33.586970726028085,121.4000015258789],[151.19471518322825,-33.58694013208151,122.5999984741211],[151.19476622901857,-33.58690266497433,123.5999984741211],[151.19477670639753,-33.58689562417567,123.80000305175781],[151.194814927876,-33.58687458559871,124.5999984741211],[151.1948194541037,-33.5868750885129,125],[151.194828171283,-33.58687223866582,125.80000305175781],[151.19482641108334,-33.58686653897166,126.19999694824219],[151.19482423178852,-33.586847176775336,127],[151.19481953792274,-33.586807530373335,127.80000305175781],[151.19482590816915,-33.58679805882275,128],[151.19482666254044,-33.586786491796374,128.8000030517578],[151.1948447674513,-33.58676520176232,129.1999969482422],[151.1948564182967,-33.586762519553304,129.8000030517578],[151.19486949406564,-33.586763106286526,130.1999969482422],[151.1948694102466,-33.58672228641808,131],[151.19487737305462,-33.58671608380973,131.39999389648438],[151.194912744686,-33.58672438189387,132.39999389648438],[151.194925904274,-33.58668515458703,133.39999389648438],[151.19492665864527,-33.58667861670256,133.60000610351562],[151.19492875412107,-33.58665908686817,134.8000030517578],[151.1949222162366,-33.58664207160473,135.1999969482422],[151.19491710327566,-33.58662405051291,135.8000030517578],[151.19491710327566,-33.58662128448486,136.1999969482422],[151.19491710327566,-33.5866039339453,137],[151.19492288678885,-33.58660066500306,137.60000610351562],[151.19493654929101,-33.58658775687218,138],[151.19495892897248,-33.586585745215416,139],[151.19496521539986,-33.58658264391124,139.1999969482422],[151.194954989478,-33.586553893983364,140.1999969482422],[151.19493797421455,-33.58650972135365,141.60000610351562],[151.19493378326297,-33.58649840578437,142.1999969482422],[151.19492531754076,-33.58648122288287,142.8000030517578],[151.1949238087982,-33.58645683154464,143.1999969482422],[151.1948746908456,-33.586427830159664,143],[151.19482062757015,-33.58639338053763,142.60000610351562],[151.19474736973643,-33.58633386902511,142.39999389648438],[151.19471115991473,-33.58626689761877,142.39999389648438],[151.19469741359353,-33.586252899840474,142.39999389648438],[151.1946450266987,-33.58619255013764,142.39999389648438],[151.1946381535381,-33.58617075718939,142.39999389648438],[151.19461359456182,-33.586126836016774,143],[151.19457185268402,-33.58607327565551,143.1999969482422],[151.19456506334245,-33.58604486100376,143.39999389648438],[151.19453673250973,-33.586012003943324,143.8000030517578],[151.19450882077217,-33.58595324680209,143.8000030517578],[151.19448912329972,-33.585908990353346,144],[151.1944816634059,-33.58589993789792,144],[151.19447856210172,-33.58588510192931,144.1999969482422],[151.1944481357932,-33.58583900146186,144.8000030517578],[151.19444268755615,-33.585801031440496,145.60000610351562],[151.19444855488837,-33.58578762039542,145.8000030517578],[151.19446070864797,-33.58575903810561,146.60000610351562],[151.1944724433124,-33.585749650374055,147],[151.19447487406433,-33.58573196455836,147.60000610351562],[151.19446389377117,-33.58571821823716,148.1999969482422],[151.19445241056383,-33.58567672781646,148.8000030517578],[151.19443983770907,-33.58563934452832,149.1999969482422],[151.19440756738186,-33.58560036867857,149.39999389648438],[151.1943542584777,-33.58550271950662,149.39999389648438],[151.19435098953545,-33.58547564595938,149.60000610351562],[151.19435593485832,-33.58544949442148,149.60000610351562],[151.19436448439956,-33.58540163375437,150],[151.19435576722026,-33.58536768704653,150],[151.19434646330774,-33.58535570092499,150.1999969482422],[151.1943447869271,-33.585332315415144,150.39999389648438],[151.1943347286433,-33.58529711142182,151],[151.19436766952276,-33.58526995405555,151.60000610351562],[151.19437211193144,-33.58526282943785,151.8000030517578],[151.19435970671475,-33.58522234484553,152.39999389648438],[151.19435157626867,-33.585209771990776,152.39999389648438],[151.19434671476483,-33.58514062128961,152.39999389648438],[151.19435710832477,-33.58513173647225,152.60000610351562],[151.19436364620924,-33.58512821607292,152.60000610351562],[151.19436741806567,-33.585130563005805,153],[151.1943727824837,-33.58512645587325,153.60000610351562],[151.19438527151942,-33.58512545004487,153.8000030517578],[151.19440882466733,-33.585128048434854,154.8000030517578],[151.1944129317999,-33.585128635168076,155],[151.1944034602493,-33.585108518600464,156],[151.19440589100122,-33.585100807249546,156.1999969482422],[151.19441762566566,-33.58508789911866,156.60000610351562],[151.19442466646433,-33.58508278615773,157],[151.19442634284496,-33.58508739620447,157.1999969482422],[151.19443841278553,-33.5850998852402,157.8000030517578],[151.19444117881358,-33.5851014778018,158],[151.1944803223014,-33.58509846031666,159],[151.1944835074246,-33.58509913086891,159.1999969482422],[151.19448929093778,-33.5851065069437,160.1999969482422],[151.1945001874119,-33.58512000180781,160.8000030517578],[151.19450354017317,-33.585120253264904,161.39999389648438],[151.19450806640089,-33.585102232173085,162.39999389648438],[151.194513682276,-33.58509594574571,162.39999389648438],[151.1945442762226,-33.585072895511985,163.60000610351562],[151.19456011801958,-33.58507021330297,164],[151.194574451074,-33.585058227181435,164.60000610351562],[151.19458509609103,-33.585043558850884,165.1999969482422],[151.19460437446833,-33.585025034844875,165.8000030517578],[151.19461552239954,-33.58500047586858,166.39999389648438],[151.19465223513544,-33.58497507870197,166.8000030517578],[151.19465458206832,-33.58496912755072,167],[151.19465592317283,-33.58495303429663,167.1999969482422],[151.194677548483,-33.5849339235574,167.8000030517578],[151.19468618184328,-33.584932247176766,168],[151.19469515047967,-33.58490936458111,168.8000030517578],[151.19470520876348,-33.58490467071533,169.1999969482422],[151.19472515769303,-33.584897462278605,170.1999969482422],[151.19472574442625,-33.584894025698304,170.39999389648438],[151.19474368169904,-33.58488078229129,171.39999389648438],[151.19475617073476,-33.58487491495907,172],[151.19476899504662,-33.58487072400749,172.60000610351562],[151.19479849934578,-33.58486158773303,173.60000610351562],[151.19480654597282,-33.58486016280949,173.60000610351562],[151.19483328424394,-33.584853541105986,174.8000030517578],[151.19483403861523,-33.58485220000148,174.8000030517578],[151.1948400735855,-33.58483518473804,175.8000030517578],[151.1948426719755,-33.58482202515006,176.60000610351562],[151.19484543800354,-33.58481330797076,176.8000030517578],[151.19484317488968,-33.584810541942716,177.60000610351562],[151.19486505165696,-33.58480014838278,177.8000030517578],[151.19487418793142,-33.58479612506926,178],[151.19488474912941,-33.584767458960414,177.8000030517578],[151.19489908218384,-33.58474658802152,178.60000610351562],[151.1949280835688,-33.58471054583788,179],[151.19494719430804,-33.584699649363756,179.39999389648438],[151.1949671432376,-33.58469093218446,180.1999969482422],[151.1949909478426,-33.58466075733304,180.8000030517578],[151.19500569999218,-33.58464617282152,181.1999969482422],[151.19503503665328,-33.58462320640683,182.1999969482422],[151.1950860824436,-33.58460853807628,183.39999389648438],[151.195097733289,-33.58460468240082,183.60000610351562],[151.19511877186596,-33.58457769267261,184.39999389648438],[151.19512480683625,-33.584577944129705,184.60000610351562],[151.19514525868,-33.58457970432937,185.60000610351562],[151.19515229947865,-33.58456838876009,186],[151.19516026228666,-33.58455321751535,186.8000030517578],[151.19516814127564,-33.584533017128706,187.39999389648438],[151.1951841507107,-33.584528993815184,187.8000030517578],[151.19520016014576,-33.58451625332236,188.39999389648438],[151.19520091451705,-33.58450032770634,188.8000030517578],[151.1952042672783,-33.58445959165692,189.8000030517578],[151.19519454427063,-33.58441734686494,190.8000030517578],[151.1951949633658,-33.58441147953272,191],[151.19518767111003,-33.58437979593873,192],[151.19521038606763,-33.584333108738065,193.1999969482422],[151.19521390646696,-33.58433051034808,193.1999969482422],[151.19523687288165,-33.584323385730386,194.1999969482422],[151.19525070302188,-33.58430461026728,194.8000030517578],[151.1952621024102,-33.584295054897666,195.1999969482422],[151.19526101276278,-33.584261275827885,195.8000030517578],[151.19527014903724,-33.58423797413707,196.1999969482422],[151.19526939466596,-33.584232944995165,196.1999969482422],[151.19527123868465,-33.584220288321376,197],[151.19527207687497,-33.58422204852104,197.39999389648438],[151.19527836330235,-33.5842224676162,197.60000610351562],[151.19527970440686,-33.58422573655844,197.1999969482422],[151.19527970440686,-33.58422573655844,197.1999969482422],[151.19527970440686,-33.58422573655844,197.1999969482422],[151.19527995586395,-33.584226071834564,197.1999969482422],[151.19527995586395,-33.58422833494842,197.1999969482422],[151.19527987204492,-33.58422992751002,197.1999969482422],[151.19528079405427,-33.58423353172839,197.39999389648438],[151.1952819675207,-33.58423571102321,197.39999389648438],[151.19528171606362,-33.5842362139374,197.39999389648438],[151.19528171606362,-33.584236381575465,197.1999969482422],[151.19528171606362,-33.5842364653945,197.1999969482422],[151.19528238661587,-33.58423654921353,197.39999389648438],[151.19528280571103,-33.58423629775643,197.39999389648438],[151.1952838115394,-33.58423554338515,197.39999389648438],[151.19528532028198,-33.5842274967581,197.39999389648438],[151.19528532028198,-33.58422682620585,197.39999389648438],[151.19528339244425,-33.584225066006184,197.39999389648438],[151.1952838115394,-33.58422397635877,197.39999389648438],[151.1952843144536,-33.584223724901676,197.39999389648438],[151.19529261253774,-33.584229089319706,197.39999389648438],[151.19527827948332,-33.584232944995165,197.39999389648438],[151.19529110379517,-33.58422825112939,197.39999389648438],[151.19529085233808,-33.58422892168164,197.39999389648438],[151.19529051706195,-33.584229089319706,197.39999389648438],[151.19529043324292,-33.58422883786261,197.39999389648438],[151.19529495947063,-33.584232442080975,197.1999969482422],[151.19528842158616,-33.5842274967581,197.1999969482422],[151.19527484290302,-33.58422540128231,197.1999969482422],[151.19527392089367,-33.5842259041965,197.1999969482422],[151.19527643546462,-33.584225066006184,197.1999969482422],[151.1952769383788,-33.584225066006184,197.1999969482422],[151.19527945294976,-33.584225066006184,197.1999969482422],[151.1952819675207,-33.58422481454909,197.1999969482422],[151.19528280571103,-33.584224646911025,197.1999969482422],[151.1952829733491,-33.584224646911025,197.1999969482422],[151.1952832248062,-33.58422456309199,197.1999969482422],[151.19528330862522,-33.58422447927296,197.1999969482422],[151.1952832248062,-33.58422447927296,197.1999969482422],[151.19528314098716,-33.58422439545393,197.1999969482422],[151.1952832248062,-33.584223641082644,197.1999969482422],[151.19528314098716,-33.584223138168454,197.1999969482422],[151.1952838115394,-33.58422347344458,197.1999969482422],[151.19528330862522,-33.584223641082644,197.1999969482422],[151.19528339244425,-33.58422355726361,197.1999969482422],[151.19528339244425,-33.58422347344458,197.1999969482422],[151.195282721892,-33.584223221987486,197.1999969482422],[151.19528179988265,-33.584223221987486,197.1999969482422],[151.1952806264162,-33.584222719073296,197.1999969482422],[151.19528054259717,-33.5842224676162,197.1999969482422],[151.19528029114008,-33.58422255143523,197.1999969482422],[151.19528029114008,-33.58422255143523,197.1999969482422],[151.19528020732105,-33.584222719073296,197.1999969482422],[151.1952797882259,-33.584222132340074,197.1999969482422],[151.19527945294976,-33.58422179706395,197.1999969482422],[151.19527886621654,-33.58422146178782,197.1999969482422],[151.1952790338546,-33.58422146178782,197.1999969482422],[151.19527827948332,-33.58422095887363,197.1999969482422],[151.1952781956643,-33.584221294149756,197.1999969482422],[151.19527844712138,-33.58422188088298,197.1999969482422],[151.19527844712138,-33.58422179706395,197.1999969482422],[151.1952785309404,-33.58422179706395,197.1999969482422],[151.19527861475945,-33.584221713244915,197.1999969482422],[151.19527869857848,-33.584221713244915,197.1999969482422],[151.19527886621654,-33.58422162942588,197.1999969482422],[151.19527861475945,-33.584221210330725,197.1999969482422],[151.19527836330235,-33.58422112651169,197.1999969482422],[151.195277441293,-33.58421911485493,197.1999969482422],[151.19527727365494,-33.584218360483646,197.1999969482422],[151.1952771898359,-33.58421810902655,197.1999969482422],[151.19527735747397,-33.58421752229333,197.1999969482422],[151.195277441293,-33.58421710319817,197.1999969482422],[151.19527752511203,-33.584216851741076,197.1999969482422],[151.19527752511203,-33.584216851741076,197.1999969482422],[151.19527752511203,-33.58421668410301,197.1999969482422],[151.19527651928365,-33.5842174384743,197.1999969482422],[151.19527576491237,-33.58421752229333,197.1999969482422],[151.19527501054108,-33.58421768993139,197.1999969482422],[151.195272160694,-33.58421844430268,197.1999969482422],[151.1952710710466,-33.58421886339784,197.1999969482422],[151.19527090340853,-33.58421886339784,197.1999969482422],[151.19527090340853,-33.58421886339784,197.1999969482422],[151.19527090340853,-33.58421869575977,197.1999969482422],[151.19527065195143,-33.58421861194074,197.1999969482422],[151.1952705681324,-33.58421861194074,197.1999969482422],[151.19526981376112,-33.584218779578805,197.1999969482422],[151.19526964612305,-33.584218779578805,197.1999969482422],[151.19526914320886,-33.584218779578805,197.1999969482422],[151.19526864029467,-33.584218276664615,197.1999969482422],[151.19526864029467,-33.584217773750424,197.1999969482422],[151.19526855647564,-33.584216851741076,197.1999969482422],[151.1952719092369,-33.58420419506729,197.1999969482422],[151.19528599083424,-33.584134289994836,197.1999969482422],[151.19530585594475,-33.584039490669966,197.1999969482422],[151.1953120585531,-33.58401576988399,197.1999969482422],[151.19531566277146,-33.58399146236479,197.1999969482422],[151.19532320648432,-33.58397075906396,197.1999969482422],[151.19535296224058,-33.58393421396613,197.1999969482422],[151.19536645710468,-33.583901692181826,197.1999969482422],[151.1953786946833,-33.58384863473475,197.1999969482422],[151.19539914652705,-33.58381351456046,197.1999969482422],[151.1954560596496,-33.58368594199419,197.1999969482422],[151.19547475129366,-33.583653001114726,197.1999969482422],[151.1954938620329,-33.583638248965144,197.1999969482422],[151.19552093558013,-33.5836249217391,197.1999969482422],[151.19553577154875,-33.583597177639604,197.1999969482422],[151.19556913152337,-33.58353112824261,197.1999969482422],[151.19557600468397,-33.58352215960622,203.39999389648438],[151.19565370492637,-33.58346750959754,203.8000030517578],[151.1957603227347,-33.583445716649294,204.1999969482422],[151.19585453532636,-33.58342400752008,204.1999969482422],[151.19586937129498,-33.58341830782592,204.1999969482422],[151.1960023920983,-33.58335577882826,204.1999969482422],[151.19611135683954,-33.583291321992874,204.1999969482422],[151.19621110148728,-33.58325108885765,203.60000610351562],[151.19630782864988,-33.58320934697986,203.1999969482422],[151.19640413671732,-33.58315662480891,203.1999969482422],[151.19643372483552,-33.58314606361091,203.1999969482422],[151.19646641425788,-33.58313717879355,203.1999969482422],[151.1965266801417,-33.58308873139322,203.1999969482422],[151.196561884135,-33.58305076137185,203.1999969482422],[151.19660052470863,-33.583035338670015,203.1999969482422],[151.196659617126,-33.583018239587545,203.1999969482422],[151.1966921389103,-33.58300373889506,203.1999969482422],[151.1967037897557,-33.582985550165176,203.1999969482422],[151.19676103815436,-33.582937605679035,203.1999969482422],[151.19679741561413,-33.58293282799423,203.1999969482422],[151.1968042049557,-33.582924865186214,203.1999969482422],[151.19683127850294,-33.58288890682161,203.1999969482422],[151.19693890213966,-33.58280877582729,203.1999969482422],[151.1970100644976,-33.582752952352166,203.1999969482422],[151.19702389463782,-33.58273417688906,203.1999969482422],[151.1970383953303,-33.582709869369864,200.1999969482422],[151.19703982025385,-33.58268665149808,200.1999969482422],[151.19703403674066,-33.582644909620285,200.1999969482422],[151.1970066279173,-33.58256109058857,199.8000030517578],[151.19695574976504,-33.58251532539725,199],[151.19694468565285,-33.5824747569859,198.60000610351562],[151.19693538174033,-33.582427399232984,198.1999969482422],[151.19691459462047,-33.58240904286504,198],[151.1969006806612,-33.58239403925836,197.8000030517578],[151.19688441976905,-33.582377107813954,197.39999389648438],[151.19687285274267,-33.582355650141835,197.1999969482422],[151.19686597958207,-33.58234659768641,197],[151.19685826823115,-33.58233922161162,196.8000030517578],[151.19684368371964,-33.58231483027339,196.39999389648438],[151.1968250758946,-33.58226554468274,196.1999969482422],[151.19681736454368,-33.582254983484745,196],[151.19680772535503,-33.58224450610578,196],[151.19676330126822,-33.5821777023375,195.39999389648438],[151.19675617665052,-33.58212866820395,195.1999969482422],[151.19675156660378,-33.582113245502114,195],[151.19674620218575,-33.582104025408626,194.8000030517578],[151.19676095433533,-33.58206655830145,193.60000610351562],[151.19676028378308,-33.58204250223935,193],[151.1967603676021,-33.582021966576576,192.60000610351562],[151.19674787856638,-33.58198693022132,192],[151.19673346169293,-33.58196589164436,191.60000610351562],[151.19673036038876,-33.581954492256045,191.60000610351562],[151.19668576866388,-33.58188048005104,190.60000610351562],[151.19668048806489,-33.581868996843696,190.39999389648438],[151.19666456244886,-33.58184686861932,190.1999969482422],[151.1966567672789,-33.581836223602295,190.1999969482422],[151.19664628989995,-33.58181895688176,189.8000030517578],[151.19665081612766,-33.581782579422,189.39999389648438],[151.19665266014636,-33.58177260495722,189.1999969482422],[151.19664344005287,-33.581731198355556,188],[151.19663220830262,-33.58172130770981,187.39999389648438],[151.1966244969517,-33.58171326108277,187],[151.19656657800078,-33.581695491448045,186.1999969482422],[151.19654512032866,-33.58169264160097,186],[151.19653263129294,-33.581687193363905,185.8000030517578],[151.19651092216372,-33.58164981007576,185.1999969482422],[151.19651528075337,-33.58163799159229,184.8000030517578],[151.19650731794536,-33.581611923873425,184.1999969482422],[151.19650036096573,-33.58160714618862,183.8000030517578],[151.19648619554937,-33.58158426359296,182.8000030517578],[151.19648686610162,-33.58157655224204,182.39999389648438],[151.19647907093167,-33.58154428191483,181.60000610351562],[151.19646842591465,-33.5815354809165,181.39999389648438],[151.19644780643284,-33.5815198905766,181.1999969482422],[151.19644168764353,-33.5815095808357,181.1999969482422],[151.19643121026456,-33.58148720115423,181.1999969482422],[151.19642190635204,-33.58147781342268,181.1999969482422],[151.19640271179378,-33.58146180398762,181.1999969482422],[151.19638879783452,-33.58144260942936,181],[151.19636951945722,-33.58140908181667,181],[151.19635594077408,-33.58137471601367,181.1999969482422],[151.19635032489896,-33.58134252950549,181.1999969482422],[151.19635979644954,-33.58132283203304,181],[151.1963623110205,-33.581319311633706,180.8000030517578],[151.19635091163218,-33.58127932995558,180.60000610351562],[151.19638653472066,-33.581174723804,180.8000030517578],[151.19637094438076,-33.581089563667774,180.60000610351562],[151.19637337513268,-33.58106156811118,180.39999389648438],[151.19638209231198,-33.581055952236056,180.39999389648438],[151.1963945813477,-33.58104740269482,180],[151.19641453027725,-33.58101764693856,179.39999389648438],[151.1964019574225,-33.580999709665775,179.1999969482422],[151.19639785028994,-33.58099116012454,179],[151.19638460688293,-33.58097313903272,179],[151.19635711424053,-33.5809379350394,178.8000030517578],[151.19636138901114,-33.58093164861202,178.8000030517578],[151.19636666961014,-33.58091597445309,178.1999969482422],[151.19636717252433,-33.58090549707413,178],[151.19636977091432,-33.58087590895593,177.60000610351562],[151.19636692106724,-33.58085235580802,177.1999969482422],[151.19638301432133,-33.58081731945276,176],[151.19644311256707,-33.58081220649183,175.1999969482422],[151.19647102430463,-33.58080248348415,175],[151.1964849382639,-33.58079519122839,175],[151.1964947450906,-33.580786222591996,174.60000610351562],[151.19650203734636,-33.58076116070151,174.1999969482422],[151.19649885222316,-33.58075311407447,173.8000030517578],[151.19649373926222,-33.58074523508549,173.8000030517578],[151.19652525521815,-33.58071941882372,172.8000030517578],[151.1965462937951,-33.58068773522973,171.8000030517578],[151.19657621718943,-33.58067289926112,171],[151.1965853534639,-33.58066728338599,170.8000030517578],[151.19660220108926,-33.580642975866795,169.60000610351562],[151.19661728851497,-33.58063677325845,169.39999389648438],[151.19663908146322,-33.58062621206045,168.39999389648438],[151.19667797349393,-33.58060643076897,167.39999389648438],[151.19668166153133,-33.58060156926513,167.39999389648438],[151.19673086330295,-33.58059201389551,166.1999969482422],[151.19674645364285,-33.580588744953275,165.1999969482422],[151.19674460962415,-33.580582374706864,165],[151.19675919413567,-33.58057525008917,164.1999969482422],[151.19676019996405,-33.58056561090052,163.8000030517578],[151.19677444919944,-33.580555552616715,163],[151.19679632596672,-33.5805547144264,162.1999969482422],[151.19679984636605,-33.58055689372122,161.8000030517578],[151.1968171969056,-33.58054733835161,160.8000030517578],[151.19682314805686,-33.58054800890386,160],[151.19683580473065,-33.580539962276816,159.39999389648438],[151.19685642421246,-33.580513475462794,158.60000610351562],[151.19686069898307,-33.580509535968304,158.39999389648438],[151.19686732068658,-33.58047458343208,157.39999389648438],[151.19686799123883,-33.58046427369118,157],[151.1968795582652,-33.58044306747615,156.1999969482422],[151.19688123464584,-33.58039830811322,155],[151.19688198901713,-33.58039344660938,154.8000030517578],[151.19688609614968,-33.58036167919636,154],[151.19687913917005,-33.58034281991422,153.1999969482422],[151.19688550941646,-33.58032211661339,152.8000030517578],[151.19689640589058,-33.580306358635426,152.39999389648438],[151.19691610336304,-33.58025833033025,151.60000610351562],[151.1969220545143,-33.58024450019002,151.1999969482422],[151.1969260778278,-33.58021507970989,150.39999389648438],[151.1969295144081,-33.58019580133259,149.60000610351562],[151.19693035259843,-33.58019018545747,149.39999389648438],[151.19693010114133,-33.58018012717366,148.1999969482422],[151.19693102315068,-33.58016872778535,147.8000030517578],[151.19693244807422,-33.58016143552959,147.1999969482422],[151.19695072062314,-33.580126566812396,146.1999969482422],[151.1969591025263,-33.58011701144278,145.60000610351562],[151.1969622876495,-33.580106031149626,145],[151.1969513911754,-33.5800761077553,143.8000030517578],[151.1969474516809,-33.58006973750889,143.60000610351562],[151.19692213833332,-33.580038137733936,142.60000610351562],[151.19691425934434,-33.580025816336274,142.39999389648438],[151.196902776137,-33.57999974861741,141.60000610351562],[151.19688500650227,-33.57996110804379,140.8000030517578],[151.19688341394067,-33.57995322905481,140.39999389648438],[151.19686891324818,-33.579926155507565,139.1999969482422],[151.19684770703316,-33.57990201562643,138.1999969482422],[151.19682130403817,-33.57988340780139,137.1999969482422],[151.19678425602615,-33.57987158931792,136.60000610351562],[151.1967690847814,-33.57985943555832,136.1999969482422],[151.19675542227924,-33.579833870753646,135],[151.1967553384602,-33.579830434173346,134.60000610351562],[151.19673354551196,-33.579803025349975,134],[151.19670739397407,-33.57979238033295,133.1999969482422],[151.19669708423316,-33.57978232204914,132.8000030517578],[151.19669289328158,-33.57974410057068,132],[151.196693982929,-33.579736556857824,131.8000030517578],[151.19669959880412,-33.57969464734197,130.8000030517578],[151.19670529849827,-33.57968551106751,130.60000610351562],[151.19671971537173,-33.57966925017536,130],[151.19673639535904,-33.579653492197394,129.8000030517578],[151.19674595072865,-33.57964544557035,129.60000610351562],[151.19678844697773,-33.579610576853156,128.60000610351562],[151.19680479168892,-33.57958777807653,128],[151.1968311946839,-33.57957310974598,127.19999694824219],[151.1968544125557,-33.579559195786715,126.4000015258789],[151.19686773978174,-33.57954712584615,126.19999694824219],[151.19688919745386,-33.57949540950358,125],[151.19692297652364,-33.579468838870525,124],[151.19693278335035,-33.57946431264281,123.80000305175781],[151.19695172645152,-33.57941938564181,122.80000305175781],[151.19696320965886,-33.57937630265951,122.19999694824219],[151.1969669815153,-33.579361299052835,121.80000305175781],[151.19696631096303,-33.57935610227287,121.80000305175781],[151.19697435759008,-33.579312013462186,120.5999984741211],[151.19696890935302,-33.579291477799416,120.4000015258789],[151.1969519779086,-33.57924537733197,119.5999984741211],[151.19692758657038,-33.5792232491076,118.5999984741211],[151.19690378196537,-33.57919089496136,118.4000015258789],[151.1968880239874,-33.579176645725965,117.4000015258789],[151.1968821566552,-33.57917136512697,117],[151.19686061516404,-33.579139932990074,116],[151.19683471508324,-33.57911855913699,115.19999694824219],[151.19682038202882,-33.57909961603582,115],[151.19680638425052,-33.57905510812998,113.5999984741211],[151.19677796959877,-33.57903272844851,112.5999984741211],[151.19676070287824,-33.57902736403048,112.19999694824219],[151.1967447772622,-33.57900582253933,111.5999984741211],[151.19673631154,-33.57899350114167,111],[151.1967239063233,-33.578982604667544,110.5999984741211],[151.19671292603016,-33.57894957996905,109.5999984741211],[151.19670504704118,-33.578943125903606,109.4000015258789],[151.1966852657497,-33.578928373754025,109],[151.19666012004018,-33.57891630381346,108.4000015258789],[151.19665509089828,-33.57890951447189,108.19999694824219],[151.19663950055838,-33.57885637320578,107.19999694824219],[151.19664654135704,-33.578803818672895,106],[151.19665509089828,-33.57878060080111,105.5999984741211],[151.19665123522282,-33.578766686841846,105],[151.19663212448359,-33.57875964604318,104.5999984741211],[151.1966155283153,-33.57873550616205,103.80000305175781],[151.19660303927958,-33.57872921973467,103.5999984741211],[151.19657940231264,-33.578712455928326,103.19999694824219],[151.1965687572956,-33.57870013453066,102.5999984741211],[151.19655216112733,-33.57869376428425,102],[151.19654243811965,-33.57868378981948,101.5999984741211],[151.19653950445354,-33.57868127524853,101.19999694824219],[151.19652785360813,-33.57867415063083,100.4000015258789],[151.19652600958943,-33.5786724742502,100.19999694824219],[151.1965126823634,-33.57866618782282,99.4000015258789],[151.19650119915605,-33.578638192266226,98.4000015258789],[151.19650270789862,-33.578634252771735,98.19999694824219],[151.19649256579578,-33.57861924916506,97.4000015258789],[151.19648460298777,-33.578595109283924,97],[151.19648024439812,-33.57857909984887,96.4000015258789],[151.1964892130345,-33.578554540872574,95.19999694824219],[151.19649642147124,-33.578547751531005,94.80000305175781],[151.1964944936335,-33.57852855697274,94.19999694824219],[151.19651486165822,-33.57848740182817,93],[151.1965346429497,-33.578474493697286,92.5999984741211],[151.19655434042215,-33.578472984954715,92.4000015258789],[151.19656045921147,-33.578463764861226,91.80000305175781],[151.19656356051564,-33.578454460948706,91.4000015258789],[151.19657026603818,-33.57843317091465,90.5999984741211],[151.1965713556856,-33.57840768992901,90.19999694824219],[151.19656993076205,-33.57837349176407,89.5999984741211],[151.19655568152666,-33.57834138907492,88.5999984741211],[151.19655107147992,-33.578334264457226,88.19999694824219],[151.1965385824442,-33.57831917703152,87.4000015258789],[151.19653221219778,-33.578299563378096,86],[151.19653397239745,-33.5782890021801,85.5999984741211],[151.19654436595738,-33.578274082392454,85],[151.19655107147992,-33.57826544903219,84.5999984741211],[151.19655056856573,-33.57825773768127,84.4000015258789],[151.1965135205537,-33.57822446152568,84.19999694824219],[151.19650103151798,-33.57817576266825,85.5999984741211],[151.1964989360422,-33.57816947624087,85.80000305175781],[151.19649969041348,-33.578169057145715,85.80000305175781],[151.19649751111865,-33.57816738076508,85.80000305175781],[151.1964970920235,-33.57816721312702,85.80000305175781],[151.1964970920235,-33.57816721312702,85.5999984741211],[151.19649088941514,-33.57816721312702,85.4000015258789],[151.19648250751197,-33.578174505382776,85.4000015258789],[151.19647555053234,-33.57816184870899,85.19999694824219],[151.1964752152562,-33.57815866358578,85.19999694824219],[151.1964695993811,-33.57815707102418,85.19999694824219],[151.196482591331,-33.578159334138036,85.19999694824219],[151.19648359715939,-33.57815807685256,85.19999694824219],[151.19648301042616,-33.578155394643545,85.19999694824219],[151.19647898711264,-33.578159250319004,85.19999694824219],[151.19647907093167,-33.578159250319004,85.19999694824219],[151.19647898711264,-33.57815941795707,85.19999694824219],[151.19647881947458,-33.57815941795707,85.19999694824219],[151.19647865183651,-33.57816008850932,85.19999694824219],[151.19647865183651,-33.57816000469029,85.19999694824219],[151.19647898711264,-33.57815958559513,85.19999694824219],[151.1964791547507,-33.578159250319004,85.19999694824219],[151.1964791547507,-33.57815916649997,85.19999694824219],[151.19650597684085,-33.578131003305316,85.19999694824219],[151.1965467967093,-33.57810007408261,85.19999694824219],[151.19655358605087,-33.578103091567755,85.19999694824219],[151.19656682945788,-33.578072749078274,85.19999694824219],[151.1965978424996,-33.57803746126592,85.19999694824219],[151.1965978424996,-33.57802991755307,85.19999694824219],[151.1965980939567,-33.5779866669327,85.19999694824219],[151.19662994518876,-33.577959006652236,85.19999694824219],[151.19663396850228,-33.577959006652236,85.19999694824219],[151.19665316306055,-33.57795867137611,85.19999694824219],[151.19666665792465,-33.577964790165424,85.19999694824219],[151.19669725187123,-33.57796219177544,85.19999694824219],[151.19671854190528,-33.57794031500816,85.19999694824219],[151.19672767817974,-33.577933106571436,85.19999694824219],[151.19674284942448,-33.577907122671604,85.19999694824219],[151.19674067012966,-33.577889604493976,85.19999694824219],[151.19673010893166,-33.57786579988897,85.19999694824219],[151.1967347189784,-33.577848533168435,85.19999694824219],[151.19674175977707,-33.57784543186426,85.19999694824219],[151.19678417220712,-33.5778624471277,85.19999694824219],[151.19680521078408,-33.577867643907666,98.19999694824219],[151.19681149721146,-33.577875355258584,98.19999694824219],[151.19688282720745,-33.57790309935808,98.5999984741211],[151.19690470397472,-33.57790871523321,99],[151.19693060405552,-33.57789614237845,99.4000015258789],[151.19693487882614,-33.577885245904326,99.5999984741211],[151.19694887660444,-33.577867560088634,100.19999694824219],[151.196963544935,-33.57785507105291,100.80000305175781],[151.19695658795536,-33.57784694060683,101.80000305175781],[151.19695206172764,-33.57784392312169,102],[151.19694309309125,-33.577828919515014,102.80000305175781],[151.19691912084818,-33.57781358063221,103.80000305175781],[151.19691166095436,-33.57779262587428,104.19999694824219],[151.196931861341,-33.5777881834656,104.80000305175781],[151.19694342836738,-33.57779497280717,105.5999984741211],[151.19695055298507,-33.57779413461685,106.19999694824219],[151.19699086993933,-33.57778374105692,107],[151.196997910738,-33.57777955010533,107.19999694824219],[151.19703479111195,-33.577738562598825,108.19999694824219],[151.19706102646887,-33.577725822106004,109.19999694824219],[151.1970724258572,-33.57771450653672,109.80000305175781],[151.19708659127355,-33.57768206857145,110.4000015258789],[151.19710746221244,-33.57765977270901,111.19999694824219],[151.19711617939174,-33.57765424065292,111.5999984741211],[151.19714928790927,-33.57762104831636,112.80000305175781],[151.1971766129136,-33.57759959064424,114],[151.19720796123147,-33.57758450321853,114.80000305175781],[151.197217265144,-33.577576372772455,115],[151.1972265690565,-33.57756874524057,115],[151.1972793750465,-33.57756178826094,115.5999984741211],[151.19730200618505,-33.577550891786814,115.80000305175781],[151.19729957543314,-33.57754862867296,116.19999694824219],[151.19732053019106,-33.57755558565259,116.5999984741211],[151.19738859124482,-33.577580731362104,117],[151.19740711525083,-33.577580731362104,117.19999694824219],[151.19744651019573,-33.577567236498,117.4000015258789],[151.19745925068855,-33.57756153680384,117.5999984741211],[151.19750912301242,-33.57756095007062,118],[151.1975037585944,-33.57755768112838,118.19999694824219],[151.19750761426985,-33.57751828618348,119.4000015258789],[151.19750677607954,-33.57751493342221,119.5999984741211],[151.19749814271927,-33.57750345021486,120.4000015258789],[151.19747936725616,-33.57749389484525,121],[151.1974768526852,-33.57747788541019,121.5999984741211],[151.19747475720942,-33.57744947075844,122.5999984741211],[151.197476265952,-33.57743865810335,122.5999984741211],[151.19748598895967,-33.577403873205185,123.80000305175781],[151.19748984463513,-33.577398005872965,124.19999694824219],[151.19751314632595,-33.57738601975143,125],[151.19753594510257,-33.577375961467624,125.5999984741211],[151.19754122570157,-33.57737445272505,126],[151.19759352877736,-33.577357437461615,127.19999694824219],[151.19760266505182,-33.577351653948426,127.4000015258789],[151.1976625956595,-33.57732550241053,128.1999969482422],[151.19766770862043,-33.577318880707026,128.39999389648438],[151.19767567142844,-33.57728845439851,129],[151.1976774316281,-33.577279234305024,129.1999969482422],[151.19766695424914,-33.57723992317915,130.39999389648438],[151.19766435585916,-33.57723506167531,130.39999389648438],[151.19764323346317,-33.57718870975077,131.60000610351562],[151.19758749380708,-33.577160043641925,132.39999389648438],[151.19756964035332,-33.577145459130406,132.60000610351562],[151.19755203835666,-33.57714319601655,132.8000030517578],[151.19752504862845,-33.57709986157715,133.60000610351562],[151.19752538390458,-33.577095586806536,133.8000030517578],[151.19752630591393,-33.57707982882857,134.1999969482422],[151.19752840138972,-33.57707974500954,134.1999969482422],[151.197526473552,-33.577077984809875,134.39999389648438],[151.197526473552,-33.577077984809875,134.39999389648438],[151.197526473552,-33.577077984809875,134.1999969482422],[151.19752538390458,-33.577077984809875,134],[151.19752379134297,-33.57708267867565,134.39999389648438],[151.19752379134297,-33.57708276249468,134.39999389648438],[151.19752379134297,-33.57708276249468,134.39999389648438],[151.19752379134297,-33.57708276249468,134.39999389648438],[151.19752379134297,-33.57708276249468,134.39999389648438],[151.19752379134297,-33.577080415561795,134.39999389648438],[151.19752245023847,-33.577075051143765,134.60000610351562],[151.19752052240074,-33.57707345858216,134.60000610351562],[151.19752027094364,-33.577073039487004,134.1999969482422],[151.1975222826004,-33.5770714469254,134.1999969482422],[151.1975230369717,-33.57707027345896,134.1999969482422],[151.197523875162,-33.5770664177835,134.1999969482422],[151.19752840138972,-33.577064741402864,134],[151.19752840138972,-33.5770645737648,134],[151.19752840138972,-33.57706448994577,134],[151.19752848520875,-33.57706440612674,134],[151.19752848520875,-33.577064322307706,134.1999969482422],[151.1975283175707,-33.577064238488674,134.1999969482422],[151.19751926511526,-33.577054012566805,134.1999969482422],[151.19751918129623,-33.57705325819552,134.1999969482422],[151.19751993566751,-33.57705183327198,134.1999969482422],[151.1975436564535,-33.57699575833976,134.1999969482422],[151.1975600849837,-33.57696868479252,134.1999969482422],[151.19758246466517,-33.576942114159465,134.1999969482422],[151.19757684879005,-33.57691956683993,134.1999969482422],[151.19758103974164,-33.57689735479653,134.1999969482422],[151.1975695565343,-33.57688226737082,134.1999969482422],[151.1975621804595,-33.57687531039119,134.1999969482422],[151.19754030369222,-33.57689148746431,134.1999969482422],[151.19752060621977,-33.57690565288067,134.1999969482422],[151.19750836864114,-33.57691001147032,140.8000030517578],[151.1974794510752,-33.5769213270396,140.8000030517578],[151.19745614938438,-33.576923590153456,141.1999969482422],[151.19743351824582,-33.576933313161135,141.60000610351562],[151.19740745052695,-33.576935743913054,142],[151.19739261455834,-33.576934235170484,142.60000610351562],[151.1973843164742,-33.576909424737096,143],[151.19738473556936,-33.57690380886197,143.1999969482422],[151.19736587628722,-33.5768851172179,144.1999969482422],[151.19733327068388,-33.576871706172824,145.39999389648438],[151.19729982689023,-33.57684404589236,146.1999969482422],[151.1972907744348,-33.57683474197984,146.39999389648438],[151.19725682772696,-33.57680020853877,147.60000610351562],[151.19724987074733,-33.576795514672995,147.60000610351562],[151.1972212884575,-33.57674899511039,148.60000610351562],[151.19721919298172,-33.576711947098374,149.60000610351562],[151.19721692986786,-33.57670918107033,149.8000030517578],[151.19720377027988,-33.57668730430305,151],[151.1972085479647,-33.57667749747634,151.1999969482422],[151.19720603339374,-33.576640700921416,152],[151.19720930233598,-33.57663583941758,152.1999969482422],[151.19721399620175,-33.57659602537751,153.1999969482422],[151.19721600785851,-33.57657507061958,153.39999389648438],[151.19722983799875,-33.576501896604896,153.8000030517578],[151.19726814329624,-33.57644288800657,153.60000610351562],[151.1972796265036,-33.5764065105468,153.60000610351562],[151.19727736338973,-33.576396871358156,153.60000610351562],[151.19726629927754,-33.576345071196556,153.8000030517578],[151.1972799617797,-33.57631975784898,153.8000030517578],[151.1972646228969,-33.5762770101428,153.39999389648438],[151.19721240364015,-33.576226215809584,154.1999969482422],[151.19716454297304,-33.576212637126446,154.8000030517578],[151.19713813997805,-33.57617123052478,154.8000030517578],[151.1970962304622,-33.57613024301827,154],[151.19704744778574,-33.57609562575817,154],[151.19700595736504,-33.57606964185834,153.60000610351562],[151.1969725973904,-33.5760563146323,153.60000610351562],[151.19696505367756,-33.57605120167136,153.60000610351562],[151.19693596847355,-33.57603502459824,154],[151.19691140949726,-33.57602865435183,154.8000030517578],[151.19690311141312,-33.57602362520993,155.1999969482422],[151.1968995910138,-33.57602823525667,155.8000030517578],[151.19689992628992,-33.57603150419891,156.1999969482422],[151.19689992628992,-33.576032342389226,156.1999969482422],[151.19687436148524,-33.57602731324732,156.8000030517578],[151.19686455465853,-33.57601876370609,157.39999389648438],[151.19685751385987,-33.57601096853614,157.60000610351562],[151.1968504730612,-33.576003424823284,157.60000610351562],[151.19684292934835,-33.57599479146302,157.60000610351562],[151.19684108532965,-33.57599487528205,157.60000610351562],[151.19682784192264,-33.575987834483385,157.60000610351562],[151.19680747389793,-33.575989343225956,158.39999389648438],[151.19679800234735,-33.57598800212145,158.60000610351562],[151.19676673784852,-33.57597031630576,159.8000030517578],[151.1967606190592,-33.57596377842128,160],[151.1967241577804,-33.5759474337101,160.8000030517578],[151.19671376422048,-33.575955647975206,161.1999969482422],[151.19668744504452,-33.57594693079591,162],[151.1966794822365,-33.57593930326402,162.1999969482422],[151.19667252525687,-33.57593326829374,162.1999969482422],[151.1966533306986,-33.57586168684065,161.8000030517578],[151.19661242701113,-33.575782561674714,161.60000610351562],[151.19656012393534,-33.575678542256355,162],[151.19652416557074,-33.57561903074384,162.39999389648438],[151.1965203937143,-33.57561366632581,162.39999389648438],[151.19647538289428,-33.57556111179292,161.8000030517578],[151.19646557606757,-33.5755449347198,161.8000030517578],[151.1964532546699,-33.57552817091346,161.60000610351562],[151.19644906371832,-33.57550830580294,161],[151.1964426934719,-33.57546874321997,160.1999969482422],[151.19644914753735,-33.57546027749777,160],[151.19644654914737,-33.57545709237456,159.60000610351562],[151.1964537575841,-33.57541526667774,158.8000030517578],[151.1964183859527,-33.57536304742098,158.1999969482422],[151.19639541953802,-33.57533278875053,158.8000030517578],[151.19639013893902,-33.575306218117476,158.1999969482422],[151.19638829492033,-33.575277803465724,157.60000610351562],[151.1963868699968,-33.57524452731013,157.39999389648438],[151.19635183364153,-33.575193816795945,157.39999389648438],[151.19633154943585,-33.57519146986306,157.8000030517578],[151.1963210720569,-33.57517638243735,158],[151.1963393446058,-33.575117038562894,157.8000030517578],[151.1963562760502,-33.57507135719061,158.1999969482422],[151.1963382549584,-33.57505375519395,158.60000610351562],[151.19633875787258,-33.57504210434854,159],[151.19631143286824,-33.575006229802966,159.39999389648438],[151.19629424996674,-33.57498787343502,159.39999389648438],[151.19626390747726,-33.574929451569915,159.60000610351562],[151.19624429382384,-33.5748612228781,159.60000610351562],[151.196257956326,-33.574809255078435,159.60000610351562],[151.19625678285956,-33.57476986013353,159.39999389648438],[151.1962706129998,-33.57472074218094,159],[151.19626197963953,-33.57469115406275,158.8000030517578],[151.1962719541043,-33.574662655591965,158.8000030517578],[151.19628310203552,-33.57463415712118,158.60000610351562],[151.19629265740514,-33.57457355596125,158.1999969482422],[151.1962917353958,-33.574551260098815,158.1999969482422],[151.19630212895572,-33.574482863768935,158.60000610351562],[151.19630380533636,-33.574444809928536,159.1999969482422],[151.1963084153831,-33.574441792443395,159.1999969482422],[151.1963166296482,-33.57440206222236,159],[151.19632861576974,-33.574378760531545,158.8000030517578],[151.19635954499245,-33.5743432212621,158.1999969482422],[151.19636884890497,-33.57433416880667,158],[151.19640086777508,-33.5743136331439,157.39999389648438],[151.19643062353134,-33.57430483214557,156.60000610351562],[151.19644118472934,-33.57430131174624,156.39999389648438],[151.19646348059177,-33.574278596788645,155.8000030517578],[151.1964725330472,-33.57427113689482,155.8000030517578],[151.19650245644152,-33.574242889881134,155.60000610351562],[151.19653665460646,-33.5742256231606,155.39999389648438],[151.19653715752065,-33.574213637039065,155.1999969482422],[151.19656071066856,-33.57421732507646,155],[151.1965621355921,-33.574225287884474,155],[151.1965621355921,-33.574225287884474,155],[151.1965612974018,-33.574223360046744,155],[151.19656045921147,-33.57422361150384,155],[151.19655811227858,-33.57421766035259,155.1999969482422],[151.19655953720212,-33.57421237975359,155.39999389648438],[151.1965954117477,-33.574149180203676,155.39999389648438],[151.19669071398675,-33.57402814552188,155],[151.19669884443283,-33.57401825487614,155],[151.19672290049493,-33.573994198814034,154.8000030517578],[151.1967349704355,-33.57396410778165,154.8000030517578],[151.1967489682138,-33.57395648024976,155],[151.1968306079507,-33.573916498571634,155.1999969482422],[151.19687880389392,-33.57389780692756,155.1999969482422],[151.1969495471567,-33.573877941817045,155.1999969482422],[151.19698927737772,-33.57383963651955,155.1999969482422],[151.1969960667193,-33.5738233756274,155.1999969482422],[151.19700277224183,-33.57381499372423,155.1999969482422],[151.19704669341445,-33.573775766417384,155.1999969482422],[151.19714920409024,-33.573739221319556,155.1999969482422],[151.1971612740308,-33.573736706748605,155.1999969482422],[151.1972585041076,-33.57371441088617,155.1999969482422],[151.19731181301177,-33.573696641251445,155.1999969482422],[151.19733871892095,-33.57367887161672,155.1999969482422],[151.19734869338572,-33.573674596846104,155.1999969482422],[151.19736143387854,-33.57367191463709,155.1999969482422],[151.19738624431193,-33.573671663179994,155.1999969482422],[151.19741717353463,-33.57367250137031,155.1999969482422],[151.1975196003914,-33.573661437258124,155.1999969482422],[151.19751448743045,-33.5736455116421,155.1999969482422],[151.19749738834798,-33.573618018999696,155.1999969482422],[151.19745774194598,-33.57356697320938,155.1999969482422],[151.1974125634879,-33.57351710088551,155.1999969482422],[151.19739890098572,-33.57349421828985,155.1999969482422],[151.19734634645283,-33.57341090217233,155.1999969482422],[151.1972540616989,-33.57332498766482,155.1999969482422],[151.19719974696636,-33.573301350697875,155.1999969482422],[151.1970980744809,-33.57329556718469,155.1999969482422],[151.19708416052163,-33.57329263351858,155.1999969482422],[151.19698651134968,-33.573253406211734,155.1999969482422],[151.1969722621143,-33.57324779033661,159],[151.19695834815502,-33.5732414200902,159],[151.1968864314258,-33.57321258634329,159.1999969482422],[151.1967757064849,-33.573212418705225,159.39999389648438],[151.19674033485353,-33.57321007177234,159.60000610351562],[151.19666799902916,-33.573190374299884,159.60000610351562],[151.19664821773767,-33.57317319139838,159.60000610351562],[151.19661502540112,-33.57316229492426,159.60000610351562],[151.19658761657774,-33.57315408065915,159.60000610351562],[151.19645107537508,-33.573124408721924,159.60000610351562],[151.1964358203113,-33.57312264852226,159.60000610351562],[151.19636851362884,-33.573135221377015,159.8000030517578],[151.19629802182317,-33.57313555665314,160],[151.19624018669128,-33.57312826439738,160.1999969482422],[151.19614052586257,-33.57309054583311,160.1999969482422],[151.19609006680548,-33.57307185418904,160.1999969482422],[151.1960335727781,-33.573059532791376,160.1999969482422],[151.19592402130365,-33.57301192358136,159.8000030517578],[151.19583274237812,-33.572964146733284,159.39999389648438],[151.19575059972703,-33.57293514534831,159.1999969482422],[151.19569569826126,-33.57291905209422,159.1999969482422],[151.19565228000283,-33.57290874235332,159],[151.19561766274273,-33.57290564104915,159],[151.19558949954808,-33.57290086336434,159.1999969482422],[151.19551917538047,-33.57286280952394,159.1999969482422],[151.19549252092838,-33.57285887002945,159.1999969482422],[151.19544667191803,-33.57284286059439,159.1999969482422],[151.19536209851503,-33.57281964272261,159],[151.19529135525227,-33.57280841097236,158.60000610351562],[151.19526654481888,-33.57281729578972,158.39999389648438],[151.1952240485698,-33.572842106223106,158.60000610351562],[151.19521097280085,-33.57284512370825,158.60000610351562],[151.19519479572773,-33.57284713536501,158.8000030517578],[151.19518012739718,-33.57284680008888,158.8000030517578],[151.19513084180653,-33.57280547730625,159.39999389648438],[151.1950744315982,-33.57276516035199,159.39999389648438],[151.19505850598216,-33.57276029884815,159.39999389648438],[151.19504400528967,-33.57275568880141,159.39999389648438],[151.1949499603361,-33.57271679677069,159.60000610351562],[151.1948923766613,-33.57268888503313,159.8000030517578],[151.19488307274878,-33.57268000021577,160],[151.19487418793142,-33.572671953588724,160.1999969482422],[151.1948226392269,-33.57259945012629,160.39999389648438],[151.19482054375112,-33.572590816766024,160.39999389648438],[151.19480880908668,-33.57254262082279,160.1999969482422],[151.19474896229804,-33.572484785690904,160.39999389648438],[151.19470847770572,-33.57246173545718,161.1999969482422],[151.1946777999401,-33.57242192141712,161.8000030517578],[151.1946603655815,-33.5724020563066,162.39999389648438],[151.1946310289204,-33.57239141128957,162.8000030517578],[151.19461376219988,-33.57237372547388,163.39999389648438],[151.19460714049637,-33.57235813513398,163.60000610351562],[151.19460412301123,-33.57232670299709,164.39999389648438],[151.19459942914546,-33.57232150621712,164.39999389648438],[151.19459289126098,-33.57231195084751,164.60000610351562],[151.19456858374178,-33.57230524532497,165.39999389648438],[151.1945636384189,-33.572303568944335,165.60000610351562],[151.1945511493832,-33.57226132415235,166.39999389648438],[151.1945501435548,-33.57225436717272,166.60000610351562],[151.19453840889037,-33.57220952399075,167.60000610351562],[151.1945361457765,-33.572206841781735,167.8000030517578],[151.19450949132442,-33.57219334691763,168.39999389648438],[151.1944972537458,-33.57217683456838,169],[151.19448811747134,-33.57213819399476,170.1999969482422],[151.19448727928102,-33.57213291339576,170.39999389648438],[151.19453396648169,-33.57208211906254,171.1999969482422],[151.1945416778326,-33.572074826806784,171.39999389648438],[151.19454092346132,-33.57204037718475,172],[151.194540085271,-33.57203685678542,172.39999389648438],[151.19453974999487,-33.57202612794936,173.39999389648438],[151.19454151019454,-33.57201833277941,173.60000610351562],[151.19452332146466,-33.57197089120746,174.39999389648438],[151.19451854377985,-33.571955719962716,174.60000610351562],[151.1945234052837,-33.57191825285554,175.39999389648438],[151.1945221479982,-33.571919929236174,176.39999389648438],[151.19452231563628,-33.571920515969396,176.60000610351562],[151.19451745413244,-33.571918504312634,177.60000610351562],[151.19451502338052,-33.57190618291497,178.1999969482422],[151.19451401755214,-33.571900902315974,178.8000030517578],[151.19450639002025,-33.57188170775771,179.8000030517578],[151.19450119324028,-33.57187961228192,180],[151.1944988463074,-33.571877935901284,181],[151.19448208250105,-33.571863351389766,182.1999969482422],[151.19448199868202,-33.571857903152704,182.60000610351562],[151.19447839446366,-33.57184750959277,183],[151.1944750417024,-33.5718356911093,183.39999389648438],[151.194450231269,-33.57178531587124,184],[151.19445433840156,-33.57177282683551,184.39999389648438],[151.1944364849478,-33.57175748795271,185],[151.1944256722927,-33.57172295451164,185.8000030517578],[151.19441963732243,-33.57168657705188,186.8000030517578],[151.1943936534226,-33.5716353636235,188],[151.19438669644296,-33.57163242995739,188.1999969482422],[151.1943426914513,-33.57162656262517,189],[151.19433464482427,-33.57163301669061,189.1999969482422],[151.1942961718887,-33.57162807136774,190.39999389648438],[151.19429449550807,-33.57162262313068,190.60000610351562],[151.19429684244096,-33.571601919829845,191.60000610351562],[151.1942934896797,-33.57156554237008,192.1999969482422],[151.19429910555482,-33.57154341414571,192.60000610351562],[151.19433187879622,-33.57151516713202,193.1999969482422],[151.19432852603495,-33.57150393538177,193.1999969482422],[151.1943223234266,-33.5715008340776,193.60000610351562],[151.19431821629405,-33.57149303890765,194.39999389648438],[151.19431846775115,-33.571487087756395,194.60000610351562],[151.1943225748837,-33.571452805772424,195.8000030517578],[151.19432064704597,-33.571432773023844,196],[151.19433405809104,-33.571364376693964,196.1999969482422],[151.19434093125165,-33.571341913193464,196.1999969482422],[151.19435995817184,-33.57132690958679,196.1999969482422],[151.19436481967568,-33.57130888849497,196],[151.1943503189832,-33.571255998685956,196.60000610351562],[151.19434487074614,-33.571232948452234,196.8000030517578],[151.19433254934847,-33.57119816355407,197.39999389648438],[151.19433674030006,-33.57119204476476,197.39999389648438],[151.19436507113278,-33.57114083133638,197.60000610351562],[151.19436783716083,-33.57113647274673,197.8000030517578],[151.19437403976917,-33.571135802194476,198],[151.19437898509204,-33.57113102450967,197.8000030517578],[151.19437848217785,-33.57113052159548,197.39999389648438],[151.19437705725431,-33.5711295157671,198],[151.19437688961625,-33.571129431948066,198],[151.19436875917017,-33.57113068923354,198],[151.19436657987535,-33.57113094069064,198],[151.19436657987535,-33.57113094069064,198],[151.19436657987535,-33.571130856871605,198],[151.19436657987535,-33.57113060541451,198],[151.19436691515148,-33.57113001868129,198],[151.19436708278954,-33.571129934862256,198],[151.19436708278954,-33.57112968340516,198],[151.19436917826533,-33.57112465426326,198],[151.19437160901725,-33.5711207985878,198],[151.19437772780657,-33.57111677527428,198],[151.1943780630827,-33.571116188541055,198],[151.1943780630827,-33.57111593708396,198],[151.1943780630827,-33.571114763617516,198],[151.19437864981592,-33.57111442834139,198],[151.19438376277685,-33.57111359015107,198],[151.19435367174447,-33.57115156017244,198],[151.19421972893178,-33.57123613357544,198],[151.19416155852377,-33.57125817798078,198],[151.19414211250842,-33.57125658541918,198],[151.19414093904197,-33.57125457376242,198],[151.19413607753813,-33.57125817798078,198],[151.1941373348236,-33.57125775888562,198],[151.19413842447102,-33.57125733979046,198],[151.19413842447102,-33.57125733979046,198],[151.19413842447102,-33.571253987029195,198],[151.194138340652,-33.571252562105656,198],[151.19413741864264,-33.5712521430105,198],[151.19413691572845,-33.571249544620514,198],[151.1941367480904,-33.57124828733504,198],[151.1941367480904,-33.57124803587794,198],[151.1941367480904,-33.57124744914472,198],[151.19413691572845,-33.57124627567828,198],[151.19413658045232,-33.571246108040214,198],[151.19418427348137,-33.57122045941651,198],[151.19424127042294,-33.57119397260249,198],[151.19427018798888,-33.57118567451835,198],[151.19430631399155,-33.57116832397878,198],[151.19435635395348,-33.57114284299314,198],[151.19436649605632,-33.57112247496843,198],[151.1943722795695,-33.57112381607294,198],[151.19437085464597,-33.5711295157671,198],[151.19437269866467,-33.571127504110336,198],[151.1943741235882,-33.5711258277297,198],[151.19438250549138,-33.571125911548734,198],[151.19438527151942,-33.57112557627261,198],[151.19438527151942,-33.57112557627261,198],[151.19437336921692,-33.57111241668463,198],[151.19440463371575,-33.5710845887661,198],[151.1944890394807,-33.57103773392737,198],[151.19459037669003,-33.57096682302654,198],[151.19469146244228,-33.5708771366626,198],[151.19479916989803,-33.57078510336578,198],[151.1949013452977,-33.57070488855243,198],[151.19498684071004,-33.570614447817206,198],[151.19506370276213,-33.570538088679314,198],[151.19510678574443,-33.57050028629601,198],[151.19513637386262,-33.5704627353698,198],[151.1952089611441,-33.57038394547999,198],[151.19526252150536,-33.57032870873809,198],[151.19529286399484,-33.57029995881021,198],[151.19530644267797,-33.57028177008033,198],[151.19532848708332,-33.57025754638016,198],[151.1953916028142,-33.570189820602536,198],[151.19548087008297,-33.57007649727166,198],[151.19549897499382,-33.57004841789603,204.1999969482422],[151.19555815123022,-33.56997943483293,204.39999389648438],[151.19564272463322,-33.569910200312734,204.39999389648438],[151.19570726528764,-33.56984750367701,204.60000610351562],[151.19572947733104,-33.5698324162513,204.60000610351562],[151.19573257863522,-33.56981540098786,204.60000610351562],[151.19572478346527,-33.56980794109404,204.60000610351562],[151.1956622544676,-33.56977382674813,204],[151.19564800523221,-33.5697618406266,204],[151.1956471670419,-33.56976083479822,204.1999969482422],[151.19564699940383,-33.569762259721756,204],[151.19564758613706,-33.56976100243628,204],[151.19564792141318,-33.569760248064995,204],[151.19564917869866,-33.569760248064995,204],[151.1956508550793,-33.56975764967501,204],[151.19565630331635,-33.56975672766566,204],[151.1956567224115,-33.56975723057985,204],[151.19565730914474,-33.569757314398885,204],[151.19572226889431,-33.56979385949671,204],[151.19584665633738,-33.569791596382856,204],[151.1959728039801,-33.56971129775047,204],[151.19611328467727,-33.56961742043495,204],[151.19620221666992,-33.5695387981832,204],[151.19629777036607,-33.56944961473346,204],[151.19633029215038,-33.56941977515817,204],[151.1963959224522,-33.56935883872211,204],[151.1964204814285,-33.56934308074415,204],[151.1964709404856,-33.5693041048944,204],[151.19657529518008,-33.569236882030964,204],[151.1965869460255,-33.56922531500459,204],[151.19664771482348,-33.569169491529465,204],[151.19668945670128,-33.56909363530576,204],[151.1967413406819,-33.56898316182196,204],[151.19676623493433,-33.568901270627975,204],[151.19678534567356,-33.5688135959208,204],[151.1967968288809,-33.56877545826137,204],[151.19681526906788,-33.56868300586939,204],[151.19682046584785,-33.568660877645016,204],[151.19684820994735,-33.5685408487916,204],[151.19688408449292,-33.56846365146339,204],[151.1969680711627,-33.56830598786473,204],[151.19698584079742,-33.568256702274084,204],[151.19699757546186,-33.568170201033354,204],[151.19702029041946,-33.568119406700134,204],[151.19704007171094,-33.568062745034695,204],[151.19704820215702,-33.568052016198635,204],[151.19707494042814,-33.56800775974989,204],[151.19710704311728,-33.56794179417193,204],[151.19716219604015,-33.56781707145274,204],[151.19719069451094,-33.567718835547566,204],[151.19722564704716,-33.56761582195759,204],[151.1972289159894,-33.5676050093025,204],[151.19723461568356,-33.56748657301068,204],[151.19724190793931,-33.56735841371119,204],[151.19723880663514,-33.56724081560969,204],[151.19719488546252,-33.56710251420736,204],[151.1971937958151,-33.56705850921571,209],[151.19718088768423,-33.56698944233358,208.8000030517578],[151.1971544008702,-33.566851979121566,209.60000610351562],[151.19713839143515,-33.566728765144944,210],[151.1971039418131,-33.56660068966448,209.60000610351562],[151.19708214886487,-33.5664548445493,209.1999969482422],[151.1970629543066,-33.56632735580206,209.39999389648438],[151.1970735155046,-33.56623305939138,209],[151.1970936320722,-33.56618511490524,209],[151.19713847525418,-33.56611009687185,209],[151.19718994013965,-33.56603952124715,209],[151.19724140502512,-33.5659297183156,209],[151.19729043915868,-33.565814131870866,209],[151.197304520756,-33.565789153799415,209],[151.19732941500843,-33.56574296951294,209],[151.19735942222178,-33.56571120209992,209],[151.1974303331226,-33.565659653395414,209],[151.19747534394264,-33.56563685461879,209],[151.19754943996668,-33.56558480300009,209],[151.19759025983512,-33.56555110774934,206],[151.19764113798738,-33.56549536809325,206],[151.19766041636467,-33.56547189876437,206],[151.1976905912161,-33.5654098726809,206],[151.19775605387986,-33.5653012432158,206.60000610351562],[151.19781858287752,-33.56521172448993,206.8000030517578],[151.19784515351057,-33.56516897678375,207.1999969482422],[151.19786309078336,-33.565130000934005,207.39999389648438],[151.19787599891424,-33.56510628014803,207.39999389648438],[151.19791271165013,-33.56503495015204,207.8000030517578],[151.19793014600873,-33.56497694738209,207.8000030517578],[151.19797146879137,-33.56488742865622,207.8000030517578],[151.19799393229187,-33.564848536625504,207.60000610351562],[151.19800818152726,-33.564808471128345,207.39999389648438],[151.19801161810756,-33.564794305711985,207.39999389648438],[151.19807188399136,-33.56467293575406,207],[151.1981031484902,-33.564567575231194,207],[151.19813214987516,-33.56445970013738,207.1999969482422],[151.19811253622174,-33.564332043752074,208],[151.19807573966682,-33.56428292579949,207.60000610351562],[151.1980595625937,-33.564259288832545,207.60000610351562],[151.19798261672258,-33.56419709511101,207],[151.1978874821216,-33.56417211703956,206.39999389648438],[151.19784104637802,-33.56415560469031,206.1999969482422],[151.1977371107787,-33.56414118781686,205.39999389648438],[151.19769771583378,-33.56413054279983,205.1999969482422],[151.19767483323812,-33.56411679647863,204.8000030517578],[151.1976435687393,-33.564094081521034,204.39999389648438],[151.1976325046271,-33.56408452615142,204],[151.1975621804595,-33.56402241624892,203],[151.19755304418504,-33.56399165466428,202.60000610351562],[151.1975711490959,-33.5638836119324,202],[151.19760098867118,-33.56382770463824,201.1999969482422],[151.19760467670858,-33.563817981630564,201],[151.1976063530892,-33.563809264451265,200.8000030517578],[151.19761490263045,-33.56380113400519,200.60000610351562],[151.19764231145382,-33.56376794166863,199.8000030517578],[151.19767877273262,-33.56372938491404,198.60000610351562],[151.19768623262644,-33.56372351758182,198.39999389648438],[151.19769914075732,-33.56370289810002,197.39999389648438],[151.19772587902844,-33.56367138214409,196.39999389648438],[151.19773903861642,-33.56365109793842,196],[151.19776166975498,-33.56362318620086,195.39999389648438],[151.19779628701508,-33.56357641518116,194.39999389648438],[151.19779704138637,-33.56357038021088,194.1999969482422],[151.1978222709149,-33.563534086570144,193.1999969482422],[151.19784037582576,-33.563509276136756,192.8000030517578],[151.19784724898636,-33.56349972076714,192.60000610351562],[151.19786920957267,-33.563477424904704,192],[151.19789343327284,-33.56344188563526,191],[151.19790843687952,-33.56343375518918,190.8000030517578],[151.19795235805213,-33.56339134275913,190],[151.1979583092034,-33.56338128447533,189.8000030517578],[151.1979956086725,-33.56333853676915,188.8000030517578],[151.1980143841356,-33.563322527334094,188.39999389648438],[151.19811756536365,-33.56323862448335,188],[151.19819124229252,-33.56315170414746,187.8000030517578],[151.19821060448885,-33.56313318014145,187.60000610351562],[151.19826659560204,-33.56306788511574,187.60000610351562],[151.19838293641806,-33.56297635473311,187.60000610351562],[151.19846616871655,-33.56290460564196,187.39999389648438],[151.19856557808816,-33.56284040026367,187.39999389648438],[151.19866641238332,-33.562766974791884,187.39999389648438],[151.198739586398,-33.562697069719434,187.39999389648438],[151.19875023141503,-33.562684413045645,187.39999389648438],[151.19878275319934,-33.562661027535796,187.39999389648438],[151.19882474653423,-33.56262842193246,187],[151.1988431867212,-33.56259472668171,186.60000610351562],[151.1988984234631,-33.56253320351243,186.60000610351562],[151.1989793088287,-33.562474278733134,186.60000610351562],[151.1989964917302,-33.56245273724198,186.39999389648438],[151.19902113452554,-33.56242557987571,186.39999389648438],[151.19906379841268,-33.56237478554249,186],[151.19909489527345,-33.56234796345234,185.8000030517578],[151.1991029419005,-33.562337486073375,185.60000610351562],[151.19911551475525,-33.562316531315446,185.39999389648438],[151.19915910065174,-33.56225358322263,184.60000610351562],[151.19917469099164,-33.5622326284647,184.39999389648438],[151.19922892190516,-33.562119053676724,184.1999969482422],[151.1992509663105,-33.562033558264375,184.1999969482422],[151.1992668081075,-33.56192962266505,183.60000610351562],[151.19926773011684,-33.561914283782244,183.1999969482422],[151.19928969070315,-33.56185334734619,182.39999389648438],[151.19931584224105,-33.561784364283085,181.60000610351562],[151.1993207037449,-33.561773132532835,181.39999389648438],[151.1993249785155,-33.561763912439346,181],[151.19931986555457,-33.56175418943167,181],[151.1993204522878,-33.561753518879414,181],[151.1993204522878,-33.561753518879414,181],[151.1993204522878,-33.561753518879414,181.39999389648438],[151.1992940492928,-33.56166425161064,180.8000030517578],[151.19926454499364,-33.56154908426106,180.8000030517578],[151.1992573365569,-33.56148454360664,180.8000030517578],[151.199260186404,-33.56146744452417,180.8000030517578],[151.1992580909282,-33.561424277722836,181],[151.19925708509982,-33.56138940900564,181.60000610351562],[151.19925373233855,-33.56137214228511,181.60000610351562],[151.1992445960641,-33.561336770653725,181.60000610351562],[151.19924233295023,-33.56132528744638,181.60000610351562],[151.1992261558771,-33.56129561550915,181.60000610351562],[151.19919740594923,-33.56123392470181,181.60000610351562],[151.19917913340032,-33.5611963737756,181.60000610351562],[151.19917762465775,-33.56112102046609,181.60000610351562],[151.19919086806476,-33.56102965772152,181.60000610351562],[151.19920017197728,-33.56096779927611,181.60000610351562],[151.19921333156526,-33.56093837879598,181.60000610351562],[151.19918986223638,-33.56080158613622,181.60000610351562],[151.19918181560934,-33.56075691059232,181.60000610351562],[151.1991727631539,-33.56072179041803,181.60000610351562],[151.19916077703238,-33.56070050038397,186],[151.1991196218878,-33.56060695834458,186.39999389648438],[151.1990839149803,-33.560516852885485,187],[151.199072599411,-33.56048969551921,187],[151.19904787279665,-33.560333624482155,187.39999389648438],[151.1990543268621,-33.56019951403141,187.1999969482422],[151.19905927218497,-33.560107899829745,187],[151.19904703460634,-33.559974459931254,186.60000610351562],[151.199040831998,-33.559828363358974,186.1999969482422],[151.1990445200354,-33.55977991595864,186.1999969482422],[151.19905374012887,-33.55971487239003,186.1999969482422],[151.1990865971893,-33.5596199054271,186.1999969482422],[151.1990966554731,-33.55960842221975,186.1999969482422],[151.19911241345108,-33.55959299951792,186.1999969482422],[151.19912372902036,-33.55958478525281,186.1999969482422],[151.19916019029915,-33.559536254033446,186.1999969482422],[151.19917385280132,-33.55950616300106,186.1999969482422],[151.1992264073342,-33.55941337533295,186.1999969482422],[151.19925113394856,-33.5593796800822,186.1999969482422],[151.19927007704973,-33.559341290965676,186.1999969482422],[151.19931349530816,-33.559274319559336,186.1999969482422],[151.19933134876192,-33.55925093404949,186.1999969482422],[151.19934434071183,-33.55923199094832,180],[151.19934886693954,-33.559219501912594,180],[151.19936588220298,-33.55918111279607,180],[151.19941952638328,-33.55909167788923,180],[151.1994277406484,-33.55907826684415,180],[151.19949739426374,-33.55899662710726,180],[151.19950803928077,-33.558980617672205,180],[151.19962136261165,-33.558891266584396,180],[151.19970828294754,-33.55882647447288,180.1999969482422],[151.1997790262103,-33.55878590606153,180.8000030517578],[151.19979939423501,-33.558775847777724,181],[151.19980869814754,-33.55877065099776,181.1999969482422],[151.19982277974486,-33.558767633512616,181.39999389648438],[151.19984926655889,-33.55875849723816,181.60000610351562],[151.19986393488944,-33.55873796157539,182],[151.19987298734486,-33.55872974731028,182.1999969482422],[151.199952615425,-33.55867945589125,183.1999969482422],[151.199965858832,-33.55867249891162,183.39999389648438],[151.19999603368342,-33.558649783954024,183.8000030517578],[151.20007012970746,-33.55861080810428,184],[151.20010843500495,-33.55858767405152,184.1999969482422],[151.2001450639218,-33.558566300198436,184.1999969482422],[151.2001717183739,-33.558550123125315,184.39999389648438],[151.20018320158124,-33.55854392051697,184.39999389648438],[151.2002182379365,-33.55851517058909,184.8000030517578],[151.20024983771145,-33.55849614366889,185.39999389648438],[151.20026140473783,-33.55849413201213,185.60000610351562],[151.20033072307706,-33.55845373123884,186.1999969482422],[151.20035871863365,-33.55842816643417,186.60000610351562],[151.20042962953448,-33.558390783146024,187.8000030517578],[151.20044589042664,-33.55838726274669,188],[151.20053322985768,-33.55837695300579,188.39999389648438],[151.20059978216887,-33.558365385979414,188.60000610351562],[151.20075141079724,-33.55836161412299,188.39999389648438],[151.20082810521126,-33.55834568850696,188.60000610351562],[151.20085719041526,-33.558342922478914,188.60000610351562],[151.2008824199438,-33.55833445675671,188.8000030517578],[151.20095123536885,-33.55829807929695,189],[151.20107545517385,-33.55824493803084,189.1999969482422],[151.20114200748503,-33.55820696800947,189.8000030517578],[151.20121467858553,-33.55816832743585,190.60000610351562],[151.20124066248536,-33.55815768241882,190.8000030517578],[151.2013200391084,-33.55813077650964,192],[151.20133261196315,-33.558125998824835,192.1999969482422],[151.20140553452075,-33.55809247121215,193.1999969482422],[151.20141567662358,-33.558059111237526,193.60000610351562],[151.2014442589134,-33.5579948220402,194.1999969482422],[151.20144224725664,-33.55798593722284,194.1999969482422],[151.2014440074563,-33.557976549491286,194.1999969482422],[151.20141089893878,-33.55786884203553,195.1999969482422],[151.20140955783427,-33.557804552838206,196.1999969482422],[151.20142204687,-33.55777974240482,197.1999969482422],[151.201406205073,-33.55778703466058,196.8000030517578],[151.201406205073,-33.55778703466058,196.8000030517578],[151.201406205073,-33.55778703466058,197],[151.201406205073,-33.55778703466058,197.39999389648438],[151.201406205073,-33.55778167024255,197.39999389648438],[151.201406205073,-33.55777982622385,197.39999389648438],[151.201385082677,-33.55779306963086,197],[151.2013855855912,-33.55779893696308,197.39999389648438],[151.2013901118189,-33.55779684148729,197.60000610351562],[151.201390363276,-33.557797092944384,197.60000610351562],[151.20139396749437,-33.557797092944384,197.39999389648438],[151.20139715261757,-33.55779684148729,197.39999389648438],[151.2013974878937,-33.55779675766826,197.39999389648438],[151.2013974878937,-33.55779675766826,197.60000610351562],[151.2013974878937,-33.55779684148729,197.60000610351562],[151.20140821672976,-33.557763900607824,197.60000610351562],[151.20139262638986,-33.55770497582853,197.60000610351562],[151.20136354118586,-33.55760573409498,197.60000610351562],[151.20135691948235,-33.55758645571768,197.60000610351562],[151.2013491243124,-33.55749802663922,197.60000610351562],[151.2013255711645,-33.557422924786806,197.60000610351562],[151.20131375268102,-33.5573922470212,197.60000610351562],[151.20128584094346,-33.55733223259449,197.60000610351562],[151.2012310232967,-33.557231314480305,197.60000610351562],[151.20118416845798,-33.55715679936111,197.60000610351562],[151.2011606991291,-33.55712226592004,197.60000610351562],[151.2011236511171,-33.55708354152739,197.60000610351562],[151.20110797695816,-33.55706166476011,197.60000610351562],[151.20104762725532,-33.556990921497345,200.39999389648438],[151.20103547349572,-33.55696049518883,200.39999389648438],[151.20101124979556,-33.55691581964493,199.8000030517578],[151.20100085623562,-33.55688941664994,199.60000610351562],[151.20097428560257,-33.5568515304476,199.60000610351562],[151.20095936581492,-33.556832671165466,199.60000610351562],[151.20095291174948,-33.55682462453842,199.39999389648438],[151.20092474855483,-33.55680140666664,199.39999389648438],[151.20090614072978,-33.556783804669976,199.1999969482422],[151.20085551403463,-33.556702667847276,199],[151.20083657093346,-33.5566615127027,198.1999969482422],[151.200827434659,-33.55660795234144,197.60000610351562],[151.20081410743296,-33.55656218715012,197.1999969482422],[151.2008118443191,-33.55652455240488,196.8000030517578],[151.20079063810408,-33.55645263567567,196],[151.20078016072512,-33.55641734786332,195.60000610351562],[151.20078099891543,-33.556402092799544,195.60000610351562],[151.2007782328874,-33.5563750192523,195.39999389648438],[151.20076649822295,-33.55634031817317,195.39999389648438],[151.20076012797654,-33.55623688548803,195.39999389648438],[151.20074671693146,-33.55619514361024,195.39999389648438],[151.20073540136218,-33.556169578805566,195.39999389648438],[151.20072173886,-33.55610193684697,195.60000610351562],[151.2007183022797,-33.556063547730446,195.8000030517578],[151.20071872137487,-33.556030774489045,195.8000030517578],[151.20069692842662,-33.555929185822606,196.1999969482422],[151.200676811859,-33.55586162768304,196.60000610351562],[151.20063942857087,-33.555800104513764,197],[151.2006365787238,-33.555789375677705,197.1999969482422],[151.2006104271859,-33.555748891085386,197.60000610351562],[151.20060187764466,-33.55570907704532,198.1999969482422],[151.20059106498957,-33.55566440150142,198.60000610351562],[151.20056424289942,-33.55562659911811,199.1999969482422],[151.20053348131478,-33.55550715699792,200.1999969482422],[151.20045787654817,-33.5553873796016,200],[151.20039568282664,-33.55530724860728,199.39999389648438],[151.20034027844667,-33.55522879399359,198.8000030517578],[151.20029476471245,-33.555193254724145,198.1999969482422],[151.20025671087205,-33.55515151284635,197.60000610351562],[151.20022284798324,-33.55509962886572,197],[151.20018370449543,-33.55505880899727,196],[151.20017725043,-33.5550469905138,196],[151.20016191154718,-33.554960237815976,194.8000030517578],[151.20016291737556,-33.55494732968509,194.60000610351562],[151.20017817243934,-33.55489946901798,193.60000610351562],[151.20019610971212,-33.55486770160496,193],[151.20021396316588,-33.55484616011381,192.39999389648438],[151.20025402866304,-33.55481766164303,191.1999969482422],[151.20028663426638,-33.5548157338053,190.1999969482422],[151.20033969171345,-33.55481397360563,189.1999969482422],[151.20035083964467,-33.554809195920825,189],[151.2003765720874,-33.554794527590275,188.60000610351562],[151.20044094510376,-33.55478069745004,187.8000030517578],[151.20047447271645,-33.55478203855455,187.60000610351562],[151.20050531812012,-33.55476971715689,187.39999389648438],[151.20051680132747,-33.55476410128176,187],[151.20052912272513,-33.55476091615856,186.8000030517578],[151.2005758099258,-33.55475848540664,185.8000030517578],[151.2005893047899,-33.55475488118827,185.60000610351562],[151.20062643662095,-33.55474926531315,185],[151.20065149851143,-33.55474457144737,184.60000610351562],[151.20077311992645,-33.55473023839295,184],[151.20084101334214,-33.554730070754886,183.39999389648438],[151.20090521872044,-33.55471816845238,183.39999389648438],[151.20100144296885,-33.554712468758225,183],[151.2010208889842,-33.554708026349545,183],[151.2010570988059,-33.55470391921699,183],[151.20114821009338,-33.55469402857125,183],[151.20124954730272,-33.55468321591616,182.8000030517578],[151.20126094669104,-33.55468614958227,182.8000030517578],[151.20135867968202,-33.55470098555088,182.39999389648438],[151.20139807462692,-33.55470333248377,182.39999389648438],[151.20157753117383,-33.55469017289579,181.8000030517578],[151.20168121531606,-33.55468237772584,181.39999389648438],[151.20170812122524,-33.55467424727976,181.1999969482422],[151.20179370045662,-33.55465798638761,180.60000610351562],[151.20191121473908,-33.554628901183605,180.39999389648438],[151.20192345231771,-33.55462328530848,180.39999389648438],[151.20204121805727,-33.554584980010986,180],[151.20210408233106,-33.5545704793185,179.60000610351562],[151.20215739123523,-33.55457768775523,179.1999969482422],[151.20228806510568,-33.55458187870681,178.60000610351562],[151.20235537178814,-33.55458112433553,178.39999389648438],[151.20237196795642,-33.554578609764576,178.1999969482422],[151.20238554663956,-33.554579028859735,178.1999969482422],[151.20247355662286,-33.554565366357565,178],[151.2026177253574,-33.55453686788678,177.60000610351562],[151.2026882171631,-33.554507279768586,177.1999969482422],[151.20275233872235,-33.55448640882969,177],[151.20286222547293,-33.55447123758495,177],[151.20287546887994,-33.55446830391884,177],[151.2029134389013,-33.55445581488311,176.8000030517578],[151.2029799912125,-33.55444055981934,176.60000610351562],[151.2030968349427,-33.55442790314555,176.1999969482422],[151.20311141945422,-33.554424131289124,176],[151.20320563204587,-33.554431507363915,175.1999969482422],[151.20323463343084,-33.55443209409714,175],[151.20326371863484,-33.55443620122969,174.60000610351562],[151.2033122498542,-33.55444877408445,174],[151.20337402448058,-33.55446805246174,173],[151.2034076359123,-33.554471991956234,172.60000610351562],[151.2034417502582,-33.554484229534864,172],[151.20347804389894,-33.55451616458595,171.1999969482422],[151.20351006276906,-33.55454516597092,171],[151.20355281047523,-33.55458523146808,170.8000030517578],[151.20357141830027,-33.55460425838828,170.8000030517578],[151.20359849184752,-33.55463393032551,170.39999389648438],[151.20361257344484,-33.55467500165105,170],[151.20362707413733,-33.55469377711415,169.8000030517578],[151.2036586739123,-33.554753037169576,168.8000030517578],[151.2037012539804,-33.55480693280697,168],[151.2037131562829,-33.55482847429812,167.60000610351562],[151.20374551042914,-33.55488060973585,166.39999389648438],[151.20375908911228,-33.55490097776055,166.1999969482422],[151.20377727784216,-33.55495101772249,165.1999969482422],[151.20380225591362,-33.5549796000123,164.8000030517578],[151.20382815599442,-33.555013881996274,164.1999969482422],[151.20385740883648,-33.555060904473066,163.1999969482422],[151.20387098751962,-33.55507808737457,162.60000610351562],[151.20390468277037,-33.555105663836,162],[151.2039279844612,-33.55514070019126,161.8000030517578],[151.2039393838495,-33.555151177570224,161.60000610351562],[151.2039919383824,-33.55519702658057,161.1999969482422],[151.20401674881577,-33.55521219782531,161],[151.20402194559574,-33.555220579728484,160.8000030517578],[151.20404792949557,-33.55524471960962,160.39999389648438],[151.20407500304282,-33.55526877567172,159.8000030517578],[151.2040900066495,-33.55528201907873,159.39999389648438],[151.20411850512028,-33.55529794469476,158.8000030517578],[151.204141555354,-33.555303225293756,158.60000610351562],[151.2041853927076,-33.555323760956526,157.60000610351562],[151.20426217094064,-33.55533775873482,156.39999389648438],[151.20431296527386,-33.555338932201266,155.60000610351562],[151.2043252028525,-33.555336417630315,155.39999389648438],[151.20436417870224,-33.55531772598624,154.39999389648438],[151.20439460501075,-33.55528252199292,153.39999389648438],[151.20440491475165,-33.555229464545846,152.39999389648438],[151.20440281927586,-33.55521923862398,152.1999969482422],[151.20438002049923,-33.55513441376388,151.39999389648438],[151.20438052341342,-33.55512510985136,151.1999969482422],[151.2043810263276,-33.555113626644015,151.1999969482422],[151.20436535216868,-33.555057467892766,150.1999969482422],[151.20436308905482,-33.55504657141864,149.8000030517578],[151.20436007156968,-33.55502628721297,149.39999389648438],[151.20435412041843,-33.5549848806113,149],[151.20434934273362,-33.55497314594686,148.8000030517578],[151.20430768467486,-33.55487214401364,147.8000030517578],[151.2043014820665,-33.554847333580256,147.60000610351562],[151.2042937707156,-33.55483425781131,147.60000610351562],[151.2042747437954,-33.55478807352483,147.60000610351562],[151.20426820591092,-33.55477659031749,147.39999389648438],[151.2042438145727,-33.55472143739462,146.60000610351562],[151.20422470383346,-33.55469989590347,146.39999389648438],[151.20414331555367,-33.55459243990481,146],[151.20409629307687,-33.55450250208378,146],[151.20403409935534,-33.554394375532866,146.39999389648438],[151.2039710674435,-33.55433167889714,146.60000610351562],[151.2039158307016,-33.554255152121186,147],[151.2038968037814,-33.554233107715845,147.60000610351562],[151.20387484319508,-33.55420159175992,147.60000610351562],[151.2037844862789,-33.55410872027278,147.60000610351562],[151.20376319624484,-33.554090950638056,147.60000610351562],[151.2037136591971,-33.55403889901936,147.60000610351562],[151.20370427146554,-33.5540281701833,147.60000610351562],[151.20366646908224,-33.55398525483906,147.60000610351562],[151.2035791296512,-33.55388944968581,147.60000610351562],[151.20352271944284,-33.55379942804575,147.60000610351562],[151.2033959850669,-33.55372038669884,147.60000610351562],[151.2033658940345,-33.55370286852121,147.60000610351562],[151.20331845246255,-33.55369247496128,147.60000610351562],[151.20323538780212,-33.5536795668304,147.60000610351562],[151.2032242398709,-33.55367713607848,147.60000610351562],[151.20320244692266,-33.55366934090853,147.60000610351562],[151.20318492874503,-33.553662803024054,147.60000610351562],[151.20312181301415,-33.553643273189664,147.60000610351562],[151.20301075279713,-33.55360044166446,147.60000610351562],[151.20299499481916,-33.55359558016062,147.60000610351562],[151.20290011167526,-33.553570518270135,147.60000610351562],[151.2027789093554,-33.55356431566179,147.60000610351562],[151.20270875282586,-33.55356632731855,147.60000610351562],[151.20266877114773,-33.553561298176646,147.60000610351562],[151.2026322260499,-33.55355517938733,147.60000610351562],[151.20255335234106,-33.553562220185995,147.60000610351562],[151.20243047364056,-33.55358401313424,137.39999389648438],[151.2023174855858,-33.55357797816396,137],[151.20222846977413,-33.55356892570853,136.8000030517578],[151.20217599906027,-33.55356691405177,137],[151.20203979313374,-33.55357864871621,137.1999969482422],[151.20189243927598,-33.55360019020736,136.8000030517578],[151.20183611288667,-33.55361519381404,136.60000610351562],[151.20174089446664,-33.55361184105277,136.39999389648438],[151.20172907598317,-33.55361469089985,136.39999389648438],[151.20162036269903,-33.55359901674092,136.1999969482422],[151.20149153284729,-33.55358996428549,135.8000030517578],[151.20141425170004,-33.553574960678816,135.1999969482422],[151.20138307102025,-33.55356800369918,135],[151.20132473297417,-33.553551658988,134.60000610351562],[151.20127184316516,-33.5535344760865,134.39999389648438],[151.2012592703104,-33.55353363789618,134.1999969482422],[151.20122130028903,-33.55352877639234,133.8000030517578],[151.2011942267418,-33.55352475307882,133.39999389648438],[151.20118257589638,-33.553523076698184,133.1999969482422],[151.20115583762527,-33.55351695790887,132.8000030517578],[151.20112407021224,-33.553506731987,132.1999969482422],[151.20110898278654,-33.55350446887314,132],[151.2010550033301,-33.55349734425545,131],[151.20104075409472,-33.55349550023675,130.8000030517578],[151.20100496336818,-33.55349441058934,129.8000030517578],[151.2009970843792,-33.55349583551288,129.60000610351562],[151.20097906328738,-33.55349893681705,129.39999389648438],[151.2009503133595,-33.55348963290453,129],[151.2009159475565,-33.553483095020056,128.60000610351562],[151.2008810788393,-33.55349047109485,128.39999389648438],[151.20080354623497,-33.55346666648984,127.5999984741211],[151.20079315267503,-33.55345929041505,127.4000015258789],[151.20078502222896,-33.55344898067415,127],[151.20077923871577,-33.55342794209719,126.5999984741211],[151.20078158564866,-33.55341478250921,126.4000015258789],[151.20079482905567,-33.553390642628074,126.4000015258789],[151.20090966112912,-33.553304728120565,126.4000015258789],[151.20102239772677,-33.55327564291656,126.80000305175781],[151.20111300610006,-33.55325954966247,126.80000305175781],[151.20123806409538,-33.553270027041435,127.4000015258789],[151.20125155895948,-33.553272876888514,127.80000305175781],[151.2012933846563,-33.5532752238214,128.1999969482422],[151.20133630000055,-33.553276397287846,128],[151.2013702467084,-33.55327807366848,128],[151.2014461029321,-33.55326499789953,128.39999389648438],[151.20146060362458,-33.55326826684177,128.39999389648438],[151.20150511153042,-33.55327421799302,128.8000030517578],[151.20157845318317,-33.55327949859202,128.8000030517578],[151.20170057751238,-33.553273379802704,128.39999389648438],[151.20185011066496,-33.553268099203706,128],[151.20189243927598,-33.553261728957295,127.80000305175781],[151.20198564603925,-33.55325225740671,127],[151.20209117420018,-33.553235745057464,126.80000305175781],[151.20218764990568,-33.553180173039436,127],[151.20235830545425,-33.55306542478502,126.80000305175781],[151.20248277671635,-33.55302594602108,126.80000305175781],[151.20261680334806,-33.553006667643785,126.4000015258789],[151.20267933234572,-33.55299870483577,126.4000015258789],[151.20269919745624,-33.55299845337868,126.4000015258789],[151.2027463875711,-33.55300147086382,126.4000015258789],[151.2029234971851,-33.55297951027751,126.19999694824219],[151.2030505668372,-33.55296056717634,125.80000305175781],[151.20308166369796,-33.55295377783477,125.5999984741211],[151.20314603671432,-33.55293248780072,125],[151.2032043747604,-33.55290826410055,124.5999984741211],[151.20329154655337,-33.55284254997969,124.19999694824219],[151.2033175304532,-33.55280835181475,123.80000305175781],[151.20332381688058,-33.55279929935932,123.5999984741211],[151.2033492140472,-33.552773064002395,123],[151.2033658940345,-33.55275873094797,122.5999984741211],[151.20337452739477,-33.55274825356901,122.5999984741211],[151.20341073721647,-33.55270441621542,122],[151.20343655347824,-33.55266988277435,121.5999984741211],[151.20347091928124,-33.552624033764005,121],[151.2034951429814,-33.55260467156768,120.19999694824219],[151.20352515019476,-33.552582962438464,119.80000305175781],[151.20354384183884,-33.552560498937964,119.5999984741211],[151.20363109745085,-33.552472572773695,119],[151.203639395535,-33.552460335195065,118.5999984741211],[151.20371139608324,-33.5523806232959,118],[151.20372011326253,-33.55237274430692,117.80000305175781],[151.20381734333932,-33.55230560526252,117.19999694824219],[151.20383159257472,-33.55229797773063,117.19999694824219],[151.2039105501026,-33.5522376280278,116.80000305175781],[151.20392295531929,-33.55222790502012,116.80000305175781],[151.20397173799574,-33.55217803269625,115.80000305175781],[151.20400166139007,-33.55215330608189,115.4000015258789],[151.20404181070626,-33.55212480761111,114.80000305175781],[151.20410081930459,-33.5520579200238,113.80000305175781],[151.20410962030292,-33.55205004103482,113.80000305175781],[151.204146835953,-33.5520042758435,113.19999694824219],[151.20415655896068,-33.55197820812464,112.80000305175781],[151.20417265221477,-33.55197359807789,112.5999984741211],[151.2041822914034,-33.5519627854228,112.4000015258789],[151.20419084094465,-33.55194820091128,112],[151.20420014485717,-33.55192263610661,111.5999984741211],[151.20420961640775,-33.55189832858741,111.4000015258789],[151.20422285981476,-33.55187804438174,110.5999984741211],[151.2042272184044,-33.551856921985745,110],[151.20424423366785,-33.55182942934334,109.4000015258789],[151.2042607460171,-33.55177704244852,108.19999694824219],[151.2042641825974,-33.55176581069827,108],[151.20427348650992,-33.551710322499275,107.19999694824219],[151.2042962014675,-33.551648212596774,106.19999694824219],[151.20429636910558,-33.55163572356105,106.19999694824219],[151.2043049186468,-33.55159280821681,105.19999694824219],[151.20430760085583,-33.551588030532,105],[151.20430852286518,-33.551579816266894,104.80000305175781],[151.20431271381676,-33.55157311074436,104.5999984741211],[151.20434707961977,-33.551539247855544,103.80000305175781],[151.20435420423746,-33.5515293572098,103.5999984741211],[151.20439653284848,-33.55147202499211,102.5999984741211],[151.2044174876064,-33.55143455788493,101.5999984741211],[151.20442746207118,-33.55142852291465,101.4000015258789],[151.20443936437368,-33.55142374522984,101],[151.20446073822677,-33.551390720531344,100.4000015258789],[151.20451907627285,-33.55132408440113,99],[151.20456844568253,-33.55129759758711,98.19999694824219],[151.2045839522034,-33.551277900114655,97.80000305175781],[151.20460691861808,-33.551236828789115,96.80000305175781],[151.2046169769019,-33.55121034197509,96.4000015258789],[151.20463457889855,-33.55116030201316,95.5999984741211],[151.20466953143477,-33.55111428536475,94.80000305175781],[151.20467606931925,-33.55110707692802,94.5999984741211],[151.2047219183296,-33.55102954432368,93.5999984741211],[151.20472912676632,-33.551020827144384,93.4000015258789],[151.20475720614195,-33.55098403058946,92.4000015258789],[151.20476307347417,-33.550975481048226,92.19999694824219],[151.20477648451924,-33.55096533894539,92.19999694824219],[151.2048014625907,-33.55094379745424,91.80000305175781],[151.20485099963844,-33.55089543387294,91.4000015258789],[151.2049180548638,-33.55084505863488,91],[151.2049566116184,-33.55083491653204,91],[151.20504864491522,-33.55080507695675,90.4000015258789],[151.20518526993692,-33.55076006613672,89.5999984741211],[151.20519876480103,-33.55075813829899,89.5999984741211],[151.2052481342107,-33.55076467618346,89.4000015258789],[151.2052616290748,-33.550767190754414,89.19999694824219],[151.20533564127982,-33.550785798579454,88.80000305175781],[151.2054643034935,-33.55084455572069,88.4000015258789],[151.20547637343407,-33.55084857903421,88.19999694824219],[151.205502608791,-33.55085880495608,88.19999694824219],[151.20554870925844,-33.55089786462486,88.19999694824219],[151.20560746639967,-33.550947569310665,87.80000305175781],[151.20568089187145,-33.55102024041116,87.5999984741211],[151.2057317700237,-33.55110791511834,87.4000015258789],[151.20574316941202,-33.551120487973094,87.4000015258789],[151.20576722547412,-33.55115535669029,87.19999694824219],[151.20579186826944,-33.55121763423085,87],[151.20579270645976,-33.55123012326658,87],[151.20578449219465,-33.55126247741282,87],[151.20578189380467,-33.55130899697542,87],[151.2057808879763,-33.55132509022951,87],[151.20577971450984,-33.551408322528005,87.4000015258789],[151.20576580055058,-33.55151066556573,87.5999984741211],[151.2057507969439,-33.551596496254206,87.5999984741211],[151.2057489529252,-33.55160881765187,87.5999984741211],[151.2057719193399,-33.55176120065153,87.4000015258789],[151.20578784495592,-33.55187083594501,87.4000015258789],[151.20580963790417,-33.55197628028691,87.4000015258789],[151.205811817199,-33.55199153535068,87.4000015258789],[151.20582271367311,-33.55201735161245,87.4000015258789],[151.2058266531676,-33.552027912810445,87.4000015258789],[151.205827658996,-33.55203931219876,87.4000015258789],[151.20583017356694,-33.552049957215786,87.4000015258789],[151.20583419688046,-33.55205934494734,87.4000015258789],[151.20584283024073,-33.55208046734333,87.4000015258789],[151.2058808002621,-33.552131010219455,87.4000015258789],[151.20589354075491,-33.55215380899608,87.4000015258789],[151.20593880303204,-33.5522220376879,87.4000015258789],[151.20595028623939,-33.55225916951895,87.4000015258789],[151.2060010805726,-33.552317172288895,87.4000015258789],[151.206015329808,-33.55234080925584,87.4000015258789],[151.2060359492898,-33.552362099289894,87.4000015258789],[151.20606386102736,-33.55242479592562,87.4000015258789],[151.20614122599363,-33.55253962799907,87.4000015258789],[151.2061517033726,-33.552550021559,87.4000015258789],[151.20617927983403,-33.55258572846651,87.4000015258789],[151.2062014080584,-33.55260810814798,87.4000015258789],[151.2062122207135,-33.55261732824147,87.4000015258789],[151.20624784380198,-33.55265454389155,87.4000015258789],[151.20627131313086,-33.55266929604113,87.4000015258789],[151.20635563507676,-33.552736435085535,87.4000015258789],[151.20639611966908,-33.55277239345014,87.4000015258789],[151.2064292281866,-33.55282109230757,87.4000015258789],[151.20648438110948,-33.552882112562656,87.4000015258789],[151.20649485848844,-33.55289166793227,87.4000015258789],[151.2065053358674,-33.55290516279638,87.4000015258789],[151.20654447935522,-33.552950508892536,87.4000015258789],[151.20655411854386,-33.552957298234105,87.4000015258789],[151.2065734807402,-33.552978755906224,87.4000015258789],[151.20663760229945,-33.553067687898874,87.4000015258789],[151.20664849877357,-33.55307439342141,87.4000015258789],[151.20671262033284,-33.55312527157366,87.4000015258789],[151.2067859619856,-33.553195260465145,87.4000015258789],[151.20679132640362,-33.553209844976664,87.4000015258789],[151.2068042345345,-33.553241612389684,87.4000015258789],[151.20682225562632,-33.55326575227082,87.4000015258789],[151.20684287510812,-33.55328779667616,87.4000015258789],[151.20686852373183,-33.553348146378994,87.4000015258789],[151.2068904004991,-33.553372621536255,87.4000015258789],[151.20692485012114,-33.55346976779401,87.4000015258789],[151.20693113654852,-33.553482508286834,87.4000015258789],[151.20694605633616,-33.55355467647314,87.4000015258789],[151.20696935802698,-33.553678477182984,87.4000015258789],[151.20701109990478,-33.55378760956228,87.4000015258789],[151.2070069089532,-33.55380529537797,87.4000015258789],[151.20701495558023,-33.55382876470685,87.4000015258789],[151.20703272521496,-33.55385986156762,87.4000015258789],[151.207038089633,-33.55386874638498,84.4000015258789],[151.2070680130273,-33.55394979938865,84.4000015258789],[151.2070799153298,-33.55400822125375,84.4000015258789],[151.20709030888975,-33.55406295508146,84.4000015258789],[151.20704647153616,-33.554227240383625,84.80000305175781],[151.20703557506204,-33.55430711992085,85.19999694824219],[151.20703456923366,-33.554332265630364,85.19999694824219],[151.20703062973917,-33.554358668625355,85.4000015258789],[151.20702660642564,-33.55437316931784,85.4000015258789],[151.20704412460327,-33.55444055981934,85.80000305175781],[151.20704144239426,-33.55451423674822,86],[151.20703741908073,-33.55453091673553,86.19999694824219],[151.20703616179526,-33.55455036275089,86.19999694824219],[151.2070536799729,-33.55461456812918,86.4000015258789],[151.2070558592677,-33.554627392441034,86.4000015258789],[151.2071089167148,-33.55468891561031,86.5999984741211],[151.20711755007505,-33.554692938923836,86.5999984741211],[151.20713976211846,-33.55474884621799,86.5999984741211],[151.20715660974383,-33.55478446930647,86.5999984741211],[151.20717748068273,-33.554851692169905,87],[151.20717496611178,-33.55486024171114,87],[151.20717496611178,-33.55486627668142,87.19999694824219],[151.20717152953148,-33.554875161498785,87],[151.20716775767505,-33.554900139570236,87],[151.2071691825986,-33.554955795407295,87],[151.2071647401899,-33.554981444031,87],[151.2071504071355,-33.55505218729377,87.19999694824219],[151.20714948512614,-33.55505763553083,87.4000015258789],[151.207159711048,-33.555068196728826,87.80000305175781],[151.20716926641762,-33.55513248592615,87.80000305175781],[151.20718116872013,-33.5551437176764,87.5999984741211],[151.2072323821485,-33.555142376571894,87.5999984741211],[151.20727739296854,-33.55514941737056,86.5999984741211],[151.20727605186403,-33.55515494942665,86.4000015258789],[151.2072899658233,-33.55517850257456,86.4000015258789],[151.2072949949652,-33.55518554337323,86],[151.20729935355484,-33.55518529191613,86.19999694824219],[151.20728041045368,-33.55517389252782,86.4000015258789],[151.20726892724633,-33.55517364107072,86.19999694824219],[151.2072722800076,-33.555183028802276,85.80000305175781],[151.20727580040693,-33.55518369935453,85.80000305175781],[151.20728510431945,-33.55518369935453,85.80000305175781],[151.2072878703475,-33.555183531716466,85.80000305175781],[151.20728803798556,-33.55518143624067,86],[151.20728887617588,-33.55517900548875,85.5999984741211],[151.20728937909007,-33.55517724528909,85.80000305175781],[151.2072894629091,-33.55517682619393,86],[151.20729004964232,-33.55517682619393,86],[151.2072902172804,-33.55517623946071,86],[151.2072910554707,-33.555176155641675,86],[151.20729222893715,-33.555175736546516,86],[151.2072923965752,-33.55517590418458,86],[151.2072923965752,-33.555175736546516,86],[151.2072926480323,-33.55517540127039,86],[151.2072926480323,-33.55517531745136,86],[151.2072923965752,-33.55517531745136,86],[151.2072923965752,-33.55517498217523,86],[151.20729197748005,-33.555175233632326,86],[151.20729139074683,-33.55517540127039,86],[151.2072913069278,-33.55517540127039,86],[151.20729206129909,-33.55517498217523,86],[151.20729214511812,-33.555174730718136,86],[151.20729214511812,-33.55517447926104,86],[151.20729164220393,-33.55517389252782,86],[151.20729164220393,-33.55517380870879,86],[151.20729164220393,-33.55517380870879,86],[151.207291809842,-33.555173724889755,86],[151.207291809842,-33.55517364107072,86],[151.20729147456586,-33.55517364107072,86],[151.2072915583849,-33.55517347343266,86],[151.20729147456586,-33.55517313815653,86],[151.2072913069278,-33.55517338961363,86],[151.20729063637555,-33.55517347343266,86],[151.20728979818523,-33.55517338961363,86],[151.20728979818523,-33.55517347343266,86],[151.2072897143662,-33.55517347343266,86],[151.20728963054717,-33.55517347343266,86],[151.20728937909007,-33.55517347343266,86],[151.20728845708072,-33.555172802880406,86],[151.20728854089975,-33.555172802880406,86],[151.20728845708072,-33.55517297051847,86],[151.20728803798556,-33.55517288669944,86],[151.20728803798556,-33.55517288669944,86],[151.20728703215718,-33.55517288669944,86],[151.20728694833815,-33.55517288669944,86],[151.20727236382663,-33.55517154559493,86],[151.20720296166837,-33.5551627445966,86],[151.20718024671078,-33.555176155641675,86],[151.20716691948473,-33.55520716868341,86],[151.2071797437966,-33.555240109562874,86],[151.20717957615852,-33.555263159796596,86],[151.20716725476086,-33.55533113703132,86],[151.2071483116597,-33.55539416894317,86],[151.20712752453983,-33.55547388084233,86],[151.2071115989238,-33.555529955774546,89.4000015258789],[151.20711084455252,-33.55556599795818,89.4000015258789],[151.20711377821863,-33.5556585341692,89.80000305175781],[151.20711813680828,-33.55575459077954,90.4000015258789],[151.20711402967572,-33.555780155584216,90.5999984741211],[151.20709139853716,-33.55582633987069,90.5999984741211],[151.20709248818457,-33.55585282668471,90.5999984741211],[151.2070870399475,-33.55588627047837,90.5999984741211],[151.20708184316754,-33.555896328762174,90.5999984741211],[151.2070674262941,-33.55591577477753,90.5999984741211],[151.207061894238,-33.555925162509084,90.5999984741211],[151.2070505786687,-33.555948128923774,90.80000305175781],[151.20702660642564,-33.55598400346935,91],[151.20701788924634,-33.55598886497319,91.19999694824219],[151.2069889716804,-33.556005377322435,91.4000015258789],[151.20698058977723,-33.55601845309138,91.5999984741211],[151.2069220840931,-33.556098751723766,92],[151.2068150471896,-33.55617511086166,92.4000015258789],[151.20680222287774,-33.55618357658386,92.5999984741211],[151.20670105330646,-33.556250212714076,93],[151.20661069639027,-33.55632808059454,93.19999694824219],[151.20657968334854,-33.55635062791407,93.5999984741211],[151.20650776661932,-33.55639656074345,93.80000305175781],[151.20646694675088,-33.55641600675881,94.19999694824219],[151.2064112070948,-33.55642640031874,94],[151.20636594481766,-33.556449031457305,94],[151.20628933422267,-33.55649027042091,94],[151.2062764260918,-33.55649471282959,94],[151.20616503059864,-33.556536957621574,94.80000305175781],[151.2061551399529,-33.55654357932508,94.80000305175781],[151.2060155812651,-33.55663049966097,95.5999984741211],[151.20598322711885,-33.55665505863726,95.80000305175781],[151.20590133592486,-33.55671557597816,96],[151.20582254603505,-33.55677952989936,96],[151.20581491850317,-33.556788666173816,96],[151.20573688298464,-33.55690718628466,96.19999694824219],[151.2057309318334,-33.5569519456476,96.19999694824219],[151.20572372339666,-33.556984551250935,96],[151.20569966733456,-33.557103322818875,95.5999984741211],[151.20568935759366,-33.55717280879617,95.80000305175781],[151.2056704144925,-33.55722511187196,95.80000305175781],[151.20566957630217,-33.557238606736064,95.80000305175781],[151.20567292906344,-33.55725369416177,95.80000305175781],[151.20567770674825,-33.55730960145593,96],[151.20568491518497,-33.55732846073806,96.19999694824219],[151.20569983497262,-33.55740129947662,96],[151.20571047998965,-33.55743424035609,96],[151.2057182751596,-33.55744371190667,96],[151.20575406588614,-33.55749651789665,96.4000015258789],[151.20581047609448,-33.5575629863888,96.80000305175781],[151.20582154020667,-33.5575717035681,96.80000305175781],[151.20583386160433,-33.557579750195146,96.80000305175781],[151.2059236317873,-33.557624677196145,96.5999984741211],[151.20601155795157,-33.557632220909,96.19999694824219],[151.20607685297728,-33.55761864222586,96.19999694824219],[151.20615002699196,-33.55757296085358,96],[151.2062413059175,-33.55750950984657,96.19999694824219],[151.2062873225659,-33.55748075991869,96.19999694824219],[151.20635965839028,-33.55744496919215,96.19999694824219],[151.20649175718427,-33.55738051235676,96.19999694824219],[151.20657758787274,-33.55732183903456,96.19999694824219],[151.2065867241472,-33.557314882054925,96.19999694824219],[151.20662511326373,-33.55728420428932,96.19999694824219],[151.20667850598693,-33.55726643465459,96.19999694824219],[151.2068480718881,-33.55721899308264,96.19999694824219],[151.2069646641612,-33.55718529783189,96.19999694824219],[151.20700908824801,-33.557167276740074,93.4000015258789],[151.2071001995355,-33.55712855234742,93.80000305175781],[151.20720891281962,-33.55707826092839,94.4000015258789],[151.2072183843702,-33.55707147158682,94.5999984741211],[151.20727471075952,-33.55704942718148,94.80000305175781],[151.2073428556323,-33.55701162479818,95.19999694824219],[151.20739708654583,-33.5569828748703,95.4000015258789],[151.20742617174983,-33.55697197839618,95.4000015258789],[151.20756388641894,-33.556908275932074,95],[151.20762071572244,-33.5568758379668,95],[151.2076422572136,-33.55686301365495,95],[151.20773470960557,-33.55676201172173,94.4000015258789],[151.20776605792344,-33.55669202283025,94],[151.20778374373913,-33.5566564835608,94],[151.20782749727368,-33.55654986575246,93.5999984741211],[151.20784820057452,-33.55652446858585,93.4000015258789],[151.20788265019655,-33.55645665898919,93],[151.20790377259254,-33.55643754824996,93],[151.20793621055782,-33.556398656219244,92.80000305175781],[151.2079890165478,-33.55636361986399,92.5999984741211],[151.20800578035414,-33.55634174309671,92.5999984741211],[151.2080355361104,-33.55628793127835,92.5999984741211],[151.20803914032876,-33.55627619661391,92.5999984741211],[151.2080487795174,-33.55625197291374,92.4000015258789],[151.20805649086833,-33.55623277835548,92.4000015258789],[151.20808850973845,-33.556162202730775,92],[151.20811440981925,-33.55608802288771,92],[151.20812983252108,-33.556056674569845,91.80000305175781],[151.20815665461123,-33.556026918813586,92],[151.20816654525697,-33.556015100330114,91.80000305175781],[151.20817258022726,-33.55601392686367,91.80000305175781],[151.20816729962826,-33.55601476505399,91.80000305175781],[151.2081679701805,-33.55601526796818,91.80000305175781],[151.2081748433411,-33.55601199902594,91.80000305175781],[151.20819269679487,-33.55599590577185,92],[151.2082913517952,-33.555960953235626,91.4000015258789],[151.20830182917416,-33.55595382861793,91.19999694824219],[151.2084272224456,-33.55590336956084,90.80000305175781],[151.20846753939986,-33.555870931595564,90.5999984741211],[151.20847784914076,-33.55585953220725,90.5999984741211],[151.2084925174713,-33.55584880337119,90.5999984741211],[151.20851749554276,-33.55581058189273,90.5999984741211],[151.2085231114179,-33.5557965002954,90.5999984741211],[151.2085257936269,-33.55578409507871,90.5999984741211],[151.20852696709335,-33.55577118694782,90.5999984741211],[151.20852621272206,-33.55571293272078,90.80000305175781],[151.20852503925562,-33.55570027604699,91],[151.2085120473057,-33.55562316253781,90.4000015258789],[151.20850391685963,-33.5555115994066,91],[151.2084316648543,-33.55544571764767,91.19999694824219],[151.20840651914477,-33.555441442877054,91.19999694824219],[151.20838078670204,-33.55542652308941,91.19999694824219],[151.20837081223726,-33.55542258359492,91.19999694824219],[151.20830702595413,-33.55540816672146,90.80000305175781],[151.20828514918685,-33.555377908051014,90.19999694824219],[151.20828322134912,-33.55537463910878,89.80000305175781],[151.20828649029136,-33.55538017116487,89.5999984741211],[151.20827425271273,-33.55536927469075,90.19999694824219],[151.20827425271273,-33.55536927469075,90.19999694824219],[151.20827425271273,-33.55536927469075,90.4000015258789],[151.20827425271273,-33.55536927469075,90.4000015258789],[151.20827425271273,-33.55536927469075,90.4000015258789],[151.20827408507466,-33.55536751449108,90.4000015258789],[151.20837978087366,-33.55539106763899,90.4000015258789],[151.20848782360554,-33.55540129356086,90.4000015258789],[151.2085212673992,-33.55537774041295,90.4000015258789],[151.20854289270937,-33.55534262023866,90.4000015258789],[151.20857088826597,-33.555320743471384,90.4000015258789],[151.20857608504593,-33.55531403794885,90.4000015258789],[151.2086008116603,-33.55526743456721,90.4000015258789],[151.2086108699441,-33.555251006037,90.4000015258789],[151.20862520299852,-33.55520096607506,95.4000015258789],[151.2086328305304,-33.555172299966216,95.4000015258789],[151.20865118689835,-33.55511396192014,96.4000015258789],[151.20864112861454,-33.55510767549276,96.4000015258789],[151.20861413888633,-33.55509837158024,96.4000015258789],[151.20856602676213,-33.55507875792682,96.5999984741211],[151.20853149332106,-33.555051600560546,96.5999984741211],[151.20858849026263,-33.55508076958358,96.5999984741211],[151.20866141282022,-33.55508705601096,96.5999984741211],[151.20875721797347,-33.55509853921831,97.19999694824219],[151.2087699584663,-33.55510172434151,97.4000015258789],[151.2088096048683,-33.555106250569224,97.4000015258789],[151.20887263678014,-33.55513005517423,98.5999984741211],[151.20889426209033,-33.5551418736577,99.19999694824219],[151.20895855128765,-33.555180514231324,99.80000305175781],[151.20898260734975,-33.555198200047016,100],[151.20903122238815,-33.555222088471055,101],[151.2090458907187,-33.55522242374718,101],[151.20908914133906,-33.55523063801229,101.4000015258789],[151.20913951657712,-33.5552388522774,102],[151.2091886345297,-33.555240612477064,103],[151.20923900976777,-33.55520968325436,104.19999694824219],[151.20926616713405,-33.5551886446774,104.5999984741211],[151.20928728953004,-33.55516760610044,105.19999694824219],[151.20930841192603,-33.55515494942665,105.5999984741211],[151.20932534337044,-33.55514070019126,106.19999694824219],[151.20933204889297,-33.55513541959226,106.4000015258789],[151.20938820764422,-33.55508370324969,107.4000015258789],[151.20944051072001,-33.55503357946873,108.5999984741211],[151.209451071918,-33.55501622892916,108.80000305175781],[151.20945467613637,-33.55500667355955,109],[151.20949633419514,-33.554902570322156,109.5999984741211],[151.2095031235367,-33.55486812070012,109.80000305175781],[151.20946942828596,-33.55474499054253,108.80000305175781],[151.20946196839213,-33.5547102894634,108.4000015258789],[151.2094494793564,-33.55468229390681,108.19999694824219],[151.20944025926292,-33.55464264750481,108],[151.20941469445825,-33.554564444348216,107.4000015258789],[151.2093992717564,-33.55454063974321,107.19999694824219],[151.2093791551888,-33.55447274632752,106.80000305175781],[151.20937672443688,-33.55443620122969,106.4000015258789],[151.20937881991267,-33.55442396365106,106.4000015258789],[151.20938192121685,-33.55441122315824,106.4000015258789],[151.209400864318,-33.554366463795304,106.19999694824219],[151.20944277383387,-33.55427878908813,106.4000015258789],[151.2095446139574,-33.554165717214346,106.19999694824219],[151.20963622815907,-33.55407603085041,106.19999694824219],[151.20977369137108,-33.55399791151285,106.4000015258789],[151.20991014875472,-33.55395373888314,106.19999694824219],[151.21000243350863,-33.55392440222204,106.19999694824219],[151.21004442684352,-33.55391132645309,106.19999694824219],[151.21013386175036,-33.553879391402006,105.80000305175781],[151.21019731275737,-33.55385868810117,105.80000305175781],[151.21033620089293,-33.553827507421374,106.19999694824219],[151.2105004861951,-33.553798254579306,106.19999694824219],[151.21066971682012,-33.55375022627413,106.19999694824219],[151.21074029244483,-33.553714603185654,106.19999694824219],[151.21075998991728,-33.55367621406913,106.19999694824219],[151.2107793521136,-33.553611589595675,106.19999694824219],[151.21080357581377,-33.55352936312556,106.19999694824219],[151.2108231894672,-33.553437078371644,106.19999694824219],[151.21082964353263,-33.553417045623064,106.19999694824219],[151.21083836071193,-33.553340435028076,106.19999694824219],[151.21085369959474,-33.55323884636164,106.19999694824219],[151.2108554597944,-33.553229458630085,106.19999694824219],[151.21085445396602,-33.553193332627416,106.19999694824219],[151.21085579507053,-33.55318428017199,106.19999694824219],[151.21085059829056,-33.553118566051126,106.19999694824219],[151.21084447950125,-33.553109262138605,106.19999694824219],[151.21079795993865,-33.55302577838302,106.19999694824219],[151.2107296474278,-33.55290717445314,106.19999694824219],[151.21071967296302,-33.552900133654475,106.19999694824219],[151.21066133491695,-33.552848668769,106.19999694824219],[151.2105694692582,-33.55276761576533,110.80000305175781],[151.21052890084684,-33.55273425579071,110.80000305175781],[151.21046067215502,-33.552686646580696,111.4000015258789],[151.21037584729493,-33.55263652279973,112],[151.2103191856295,-33.552600229159,112.19999694824219],[151.21019915677607,-33.55251029133797,112.80000305175781],[151.21015883982182,-33.552465196698904,113],[151.21014467440546,-33.55239017866552,113.19999694824219],[151.21014442294836,-33.55229303240776,114],[151.21014702133834,-33.55228121392429,114.19999694824219],[151.21015070937574,-33.5522320959717,114.5999984741211],[151.21016160584986,-33.55217769742012,115],[151.21017258614302,-33.55215179733932,115.19999694824219],[151.21020779013634,-33.55207267217338,116],[151.2103012483567,-33.551973262801766,116],[151.21030820533633,-33.551965802907944,116],[151.21034676209092,-33.551934119313955,115.80000305175781],[151.2104045972228,-33.551892545074224,115.80000305175781],[151.21049755252898,-33.551828088238835,115.5999984741211],[151.21054658666253,-33.55179305188358,115.4000015258789],[151.21069779619575,-33.55174326337874,115.80000305175781],[151.21076317504048,-33.55173295363784,115.5999984741211],[151.21079192496836,-33.551739659160376,115.5999984741211],[151.2108969502151,-33.55178961530328,116],[151.2109693698585,-33.551858849823475,117],[151.21098529547453,-33.55187946930528,117.19999694824219],[151.2110306415707,-33.551925318315625,117.5999984741211],[151.21103759855032,-33.55193638242781,117.80000305175781],[151.21109099127352,-33.55198809877038,118.4000015258789],[151.2110996246338,-33.55199949815869,118.5999984741211],[151.2111184000969,-33.5520198661834,118.80000305175781],[151.2111857905984,-33.55205548927188,119],[151.21124488301575,-33.55207468383014,119],[151.21135267429054,-33.5520838201046,119.4000015258789],[151.2114064861089,-33.55207895860076,119.5999984741211],[151.21152115054429,-33.55205347761512,119.19999694824219],[151.2117109168321,-33.55203369632363,119.4000015258789],[151.2117912992835,-33.552013328298926,119.4000015258789],[151.21186916716397,-33.551987344399095,119.4000015258789],[151.21191543526947,-33.551976615563035,119.19999694824219],[151.2120074685663,-33.551949793472886,119],[151.21214392594993,-33.551897909492254,118.5999984741211],[151.21218373999,-33.55188751593232,118.4000015258789],[151.21226688846946,-33.55188516899943,117.80000305175781],[151.2123299203813,-33.551872512325644,117.19999694824219],[151.2123407330364,-33.55186530388892,117],[151.21236621402204,-33.551845606416464,116.5999984741211],[151.21240586042404,-33.55181811377406,116.19999694824219],[151.21249152347445,-33.551780143752694,115.19999694824219],[151.2125027552247,-33.55177452787757,115],[151.21260358951986,-33.55173856951296,114.80000305175781],[151.212757229805,-33.55167210102081,114.80000305175781],[151.2127693835646,-33.55166422203183,114.80000305175781],[151.21291698887944,-33.55161284096539,115.80000305175781],[151.21301765553653,-33.55158685706556,116.19999694824219],[151.2130485009402,-33.55157830752432,116.19999694824219],[151.2131568789482,-33.55156732723117,117.19999694824219],[151.21317020617425,-33.551565734669566,117.19999694824219],[151.21326341293752,-33.55153162032366,118.19999694824219],[151.21329752728343,-33.5515190474689,118.5999984741211],[151.21338872238994,-33.5514897108078,119.4000015258789],[151.213415293023,-33.55148082599044,119.80000305175781],[151.21349768713117,-33.551449896767735,120.4000015258789],[151.21356046758592,-33.55142123065889,121.4000015258789],[151.21357102878392,-33.55141301639378,121.4000015258789],[151.2136891297996,-33.551378063857555,122.4000015258789],[151.21370371431112,-33.5513742081821,122.4000015258789],[151.2137567717582,-33.55137278325856,123],[151.2138046324253,-33.55136465281248,123.5999984741211],[151.21382382698357,-33.55135727673769,124],[151.21386045590043,-33.55134746991098,124.5999984741211],[151.21391762048006,-33.55132458731532,125],[151.21402851305902,-33.551262225955725,125.80000305175781],[151.21404259465635,-33.55125862173736,126],[151.21409816667438,-33.55125694535673,127],[151.2141812313348,-33.55126775801182,128.1999969482422],[151.21421433985233,-33.551279827952385,128.60000610351562],[151.21430075727403,-33.55135451070964,128.60000610351562],[151.2143522221595,-33.551419135183096,128.8000030517578],[151.21438834816217,-33.55148644186556,129.1999969482422],[151.21441466733813,-33.55152575299144,129.60000610351562],[151.21450250968337,-33.551587192341685,129.8000030517578],[151.21454550884664,-33.5516123380512,130.1999969482422],[151.214620443061,-33.551633628085256,131],[151.21464760042727,-33.55164603330195,131.39999389648438],[151.21473661623895,-33.55168509297073,131.60000610351562],[151.21481909416616,-33.55172817595303,131.8000030517578],[151.21483652852476,-33.55173245072365,132],[151.21489813551307,-33.551737731322646,132.39999389648438],[151.2149571441114,-33.55174032971263,132.60000610351562],[151.21497030369937,-33.55174317955971,132.60000610351562],[151.21499368920922,-33.551746951416135,132.8000030517578],[151.21506929397583,-33.55173798277974,133],[151.215207176283,-33.55170177295804,133.1999969482422],[151.21533969417214,-33.551656510680914,133.1999969482422],[151.21550465002656,-33.55158970691264,132.8000030517578],[151.21563280932605,-33.55153673328459,132.39999389648438],[151.21577479876578,-33.551464565098286,132],[151.2158473022282,-33.55142902582884,132],[151.2159255053848,-33.55138518847525,132],[151.2160436064005,-33.55131377466023,132],[151.2161680776626,-33.55123138055205,132.39999389648438],[151.21626187115908,-33.551176730543375,132.8000030517578],[151.21637175790966,-33.551126439124346,132.8000030517578],[151.21640151366591,-33.551107328385115,132.8000030517578],[151.2165751028806,-33.55107279494405,132.60000610351562],[151.21669328771532,-33.551090229302645,133.60000610351562],[151.2167522124946,-33.55108411051333,134.60000610351562],[151.216763779521,-33.5510821826756,134.8000030517578],[151.21681574732065,-33.55107732117176,135.1999969482422],[151.21686545200646,-33.55107279494405,135.39999389648438],[151.2168822158128,-33.55107421986759,135.60000610351562],[151.21691691689193,-33.55107589624822,135.8000030517578],[151.2170090340078,-33.551080590114,135.8000030517578],[151.2170339282602,-33.551081931218505,135.8000030517578],[151.2171478383243,-33.55108964256942,136.39999389648438],[151.21727448888123,-33.55110942386091,136.1999969482422],[151.21746316552162,-33.55112568475306,136],[151.21762158349156,-33.551130294799805,135.39999389648438],[151.21768637560308,-33.55112509801984,135.60000610351562],[151.21776080690324,-33.55111428536475,136],[151.21781562454998,-33.55109324678779,136.39999389648438],[151.21785124763846,-33.551075309515,136.39999389648438],[151.21793137863278,-33.55101236142218,136.8000030517578],[151.21794126927853,-33.55100439861417,136.8000030517578],[151.21804537251592,-33.55092569254339,137.1999969482422],[151.2181296106428,-33.5508369281888,137.1999969482422],[151.2182038743049,-33.55077205225825,137.39999389648438],[151.21829833835363,-33.55067172087729,138],[151.21844829060137,-33.55062352493405,139],[151.21856949292123,-33.55061271227896,139.8000030517578],[151.21858432888985,-33.55060927569866,139.8000030517578],[151.2185987457633,-33.55060525238514,140],[151.21872765943408,-33.55059301480651,140.39999389648438],[151.21876085177064,-33.550596954301,140.60000610351562],[151.21884760446846,-33.55059200897813,141.1999969482422],[151.21889412403107,-33.55059502646327,141.1999969482422],[151.21901725418866,-33.550586979836226,141.1999969482422],[151.2191682960838,-33.55053752660751,140.8000030517578],[151.21929469518363,-33.5504830442369,140.39999389648438],[151.21937700547278,-33.550442308187485,140.1999969482422],[151.21942930854857,-33.550418335944414,140],[151.21947331354022,-33.55040090158582,140],[151.21961086057127,-33.550333343446255,140],[151.21968001127243,-33.550344659015536,140],[151.21969979256392,-33.55034130625427,139.8000030517578],[151.21982560493052,-33.55027534067631,139.39999389648438],[151.21984630823135,-33.550261091440916,138.8000030517578],[151.2198675982654,-33.55024474672973,138.60000610351562],[151.21993423439562,-33.550203843042254,138],[151.2199645768851,-33.55019051581621,137.8000030517578],[151.21998284943402,-33.550185235217214,137.60000610351562],[151.22003473341465,-33.55017241090536,137.60000610351562],[151.22010002844036,-33.55016947723925,137.39999389648438],[151.2201947439462,-33.55022647418082,137.1999969482422],[151.22029935009778,-33.55026721023023,137.1999969482422],[151.22036330401897,-33.55030534788966,136.8000030517578],[151.22040529735386,-33.55033225379884,136.8000030517578],[151.2204860150814,-33.550432501360774,137.8000030517578],[151.22049590572715,-33.55044507421553,137.8000030517578],[151.22056614607573,-33.55053358711302,138.39999389648438],[151.22057779692113,-33.5505779273808,138.8000030517578],[151.22060168534517,-33.55062662623823,139.1999969482422],[151.22062247246504,-33.55064816772938,139.1999969482422],[151.22063789516687,-33.55065772309899,139.1999969482422],[151.22069807723165,-33.550711115822196,139.1999969482422],[151.22079715132713,-33.55079770088196,139.1999969482422],[151.22089681215584,-33.550869869068265,139.39999389648438],[151.22098213993013,-33.55092468671501,138.39999389648438],[151.22099177911878,-33.55093306861818,138.1999969482422],[151.22101700864732,-33.55095025151968,137.8000030517578],[151.22107517905533,-33.550998866558075,137.39999389648438],[151.2211532983929,-33.55105225928128,138.1999969482422],[151.22121708467603,-33.551085870712996,138.60000610351562],[151.2212421465665,-33.5511030536145,138.8000030517578],[151.2212843913585,-33.55112166143954,139.60000610351562],[151.2213446572423,-33.55114286765456,139.8000030517578],[151.22135857120156,-33.551143957301974,140],[151.22142705135047,-33.5511649120599,140.1999969482422],[151.22146166861057,-33.55117396451533,140.39999389648438],[151.22147767804563,-33.55117832310498,140.39999389648438],[151.22156250290573,-33.55120715685189,140.8000030517578],[151.2216578051448,-33.551246635615826,141],[151.22170315124094,-33.55126289650798,141.39999389648438],[151.22176165692508,-33.55127387680113,141.60000610351562],[151.22180172242224,-33.55127756483853,141.60000610351562],[151.22183206491172,-33.55128686875105,141.8000030517578],[151.22193097136915,-33.55133833363652,142],[151.22208695858717,-33.551375046372414,142.8000030517578],[151.22220380231738,-33.551420057192445,142.8000030517578],[151.22222777456045,-33.55143531225622,142.8000030517578],[151.22229365631938,-33.551489962264895,143.1999969482422],[151.22242826968431,-33.551597418263555,143.8000030517578],[151.22246774844825,-33.551656091585755,143.8000030517578],[151.22248233295977,-33.55167193338275,143.60000610351562],[151.22255366295576,-33.55172775685787,143.1999969482422],[151.22257034294307,-33.5517402458936,143.1999969482422],[151.22260604985058,-33.55176715180278,142.8000030517578],[151.2226105760783,-33.55177762918174,142.8000030517578],[151.22262155637145,-33.55178525671363,142.8000030517578],[151.22267872095108,-33.5518145095557,142.60000610351562],[151.22272783890367,-33.551835464313626,142.1999969482422],[151.22275600209832,-33.551843762397766,142.1999969482422],[151.22278785333037,-33.55185315012932,142],[151.22288315556943,-33.551881397143006,141.60000610351562],[151.2229777034372,-33.55191324837506,141.39999389648438],[151.22301693074405,-33.5519371367991,141.1999969482422],[151.2230347841978,-33.55194518342614,141.1999969482422],[151.22312681749463,-33.5519680660218,140.8000030517578],[151.2231592554599,-33.5519715026021,140.60000610351562],[151.22330158017576,-33.55196379125118,141],[151.22342554852366,-33.55196848511696,141.1999969482422],[151.223508361727,-33.5519836563617,141.1999969482422],[151.2235255446285,-33.55198508128524,141],[151.22357608750463,-33.55198575183749,141],[151.22370433062315,-33.55201500467956,140.8000030517578],[151.22384070418775,-33.55204626917839,140.8000030517578],[151.22387951239944,-33.55205557309091,140.8000030517578],[151.22390591539443,-33.55205900967121,140.8000030517578],[151.22402887791395,-33.55207887478173,140.8000030517578],[151.22419609688222,-33.55209614150226,140.8000030517578],[151.22431914322078,-33.552121203392744,140.8000030517578],[151.2244854401797,-33.552139392122626,140.8000030517578],[151.2246318720281,-33.552138805389404,140.8000030517578],[151.2247309461236,-33.55213763192296,140.8000030517578],[151.22479615733027,-33.552136877551675,140.8000030517578],[151.22495256364346,-33.552121203392744,140.8000030517578],[151.22500008903444,-33.55211231857538,138.1999969482422],[151.22508751228452,-33.552087089046836,138],[151.2252005841583,-33.552070492878556,137.1999969482422],[151.2252164259553,-33.552066972479224,137],[151.22530678287148,-33.55202238075435,136.60000610351562],[151.2253720778972,-33.55197602882981,136],[151.22541055083275,-33.55195742100477,135.60000610351562],[151.22551155276597,-33.55188206769526,135.1999969482422],[151.22554172761738,-33.55186161585152,135],[151.22559512034059,-33.55183219537139,134.39999389648438],[151.22561615891755,-33.55181744322181,134.1999969482422],[151.22564516030252,-33.55179883539677,134],[151.22569888830185,-33.551772348582745,133],[151.2257140595466,-33.55176379904151,133],[151.22572721913457,-33.551757261157036,133],[151.2258068472147,-33.551716106012464,131.8000030517578],[151.22582210227847,-33.55170805938542,131.60000610351562],[151.22591212391853,-33.55166279710829,130.8000030517578],[151.2259720545262,-33.551615523174405,129.8000030517578],[151.22598194517195,-33.551606303080916,129.60000610351562],[151.22603181749582,-33.551571099087596,128.60000610351562],[151.2260743137449,-33.551557436585426,127.4000015258789],[151.22611907310784,-33.55154067277908,126.19999694824219],[151.22615654021502,-33.55152650736272,124.80000305175781],[151.2261855416,-33.551516784355044,123.80000305175781],[151.2262244336307,-33.55150865390897,122.80000305175781],[151.22628277167678,-33.551495829597116,121.5999984741211],[151.22631462290883,-33.55148007161915,120.5999984741211],[151.22635661624372,-33.551463978365064,119.5999984741211],[151.22639793902636,-33.551448471844196,118.4000015258789],[151.22642283327878,-33.55143556371331,117.5999984741211],[151.22643490321934,-33.55143221095204,117.4000015258789],[151.22649592347443,-33.5514069814235,116.5999984741211],[151.2265233322978,-33.55139382183552,116.19999694824219],[151.22662634588778,-33.5513361543417,115.5999984741211],[151.2266681715846,-33.55132064782083,115.19999694824219],[151.22667839750648,-33.5513136908412,115],[151.2267083209008,-33.55129047296941,114.4000015258789],[151.22673229314387,-33.55127605609596,114],[151.22678719460964,-33.551241690292954,112.80000305175781],[151.22681787237525,-33.551222160458565,112],[151.22682826593518,-33.551214365288615,111.80000305175781],[151.2268666550517,-33.55119223706424,110.80000305175781],[151.22689615935087,-33.55117597617209,110],[151.22692993842065,-33.55114974081516,109.80000305175781],[151.22698375023901,-33.551126439124346,108.5999984741211],[151.22701191343367,-33.55111881159246,108.19999694824219],[151.22705264948308,-33.55110422708094,107.5999984741211],[151.2270846683532,-33.55109282769263,107],[151.22713018208742,-33.55106801725924,106.4000015258789],[151.22719958424568,-33.55105091817677,105.19999694824219],[151.22724920511246,-33.551037507131696,104.19999694824219],[151.22729178518057,-33.55101093649864,103],[151.22729019261897,-33.551005739718676,102.80000305175781],[151.22730804607272,-33.55099241249263,102.19999694824219],[151.22732900083065,-33.55097950436175,101.80000305175781],[151.22737074270844,-33.550957879051566,100.5999984741211],[151.22738792560995,-33.550945641472936,100],[151.22740670107305,-33.55093449354172,99.4000015258789],[151.22744299471378,-33.55090565979481,98.19999694824219],[151.22745682485402,-33.55089149437845,97.5999984741211],[151.2274739239365,-33.55087389238179,97],[151.2275104690343,-33.55085142888129,95.80000305175781],[151.22755120508373,-33.55082427151501,94.80000305175781],[151.22758146375418,-33.550798958167434,93.4000015258789],[151.22760887257755,-33.55077632702887,92.4000015258789],[151.22761440463364,-33.5507695376873,92],[151.22763083316386,-33.550757970660925,91.19999694824219],[151.2276563141495,-33.55074556544423,90],[151.22767182067037,-33.550737518817186,89.80000305175781],[151.22769428417087,-33.55072159320116,89],[151.22773066163063,-33.550683204084635,87.80000305175781],[151.227771313861,-33.55065110139549,86.80000305175781],[151.2277810368687,-33.55064582079649,86.19999694824219],[151.22780174016953,-33.55062712915242,85.5999984741211],[151.22782856225967,-33.550600139424205,84.4000015258789],[151.22785278595984,-33.55057063512504,83.4000015258789],[151.22785991057754,-33.55056342668831,83],[151.227884888649,-33.550547920167446,82.19999694824219],[151.22790643014014,-33.55052235536277,81],[151.22791380621493,-33.55051590129733,80.80000305175781],[151.2279232777655,-33.55050886049867,80.19999694824219],[151.2279290612787,-33.55050307698548,80],[151.22794951312244,-33.55047415941954,79],[151.227966863662,-33.55044348165393,78.19999694824219],[151.2279716413468,-33.550435015931726,77.80000305175781],[151.22798991389573,-33.55039855465293,76.5999984741211],[151.22800759971142,-33.55037265457213,75.80000305175781],[151.22801137156785,-33.55036343447864,75.4000015258789],[151.22803190723062,-33.550333846360445,74.4000015258789],[151.22804422862828,-33.55029730126262,73.80000305175781],[151.2280505988747,-33.550278106704354,73],[151.2280503474176,-33.55026913806796,72.4000015258789],[151.2280495930463,-33.55025036260486,71.80000305175781],[151.2280661892146,-33.55021549388766,70.5999984741211],[151.22806803323328,-33.550207782536745,70.19999694824219],[151.22805755585432,-33.55018297210336,69.5999984741211],[151.22805546037853,-33.550153970718384,69],[151.22804221697152,-33.55012748390436,68.4000015258789],[151.22802645899355,-33.55009370483458,67.19999694824219],[151.22802251949906,-33.55008683167398,67],[151.2280234415084,-33.5500580817461,66],[151.22800827026367,-33.55004416778684,65.4000015258789],[151.22799712233245,-33.55002832598984,64.80000305175781],[151.2279806099832,-33.549993792548776,63.79999923706055],[151.22797541320324,-33.549986919388175,63.599998474121094],[151.22795923613012,-33.549974262714386,62.79999923706055],[151.22793970629573,-33.54995112866163,61.400001525878906],[151.22791154310107,-33.54991491883993,60.20000076293945],[151.2278838828206,-33.549887258559465,59],[151.22788270935416,-33.54987636208534,58.79999923706055],[151.2278777640313,-33.54986663907766,58.400001525878906],[151.227866448462,-33.549851132556796,57.79999923706055],[151.22783132828772,-33.54982548393309,56.79999923706055],[151.22781204991043,-33.54979841038585,55.79999923706055],[151.22779578901827,-33.54977812618017,55],[151.22779017314315,-33.54977351613343,54.599998474121094],[151.22776804491878,-33.54974392801523,53.599998474121094],[151.2277438212186,-33.54971149004996,52.599998474121094],[151.22771875932813,-33.549680057913065,51.20000076293945],[151.22768707573414,-33.54965533129871,50],[151.22766276821494,-33.549636639654636,49],[151.22763577848673,-33.54961425997317,47.79999923706055],[151.22760459780693,-33.54959280230105,47.20000076293945],[151.22759504243731,-33.54958634823561,46.79999923706055],[151.22755606658757,-33.54957369156182,45.599998474121094],[151.22753569856286,-33.54956832714379,45],[151.22750401496887,-33.549552988260984,44.400001525878906],[151.22746872715652,-33.549543181434274,44.20000076293945],[151.2274475209415,-33.549521723762155,44],[151.2274477723986,-33.5495263338089,44],[151.22743704356253,-33.54952583089471,44],[151.22744190506637,-33.54952541179955,44],[151.22743821702898,-33.54952205903828,44],[151.22743360698223,-33.549517784267664,43.79999923706055],[151.22743184678257,-33.54951811954379,43.79999923706055]]},"properties":{"name":"Brooklyn Hiking"}}]}
