{"type":"FeatureCollection","features":[{"type":"Feature","geometry":{"type":"LineString","coordinates":[[151.00761878304183,-33.74862444587052,106],[151.00762599147856,-33.748621344566345,106],[151.00763948634267,-33.74861966818571,105.80000305175781],[151.00773428566754,-33.74863224104047,105.19999694824219],[151.00780519656837,-33.748669289052486,105],[151.0078129079193,-33.74867825768888,104.80000305175781],[151.00785012356937,-33.74871052801609,104.4000015258789],[151.0078768618405,-33.74873491935432,104],[151.00789915770292,-33.74875201843679,103.80000305175781],[151.00790795870125,-33.74875981360674,103.5999984741211],[151.00794123485684,-33.74880432151258,102.80000305175781],[151.00796160288155,-33.74883072450757,102.5999984741211],[151.00798213854432,-33.74884497374296,102.4000015258789],[151.00801868364215,-33.748879758641124,102],[151.00803486071527,-33.748889146372676,101.80000305175781],[151.00807425566018,-33.74890750274062,101.4000015258789],[151.00809395313263,-33.74892217107117,101.4000015258789],[151.0081739164889,-33.74894983135164,101.19999694824219],[151.00821565836668,-33.74895628541708,101.19999694824219],[151.00823627784848,-33.74896449968219,101],[151.00827550515532,-33.748985370621085,101],[151.0083055961877,-33.7489965185523,101],[151.00832822732627,-33.74900716356933,100.80000305175781],[151.00835010409355,-33.74901453964412,100.80000305175781],[151.00835806690156,-33.74901772476733,100.5999984741211],[151.0084506869316,-33.74907757155597,100.80000305175781],[151.00846501998603,-33.74908201396465,100.80000305175781],[151.00850449874997,-33.74907413497567,100.80000305175781],[151.00861069746315,-33.74911512248218,100.5999984741211],[151.0087096877396,-33.74910204671323,99.80000305175781],[151.00873013958335,-33.74910824932158,99.5999984741211],[151.00876819342375,-33.74911109916866,99.5999984741211],[151.00878428667784,-33.749115290120244,99.4000015258789],[151.0088066663593,-33.74912534840405,99.4000015258789],[151.00882745347917,-33.74912593513727,99.19999694824219],[151.00885536521673,-33.7491312995553,99.19999694824219],[151.0088759008795,-33.74913984909654,99.19999694824219],[151.00888889282942,-33.74914051964879,99.19999694824219],[151.00894681178033,-33.74914152547717,99.19999694824219],[151.0090249311179,-33.749164240434766,99.19999694824219],[151.0090611409396,-33.74918167479336,99.19999694824219],[151.0090732946992,-33.74918980523944,99],[151.00914026610553,-33.74923230148852,99.19999694824219],[151.00915065966547,-33.74924395233393,99.19999694824219],[151.0091914795339,-33.7492713611573,99.4000015258789],[151.00922333076596,-33.7492901366204,99.4000015258789],[151.00925660692155,-33.74931477941573,99.4000015258789],[151.00931108929217,-33.74938971363008,99.4000015258789],[151.00931896828115,-33.749400693923235,99.4000015258789],[151.00935710594058,-33.749434389173985,99.5999984741211],[151.009376719594,-33.74947554431856,99.5999984741211],[151.00937839597464,-33.74950027093291,99.5999984741211],[151.00937177427113,-33.749531116336584,99.4000015258789],[151.00938627496362,-33.749549305066466,99.4000015258789],[151.00943279452622,-33.74958107247949,99.19999694824219],[151.0094684176147,-33.749645529314876,98.80000305175781],[151.0094763804227,-33.74965709634125,98.5999984741211],[151.00953781977296,-33.749718787148595,97.80000305175781],[151.0095495544374,-33.749730102717876,97.4000015258789],[151.00958584807813,-33.749778466299176,96.80000305175781],[151.00962264463305,-33.749825321137905,96.19999694824219],[151.00963639095426,-33.749836133792996,96],[151.00967754609883,-33.74987477436662,95],[151.00969020277262,-33.74988902360201,94.4000015258789],[151.0097067989409,-33.74991341494024,93.80000305175781],[151.0097168572247,-33.74992623925209,93.4000015258789],[151.00974468514323,-33.7499481998384,93],[151.0097710043192,-33.74998088926077,92.80000305175781],[151.00979841314256,-33.75001994892955,92.4000015258789],[151.00980821996927,-33.750031013041735,92.4000015258789],[151.00981928408146,-33.75003671273589,92.19999694824219],[151.0098770353943,-33.75007661059499,92.19999694824219],[151.00990377366543,-33.75008583068848,92],[151.00993084721267,-33.750093542039394,92],[151.0099708288908,-33.75013620592654,91.80000305175781],[151.01007057353854,-33.75021164305508,91.80000305175781],[151.0101074539125,-33.75022823922336,92],[151.010159002617,-33.75026679597795,92.5999984741211],[151.01016998291016,-33.750278782099485,92.5999984741211],[151.0102123953402,-33.750325636938214,93.5999984741211],[151.01022027432919,-33.75033804215491,93.80000305175781],[151.0102300811559,-33.750350531190634,94],[151.0102465096861,-33.75037542544305,94.80000305175781],[151.0102580767125,-33.75038464553654,95],[151.01030208170414,-33.75041574239731,95.5999984741211],[151.01031457073987,-33.75042395666242,95.80000305175781],[151.01032295264304,-33.75043208710849,96],[151.01032957434654,-33.75043921172619,96],[151.01034281775355,-33.75044608488679,96.19999694824219],[151.01041213609278,-33.75047936104238,96.5999984741211],[151.01046645082533,-33.75048514455557,96.80000305175781],[151.01061447523534,-33.75049017369747,96.4000015258789],[151.0106513556093,-33.750496208667755,96.19999694824219],[151.01072821766138,-33.750518253073096,95.80000305175781],[151.0108106955886,-33.750554379075766,95.4000015258789],[151.01082335226238,-33.750560246407986,95.19999694824219],[151.0108363442123,-33.750568209216,95.19999694824219],[151.010912200436,-33.750633085146546,95],[151.0109272878617,-33.750644735991955,95],[151.01095251739025,-33.75066418200731,95],[151.0109671857208,-33.7506736535579,95],[151.01100138388574,-33.7507114559412,94.80000305175781],[151.01102988235652,-33.750741546973586,94.5999984741211],[151.01103927008808,-33.75075344927609,94.5999984741211],[151.01107547990978,-33.75081254169345,93.80000305175781],[151.01114203222096,-33.75090038403869,92.80000305175781],[151.01114706136286,-33.750912034884095,92.80000305175781],[151.01117631420493,-33.750991662964225,92.5999984741211],[151.01117405109107,-33.7510603107512,92.4000015258789],[151.01117790676653,-33.75107481144369,92.4000015258789],[151.0111767333001,-33.75108973123133,92.4000015258789],[151.01116499863565,-33.75112493522465,92.5999984741211],[151.0111622326076,-33.75114371068776,92.4000015258789],[151.01114354096353,-33.75132073648274,92.19999694824219],[151.0111384280026,-33.751353258267045,92.4000015258789],[151.01113566197455,-33.751396257430315,92.5999984741211],[151.01112744770944,-33.75142517499626,92.5999984741211],[151.0110805928707,-33.751525757834315,92.5999984741211],[151.01099048741162,-33.75166590325534,92.80000305175781],[151.0109827760607,-33.75167839229107,92.80000305175781],[151.01097757928073,-33.75169448554516,92.80000305175781],[151.01094732061028,-33.75176782719791,92.80000305175781],[151.01092183962464,-33.75187670812011,92.4000015258789],[151.0108796786517,-33.75193295069039,92.5999984741211],[151.01085956208408,-33.751953067258,92.5999984741211],[151.01084707304835,-33.75197251327336,92.80000305175781],[151.01080851629376,-33.752031521871686,93],[151.01077197119594,-33.752067647874355,93],[151.0107607394457,-33.75207326374948,93],[151.01070835255086,-33.7521034386009,93.4000015258789],[151.0106733161956,-33.75214199535549,93.5999984741211],[151.0106495115906,-33.752173176035285,93.80000305175781],[151.01064138114452,-33.752183401957154,93.80000305175781],[151.01063224487007,-33.75219429843128,94],[151.01059628650546,-33.752245008945465,93.80000305175781],[151.01058304309845,-33.7522551510483,93.80000305175781],[151.01056007668376,-33.75228038057685,93.5999984741211],[151.01052906364202,-33.752333018928766,93.5999984741211],[151.01051439531147,-33.752360763028264,93.4000015258789],[151.01046418771148,-33.752398984506726,93.4000015258789],[151.01044130511582,-33.75240258872509,93.4000015258789],[151.010351954028,-33.752398481592536,94.19999694824219],[151.01032504811883,-33.75240853987634,94.4000015258789],[151.01029043085873,-33.75244366005063,94.80000305175781],[151.01027827709913,-33.75244843773544,94.80000305175781],[151.0102512035519,-33.752463441342115,94.80000305175781],[151.01023251190782,-33.75247601419687,94.80000305175781],[151.01020309142768,-33.75248431228101,94.5999984741211],[151.0100973956287,-33.752481043338776,95],[151.0100794583559,-33.75248766504228,95],[151.01003360934556,-33.752499148249626,95.5999984741211],[151.01002229377627,-33.752498645335436,95.5999984741211],[151.0099967289716,-33.75250627286732,95.80000305175781],[151.00996563211083,-33.75252915546298,96],[151.00993520580232,-33.75253904610872,96],[151.00987904705107,-33.75253586098552,96.19999694824219],[151.0098344553262,-33.752548433840275,96.4000015258789],[151.00976907648146,-33.75255539081991,96.4000015258789],[151.0097311064601,-33.75256980769336,96.4000015258789],[151.0096975788474,-33.752570897340775,96.4000015258789],[151.0096740256995,-33.75257802195847,96.19999694824219],[151.00963530130684,-33.75260836444795,96.19999694824219],[151.00960093550384,-33.752618841826916,96.19999694824219],[151.00946414284408,-33.75267189927399,96],[151.00937428884208,-33.75270886346698,95.80000305175781],[151.0093391686678,-33.75271917320788,95.80000305175781],[151.00932114757597,-33.75272520817816,95.80000305175781],[151.0092699341476,-33.752721352502704,95.5999984741211],[151.00924252532423,-33.75271732918918,95.5999984741211],[151.00920354947448,-33.752730656415224,95.80000305175781],[151.00919265300035,-33.75273836776614,95.80000305175781],[151.0091814212501,-33.7527440674603,95.80000305175781],[151.00916180759668,-33.75276753678918,95],[151.00915996357799,-33.75277700833976,95],[151.00915862247348,-33.75278849154711,94.80000305175781],[151.0091243404895,-33.75280575826764,94.4000015258789],[151.00910732522607,-33.75282193534076,93.80000305175781],[151.00905250757933,-33.75286200083792,93.19999694824219],[151.00904094055295,-33.75287407077849,93.19999694824219],[151.00901084952056,-33.752900222316384,93.19999694824219],[151.00898075848818,-33.75292251817882,92.80000305175781],[151.00896692834795,-33.75292109325528,92.80000305175781],[151.00893222726882,-33.75292545184493,92.4000015258789],[151.00888788700104,-33.752924697473645,91.5999984741211],[151.00887782871723,-33.75292486511171,91.19999694824219],[151.008842876181,-33.75292302109301,90.4000015258789],[151.0088351648301,-33.752927631139755,90.4000015258789],[151.00881161168218,-33.75294992700219,89.4000015258789],[151.0088064149022,-33.7529565487057,89.4000015258789],[151.0088071692735,-33.75298077240586,88.5999984741211],[151.00881580263376,-33.75298311933875,88.4000015258789],[151.00882032886147,-33.75298555009067,88.4000015258789],[151.00886542350054,-33.75299912877381,88.19999694824219],[151.0088912397623,-33.753011198714375,88],[151.00896298885345,-33.75301128253341,88],[151.00901998579502,-33.75303106382489,88],[151.0090283676982,-33.75303969718516,87.4000015258789],[151.00903959944844,-33.753029806539416,87],[151.0090704448521,-33.75301673077047,86.19999694824219],[151.00910011678934,-33.753020921722054,85.4000015258789],[151.00910321809351,-33.753020502626896,85.19999694824219],[151.0091195628047,-33.753021927550435,84.80000305175781],[151.009122999385,-33.75302075408399,84.5999984741211],[151.00912844762206,-33.75302167609334,84.4000015258789],[151.00913071073592,-33.753038020804524,84.19999694824219],[151.00913314148784,-33.75306601636112,83],[151.00913548842072,-33.753083031624556,82.19999694824219],[151.00913104601204,-33.75310524366796,81.5999984741211],[151.00912031717598,-33.75317615456879,80.80000305175781],[151.00911210291088,-33.753195852041245,80.5999984741211],[151.00910807959735,-33.75321337021887,80.19999694824219],[151.00910514593124,-33.75322636216879,79.5999984741211],[151.00907430052757,-33.75324731692672,78.80000305175781],[151.00906005129218,-33.75325636938214,78.5999984741211],[151.0089974384755,-33.75330121256411,77.5999984741211],[151.00899081677198,-33.75331085175276,77.4000015258789],[151.0089737176895,-33.75332669354975,77],[151.0089712869376,-33.753347313031554,76.4000015258789],[151.00897413678467,-33.75337430275977,76],[151.0089636594057,-33.75340338796377,75.19999694824219],[151.00892183370888,-33.75342518091202,73.80000305175781],[151.00890984758735,-33.753428030759096,73.5999984741211],[151.00888344459236,-33.7534452136606,72.80000305175781],[151.00884212180972,-33.753464575856924,72],[151.00882736966014,-33.753464575856924,71.5999984741211],[151.00881479680538,-33.75348385423422,71.19999694824219],[151.00878462195396,-33.75351017341018,70.80000305175781],[151.00877800025046,-33.75352350063622,70.5999984741211],[151.00872695446014,-33.753567254170775,69.5999984741211],[151.00869392976165,-33.753578402101994,68.80000305175781],[151.00865218788385,-33.753595585003495,68.5999984741211],[151.00863710045815,-33.75359667465091,68.5999984741211],[151.00862301886082,-33.753598518669605,68.4000015258789],[151.00860902108252,-33.753602877259254,68.4000015258789],[151.00855780765414,-33.75362575985491,67.4000015258789],[151.00854179821908,-33.75362165272236,67],[151.008538948372,-33.753647133708,66.19999694824219],[151.00854188203812,-33.75365283340216,66],[151.00854850374162,-33.753670351579785,65.19999694824219],[151.00854506716132,-33.75367412343621,64.5999984741211],[151.0085397027433,-33.7536799069494,64.19999694824219],[151.00853324867785,-33.75368468463421,64],[151.00848941132426,-33.753688959404826,63.79999923706055],[151.00847910158336,-33.753708992153406,63.400001525878906],[151.0084752459079,-33.75371687114239,63],[151.00847541354597,-33.75372148118913,62.79999923706055],[151.00847273133695,-33.75372567214072,62.79999923706055],[151.00846501998603,-33.753735311329365,62.400001525878906],[151.00846560671926,-33.753743190318346,62.400001525878906],[151.00846711546183,-33.75374696217477,62.20000076293945],[151.0084665287286,-33.753750985488296,62],[151.0084662772715,-33.75375282950699,61.79999923706055],[151.00846594199538,-33.75375299714506,61.79999923706055],[151.00846904329956,-33.753757774829865,61.79999923706055],[151.0084578115493,-33.75375651754439,61.79999923706055],[151.00846501998603,-33.75373740680516,62],[151.008494021371,-33.753731455653906,63],[151.0084972064942,-33.753731958568096,63.20000076293945],[151.00855093449354,-33.753726091235876,63.79999923706055],[151.00856501609087,-33.753731874749064,63.79999923706055],[151.00858655758202,-33.75374000519514,63.400001525878906],[151.00858957506716,-33.75374394468963,62.400001525878906],[151.0085920896381,-33.75374427996576,62],[151.00862687453628,-33.75375056639314,60.79999923706055],[151.0086377710104,-33.75375006347895,60.599998474121094],[151.0086660180241,-33.753755846992135,59.599998474121094],[151.00869392976165,-33.75378702767193,58.599998474121094],[151.00869451649487,-33.75379264354706,58.400001525878906],[151.00875788368285,-33.753834050148726,57.79999923706055],[151.0087823588401,-33.753828601911664,57.79999923706055],[151.00881638936698,-33.753819297999144,58.20000076293945],[151.00885276682675,-33.75376179814339,58.79999923706055],[151.0088727157563,-33.75374981202185,58.79999923706055],[151.00891403853893,-33.75374134629965,58.79999923706055],[151.00896013900638,-33.75373296439648,59],[151.00898151285946,-33.75371561385691,59.400001525878906],[151.00898352451622,-33.75371318310499,59.599998474121094],[151.0089969355613,-33.753710417076945,59.400001525878906],[151.0090672597289,-33.753697173669934,59.599998474121094],[151.00915644317865,-33.753671273589134,59.79999923706055],[151.00926607847214,-33.75363967381418,59.79999923706055],[151.00942608900368,-33.753614611923695,60.400001525878906],[151.00948828272521,-33.75360203906894,60.599998474121094],[151.0095263365656,-33.75358938239515,60.599998474121094],[151.0095627978444,-33.75358519144356,60.400001525878906],[151.00960043258965,-33.75357714481652,60.599998474121094],[151.00960697047412,-33.75357873737812,60.599998474121094],[151.00961971096694,-33.75358359888196,60.599998474121094],[151.0096634645015,-33.75359156168997,60.79999923706055],[151.009767819196,-33.75359231606126,60.599998474121094],[151.00979547947645,-33.753590220585465,60.79999923706055],[151.0098574217409,-33.753564823418856,61],[151.00990176200867,-33.75355099327862,61],[151.00991869345307,-33.7535350676626,61],[151.00994526408613,-33.75352333299816,61],[151.01007987745106,-33.75346683897078,60.79999923706055],[151.01012933067977,-33.75344236381352,60.79999923706055],[151.0101407300681,-33.75343557447195,60.79999923706055],[151.01014927960932,-33.753431886434555,60.79999923706055],[151.01019747555256,-33.75341696664691,60.599998474121094],[151.01024340838194,-33.75340020284057,60.79999923706055],[151.01035891100764,-33.753364412114024,60.599998474121094],[151.0105009842664,-33.753327364102006,60.599998474121094],[151.01051070727408,-33.75332300551236,60.599998474121094],[151.01058094762266,-33.753269193693995,60.400001525878906],[151.01059444248676,-33.7532515078783,60.400001525878906],[151.01064196787775,-33.7532292958349,60.599998474121094],[151.0106677841395,-33.75322141684592,60.599998474121094],[151.01073190569878,-33.7531896494329,60.599998474121094],[151.01084397174418,-33.75312787480652,61],[151.01087221875787,-33.75309753231704,61.20000076293945],[151.01089350879192,-33.75306325033307,61.20000076293945],[151.01091437973082,-33.753034584224224,61.599998474121094],[151.0109341610223,-33.75300206243992,61.599998474121094],[151.0109806805849,-33.75289804302156,61.599998474121094],[151.01102116517723,-33.75283467583358,61.599998474121094],[151.01104530505836,-33.75281740911305,61.599998474121094],[151.0110586322844,-33.752813301980495,61.79999923706055],[151.01107405498624,-33.75277399085462,61.79999923706055],[151.01107547990978,-33.75276359729469,61.79999923706055],[151.0110818501562,-33.75275052152574,61.79999923706055],[151.0111233405769,-33.7527078576386,62],[151.01117933169007,-33.75264063477516,62.400001525878906],[151.0111934132874,-33.75261968001723,62.400001525878906],[151.01123708300292,-33.752566454932094,62.20000076293945],[151.0112756397575,-33.752515995875,62.79999923706055],[151.01130908355117,-33.7524953763932,62.79999923706055],[151.01132308132946,-33.75242857262492,62.599998474121094],[151.0113250091672,-33.75240300782025,62.599998474121094],[151.01133540272713,-33.752369564026594,62.400001525878906],[151.01135241799057,-33.75233679078519,62.400001525878906],[151.0114384163171,-33.75228205695748,62.79999923706055],[151.01147973909974,-33.75226956792176,63],[151.01161108352244,-33.75223352573812,63],[151.0116669908166,-33.75223344191909,62.79999923706055],[151.01177712902427,-33.752209888771176,62.79999923706055],[151.01182339712977,-33.752180552110076,62.400001525878906],[151.01184217259288,-33.75217862427235,62.400001525878906],[151.01190084591508,-33.75216705724597,62.599998474121094],[151.01205138489604,-33.75212799757719,62.20000076293945],[151.01208080537617,-33.75211827456951,62.400001525878906],[151.01209580898285,-33.75209782272577,63],[151.0120978206396,-33.75208801589906,63],[151.01209840737283,-33.75207611359656,63.20000076293945],[151.01211064495146,-33.75203034840524,63.20000076293945],[151.01211559027433,-33.75192272476852,63],[151.01212455891073,-33.75182800926268,63],[151.01212489418685,-33.75181476585567,63],[151.01212640292943,-33.751802863553166,63.20000076293945],[151.0121508780867,-33.75173966400325,63],[151.01214366964996,-33.75172826461494,63],[151.01211139932275,-33.75166338868439,63.599998474121094],[151.01210167631507,-33.751653246581554,63.79999923706055],[151.01210008375347,-33.75164276920259,63.79999923706055],[151.0120843257755,-33.75160186551511,64],[151.01208742707968,-33.75157864764333,64],[151.0120891034603,-33.751496002078056,64.19999694824219],[151.0120850801468,-33.751454427838326,64.4000015258789],[151.01207996718585,-33.75144043006003,64.5999984741211],[151.01206127554178,-33.751415284350514,64.5999984741211],[151.01205725222826,-33.75140396878123,64.5999984741211],[151.01205951534212,-33.75139005482197,64.5999984741211],[151.01204409264028,-33.7513486482203,64.4000015258789],[151.01204115897417,-33.75132132321596,64.5999984741211],[151.0120137501508,-33.75124731101096,64.80000305175781],[151.01200545206666,-33.751237504184246,64.80000305175781],[151.01199413649738,-33.751206239685416,64.5999984741211],[151.01198525168002,-33.75115661881864,64.5999984741211],[151.01196052506566,-33.75102326273918,64.19999694824219],[151.01196345873177,-33.750980934128165,64.19999694824219],[151.0119683202356,-33.75097087584436,64],[151.0119590163231,-33.750925697386265,63.79999923706055],[151.01194971241057,-33.75091429799795,64],[151.01197158917785,-33.75086283311248,64],[151.011977288872,-33.75082142651081,64.19999694824219],[151.01198474876583,-33.75080038793385,64.19999694824219],[151.01203369908035,-33.750680359080434,64.4000015258789],[151.01203059777617,-33.750643311068416,64.80000305175781],[151.01202875375748,-33.75059469603002,65],[151.01205515675247,-33.75055915676057,65.4000015258789],[151.0120623651892,-33.75054725445807,65.80000305175781],[151.01207485422492,-33.750525545328856,66],[151.01208239793777,-33.75049629248679,66.19999694824219],[151.01208097301424,-33.75040861777961,66.5999984741211],[151.01208491250873,-33.750394117087126,66.5999984741211],[151.01208239793777,-33.75032932497561,66.80000305175781],[151.01209765300155,-33.75032085925341,66.80000305175781],[151.01211198605597,-33.750252379104495,66.5999984741211],[151.01212615147233,-33.75024785287678,66.80000305175781],[151.01214861497283,-33.75022220425308,67.80000305175781],[151.01214660331607,-33.750214241445065,68.19999694824219],[151.01213168352842,-33.75016872771084,68.19999694824219],[151.0121281631291,-33.750156657770276,67.80000305175781],[151.01211952976882,-33.750095553696156,67.80000305175781],[151.01210737600923,-33.750041741877794,68.4000015258789],[151.0120969824493,-33.75000980682671,68.80000305175781],[151.01209153421223,-33.74998206272721,68.4000015258789],[151.01202841848135,-33.74996664002538,67.4000015258789],[151.01197536103427,-33.74996043741703,68.19999694824219],[151.0119254887104,-33.749966472387314,69],[151.01188148371875,-33.74997401610017,69.4000015258789],[151.01183496415615,-33.74997862614691,69.80000305175781],[151.0118115786463,-33.749974770471454,69.80000305175781],[151.01179481483996,-33.74997099861503,69.80000305175781],[151.01165835745633,-33.749960605055094,69.80000305175781],[151.01164762862027,-33.74995314516127,69.80000305175781],[151.01157562807202,-33.749938644468784,70],[151.0115203075111,-33.749932777136564,70.19999694824219],[151.0114772245288,-33.74993126839399,70],[151.01143539883196,-33.74993747100234,69.4000015258789],[151.01140631362796,-33.749944092705846,69.19999694824219],[151.0113234166056,-33.749945517629385,69],[151.01130355149508,-33.74994669109583,69],[151.0112018790096,-33.74995096586645,69],[151.01119031198323,-33.74995599500835,69],[151.01113826036453,-33.74995892867446,69.4000015258789],[151.01107749156654,-33.7499725073576,69.80000305175781],[151.01104815490544,-33.74997125007212,70],[151.01098285987973,-33.74998482875526,70],[151.01092929951847,-33.749975357204676,70.5999984741211],[151.01091127842665,-33.749974854290485,70.5999984741211],[151.01089912466705,-33.74997351318598,70.80000305175781],[151.01085000671446,-33.74997326172888,70.80000305175781],[151.01082041859627,-33.74996731057763,70.80000305175781],[151.01078940555453,-33.74997460283339,70.80000305175781],[151.01077943108976,-33.749973345547915,70.80000305175781],[151.01071857847273,-33.74998382292688,70.80000305175781],[151.01069804280996,-33.749977787956595,71],[151.01066367700696,-33.74997745268047,71.4000015258789],[151.01054876111448,-33.74997468665242,71.5999984741211],[151.01048556156456,-33.749970411881804,71.5999984741211],[151.01046008057892,-33.7499672267586,71.80000305175781],[151.0104314982891,-33.749971417710185,71.5999984741211],[151.01035974919796,-33.75000041909516,71.19999694824219],[151.0102890059352,-33.749975860118866,72.19999694824219],[151.01025765761733,-33.74996529892087,72.5999984741211],[151.01017836481333,-33.74994174577296,73.4000015258789],[151.01016336120665,-33.749936213716865,73.4000015258789],[151.01013394072652,-33.7499188631773,73.80000305175781],[151.01011181250215,-33.749892711639404,74],[151.0100709926337,-33.74985641799867,74.4000015258789],[151.0100514627993,-33.74983864836395,74.4000015258789],[151.01004366762936,-33.74983127228916,74.4000015258789],[151.01003729738295,-33.74977963976562,74.80000305175781],[151.01005464792252,-33.74976748600602,74.80000305175781],[151.01006613112986,-33.7497497163713,74.80000305175781],[151.0100643709302,-33.74973060563207,74.5999984741211],[151.01005867123604,-33.74971375800669,74.5999984741211],[151.01005188189447,-33.74969665892422,74.4000015258789],[151.01004836149514,-33.74965609051287,74.4000015258789],[151.0100561566651,-33.74958367086947,74.4000015258789],[151.01007426157594,-33.74949239194393,75.19999694824219],[151.0100789554417,-33.749475963413715,75.19999694824219],[151.01008624769747,-33.74944478273392,75.4000015258789],[151.01008934900165,-33.74942977912724,75.5999984741211],[151.0101227927953,-33.749390384182334,76],[151.01012472063303,-33.74935316853225,76.5999984741211],[151.01012815721333,-33.74932458624244,76.80000305175781],[151.01012262515724,-33.74925769865513,77.5999984741211],[151.01010845974088,-33.74921855516732,78.4000015258789],[151.01010778918862,-33.749203300103545,78.80000305175781],[151.01009605452418,-33.74914496205747,80],[151.01008431985974,-33.74911721795797,81],[151.0100755188614,-33.74910129234195,81.5999984741211],[151.01006001234055,-33.749072374776006,82.19999694824219],[151.0100358724594,-33.74903406947851,83.19999694824219],[151.0100292507559,-33.74902166426182,83.4000015258789],[151.01000351831317,-33.74899844639003,84.19999694824219],[151.00996957160532,-33.748992662876844,85.19999694824219],[151.0099616087973,-33.74898352660239,85.4000015258789],[151.0099153406918,-33.7489898968488,86.5999984741211],[151.0098632890731,-33.7489898968488,87.80000305175781],[151.00982900708914,-33.74899643473327,88.19999694824219],[151.00982137955725,-33.748997608199716,88.4000015258789],[151.00979950278997,-33.74900942668319,88.80000305175781],[151.00976823829114,-33.74902375973761,89.4000015258789],[151.00974552333355,-33.74903365038335,89.80000305175781],[151.00973580032587,-33.74903507530689,90],[151.00968106649816,-33.74904773198068,91],[151.00964879617095,-33.74907698482275,91.5999984741211],[151.00962708704174,-33.749095257371664,92],[151.0095939785242,-33.74912006780505,92.80000305175781],[151.009580232203,-33.74912912026048,93.19999694824219],[151.00956263020635,-33.749134819954634,93.19999694824219],[151.00951393134892,-33.74917681328952,94.19999694824219],[151.00950370542705,-33.74918485991657,94.19999694824219],[151.00947311148047,-33.74919139780104,94.5999984741211],[151.00943304598331,-33.74920262955129,95.4000015258789],[151.00942390970886,-33.74920749105513,95.5999984741211],[151.00939222611487,-33.749244287610054,96],[151.00938350893557,-33.749250657856464,96.19999694824219],[151.0093743726611,-33.74925241805613,96.4000015258789],[151.009350316599,-33.74928175471723,97.4000015258789],[151.00934880785644,-33.74927865341306,97.5999984741211],[151.0093513224274,-33.74927546828985,97.5999984741211],[151.0093513224274,-33.74927546828985,97.5999984741211],[151.00928468629718,-33.74932810664177,98.4000015258789],[151.00927244871855,-33.74936222098768,98.5999984741211],[151.00928007625043,-33.74942064285278,98.80000305175781],[151.00928468629718,-33.7494301982224,99],[151.009310670197,-33.7494542542845,99],[151.0093320440501,-33.749489625915885,98.80000305175781],[151.0093579441309,-33.74952801503241,98.80000305175781],[151.00935727357864,-33.74953874386847,98.5999984741211],[151.00936565548182,-33.74956397339702,98.4000015258789],[151.00943916477263,-33.74963630922139,98.19999694824219],[151.00945022888482,-33.74964477494359,98],[151.00947059690952,-33.74965759925544,97.80000305175781],[151.00949163548648,-33.749684169888496,97.4000015258789],[151.00951720029116,-33.74971769750118,96.80000305175781],[151.0095403343439,-33.74974510632455,96.19999694824219],[151.00956631824374,-33.749771593138576,95.5999984741211],[151.00957000628114,-33.74978190287948,95.4000015258789],[151.0095852613449,-33.74980445019901,95.19999694824219],[151.0095944814384,-33.74981911852956,96.5999984741211],[151.00962876342237,-33.74985826201737,96.5999984741211],[151.0096389055252,-33.74986756592989,96.19999694824219],[151.0096555016935,-33.74988357536495,95.4000015258789],[151.00966866128147,-33.749900506809354,94.80000305175781],[151.00969087332487,-33.74991836026311,94.4000015258789],[151.00969682447612,-33.749926406890154,94.19999694824219],[151.0097556654364,-33.750005196779966,93.5999984741211],[151.00977133959532,-33.75002355314791,93.19999694824219],[151.00979095324874,-33.75004107132554,92.80000305175781],[151.0098252352327,-33.75006387010217,92.5999984741211],[151.0099089704454,-33.750117514282465,92.4000015258789],[151.00992707535625,-33.7501313444227,92.4000015258789],[151.00994350388646,-33.75014056451619,92.4000015258789],[151.00995649583638,-33.750146850943565,92.4000015258789],[151.0100041050464,-33.750173253938556,92.4000015258789],[151.0100398119539,-33.75019311904907,92.4000015258789],[151.01006445474923,-33.75022706575692,92.19999694824219],[151.01007560268044,-33.75023368746042,91.80000305175781],[151.01008834317327,-33.75024290755391,91.80000305175781],[151.0101383831352,-33.75027593225241,92],[151.01014609448612,-33.750282721593976,92],[151.01019789464772,-33.75034835189581,92.80000305175781],[151.01020149886608,-33.750358410179615,93],[151.01021415553987,-33.75039202161133,93.80000305175781],[151.01022019051015,-33.7504059355706,94.19999694824219],[151.010269979015,-33.75043426640332,95],[151.01028121076524,-33.75044273212552,95.19999694824219],[151.0102903470397,-33.7504609208554,95.19999694824219],[151.01037659682333,-33.75050341710448,95.5999984741211],[151.01038992404938,-33.75051054172218,95.5999984741211],[151.01041364483535,-33.75052479095757,95.80000305175781],[151.01051883772016,-33.75053300522268,95.80000305175781],[151.01053258404136,-33.75053392723203,95.5999984741211],[151.0106204263866,-33.75053149648011,95.4000015258789],[151.01069980300963,-33.7505491822958,94.5999984741211],[151.01072360761464,-33.750560665503144,94.5999984741211],[151.01075135171413,-33.75057030469179,94.4000015258789],[151.01080499589443,-33.75058287754655,94.19999694824219],[151.0108112823218,-33.7505872361362,94],[151.01081991568208,-33.75059234909713,94],[151.0108416248113,-33.750611543655396,93.5999984741211],[151.0108651779592,-33.75062336213887,93.5999984741211],[151.0108958557248,-33.75064414925873,93.5999984741211],[151.01095142774284,-33.75069670379162,93.5999984741211],[151.01104362867773,-33.75077247619629,94.19999694824219],[151.01108880713582,-33.75081455335021,94.19999694824219],[151.011097189039,-33.75082477927208,94],[151.01110288873315,-33.750840704888105,94],[151.0111099295318,-33.75088445842266,93.5999984741211],[151.0111180599779,-33.750932486727834,93.19999694824219],[151.01112183183432,-33.750948160886765,93.19999694824219],[151.01112644188106,-33.75096341595054,93],[151.01116307079792,-33.75102510675788,92.80000305175781],[151.0111645795405,-33.751035667955875,92.80000305175781],[151.01116583682597,-33.751114793121815,92.80000305175781],[151.01116667501628,-33.75112200155854,92.80000305175781],[151.01116793230176,-33.75114865601063,92.80000305175781],[151.01116374135017,-33.75120682641864,92.5999984741211],[151.0111722908914,-33.75128796324134,92.4000015258789],[151.01116340607405,-33.75129332765937,92.4000015258789],[151.0111532639712,-33.751323418691754,92.4000015258789],[151.0111297108233,-33.75137161463499,92.4000015258789],[151.01111294701695,-33.75139458104968,92.4000015258789],[151.01108277216554,-33.75144177116454,92.5999984741211],[151.01108696311712,-33.75147370621562,92.5999984741211],[151.01108377799392,-33.75148971565068,92.5999984741211],[151.0110784135759,-33.75152064487338,92.4000015258789],[151.011068103835,-33.7515664100647,92.4000015258789],[151.01100347936153,-33.751647379249334,92.80000305175781],[151.01095285266638,-33.751736311241984,93],[151.01094924844801,-33.75174444168806,92.80000305175781],[151.01094924844801,-33.7517770472914,92.80000305175781],[151.01092577911913,-33.751839995384216,92.4000015258789],[151.01087833754718,-33.75193898566067,92.5999984741211],[151.01084657013416,-33.75197175890207,92.80000305175781],[151.0108244419098,-33.75199120491743,92.80000305175781],[151.01081404834986,-33.75200771726668,92.80000305175781],[151.01079124957323,-33.752064714208245,93.19999694824219],[151.01077289320529,-33.75208240002394,93.19999694824219],[151.01069753989577,-33.75211609527469,93.5999984741211],[151.01067155599594,-33.75214953906834,94],[151.01065898314118,-33.75217543914914,94],[151.0106497630477,-33.75219035893679,94],[151.01064263843,-33.752202428877354,94],[151.01057256571949,-33.752264035865664,93.5999984741211],[151.0105583164841,-33.75229211524129,93.19999694824219],[151.01054188795388,-33.75231474637985,93.19999694824219],[151.01050383411348,-33.752342741936445,93],[151.01045991294086,-33.75235238112509,93],[151.0103664547205,-33.752366630360484,94],[151.01031423546374,-33.75237761065364,94.4000015258789],[151.01029713638127,-33.75240753404796,94.5999984741211],[151.01028573699296,-33.75241516157985,94.5999984741211],[151.01025690324605,-33.75244307331741,94.5999984741211],[151.0102184303105,-33.75246059149504,94.5999984741211],[151.0101635288447,-33.752476349473,94.5999984741211],[151.0101283248514,-33.75246989540756,94.80000305175781],[151.01011340506375,-33.75247442163527,95],[151.0100953001529,-33.752476600930095,95],[151.01004819385707,-33.75247601419687,95.19999694824219],[151.00999371148646,-33.752476181834936,95.4000015258789],[151.00991492159665,-33.752485401928425,95.80000305175781],[151.0098302643746,-33.752494705840945,95.80000305175781],[151.0097966529429,-33.75250023789704,96],[151.00973730906844,-33.75251901336014,96.4000015258789],[151.0096116643399,-33.75257014296949,96],[151.00957453250885,-33.75259084627032,96],[151.00949767045677,-33.752624709159136,96.19999694824219],[151.009485097602,-33.752628648653626,96.19999694824219],[151.0094496421516,-33.75262898392975,96.19999694824219],[151.00941100157797,-33.75265270471573,96],[151.0093986801803,-33.75266150571406,95.80000305175781],[151.00937998853624,-33.75267231836915,95.80000305175781],[151.00929340347648,-33.75269084237516,95.5999984741211],[151.00927622057498,-33.75269788317382,95.5999984741211],[151.00924252532423,-33.75269830226898,95.5999984741211],[151.00919424556196,-33.752687238156796,95.80000305175781],[151.00916968658566,-33.75274255871773,95.80000305175781],[151.0091663338244,-33.75275647267699,95.5999984741211],[151.00912559777498,-33.752805422991514,95],[151.0090957581997,-33.75281455926597,94.80000305175781],[151.00906105712056,-33.75282243825495,94.5999984741211],[151.0090273618698,-33.75285764224827,94],[151.00897019729018,-33.752886056900024,93],[151.00891772657633,-33.75288153067231,92.5999984741211],[151.00887791253626,-33.75287306495011,92],[151.00887288339436,-33.752871472388506,91.80000305175781],[151.00883893668652,-33.75288295559585,90.80000305175781],[151.0088177304715,-33.75289862975478,90],[151.00880884565413,-33.752911034971476,89.5999984741211],[151.00882711820304,-33.75294003635645,89],[151.00888797082007,-33.752974988892674,88.80000305175781],[151.00892920978367,-33.75298261642456,88.5999984741211],[151.00895628333092,-33.7529821973294,88.5999984741211],[151.00898335687816,-33.752996027469635,88.5999984741211],[151.00899676792324,-33.75300063751638,88.5999984741211],[151.00900607183576,-33.75300549902022,88.4000015258789],[151.0090402700007,-33.75300323590636,87.4000015258789],[151.00904672406614,-33.75300264917314,87.19999694824219],[151.0090556088835,-33.75300206243992,86.80000305175781],[151.0090659186244,-33.75300365500152,86.5999984741211],[151.0090711992234,-33.75300558283925,86.19999694824219],[151.00907882675529,-33.75300558283925,86],[151.00910011678934,-33.75301245599985,85.4000015258789],[151.00910841487348,-33.75301832333207,85.19999694824219],[151.009122999385,-33.753054197877645,84],[151.00912132300436,-33.7530598975718,83.80000305175781],[151.00910757668316,-33.75307984650135,83.19999694824219],[151.00910388864577,-33.75309308990836,82.80000305175781],[151.00909492000937,-33.753132820129395,82.19999694824219],[151.00909533910453,-33.753140196204185,81.80000305175781],[151.00906767882407,-33.75320205464959,81.4000015258789],[151.00908419117332,-33.75321580097079,81.4000015258789],[151.00908276624978,-33.75323097221553,80.80000305175781],[151.00907689891756,-33.753238935023546,80.4000015258789],[151.00905736908317,-33.7532517593354,79.5999984741211],[151.00903783924878,-33.753267684951425,79],[151.0090178065002,-33.753302386030555,78.5999984741211],[151.0090090893209,-33.753307247534394,78.4000015258789],[151.00898813456297,-33.753321999683976,78],[151.00897782482207,-33.75333549454808,77.19999694824219],[151.008972376585,-33.75334287062287,77],[151.00896449759603,-33.75336290337145,76.19999694824219],[151.00894203409553,-33.75338519923389,75.19999694824219],[151.00893650203943,-33.75338922254741,74.80000305175781],[151.00891437381506,-33.753403974696994,74],[151.0088713746518,-33.75342316925526,73.19999694824219],[151.0088624060154,-33.753427444025874,73],[151.00882535800338,-33.75345032662153,72],[151.0088148806244,-33.75345602631569,71.80000305175781],[151.00880364887416,-33.75345862470567,71.4000015258789],[151.00879048928618,-33.753465078771114,71.19999694824219],[151.00877565331757,-33.75348435714841,71],[151.00874916650355,-33.75349952839315,70.5999984741211],[151.00871329195797,-33.75351218506694,70],[151.00870524533093,-33.75351729802787,69.80000305175781],[151.00865587592125,-33.75354546122253,69.19999694824219],[151.0086303949356,-33.75356205739081,68.80000305175781],[151.00858882069588,-33.75359089113772,67.80000305175781],[151.00858722813427,-33.753594076260924,67.5999984741211],[151.0085949394852,-33.75360354781151,66.5999984741211],[151.00860382430255,-33.75361050479114,65.80000305175781],[151.00860533304513,-33.75361788086593,65.5999984741211],[151.00855655036867,-33.753651240840554,64.5999984741211],[151.00854959338903,-33.7536505702883,64.4000015258789],[151.00851371884346,-33.753671273589134,63.79999923706055],[151.00848086178303,-33.75368678011,63.20000076293945],[151.0084541235119,-33.75370823778212,62.20000076293945],[151.0084665287286,-33.75377906486392,62],[151.00850030779839,-33.753815023228526,62.599998474121094],[151.0085278004408,-33.75381778925657,63],[151.0085426364094,-33.75383329577744,63.20000076293945],[151.00855118595064,-33.75384008511901,63.20000076293945],[151.008586473763,-33.75388836488128,63.599998474121094],[151.0085907485336,-33.753896998241544,63.599998474121094],[151.00860281847417,-33.75392088666558,64],[151.0086079314351,-33.753940081223845,64.19999694824219],[151.00861287675798,-33.753968328237534,64.80000305175781],[151.00861966609955,-33.75398081727326,65],[151.00863492116332,-33.754009986296296,65.19999694824219],[151.00864380598068,-33.754017278552055,65.4000015258789],[151.0086618270725,-33.75404535792768,65.4000015258789],[151.00866886787117,-33.75407218001783,65.5999984741211],[151.00868605077267,-33.7540927156806,65.5999984741211],[151.00871689617634,-33.75411802902818,65.80000305175781],[151.0087778326124,-33.75413781031966,65.5999984741211],[151.00879065692425,-33.754149209707975,65.4000015258789],[151.00880146957934,-33.75417326577008,65.19999694824219],[151.00882879458368,-33.75426144339144,65],[151.00889509543777,-33.75434392131865,65.5999984741211],[151.00896005518734,-33.75442589633167,66],[151.00896131247282,-33.75443863682449,66],[151.0089747235179,-33.75449915416539,66.4000015258789],[151.0089845303446,-33.754530334845185,66.5999984741211],[151.0090246796608,-33.75462647527456,67.4000015258789],[151.00902643986046,-33.754638796672225,67.4000015258789],[151.00903046317399,-33.7547058518976,67],[151.00902643986046,-33.75472068786621,67.19999694824219],[151.0090397670865,-33.754763854667544,67.19999694824219],[151.00905887782574,-33.75480031594634,67.19999694824219],[151.0091042239219,-33.754860162734985,66.5999984741211],[151.009109755978,-33.75488681718707,66.5999984741211],[151.00913129746914,-33.75497709028423,66.4000015258789],[151.00914160721004,-33.755005253478885,66],[151.00916599854827,-33.75506618991494,65.19999694824219],[151.00916457362473,-33.75511446967721,64.4000015258789],[151.00916440598667,-33.75512192957103,64],[151.00912048481405,-33.75518177635968,62.79999923706055],[151.00911922752857,-33.75518940389156,62.400001525878906],[151.00910967215896,-33.75522603280842,61.599998474121094],[151.00909466855228,-33.755251010879874,60.79999923706055],[151.00909433327615,-33.755253944545984,60.599998474121094],[151.00905686616898,-33.75529199838638,59.400001525878906],[151.00904596969485,-33.7553168926388,59.20000076293945],[151.00902878679335,-33.755345391109586,58.20000076293945],[151.00901738740504,-33.75536860898137,57.599998474121094],[151.0090164653957,-33.75537967309356,57],[151.00900649093091,-33.75539006665349,56.400001525878906],[151.0090088378638,-33.75540574081242,55.79999923706055],[151.00900003686547,-33.75541219487786,55],[151.00900439545512,-33.755436670035124,54.79999923706055],[151.00898779928684,-33.755465503782034,54.79999923706055],[151.00896273739636,-33.75549517571926,54.599998474121094],[151.00894949398935,-33.7555087544024,54.599998474121094],[151.00895636714995,-33.75549567863345,54.79999923706055],[151.00896449759603,-33.75549106858671,54.599998474121094],[151.00896156392992,-33.75549517571926,54.599998474121094],[151.00888445042074,-33.7555983569473,54.20000076293945],[151.00885611958802,-33.7556657474488,54.20000076293945],[151.0088523477316,-33.75567672774196,54.20000076293945],[151.00878931581974,-33.75579667277634,54],[151.00878093391657,-33.75581016764045,53.79999923706055],[151.0087567102164,-33.75588501803577,53.79999923706055],[151.00873994641006,-33.75596431083977,53.599998474121094],[151.00874807685614,-33.75597788952291,53.599998474121094],[151.00871605798602,-33.75604125671089,53.599998474121094],[151.00865956395864,-33.756159441545606,54.599998474121094],[151.0086594801396,-33.75617419369519,54.79999923706055],[151.00862259976566,-33.75626035965979,55],[151.00862025283277,-33.75628324225545,55.20000076293945],[151.00860994309187,-33.756349459290504,55.400001525878906],[151.00859896279871,-33.75639086589217,55.400001525878906],[151.00859527476132,-33.7564049474895,55.400001525878906],[151.00857784040272,-33.756447695195675,55.400001525878906],[151.00856954231858,-33.75646714121103,55.400001525878906],[151.00860650651157,-33.75657350756228,55],[151.0086142178625,-33.75659395940602,55],[151.00860935635865,-33.756669564172626,54],[151.00859913043678,-33.756712982431054,53.599998474121094],[151.0086079314351,-33.75676050782204,53.400001525878906],[151.0086097754538,-33.756811721250415,53.20000076293945],[151.00860591977835,-33.75682421028614,53.20000076293945],[151.00860784761608,-33.756866119802,53],[151.00859703496099,-33.75694281421602,52.599998474121094],[151.00860407575965,-33.756958320736885,52.599998474121094],[151.00859686732292,-33.757027219980955,52],[151.00859426893294,-33.757062926888466,51.79999923706055],[151.00861011072993,-33.75708958134055,51.599998474121094],[151.00861354731023,-33.75709184445441,51.599998474121094],[151.00863106548786,-33.757104920223355,51.599998474121094],[151.00869074463844,-33.757159486413,51.400001525878906],[151.0087030660361,-33.757183542475104,51.20000076293945],[151.00871236994863,-33.75721103511751,51.20000076293945],[151.00871857255697,-33.757218746468425,51],[151.00873810239136,-33.757223188877106,51],[151.0087812691927,-33.75726216472685,50.599998474121094],[151.00878856144845,-33.757274486124516,50.400001525878906],[151.0088275372982,-33.75731178559363,49.79999923706055],[151.0088282916695,-33.757328214123845,49.79999923706055],[151.00882661528885,-33.75736895017326,49.599998474121094],[151.00883541628718,-33.757385881617665,49.599998474121094],[151.00886173546314,-33.757407339289784,49.400001525878906],[151.00889232940972,-33.75750339590013,49.20000076293945],[151.0089178942144,-33.75752745196223,49.20000076293945],[151.00892459973693,-33.7575448025018,49],[151.00892434827983,-33.75758210197091,49],[151.00892049260437,-33.75759199261665,48.79999923706055],[151.00892510265112,-33.75761051662266,48.599998474121094],[151.00894127972424,-33.75763675197959,48.599998474121094],[151.0089739691466,-33.75769986771047,48.599998474121094],[151.00897547788918,-33.75771059654653,48.599998474121094],[151.00898645818233,-33.75775066204369,48.599998474121094],[151.008988218382,-33.75776147469878,48.599998474121094],[151.00900372490287,-33.75779651105404,48.599998474121094],[151.00905678234994,-33.757849568501115,48.599998474121094],[151.00906508043408,-33.757875468581915,48.400001525878906],[151.00907136686146,-33.75789734534919,48.400001525878906],[151.0090722888708,-33.757920982316136,48.400001525878906],[151.0090682655573,-33.75793422572315,48.400001525878906],[151.00906575098634,-33.75796180218458,48.400001525878906],[151.0090934112668,-33.75803254544735,48.20000076293945],[151.0091346502304,-33.75810043886304,48.400001525878906],[151.00913397967815,-33.7581042945385,48.400001525878906],[151.009154682979,-33.758118292316794,47.79999923706055],[151.0091695189476,-33.75812063924968,47.400001525878906],[151.00917739793658,-33.75811938196421,47.400001525878906],[151.0091602988541,-33.75810303725302,47.400001525878906],[151.00918728858232,-33.75813723541796,47.599998474121094],[151.00918628275394,-33.758158860728145,48],[151.00921981036663,-33.758200434967875,48],[151.00928242318332,-33.75822365283966,48.400001525878906],[151.00929675623775,-33.758230190724134,48.599998474121094],[151.00934562273324,-33.75825013965368,49],[151.00945768877864,-33.75830361619592,49],[151.00952516309917,-33.75833798199892,48.79999923706055],[151.00956179201603,-33.75836279243231,48.599998474121094],[151.00964292883873,-33.75839816406369,48.400001525878906],[151.00966732017696,-33.75840914435685,48.400001525878906],[151.00970478728414,-33.75841031782329,48.400001525878906],[151.00974451750517,-33.75840545631945,48.20000076293945],[151.0098027717322,-33.75840688124299,47.79999923706055],[151.00984392687678,-33.75843512825668,47.599998474121094],[151.0098555777222,-33.75844585709274,47.599998474121094],[151.00988248363137,-33.75846111215651,47.20000076293945],[151.00990511476994,-33.758482402190566,47],[151.0099293384701,-33.75850461423397,47],[151.00995305925608,-33.75854325480759,46.599998474121094],[151.009968733415,-33.75854996033013,46.400001525878906],[151.00999798625708,-33.758571250364184,46.400001525878906],[151.01000687107444,-33.75857778824866,46.400001525878906],[151.01002849638462,-33.758592288941145,46.599998474121094],[151.01004634983838,-33.758620116859674,47],[151.01006428711116,-33.75862975604832,47],[151.01008649915457,-33.758637802675366,47],[151.01010435260832,-33.75865456648171,47],[151.0101180151105,-33.758662613108754,47],[151.01016176864505,-33.75868717208505,46.79999923706055],[151.0101991519332,-33.7587190233171,46.79999923706055],[151.0102105513215,-33.75873000361025,46.79999923706055],[151.01022446528077,-33.75876143574715,47],[151.0102253034711,-33.75880694948137,47],[151.0102575737983,-33.75888364389539,46.79999923706055],[151.01026729680598,-33.75889110378921,46.79999923706055],[151.01034885272384,-33.75892831943929,46.599998474121094],[151.0103540495038,-33.75892865471542,46.79999923706055],[151.01040685549378,-33.75889495946467,46.20000076293945],[151.0104748327285,-33.75888557173312,45.79999923706055],[151.01048807613552,-33.7588900141418,45.79999923706055],[151.01057298481464,-33.75888171605766,45.79999923706055],[151.0106894094497,-33.758834106847644,46.400001525878906],[151.0107750725001,-33.758811727166176,46.400001525878906],[151.01079761981964,-33.75881147570908,46.400001525878906],[151.01091094315052,-33.758792113512754,46.79999923706055],[151.01092552766204,-33.75878398306668,46.79999923706055],[151.01098906248808,-33.75875280238688,46.599998474121094],[151.01100347936153,-33.75873084180057,46.400001525878906],[151.01103289984167,-33.75868574716151,46.400001525878906],[151.01109366863966,-33.7586566619575,46.400001525878906],[151.01111822761595,-33.75864325091243,46.400001525878906],[151.011147396639,-33.75861986540258,46.20000076293945],[151.0111706983298,-33.758588349446654,46],[151.01117748767138,-33.758568316698074,46.20000076293945],[151.01122710853815,-33.75849086791277,46.20000076293945],[151.01128921844065,-33.758402690291405,46.20000076293945],[151.01134705357254,-33.75833018682897,46.20000076293945],[151.01136557757854,-33.758315769955516,46.20000076293945],[151.01142341271043,-33.75825768336654,46.599998474121094],[151.01148719899356,-33.75818836502731,47],[151.01152600720525,-33.7581333797425,47],[151.0115591995418,-33.75810940749943,47],[151.01160999387503,-33.75809515826404,47],[151.01162625476718,-33.75808761455119,47],[151.01166749373078,-33.758085519075394,47.20000076293945],[151.01172742433846,-33.75808300450444,47.20000076293945],[151.0117581859231,-33.758053332567215,47.20000076293945],[151.01176497526467,-33.758050901815295,47.20000076293945],[151.0118152666837,-33.758024079725146,47.20000076293945],[151.01183320395648,-33.75801167450845,47.20000076293945],[151.01183513179421,-33.75801838003099,47.599998474121094],[151.01183739490807,-33.75801938585937,47.79999923706055],[151.0118324495852,-33.75803254544735,47.79999923706055],[151.0118282586336,-33.75804394483566,47.79999923706055],[151.01182255893946,-33.75805878080428,47.79999923706055],[151.01183337159455,-33.75803195871413,47.79999923706055],[151.01183328777552,-33.75803296454251,47.79999923706055],[151.01183328777552,-33.75803296454251,47.79999923706055],[151.0118388198316,-33.75803070142865,47.599998474121094],[151.0118456929922,-33.75802667811513,47.599998474121094],[151.01184058003128,-33.7580247502774,47.599998474121094],[151.01184971630573,-33.75802491791546,47.599998474121094],[151.0119434259832,-33.75804763287306,47.79999923706055],[151.01208608597517,-33.75806691125035,48],[151.01210670545697,-33.758068503811955,48.20000076293945],[151.01216789335012,-33.75810286961496,48.400001525878906],[151.01220628246665,-33.75810203142464,48.599998474121094],[151.0122175142169,-33.758106054738164,48.599998474121094],[151.01223243400455,-33.7581111676991,48.79999923706055],[151.01223955862224,-33.75811871141195,48.79999923706055],[151.01224442012608,-33.75812751241028,48.79999923706055],[151.0122486948967,-33.75813421793282,48.79999923706055],[151.01228507235646,-33.758156010881066,48.79999923706055],[151.0122989024967,-33.758163722231984,48.79999923706055],[151.01235900074244,-33.758191633969545,49],[151.01237392053008,-33.758201440796256,49],[151.01238548755646,-33.75820688903332,49],[151.01245396770537,-33.758243434131145,48.599998474121094],[151.0124593321234,-33.75826514326036,48.599998474121094],[151.01254533044994,-33.7583268340677,48.20000076293945],[151.01262118667364,-33.75838190317154,48],[151.0126660298556,-33.758433535695076,47.599998474121094],[151.01268773898482,-33.75849639996886,47.79999923706055],[151.0127107053995,-33.75854216516018,47.400001525878906],[151.0127368569374,-33.75859212130308,47.400001525878906],[151.01274431683123,-33.75862925313413,47.400001525878906],[151.01278111338615,-33.758696308359504,47.599998474121094],[151.01281204260886,-33.758730590343475,48.400001525878906],[151.01286753080785,-33.75875037163496,48.400001525878906],[151.01287448778749,-33.758756909519434,48.400001525878906],[151.0129205044359,-33.75878146849573,48.20000076293945],[151.0129371844232,-33.75879001803696,48.20000076293945],[151.0129876434803,-33.75880954787135,48.20000076293945],[151.01299946196377,-33.75881918706,48.400001525878906],[151.0130592249334,-33.75885791145265,48.599998474121094],[151.01309409365058,-33.75888749957085,48.599998474121094],[151.0131079237908,-33.75890342518687,48.599998474121094],[151.0131282079965,-33.75891549512744,48.599998474121094],[151.0131684411317,-33.7589349411428,48.79999923706055],[151.01321127265692,-33.75895204022527,48.79999923706055],[151.01325569674373,-33.75897911377251,48.79999923706055],[151.01326474919915,-33.75898816622794,48.79999923706055],[151.01329827681184,-33.75900677405298,48.79999923706055],[151.01331864483654,-33.75901532359421,49],[151.01335116662085,-33.75903267413378,49],[151.0133618954569,-33.7590348534286,49],[151.01340003311634,-33.759045246988535,49],[151.01345325820148,-33.75906762667,48.79999923706055],[151.0134641546756,-33.75907349400222,48.599998474121094],[151.01351897232234,-33.75911573879421,49],[151.01355073973536,-33.75912034884095,49.20000076293945],[151.01359164342284,-33.7591281440109,49.400001525878906],[151.01360756903887,-33.75913350842893,49.400001525878906],[151.01362014189363,-33.759182039648294,49.400001525878906],[151.01362634450197,-33.75920383259654,49.79999923706055],[151.0136427730322,-33.759221602231264,50.599998474121094],[151.01365911774337,-33.75922956503928,50.79999923706055],[151.01370848715305,-33.75922579318285,50.20000076293945],[151.01373564451933,-33.75922914594412,49.79999923706055],[151.01378140971065,-33.75921489670873,49.400001525878906],[151.01379498839378,-33.759209951385856,49.400001525878906],[151.0138190444559,-33.75921858474612,49.400001525878906],[151.01387528702617,-33.7592179980129,49.20000076293945],[151.01399187929928,-33.75928781926632,49],[151.01399791426957,-33.75930743291974,49.20000076293945],[151.01400470361114,-33.75931858085096,49.20000076293945],[151.0140218026936,-33.759333584457636,49.400001525878906],[151.01402590982616,-33.75934339128435,49.400001525878906],[151.01406279020011,-33.759356550872326,49.599998474121094],[151.01408408023417,-33.75937256030738,49.599998474121094],[151.01418843492866,-33.75941555947065,49.79999923706055],[151.0142533108592,-33.75944632105529,50.20000076293945],[151.01426739245653,-33.75944028608501,50.20000076293945],[151.01427678018808,-33.75944682396948,50.20000076293945],[151.0143186058849,-33.75945948064327,50.20000076293945],[151.01433352567255,-33.75946342013776,50.400001525878906],[151.0144499503076,-33.759487895295024,50.599998474121094],[151.01448263972998,-33.759496277198195,50.79999923706055],[151.01451742462814,-33.75951463356614,50.79999923706055],[151.01459193974733,-33.75952988862991,50.79999923706055],[151.01471406407654,-33.75953793525696,51.400001525878906],[151.01480157114565,-33.75954153947532,51.20000076293945],[151.01483568549156,-33.75953843817115,51.20000076293945],[151.01494641043246,-33.75952779315412,51.599998474121094],[151.0149824526161,-33.75952569767833,51.599998474121094],[151.0150310676545,-33.75951807014644,51.599998474121094],[151.01505897939205,-33.75950868241489,51.79999923706055],[151.01509351283312,-33.759502647444606,52.20000076293945],[151.01518847979605,-33.75949451699853,52.400001525878906],[151.0152356699109,-33.75949510373175,52.400001525878906],[151.01531588472426,-33.759483033791184,52.599998474121094],[151.01537246257067,-33.75947892665863,52.599998474121094],[151.01547488942742,-33.759455708786845,52.400001525878906],[151.0154893901199,-33.75944917090237,52.400001525878906],[151.01553096435964,-33.75943534076214,52.400001525878906],[151.0155948344618,-33.759433161467314,52],[151.0156780667603,-33.759446907788515,52],[151.0157000273466,-33.75944908708334,52],[151.01586556993425,-33.75943542458117,51.79999923706055],[151.0160065535456,-33.75947741791606,51.79999923706055],[151.01605508476496,-33.75949351117015,51.599998474121094],[151.01611074060202,-33.759514801204205,51.400001525878906],[151.01625440642238,-33.759539192542434,51.400001525878906],[151.01636035367846,-33.75955771654844,51],[151.0163707472384,-33.75956919975579,51],[151.01639438420534,-33.75958286225796,50.79999923706055],[151.0164870042354,-33.7595977820456,50.599998474121094],[151.01657870225608,-33.759626783430576,51.20000076293945],[151.01659337058663,-33.75962301157415,51.20000076293945],[151.01664659567177,-33.75962954945862,51.400001525878906],[151.01667291484773,-33.7596342433244,51.400001525878906],[151.01670761592686,-33.75963122583926,51.400001525878906],[151.01681306026876,-33.75966123305261,51.599998474121094],[151.0168681293726,-33.7596601434052,51.400001525878906],[151.0169503558427,-33.75965880230069,51.20000076293945],[151.01698631420732,-33.7596585508436,51.400001525878906],[151.0170972906053,-33.759657964110374,51.599998474121094],[151.0172568820417,-33.759611528366804,51.79999923706055],[151.01730650290847,-33.75959970988333,52],[151.01734447292984,-33.75960063189268,52],[151.01735712960362,-33.75960691832006,52],[151.01741647347808,-33.75960926525295,52],[151.0174535214901,-33.75961630605161,52],[151.01751789450645,-33.75962686724961,52.20000076293945],[151.01760037243366,-33.759610606357455,52.20000076293945],[151.01766407489777,-33.759585209190845,52.20000076293945],[151.01777236908674,-33.759556878358126,52.400001525878906],[151.01785250008106,-33.759537767618895,52.400001525878906],[151.01794788613915,-33.759509939700365,52.79999923706055],[151.01805986836553,-33.759470796212554,52.79999923706055],[151.01807026192546,-33.75946174375713,52.79999923706055],[151.01807847619057,-33.759451769292355,52.79999923706055],[151.01813740096986,-33.759439615532756,52.599998474121094],[151.01820236071944,-33.75939938239753,52],[151.0182326193899,-33.75939326360822,51.79999923706055],[151.01834376342595,-33.75939183868468,51.599998474121094],[151.018396737054,-33.759390162304044,51.599998474121094],[151.01842883974314,-33.75938161276281,51.599998474121094],[151.01848332211375,-33.75935856252909,51.400001525878906],[151.01852514781058,-33.75934439711273,51.400001525878906],[151.01859848946333,-33.759364346042275,51.599998474121094],[151.01865439675748,-33.75936350785196,51.79999923706055],[151.0187595896423,-33.75935378484428,52.400001525878906],[151.01877434179187,-33.75934842042625,52.400001525878906],[151.01878909394145,-33.759348671883345,52.599998474121094],[151.01884374395013,-33.75934758223593,52.599998474121094],[151.01886394433677,-33.75934942625463,52.599998474121094],[151.0188890900463,-33.75935051590204,52.599998474121094],[151.01889160461724,-33.75935420393944,52.79999923706055],[151.0188959632069,-33.75935864634812,53],[151.01889763958752,-33.759358897805214,53.20000076293945],[151.0189131461084,-33.75937046483159,53.20000076293945],[151.0189387947321,-33.759382115677,53.20000076293945],[151.01893477141857,-33.75938354060054,53.20000076293945],[151.01893250830472,-33.75937230885029,53.599998474121094],[151.01895656436682,-33.759361412376165,53.599998474121094],[151.0189546365291,-33.75936032272875,53.599998474121094],[151.0189546365291,-33.75936032272875,53.599998474121094],[151.0189546365291,-33.75936032272875,53.599998474121094],[151.01895648054779,-33.75936032272875,53.599998474121094],[151.01895673200488,-33.75936032272875,53.599998474121094],[151.0189573187381,-33.75936032272875,53.599998474121094],[151.01896595209837,-33.759362334385514,53.599998474121094],[151.01901900954545,-33.759408770129085,53.79999923706055],[151.0190341807902,-33.759418493136764,53.79999923706055],[151.01910509169102,-33.759501138702035,54.400001525878906],[151.01913928985596,-33.759547574445605,54.79999923706055],[151.01914800703526,-33.75961043871939,55.20000076293945],[151.019189581275,-33.759658467024565,55.79999923706055],[151.0192060098052,-33.75966165214777,55.79999923706055],[151.01923258043826,-33.759664334356785,56],[151.01931187324226,-33.75967238098383,55.79999923706055],[151.01936685852706,-33.75969333574176,55.599998474121094],[151.01939217187464,-33.7597050704062,55.599998474121094],[151.01945185102522,-33.7597463093698,55.400001525878906],[151.01948076859117,-33.759748907759786,55.20000076293945],[151.01951329037547,-33.75975402072072,55.20000076293945],[151.0195408668369,-33.75976231880486,55.400001525878906],[151.01965259760618,-33.75981353223324,55.20000076293945],[151.01970959454775,-33.759841192513704,54.79999923706055],[151.01972602307796,-33.75987648032606,54.79999923706055],[151.01973599754274,-33.759882766753435,54.79999923706055],[151.0197549406439,-33.759898860007524,54.79999923706055],[151.01978226564825,-33.75992174260318,54.79999923706055],[151.01981403306127,-33.759951665997505,54.599998474121094],[151.01984764449298,-33.759988294914365,54.400001525878906],[151.01986206136644,-33.759989803656936,54.400001525878906],[151.0199256800115,-33.759999610483646,54.599998474121094],[151.019969265908,-33.760012770071626,54.79999923706055],[151.02002073079348,-33.760045459493995,55],[151.02005400694907,-33.76005484722555,55.20000076293945],[151.02010572329164,-33.76004034653306,55.400001525878906],[151.02012156508863,-33.76003498211503,55.400001525878906],[151.02026221342385,-33.76002534292638,55.79999923706055],[151.0203078109771,-33.76001629047096,55.79999923706055],[151.0203220602125,-33.76000849530101,55.79999923706055],[151.02037184871733,-33.759998101741076,55.79999923706055],[151.02040621452034,-33.75999449752271,55.599998474121094],[151.0204735212028,-33.75998863019049,55.599998474121094],[151.02048500441015,-33.75998904928565,55.599998474121094],[151.0205839946866,-33.759994665160775,55.79999923706055],[151.02061660028994,-33.75999248586595,55.79999923706055],[151.02064199745655,-33.75999013893306,55.79999923706055],[151.0206688195467,-33.759992737323046,55.79999923706055],[151.02068139240146,-33.759995670989156,55.79999923706055],[151.0207079630345,-33.76000229269266,55.79999923706055],[151.02076881565154,-33.76001972705126,56],[151.02078532800078,-33.76003799960017,56],[151.0208300035447,-33.760081082582474,56.400001525878906],[151.020865207538,-33.76008778810501,56.400001525878906],[151.020918013528,-33.76010689884424,56.599998474121094],[151.02092865854502,-33.760117292404175,56.599998474121094],[151.02093452587724,-33.76013363711536,56.599998474121094],[151.02094693109393,-33.7601540889591,56.599998474121094],[151.02096872404218,-33.76016993075609,56.79999923706055],[151.02098372764885,-33.76017428934574,56.79999923706055],[151.02106587029994,-33.76021443866193,57.20000076293945],[151.02119654417038,-33.760258024558425,57.20000076293945],[151.0212269704789,-33.76026908867061,57],[151.0212473385036,-33.760289289057255,56.79999923706055],[151.02127726189792,-33.76029926352203,56.599998474121094],[151.02135529741645,-33.760328264907,56],[151.0213913396001,-33.76036615110934,56],[151.02149703539908,-33.76042440533638,56.20000076293945],[151.02153098210692,-33.76043421216309,56.20000076293945],[151.02156057022512,-33.76044896431267,56.20000076293945],[151.02157632820308,-33.760457849130034,56.20000076293945],[151.02159334346652,-33.76047771424055,56],[151.02162125520408,-33.760486682876945,55.79999923706055],[151.02164011448622,-33.76048928126693,55.79999923706055],[151.02170557715,-33.760511074215174,55.79999923706055],[151.02174061350524,-33.7605373095721,55.79999923706055],[151.02183717302978,-33.760580057278275,56],[151.02184530347586,-33.76059263013303,56],[151.0218966845423,-33.76064568758011,55.79999923706055],[151.02190841920674,-33.76065440475941,56],[151.02194722741842,-33.7606911174953,56.20000076293945],[151.02196340449154,-33.76073520630598,56.400001525878906],[151.0219870414585,-33.76074409112334,56.400001525878906],[151.02201470173895,-33.76075238920748,56.599998474121094],[151.02203909307718,-33.76076462678611,56.79999923706055],[151.02204269729555,-33.760775439441204,57],[151.02207178249955,-33.76080167479813,57.599998474121094],[151.02210086770356,-33.760816594585776,58],[151.0221453756094,-33.76083285547793,58],[151.02222718298435,-33.760835537686944,58.20000076293945],[151.02226624265313,-33.760838471353054,58],[151.02230664342642,-33.760853642597795,58],[151.02236087433994,-33.760876106098294,57.599998474121094],[151.02239230647683,-33.76087292097509,57.599998474121094],[151.02243019267917,-33.76087384298444,57.599998474121094],[151.02249959483743,-33.76089203171432,58.20000076293945],[151.02252717129886,-33.76090267673135,58.400001525878906],[151.02253924123943,-33.7609173450619,58.400001525878906],[151.02260570973158,-33.76093804836273,58.400001525878906],[151.02271266281605,-33.76096981577575,59],[151.02273160591722,-33.7609725818038,59],[151.02274895645678,-33.760977778583765,59],[151.0227662231773,-33.76098523847759,59.20000076293945],[151.02282372303307,-33.76098733395338,59.20000076293945],[151.0228618606925,-33.760983143001795,59.20000076293945],[151.02289295755327,-33.76098909415305,59.20000076293945],[151.02296663448215,-33.76100393012166,58.79999923706055],[151.02307098917663,-33.76103829592466,58.599998474121094],[151.02313217706978,-33.76104592345655,58.20000076293945],[151.02314550429583,-33.76104793511331,58.20000076293945],[151.0231578256935,-33.76105271279812,58.20000076293945],[151.0232884157449,-33.76106444746256,59],[151.02333351038396,-33.76108272001147,59],[151.02335354313254,-33.761109206825495,59],[151.02336552925408,-33.761117085814476,59],[151.02338556200266,-33.76113963313401,59.20000076293945],[151.02341758087277,-33.76115379855037,59.599998474121094],[151.02346560917795,-33.76120576635003,60.20000076293945],[151.02348354645073,-33.76121456734836,60.20000076293945],[151.02355143986642,-33.761229403316975,60.400001525878906],[151.0235712211579,-33.76124574802816,60.20000076293945],[151.02358161471784,-33.76125270500779,60.20000076293945],[151.02366006933153,-33.761309115216136,60.599998474121094],[151.0236920043826,-33.76132017932832,61],[151.02371807210147,-33.76132638193667,61],[151.02373131550848,-33.7613283097744,61],[151.02381002157927,-33.76133375801146,61.20000076293945],[151.02382804267108,-33.761332500725985,61.20000076293945],[151.02385930716991,-33.76133166253567,61.20000076293945],[151.02387204766273,-33.76133568584919,61.20000076293945],[151.0239279549569,-33.761354042217135,61.20000076293945],[151.02393507957458,-33.76135932281613,61.20000076293945],[151.02394924499094,-33.76137717626989,61.20000076293945],[151.02402275428176,-33.76141715794802,61.20000076293945],[151.0240823496133,-33.76142612658441,61.20000076293945],[151.02411042898893,-33.761435179039836,61.20000076293945],[151.02419919334352,-33.76147004775703,61.400001525878906],[151.02423557080328,-33.761497624218464,61.400001525878906],[151.0243416018784,-33.76153668388724,62],[151.02437194436789,-33.76154716126621,62.20000076293945],[151.02445316500962,-33.76158437691629,63],[151.02446322329342,-33.76158982515335,63.20000076293945],[151.0244742874056,-33.761594938114285,63.20000076293945],[151.0245117545128,-33.76160340383649,63.20000076293945],[151.02460144087672,-33.76165729947388,63.400001525878906],[151.02471937425435,-33.76168160699308,63],[151.02472767233849,-33.76168210990727,62.79999923706055],[151.02472867816687,-33.76167196780443,63.20000076293945],[151.02472105063498,-33.76166584901512,63],[151.02472079917789,-33.76166702248156,63],[151.0247171111405,-33.761664340272546,63.20000076293945],[151.0247171111405,-33.761664340272546,63],[151.0247171111405,-33.761665262281895,63],[151.0247171111405,-33.76166744157672,63],[151.02471535094082,-33.761669704690576,63],[151.02471535094082,-33.761671129614115,63],[151.02471535094082,-33.761671129614115,63],[151.0247152671218,-33.761671129614115,63],[151.02471459656954,-33.761669704690576,63.20000076293945],[151.024707891047,-33.76166811212897,63.20000076293945],[151.0247068013996,-33.76166744157672,63.400001525878906],[151.02469657547772,-33.76166174188256,63.20000076293945],[151.0246891155839,-33.76166199333966,63],[151.0246819909662,-33.76166258007288,62.79999923706055],[151.02467495016754,-33.761667190119624,62.599998474121094],[151.0246830806136,-33.76165830530226,62.599998474121094],[151.02468349970877,-33.761657886207104,62.599998474121094],[151.02468450553715,-33.761656545102596,62.400001525878906],[151.0246849246323,-33.76165562309325,62.599998474121094],[151.02468467317522,-33.76165537163615,62.599998474121094],[151.02468425408006,-33.761654952540994,62.79999923706055],[151.02462432347238,-33.76163232140243,63],[151.0245910473168,-33.76161949709058,63],[151.02455634623766,-33.76162067055702,63],[151.02454159408808,-33.761618323624134,63],[151.0245030373335,-33.7616081815213,63],[151.02449800819159,-33.761603655293584,63.400001525878906],[151.02449348196387,-33.76160700805485,63.400001525878906],[151.02447512559593,-33.761615976691246,63],[151.02446272037923,-33.76161262392998,62.79999923706055],[151.02438745088875,-33.76156627200544,62.20000076293945],[151.02431452833116,-33.76154875382781,62],[151.02425979450345,-33.761530397459865,61.79999923706055],[151.02421352639794,-33.76150483265519,61.400001525878906],[151.0241644922644,-33.761493349447846,61.20000076293945],[151.0241307131946,-33.761475663632154,61],[151.02412048727274,-33.761462504044175,61],[151.02400640957057,-33.76143308356404,61.20000076293945],[151.02389023639262,-33.761400980874896,61.400001525878906],[151.02379040792584,-33.761349096894264,61.400001525878906],[151.02375679649413,-33.76133224926889,61.599998474121094],[151.02373885922134,-33.76132747158408,61.599998474121094],[151.02369208820164,-33.76129939220846,61.599998474121094],[151.02362411096692,-33.76126762479544,61],[151.0235426388681,-33.76122236251831,60.79999923706055],[151.02349896915257,-33.76119981519878,60.400001525878906],[151.0234459117055,-33.76117919571698,60],[151.0233996436,-33.761153211817145,59.599998474121094],[151.02337919175625,-33.761129742488265,59.599998474121094],[151.02324306964874,-33.76107509247959,59.400001525878906],[151.02319738827646,-33.76106159761548,59],[151.02317140437663,-33.7610624358058,58.79999923706055],[151.02316159754992,-33.76106025651097,58.79999923706055],[151.02315447293222,-33.761049108579755,58.599998474121094],[151.02314391173422,-33.76104852184653,58.599998474121094],[151.02313217706978,-33.76104634255171,58.599998474121094],[151.02302002720535,-33.761002672836185,58.599998474121094],[151.0229911096394,-33.7609947938472,58.599998474121094],[151.02292355149984,-33.760973839089274,59],[151.02287317626178,-33.76098012551665,59.20000076293945],[151.02279195562005,-33.76098875887692,59.20000076293945],[151.0227777902037,-33.760984651744366,59.20000076293945],[151.02275021374226,-33.76097895205021,59.20000076293945],[151.02273495867848,-33.76097895205021,59.20000076293945],[151.02272288873792,-33.76097492873669,59.20000076293945],[151.022675530985,-33.76095841638744,59],[151.02253245189786,-33.760931845754385,58.400001525878906],[151.02251258678734,-33.7609292473644,58.20000076293945],[151.02249699644744,-33.7609258107841,58.20000076293945],[151.0224778857082,-33.760926481336355,58.20000076293945],[151.02243312634528,-33.76092639751732,58.20000076293945],[151.0223943181336,-33.76090762205422,58.20000076293945],[151.02233572863042,-33.76088415272534,58.20000076293945],[151.02231485769153,-33.76087350770831,58.20000076293945],[151.022297590971,-33.76087090931833,58.20000076293945],[151.02226414717734,-33.760862527415156,58.20000076293945],[151.02218166925013,-33.76083930954337,58.20000076293945],[151.02216322906315,-33.760830760002136,58.20000076293945],[151.022096760571,-33.760792119428515,58],[151.02207790128887,-33.76079320907593,58],[151.02198620326817,-33.760743672028184,57.599998474121094],[151.02197052910924,-33.76073973253369,57.400001525878906],[151.021956698969,-33.7607323564589,57.400001525878906],[151.0218987800181,-33.760700253769755,57],[151.0218753106892,-33.760686507448554,56.79999923706055],[151.02181068621576,-33.760630432516336,56.599998474121094],[151.02174136787653,-33.7605772074312,56.400001525878906],[151.021732063964,-33.760568825528026,56.400001525878906],[151.02171102538705,-33.76054803840816,56.400001525878906],[151.02169862017035,-33.760535130277276,56.400001525878906],[151.02168462239206,-33.760525826364756,56.400001525878906],[151.02167121134698,-33.76051836647093,56.599998474121094],[151.02166400291026,-33.760504787787795,56.599998474121094],[151.02161270566285,-33.76048534177244,56.599998474121094],[151.02157272398472,-33.76047729514539,56.400001525878906],[151.02151631377637,-33.760449048131704,56.599998474121094],[151.02138798683882,-33.7603990919888,57.20000076293945],[151.02129511535168,-33.76036430709064,57.20000076293945],[151.021211380139,-33.76032415777445,57.599998474121094],[151.02117324247956,-33.7603076454252,57.79999923706055],[151.02113720029593,-33.7602851819247,58],[151.02111238986254,-33.760264394804835,58.20000076293945],[151.02106771431863,-33.76025039702654,58.20000076293945],[151.02101733908057,-33.76022617332637,58.20000076293945],[151.02099261246622,-33.760198848322034,58.20000076293945],[151.02092999964952,-33.76016196794808,58],[151.0209201928228,-33.760148640722036,58],[151.02085313759744,-33.760090973228216,57.79999923706055],[151.02075423114002,-33.76006540842354,57.400001525878906],[151.0207362100482,-33.76006004400551,57.20000076293945],[151.02071936242282,-33.76005141064525,57.20000076293945],[151.0206963121891,-33.76003724522889,57.20000076293945],[151.02065783925354,-33.760033808648586,57.20000076293945],[151.02062104269862,-33.76004051417112,57.20000076293945],[151.0205610282719,-33.76004847697914,57],[151.02052867412567,-33.760053841397166,57],[151.0204299353063,-33.76005996018648,57],[151.0203617066145,-33.7600832618773,56.79999923706055],[151.02031434886158,-33.76007789745927,56.79999923706055],[151.02030579932034,-33.76006884500384,56.79999923706055],[151.02028341963887,-33.76007052138448,57],[151.02020823396742,-33.76008007675409,57],[151.02018635720015,-33.76008242368698,57],[151.02005124092102,-33.76006222330034,56.599998474121094],[151.01997127756476,-33.76003297045827,56.20000076293945],[151.01995585486293,-33.76002031378448,56],[151.01994638331234,-33.760011261329055,56],[151.01992861367762,-33.75999541953206,55.79999923706055],[151.01988351903856,-33.7599656637758,55.599998474121094],[151.01984311826527,-33.75994571484625,55.599998474121094],[151.01981076411903,-33.75992350280285,55.599998474121094],[151.01978897117078,-33.759900284931064,55.599998474121094],[151.01975586265326,-33.75987119972706,55.79999923706055],[151.01969375275075,-33.75985912978649,55.79999923706055],[151.01966525427997,-33.75984085723758,55.79999923706055],[151.01953550241888,-33.75979165546596,56.20000076293945],[151.0194811038673,-33.75976852141321,56.400001525878906],[151.01946928538382,-33.7597603071481,56.400001525878906],[151.01941388100386,-33.75974019058049,56.400001525878906],[151.0193989612162,-33.75973331741989,56.400001525878906],[151.0193735640496,-33.75971336849034,56.400001525878906],[151.01931891404092,-33.759692246094346,57],[151.0193069279194,-33.759683445096016,57],[151.01928563788533,-33.75967933796346,57],[151.01922436617315,-33.75967598520219,57],[151.01918874308467,-33.75967682339251,57.20000076293945],[151.01913426071405,-33.759633991867304,57.20000076293945],[151.01912688463926,-33.75962636433542,57.20000076293945],[151.01910676807165,-33.75958822667599,56.79999923706055],[151.01909746415913,-33.75957087613642,56.599998474121094],[151.01907818578184,-33.75954531133175,56.20000076293945],[151.01905647665262,-33.75951656140387,55.79999923706055],[151.01904097013175,-33.7594978697598,55.599998474121094],[151.0190329235047,-33.75949309207499,55.400001525878906],[151.01902571506798,-33.75948378816247,55.20000076293945],[151.01901163347065,-33.759465012699366,54.79999923706055],[151.01900761015713,-33.75945168547332,54.79999923706055],[151.01901163347065,-33.75943215563893,54.400001525878906],[151.01902571506798,-33.75941388309002,54.400001525878906],[151.0190228652209,-33.75940256752074,54.20000076293945],[151.0190199315548,-33.759395107626915,53.599998474121094],[151.01900417357683,-33.7593805231154,53],[151.01902303285897,-33.759326627478,52.79999923706055],[151.0190625116229,-33.75930793583393,52.79999923706055],[151.01907089352608,-33.75931388698518,53],[151.01907474920154,-33.75930726528168,53.20000076293945],[151.01908463984728,-33.759292932227254,53.400001525878906],[151.01908489130437,-33.75928924418986,53.599998474121094],[151.0191010683775,-33.75926359556615,54],[151.01915865205228,-33.75922956503928,54.20000076293945],[151.01918396539986,-33.759184554219246,54.599998474121094],[151.01919310167432,-33.75917902216315,54.599998474121094],[151.01920617744327,-33.759150272235274,54.599998474121094],[151.01921598426998,-33.759143482893705,54.79999923706055],[151.01923962123692,-33.75911355949938,55.400001525878906],[151.0192522779107,-33.75909646041691,55.599998474121094],[151.01925839670002,-33.75908154062927,55.599998474121094],[151.01930332370102,-33.75902739353478,55.400001525878906],[151.01932159624994,-33.75899973325431,55.400001525878906],[151.01932645775378,-33.75899428501725,55.400001525878906],[151.01934707723558,-33.758967127650976,55],[151.01935302838683,-33.758926475420594,55],[151.0193579737097,-33.75890384428203,55.400001525878906],[151.01936861872673,-33.75889445655048,55.400001525878906],[151.01938555017114,-33.75885313376784,55.20000076293945],[151.01940030232072,-33.75879965722561,55.400001525878906],[151.0193999670446,-33.75877685844898,55.79999923706055],[151.0194023977965,-33.7587985675782,55.79999923706055],[151.01940298452973,-33.75882136635482,55.599998474121094],[151.01941840723157,-33.758815163746476,55.599998474121094],[151.0194377694279,-33.758791694417596,55.79999923706055],[151.01943366229534,-33.758789682760835,55.599998474121094],[151.01943550631404,-33.75878691673279,55.599998474121094],[151.01947993040085,-33.758779959753156,55.599998474121094],[151.0195239353925,-33.75879764556885,55.599998474121094],[151.0195633303374,-33.75881298445165,55.400001525878906],[151.01959208026528,-33.75880912877619,56.599998474121094],[151.0195963550359,-33.758806781843305,56.79999923706055],[151.01960465312004,-33.758794041350484,58],[151.01960884407163,-33.758793622255325,58.20000076293945],[151.01963005028665,-33.758783815428615,59.20000076293945],[151.0196344088763,-33.7587792892009,59.400001525878906],[151.01963432505727,-33.758763279765844,59.599998474121094],[151.01962183602154,-33.75873377546668,60.20000076293945],[151.01960750296712,-33.75869764946401,60.79999923706055],[151.01959677413106,-33.75866772606969,60.79999923706055],[151.0195936728269,-33.758651381358504,60.599998474121094],[151.0196140408516,-33.75862489454448,60.79999923706055],[151.01962259039283,-33.758627492934465,61.400001525878906],[151.0196307208389,-33.758618691936135,61.79999923706055],[151.0196325648576,-33.758611399680376,62],[151.01964136585593,-33.75860276632011,62.599998474121094],[151.01964966394007,-33.758599078282714,63],[151.0196616500616,-33.75858717598021,63.79999923706055],[151.01966466754675,-33.758580051362514,64],[151.01965586654842,-33.75855155289173,64.80000305175781],[151.01964958012104,-33.75849321484566,65.19999694824219],[151.01964329369366,-33.75847326591611,65.4000015258789],[151.01964429952204,-33.75844216905534,65],[151.0196344088763,-33.758422220125794,64.4000015258789],[151.01963457651436,-33.758409982547164,64.19999694824219],[151.01963818073273,-33.75839707441628,64],[151.01964069530368,-33.75838818959892,63.599998474121094],[151.0196375939995,-33.758381651714444,63.400001525878906],[151.01962996646762,-33.75837427563965,63.20000076293945],[151.0196174774319,-33.75835843384266,62.400001525878906],[151.01961923763156,-33.75834669917822,62.20000076293945],[151.0196201596409,-33.758336808532476,62],[151.01962711662054,-33.75831074081361,61.400001525878906],[151.01962208747864,-33.75831065699458,61.20000076293945],[151.0196174774319,-33.75831115990877,61.20000076293945],[151.0196064133197,-33.75831023789942,61.20000076293945],[151.01960155181587,-33.75831711106002,61.400001525878906],[151.01960155181587,-33.75831753015518,61.400001525878906],[151.0196101013571,-33.75830898061395,61.400001525878906],[151.01963005028665,-33.75828433781862,61.400001525878906],[151.01965033449233,-33.75822465866804,61.400001525878906],[151.01965812966228,-33.75821619294584,61.400001525878906],[151.01968495175242,-33.75816154293716,61.599998474121094],[151.01968361064792,-33.75815274193883,61.79999923706055],[151.01968771778047,-33.75814042054117,62.20000076293945],[151.01969660259783,-33.75812868587673,62.400001525878906],[151.01970163173974,-33.758103204891086,62.599998474121094],[151.01970397867262,-33.75808627344668,63],[151.0197126120329,-33.758043106645346,63.20000076293945],[151.01971755735576,-33.75802416354418,63.20000076293945],[151.01970724761486,-33.757965825498104,63.20000076293945],[151.01970875635743,-33.75794671475887,63.400001525878906],[151.01969408802688,-33.75788007862866,63.599998474121094],[151.0196928307414,-33.757875049486756,63.599998474121094],[151.0196925792843,-33.75784437172115,63.400001525878906],[151.01969425566494,-33.75782014802098,63.400001525878906],[151.01968578994274,-33.75778192654252,63.400001525878906],[151.01966382935643,-33.75775761902332,63.400001525878906],[151.01965226233006,-33.75773549079895,63.599998474121094],[151.019649496302,-33.75770556740463,63.79999923706055],[151.01964991539717,-33.75769726932049,63.79999923706055],[151.01965729147196,-33.757660975679755,64.5999984741211],[151.01964798755944,-33.75763884745538,64.80000305175781],[151.0196291282773,-33.75762585550547,65],[151.0195958521217,-33.757624765858054,65],[151.01957330480218,-33.7576293759048,65],[151.01956349797547,-33.75762300565839,65],[151.01952594704926,-33.75761579722166,64.5999984741211],[151.01947976276278,-33.7575931660831,64.4000015258789],[151.01945319212973,-33.75756500288844,64.4000015258789],[151.01943927817047,-33.75750867649913,64.5999984741211],[151.0194272082299,-33.75744774006307,65.19999694824219],[151.0194412060082,-33.75742611475289,65.5999984741211],[151.01944690570235,-33.757400969043374,65.5999984741211],[151.01945084519684,-33.75739065930247,65.5999984741211],[151.01950557902455,-33.75733483582735,65.80000305175781],[151.01951329037547,-33.757304828614,65.80000305175781],[151.01954715326428,-33.7572147231549,66],[151.0195498354733,-33.757189409807324,66],[151.01954648271203,-33.75716443173587,66],[151.0195498354733,-33.757097041234374,65.80000305175781],[151.01960591040552,-33.75703442841768,65.80000305175781],[151.01966433227062,-33.756965193897486,66],[151.01970163173974,-33.75690283253789,66.5999984741211],[151.01972669363022,-33.75685145147145,66.80000305175781],[151.01974446326494,-33.75682479701936,66.5999984741211],[151.01978603750467,-33.756793113425374,66.4000015258789],[151.0197943355888,-33.75678230077028,66.4000015258789],[151.01980665698647,-33.756769225001335,66.4000015258789],[151.01983490400016,-33.75672874040902,66.5999984741211],[151.01983557455242,-33.75672312453389,66.5999984741211],[151.01988242939115,-33.75667727552354,66.5999984741211],[151.01989776827395,-33.75663712620735,67],[151.0199018754065,-33.756588427349925,67.4000015258789],[151.01990019902587,-33.75657384283841,67.4000015258789],[151.01993154734373,-33.75650083646178,67.4000015258789],[151.01994168944657,-33.75647376291454,67.5999984741211],[151.01995560340583,-33.75643637962639,67.5999984741211],[151.01996121928096,-33.75642263330519,67.5999984741211],[151.01996683515608,-33.75638038851321,67.80000305175781],[151.01996038109064,-33.75632741488516,68],[151.01998284459114,-33.756283074617386,68.80000305175781],[151.01998284459114,-33.75627108849585,69],[151.02000991813838,-33.756191125139594,70],[151.02010840550065,-33.75615659169853,70.80000305175781],[151.02012299001217,-33.756128679960966,71],[151.02012977935374,-33.75611459836364,71],[151.02019038051367,-33.756039664149284,71.80000305175781],[151.0201944038272,-33.75601099804044,72.19999694824219],[151.02021032944322,-33.75590220093727,72.5999984741211],[151.020222986117,-33.75588267110288,73],[151.0202314518392,-33.75587529502809,73.19999694824219],[151.02026824839413,-33.75584285706282,73.5999984741211],[151.0202773846686,-33.75583531334996,74],[151.02029163390398,-33.75582550652325,74.4000015258789],[151.02031242102385,-33.75578275881708,74.5999984741211],[151.02036681957543,-33.755722073838115,74.5999984741211],[151.0203862655908,-33.75571369193494,74.80000305175781],[151.02042021229863,-33.755681002512574,75.19999694824219],[151.02042708545923,-33.75566524453461,75.19999694824219],[151.02043027058244,-33.755627777427435,75.4000015258789],[151.02043907158077,-33.75562065280974,75.5999984741211],[151.02045206353068,-33.75560849905014,75.5999984741211],[151.02047570049763,-33.755564326420426,76.5999984741211],[151.02050386369228,-33.75549115240574,77],[151.02051350288093,-33.75547690317035,76.5999984741211],[151.02051962167025,-33.7554104346782,75.5999984741211],[151.02053621783853,-33.75532426871359,76.19999694824219],[151.02051333524287,-33.75527531839907,76.4000015258789],[151.02051836438477,-33.755259811878204,76.5999984741211],[151.02053705602884,-33.755208011716604,76.5999984741211],[151.020537475124,-33.75519225373864,76.80000305175781],[151.02052674628794,-33.755164509639144,77],[151.02050964720547,-33.755076080560684,77.4000015258789],[151.0205152630806,-33.755049677565694,77.4000015258789],[151.0205200407654,-33.755033584311604,77.4000015258789],[151.02051761001348,-33.755010114982724,77.80000305175781],[151.0205166041851,-33.75498991459608,77.80000305175781],[151.02049422450364,-33.75492637977004,77.80000305175781],[151.0204891115427,-33.754786401987076,78.19999694824219],[151.02050713263452,-33.75473393127322,78.4000015258789],[151.02052448317409,-33.7547127250582,78.80000305175781],[151.02053496055305,-33.75470291823149,78.80000305175781],[151.0205485392362,-33.754684729501605,79],[151.02057494223118,-33.75464893877506,79.80000305175781],[151.0205890238285,-33.75458733178675,80],[151.02058826945722,-33.75456377863884,80],[151.02061760611832,-33.75451885163784,80.4000015258789],[151.0206296760589,-33.75450569204986,80.5999984741211],[151.0206270776689,-33.754488257691264,80.80000305175781],[151.0206315200776,-33.754479456692934,80.80000305175781],[151.0206360463053,-33.754455065354705,80.80000305175781],[151.02060863748193,-33.754404773935676,80.4000015258789],[151.020598243922,-33.75439815223217,80.19999694824219],[151.02059916593134,-33.75438490882516,79.80000305175781],[151.02058407850564,-33.7543863337487,79.4000015258789],[151.02058256976306,-33.754385747015476,79.4000015258789],[151.02058256976306,-33.754385747015476,79.4000015258789],[151.02058466523886,-33.754381220787764,79.5999984741211],[151.0205316916108,-33.75434006564319,80.19999694824219],[151.02051015011966,-33.75430393964052,81.19999694824219],[151.02050067856908,-33.75426814891398,82],[151.02049539797008,-33.75425892882049,82.4000015258789],[151.02048902772367,-33.754256665706635,83.4000015258789],[151.02048575878143,-33.75425146892667,83.5999984741211],[151.0204756166786,-33.75423286110163,84],[151.02046421729028,-33.75421106815338,84.4000015258789],[151.02045482955873,-33.754205871373415,84.5999984741211],[151.02042473852634,-33.7541947234422,85.5999984741211],[151.02041627280414,-33.75418265350163,86],[151.02039380930364,-33.75417175702751,87],[151.0203850083053,-33.754169158637524,87.80000305175781],[151.02038467302918,-33.75416555441916,88.19999694824219],[151.02034787647426,-33.7541601061821,89.19999694824219],[151.02031049318612,-33.75416153110564,89.5999984741211],[151.02030035108328,-33.754157926887274,90],[151.02029607631266,-33.75416077673435,90.19999694824219],[151.020289035514,-33.754163794219494,90.4000015258789],[151.02026036940515,-33.7541669793427,91],[151.0202319547534,-33.75414459966123,91.4000015258789],[151.02022575214505,-33.7541342061013,91.5999984741211],[151.02019566111267,-33.754137977957726,92],[151.02018560282886,-33.754147198051214,92.19999694824219],[151.0201497282833,-33.754165135324,92.4000015258789],[151.02012642659247,-33.75417963601649,92.80000305175781],[151.02011343464255,-33.754183826968074,93.5999984741211],[151.02009817957878,-33.75420670956373,94.4000015258789],[151.0200918931514,-33.754218108952045,94.5999984741211],[151.02007487788796,-33.75425415113568,95.4000015258789],[151.02006431668997,-33.7542600184679,95.5999984741211],[151.02004780434072,-33.75428809784353,96.80000305175781],[151.0200451221317,-33.754294803366065,96.80000305175781],[151.0200004465878,-33.75434157438576,97],[151.019969265908,-33.754360768944025,97.80000305175781],[151.01996121928096,-33.75438482500613,98],[151.01992391981184,-33.75445540063083,98.19999694824219],[151.01989936083555,-33.75448088161647,98.4000015258789],[151.0198918171227,-33.754491275176406,98.5999984741211],[151.0198675096035,-33.75451650470495,98.5999984741211],[151.01982928812504,-33.75453041866422,98.80000305175781],[151.01981369778514,-33.754545003175735,98.80000305175781],[151.01983825676143,-33.75456411391497,99],[151.01985435001552,-33.75456143170595,99],[151.01988670416176,-33.75458875671029,98.4000015258789],[151.01983808912337,-33.754661343991756,98],[151.01981897838414,-33.75469570979476,98.4000015258789],[151.01977706886828,-33.75478221103549,98.5999984741211],[151.01977296173573,-33.75479746609926,98.5999984741211],[151.0197715368122,-33.754815654829144,98.5999984741211],[151.0197565332055,-33.754862090572715,98.5999984741211],[151.019720826298,-33.75491757877171,98.4000015258789],[151.01967464201152,-33.7550132162869,98.19999694824219],[151.0196529328823,-33.755043810233474,98],[151.01963524706662,-33.75506669282913,97.80000305175781],[151.01962108165026,-33.75508630648255,97.5999984741211],[151.01957632228732,-33.7551511824131,97.4000015258789],[151.01956785656512,-33.75516375526786,97.4000015258789],[151.01955519989133,-33.755187056958675,97.5999984741211],[151.0195035673678,-33.75525168143213,97.5999984741211],[151.01949057541788,-33.75526048243046,97.5999984741211],[151.0194398649037,-33.75533105805516,97.5999984741211],[151.01941312663257,-33.755382020026445,97.80000305175781],[151.0194058343768,-33.75546030700207,97.4000015258789],[151.0193981230259,-33.755473801866174,97.4000015258789],[151.01934724487364,-33.75552702695131,97.19999694824219],[151.01933534257114,-33.75553574413061,97.19999694824219],[151.01927700452507,-33.75560162588954,97.19999694824219],[151.01926275528967,-33.755631633102894,97],[151.01925470866263,-33.75564211048186,97],[151.01923660375178,-33.75565786845982,96.80000305175781],[151.01919050328434,-33.75573506578803,96.80000305175781],[151.01917994208634,-33.755804132670164,96.4000015258789],[151.01917105726898,-33.75581360422075,96.4000015258789],[151.01916334591806,-33.755825255066156,96.4000015258789],[151.01913426071405,-33.75585970468819,96.4000015258789],[151.01910844445229,-33.755892142653465,96.4000015258789],[151.01907139644027,-33.75596020370722,96],[151.0190304927528,-33.7559921387583,96],[151.01902110502124,-33.755993312224746,96],[151.01896503008902,-33.75598761253059,96.19999694824219],[151.01895513944328,-33.75599850900471,96.19999694824219],[151.01885036565363,-33.75611023977399,96.80000305175781],[151.01876981556416,-33.75613898970187,97.19999694824219],[151.01872983388603,-33.756165225058794,97.5999984741211],[151.01868130266666,-33.756185844540596,97.5999984741211],[151.01864165626466,-33.756195064634085,97.5999984741211],[151.01860435679555,-33.756208224222064,97.80000305175781],[151.01859002374113,-33.75621233135462,98],[151.01854459382594,-33.75623571686447,98.80000305175781],[151.01853361353278,-33.75624468550086,99.19999694824219],[151.01844887249172,-33.756293719634414,100],[151.01840369403362,-33.75630268827081,100.4000015258789],[151.01836170069873,-33.75632531940937,101.19999694824219],[151.01834007538855,-33.7563409935683,101.4000015258789],[151.01832817308605,-33.75634870491922,101.4000015258789],[151.0182907897979,-33.7563584279269,101],[151.01824183948338,-33.75635038129985,101],[151.01816304959357,-33.75635256059468,101.5999984741211],[151.01811041124165,-33.75637594610453,101.4000015258789],[151.01807470433414,-33.75639061443508,101.4000015258789],[151.0179704334587,-33.75641701743007,101.5999984741211],[151.0179057251662,-33.75641089864075,101.80000305175781],[151.01788502186537,-33.756392961367965,101.80000305175781],[151.01786297746003,-33.75638105906546,102],[151.01780111901462,-33.75638055615127,102.4000015258789],[151.01772844791412,-33.75639530830085,103.19999694824219],[151.01769307628274,-33.75639857724309,103.19999694824219],[151.01768008433282,-33.75639757141471,103.4000015258789],[151.01766960695386,-33.75639564357698,104],[151.01765166968107,-33.756400337442756,104.19999694824219],[151.01760741323233,-33.756399834528565,104.5999984741211],[151.01756860502064,-33.75639212317765,104.80000305175781],[151.01752929389477,-33.75637125223875,105.5999984741211],[151.0174995381385,-33.75637334771454,106.19999694824219],[151.01746919564903,-33.75638918951154,106.5999984741211],[151.0174474865198,-33.75639849342406,106.80000305175781],[151.01740431971848,-33.75640109181404,106.80000305175781],[151.01739107631147,-33.756400840356946,107],[151.01735377684236,-33.75639413483441,107.5999984741211],[151.01726920343935,-33.75638114288449,108.80000305175781],[151.01724808104336,-33.756392458453774,109],[151.01723534055054,-33.75641534104943,109.4000015258789],[151.01722855120897,-33.75642288476229,109.5999984741211],[151.0172174870968,-33.75643855892122,109.80000305175781],[151.0172082670033,-33.75644585117698,109.80000305175781],[151.0171667765826,-33.75645071268082,110],[151.01710852235556,-33.75645389780402,110.4000015258789],[151.01708161644638,-33.75646370463073,110.80000305175781],[151.01706543937325,-33.75646647065878,111],[151.01699997670949,-33.756440822035074,111.4000015258789],[151.01697424426675,-33.756438475102186,111.80000305175781],[151.01692898198962,-33.756446270272136,112],[151.0169169958681,-33.756451634690166,112],[151.01686645299196,-33.75646638683975,112.5999984741211],[151.01682471111417,-33.75644811429083,112.80000305175781],[151.01676964201033,-33.756421376019716,113.19999694824219],[151.01671675220132,-33.75639321282506,113.4000015258789],[151.01665598340333,-33.756364630535245,113.5999984741211],[151.0166258085519,-33.75636672601104,113.5999984741211],[151.0164944641292,-33.75638793222606,113.5999984741211],[151.0163984913379,-33.75633060000837,113.19999694824219],[151.01637770421803,-33.75632976181805,113.19999694824219],[151.01631643250585,-33.75631995499134,112.80000305175781],[151.01628525182605,-33.7563066277653,112.80000305175781],[151.01626253686845,-33.756296234205365,112.5999984741211],[151.0162528976798,-33.756295731291175,112.5999984741211],[151.01620704866946,-33.756302604451776,112.19999694824219],[151.0161762032658,-33.75630469992757,111.80000305175781],[151.01614762097597,-33.756297240033746,111.80000305175781],[151.01611509919167,-33.75629707239568,111.5999984741211],[151.0161006823182,-33.75629992224276,111.4000015258789],[151.01608802564442,-33.75629648566246,111.19999694824219],[151.01607461459935,-33.75629195943475,111],[151.0160361416638,-33.75628374516964,110.5999984741211],[151.01602432318032,-33.75628483481705,110.5999984741211],[151.0159558430314,-33.75630738213658,110],[151.0159262549132,-33.75631467439234,109.80000305175781],[151.0159127600491,-33.756315261125565,109.80000305175781],[151.0158353112638,-33.75630193389952,109],[151.01582190021873,-33.75630419701338,109],[151.01575744338334,-33.7562997546047,108.5999984741211],[151.01571695879102,-33.75628215260804,108.4000015258789],[151.0156934056431,-33.756267903372645,108],[151.0156881250441,-33.75625876709819,107.80000305175781],[151.01566733792424,-33.75621249899268,107.4000015258789],[151.01565258577466,-33.75619095750153,107],[151.0156426113099,-33.75618693418801,106.80000305175781],[151.01562894880772,-33.7561871856451,106.5999984741211],[151.0155971813947,-33.75618441961706,106.4000015258789],[151.0155739635229,-33.75618358142674,106.19999694824219],[151.0154859535396,-33.75618324615061,105.5999984741211],[151.01546625606716,-33.75617234967649,105.4000015258789],[151.01547262631357,-33.75612197443843,104.5999984741211],[151.01547639817,-33.75611459836364,104.4000015258789],[151.01551202125847,-33.756074868142605,104],[151.0155290365219,-33.756052907556295,103.5999984741211],[151.01553549058735,-33.75604108907282,103.4000015258789],[151.01555694825947,-33.755997167900205,103.19999694824219],[151.01557597517967,-33.75593933276832,102.5999984741211],[151.0155717842281,-33.75593136996031,102.5999984741211],[151.01555627770722,-33.7559110019356,102.4000015258789],[151.01552526466548,-33.75587998889387,102],[151.01551637984812,-33.755872109904885,101.80000305175781],[151.01547765545547,-33.75584998168051,101.19999694824219],[151.01546432822943,-33.75584394671023,101],[151.0154504980892,-33.75583866611123,100.80000305175781],[151.0154100973159,-33.755812933668494,100],[151.01534564048052,-33.75578133389354,99],[151.01532988250256,-33.75577789731324,98.80000305175781],[151.0153138730675,-33.75577320344746,98.5999984741211],[151.01525427773595,-33.75573690980673,97.80000305175781],[151.01523634046316,-33.755727941170335,97.4000015258789],[151.01522712036967,-33.75572291202843,97.19999694824219],[151.0151944309473,-33.7557053938508,96.5999984741211],[151.0151231009513,-33.755664406344295,95.5999984741211],[151.0151148866862,-33.755658622831106,95.4000015258789],[151.0150672774762,-33.75563247129321,94.5999984741211],[151.0150220990181,-33.7555967643857,93.5999984741211],[151.0150094423443,-33.75559123232961,93.19999694824219],[151.01496879011393,-33.755567176267505,92.5999984741211],[151.0149251203984,-33.755543790757656,92.4000015258789],[151.01491279900074,-33.75553607940674,92.19999694824219],[151.0149005614221,-33.75552878715098,92],[151.0148889105767,-33.755522249266505,91.80000305175781],[151.0148648545146,-33.75551185570657,91.4000015258789],[151.014834176749,-33.755502216517925,91],[151.01482369937003,-33.75549333170056,90.5999984741211],[151.01480014622211,-33.75547623261809,90.4000015258789],[151.01477935910225,-33.755462570115924,90.19999694824219],[151.01475798524916,-33.75543851405382,90],[151.01474340073764,-33.7554328981787,89.80000305175781],[151.0146880801767,-33.75538663007319,89.19999694824219],[151.01467751897871,-33.75538076274097,89.19999694824219],[151.01463091559708,-33.75535343773663,89.4000015258789],[151.01462085731328,-33.755346396937966,89.4000015258789],[151.01460786536336,-33.75534011051059,89.5999984741211],[151.01454181596637,-33.75529903918505,90.4000015258789],[151.01450133137405,-33.75527515076101,91.19999694824219],[151.01445514708757,-33.755252519622445,92],[151.0144428256899,-33.75524640083313,92],[151.01443050429225,-33.75524061731994,92.19999694824219],[151.01441918872297,-33.7552357558161,92.5999984741211],[151.01438683457673,-33.75521915964782,93],[151.01436864584684,-33.755205580964684,93.19999694824219],[151.0143576655537,-33.75519946217537,93.4000015258789],[151.0143283288926,-33.7551823630929,94],[151.01430913433433,-33.75516325235367,94.4000015258789],[151.01429723203182,-33.75515889376402,94.5999984741211],[151.01424199528992,-33.755136262625456,95.19999694824219],[151.0142202861607,-33.755125449970365,95.5999984741211],[151.01418902166188,-33.75509049743414,96.4000015258789],[151.01418172940612,-33.75508303754032,96.5999984741211],[151.01417527534068,-33.75507725402713,96.80000305175781],[151.01416094228625,-33.75505889765918,97.19999694824219],[151.0141433402896,-33.75504263676703,97.80000305175781],[151.01412179879844,-33.75503249466419,98],[151.01411308161914,-33.75502989627421,98.19999694824219],[151.0140984132886,-33.75502017326653,98.80000305175781],[151.01406966336071,-33.754999386146665,99.19999694824219],[151.0140378959477,-33.75500198453665,100],[151.01402490399778,-33.754996452480555,100.19999694824219],[151.013991124928,-33.75496158376336,101],[151.01391719654202,-33.754946161061525,101.80000305175781],[151.01382784545422,-33.75497910194099,101.4000015258789],[151.01375098340213,-33.75502444803715,101],[151.01367730647326,-33.75507742166519,100],[151.01357630454004,-33.75515394844115,99],[151.01351402699947,-33.7551995459944,99],[151.01343347691,-33.75525704585016,99.19999694824219],[151.01341545581818,-33.755272552371025,99.19999694824219],[151.01335695013404,-33.755328794941306,99],[151.01332015357912,-33.755357125774026,98.80000305175781],[151.01322677917778,-33.755415296182036,99],[151.01318512111902,-33.75543750822544,99.19999694824219],[151.0131263639778,-33.75549266114831,99.19999694824219],[151.01300499401987,-33.755578910931945,99.4000015258789],[151.01289628073573,-33.75567337498069,99.4000015258789],[151.01277616806328,-33.75574763864279,99.19999694824219],[151.01262755692005,-33.755859369412065,99.4000015258789],[151.01257223635912,-33.75589465722442,99.4000015258789],[151.01249470375478,-33.755948301404715,99.19999694824219],[151.01240870542824,-33.756028516218066,99.19999694824219],[151.01227191276848,-33.7561322003603,99.5999984741211],[151.01225649006665,-33.75614192336798,99.5999984741211],[151.01216873154044,-33.75619573518634,99.5999984741211],[151.01213076151907,-33.756221970543265,100],[151.01205146871507,-33.756274776533246,100.19999694824219],[151.01201551035047,-33.75629204325378,100.19999694824219],[151.01194049231708,-33.75634518451989,100.19999694824219],[151.01186438463628,-33.75642062164843,100.19999694824219],[151.01183161139488,-33.75644451007247,100.19999694824219],[151.01178836077452,-33.75647518783808,100],[151.01169884204865,-33.75654375180602,100],[151.01168811321259,-33.75654710456729,100],[151.01165869273245,-33.7565587554127,100.4000015258789],[151.01161141879857,-33.756604017689824,100.80000305175781],[151.0115771368146,-33.75662631355226,100.80000305175781],[151.0114849358797,-33.7566845677793,100.4000015258789],[151.01147110573947,-33.7566951289773,100.19999694824219],[151.01144017651677,-33.75671214424074,100.19999694824219],[151.01134210824966,-33.75671977177262,100],[151.01132391951978,-33.75671859830618,100],[151.01124437525868,-33.75671876594424,100],[151.01121520623565,-33.7567263096571,100],[151.01114622317255,-33.75673376955092,99.80000305175781],[151.01108679547906,-33.756740810349584,99.80000305175781],[151.01107296533883,-33.756744246929884,99.80000305175781],[151.01093960925937,-33.75676176510751,100],[151.01084338501096,-33.7567762658,99.4000015258789],[151.01081094704568,-33.75678406096995,99.19999694824219],[151.0107645113021,-33.756782468408346,98.80000305175781],[151.0107409581542,-33.75678414478898,98.4000015258789],[151.01072226651013,-33.7567900121212,98.19999694824219],[151.01065998896956,-33.75681281089783,97.80000305175781],[151.01062604226172,-33.75683250837028,97.5999984741211],[151.01060818880796,-33.756836699321866,97.5999984741211],[151.01054574362934,-33.75685547478497,97.4000015258789],[151.01046301424503,-33.756878189742565,96.5999984741211],[151.01042445749044,-33.75688774511218,96.19999694824219],[151.01036947220564,-33.75690543092787,96],[151.0103355254978,-33.7569247931242,95.4000015258789],[151.0103120561689,-33.75692940317094,95.19999694824219],[151.0102332662791,-33.75693719834089,94.5999984741211],[151.0102213639766,-33.75693552196026,94.4000015258789],[151.01015682332218,-33.75692093744874,93.5999984741211],[151.01014383137226,-33.756913812831044,93.4000015258789],[151.01013318635523,-33.756905011832714,93.4000015258789],[151.0100450925529,-33.75682479701936,93],[151.0100350342691,-33.756735445931554,92.4000015258789],[151.0100313462317,-33.75672396272421,92.4000015258789],[151.01002086885273,-33.75670627690852,92.4000015258789],[151.0100352857262,-33.756614327430725,93],[151.01004391908646,-33.756602089852095,93],[151.01005665957928,-33.75654417090118,93.19999694824219],[151.01005213335156,-33.75651768408716,93],[151.0100496187806,-33.75648759305477,93.19999694824219],[151.0100657120347,-33.756449623033404,93.5999984741211],[151.01007266901433,-33.75637267716229,94.19999694824219],[151.0100749321282,-33.756369072943926,94.19999694824219],[151.0100733395666,-33.75635960139334,94.4000015258789],[151.0100714955479,-33.75633613206446,94.5999984741211],[151.01005607284606,-33.756308387964964,95],[151.0100371297449,-33.75630428083241,95.4000015258789],[151.010005697608,-33.75624569132924,95.4000015258789],[151.0099549870938,-33.75617905519903,94.5999984741211],[151.009886758402,-33.7560975831002,94.19999694824219],[151.0098730120808,-33.75606388784945,93.80000305175781],[151.0098558291793,-33.75603321008384,93.4000015258789],[151.00981878116727,-33.75595685094595,92.80000305175781],[151.00981056690216,-33.755873115733266,92.80000305175781],[151.00981718860567,-33.75585802830756,92.5999984741211],[151.00986840203404,-33.75574495643377,92.80000305175781],[151.0099187772721,-33.755649821832776,92.80000305175781],[151.00992833264172,-33.75564110465348,93],[151.00997937843204,-33.75556650571525,93.80000305175781],[151.01001357659698,-33.7554881349206,94.19999694824219],[151.01002547889948,-33.75546592287719,94],[151.01002933457494,-33.75545460730791,94],[151.01002891547978,-33.75541244633496,94],[151.01005313917994,-33.75539534725249,94],[151.01008649915457,-33.755372297018766,94],[151.01011030375957,-33.75536223873496,94.19999694824219],[151.01012002676725,-33.75535737723112,94.4000015258789],[151.01012899540365,-33.755352264270186,94.4000015258789],[151.01013293489814,-33.7553427927196,94.5999984741211],[151.0101595055312,-33.755297949537635,94.80000305175781],[151.01023938506842,-33.7552307266742,95.4000015258789],[151.01024759933352,-33.75522150658071,95.4000015258789],[151.0102559812367,-33.755209939554334,95.5999984741211],[151.01027391850948,-33.75517490319908,95.5999984741211],[151.01028104312718,-33.755134753882885,95.5999984741211],[151.01028464734554,-33.75511991791427,95.5999984741211],[151.01028657518327,-33.75510457903147,95.5999984741211],[151.01031222380698,-33.7550269626081,95.80000305175781],[151.01031742058694,-33.75501531176269,95.80000305175781],[151.01033720187843,-33.75493409112096,95.4000015258789],[151.0103648621589,-33.75485982745886,95.19999694824219],[151.0103698913008,-33.754839627072215,95.19999694824219],[151.01039696484804,-33.754734015092254,95.19999694824219],[151.01039411500096,-33.754662768915296,95.4000015258789],[151.01041682995856,-33.7546194344759,95.5999984741211],[151.01042554713786,-33.7545829731971,96],[151.0104185063392,-33.754525976255536,96],[151.01041515357792,-33.7545121461153,96],[151.010383637622,-33.75443520024419,96.19999694824219],[151.01035522297025,-33.754418855533004,95.5999984741211],[151.01032236590981,-33.75439563766122,95.4000015258789],[151.01029386743903,-33.75439278781414,95],[151.01026620715857,-33.754383232444525,94.4000015258789],[151.010238295421,-33.75433788634837,93.4000015258789],[151.01021147333086,-33.75427309423685,92.19999694824219],[151.01020644418895,-33.75425465404987,91.4000015258789],[151.0101994033903,-33.75425297766924,91],[151.01018951274455,-33.75425264239311,90.80000305175781],[151.01018138229847,-33.75425448641181,90.4000015258789],[151.01016436703503,-33.75425582751632,90],[151.01011399179697,-33.754272842779756,88.80000305175781],[151.01009706035256,-33.75427594408393,88.4000015258789],[151.01008012890816,-33.754278123378754,87.5999984741211],[151.01006160490215,-33.754272256046534,87],[151.0100437514484,-33.75426219776273,86.5999984741211],[151.01001927629113,-33.75425004400313,86.19999694824219],[151.00998180918396,-33.7542378064245,85.5999984741211],[151.00996060296893,-33.75420704483986,84.5999984741211],[151.0099565796554,-33.75420268625021,84.4000015258789],[151.0099240578711,-33.7541669793427,83.4000015258789],[151.00991433486342,-33.75415440648794,83.19999694824219],[151.00987854413688,-33.75413512811065,82.19999694824219],[151.00982632488012,-33.75416832044721,80.80000305175781],[151.00981660187244,-33.75417745672166,80.5999984741211],[151.00976899266243,-33.754196651279926,79.80000305175781],[151.00975818000734,-33.754207380115986,79.4000015258789],[151.00974577479064,-33.75421794131398,79.19999694824219],[151.00972490385175,-33.75423822551966,79],[151.0097155161202,-33.75424920581281,78.5999984741211],[151.00971015170217,-33.75425649806857,78.4000015258789],[151.0096689965576,-33.75427150167525,78],[151.0096404980868,-33.754256665706635,77.5999984741211],[151.0096396598965,-33.75423981808126,77.4000015258789],[151.0096375644207,-33.754222551360726,77.19999694824219],[151.0096222255379,-33.75417477451265,76.5999984741211],[151.00961124524474,-33.75416563823819,76.4000015258789],[151.00957428105175,-33.754138899967074,75.19999694824219],[151.00954410620034,-33.7541323620826,74.5999984741211],[151.00951083004475,-33.754121297970414,74.19999694824219],[151.00945550948381,-33.75408802181482,73.5999984741211],[151.00944695994258,-33.75407746061683,73.19999694824219],[151.00943975150585,-33.75406731851399,73],[151.00941653363407,-33.75404234044254,72.80000305175781],[151.00936540402472,-33.75403664074838,72.19999694824219],[151.0093307029456,-33.75402926467359,71.5999984741211],[151.00930807180703,-33.7540202960372,71.5999984741211],[151.00929759442806,-33.75401392579079,71.4000015258789],[151.009284183383,-33.75401199795306,71.19999694824219],[151.00927538238466,-33.75401375815272,71],[151.00925744511187,-33.75402297824621,70.5999984741211],[151.0092467162758,-33.75402616336942,70.4000015258789],[151.00922986865044,-33.75401794910431,70],[151.00920824334025,-33.753990875557065,68.80000305175781],[151.00918728858232,-33.7539719324559,68.4000015258789],[151.0091420263052,-33.75396866351366,67.80000305175781],[151.00903624668717,-33.753989450633526,67.5999984741211],[151.00900716148317,-33.75396816059947,67.19999694824219],[151.00899592973292,-33.75394846312702,66.5999984741211],[151.00899249315262,-33.7539407517761,66.5999984741211],[151.00898729637265,-33.75393505208194,66],[151.00898385979235,-33.75393337570131,65.5999984741211],[151.00897732190788,-33.75392482616007,65.19999694824219],[151.00894865579903,-33.753879899159074,64.5999984741211],[151.0089271981269,-33.753864308819175,64.19999694824219],[151.00891135632992,-33.75386950559914,63.400001525878906],[151.00890188477933,-33.753863805904984,63.20000076293945],[151.0088986158371,-33.753861375153065,63],[151.00890775211155,-33.75384352169931,63],[151.00893583148718,-33.753820806741714,63],[151.00898176431656,-33.75376280397177,63.20000076293945],[151.00903926417232,-33.75374034047127,63.400001525878906],[151.0090735461563,-33.75371661968529,63.599998474121094],[151.0091193113476,-33.75371217727661,63.599998474121094],[151.00914143957198,-33.753720726817846,63.599998474121094],[151.0091642383486,-33.753725504502654,63.79999923706055],[151.00919265300035,-33.753713853657246,63.79999923706055],[151.00922374986112,-33.75370823778212,64],[151.0092776454985,-33.75369633547962,64],[151.0093732830137,-33.75370119698346,64.4000015258789],[151.00938610732555,-33.75369398854673,64.4000015258789],[151.009413683787,-33.75366414897144,64.4000015258789],[151.00947855971754,-33.75363648869097,64.4000015258789],[151.00948870182037,-33.753625424578786,64.4000015258789],[151.00951083004475,-33.75362668186426,64.4000015258789],[151.009524744004,-33.753624837845564,64.4000015258789],[151.00955927744508,-33.75361394137144,64.5999984741211],[151.00957721471786,-33.753606313839555,64.5999984741211],[151.00958844646811,-33.753606313839555,64.5999984741211],[151.00963052362204,-33.753604888916016,64.5999984741211],[151.00967662408948,-33.753587203100324,64.5999984741211],[151.00973739288747,-33.75360304489732,64.5999984741211],[151.00975273177028,-33.75357924029231,64.5999984741211],[151.00980260409415,-33.753574630245566,64.5999984741211],[151.00984459742904,-33.75354093499482,64.80000305175781],[151.00987896323204,-33.753528613597155,64.5999984741211],[151.0099082160741,-33.75351436436176,64.4000015258789],[151.00998683832586,-33.75347513705492,64.4000015258789],[151.01000368595123,-33.75347186811268,64.5999984741211],[151.01001986302435,-33.75346382148564,64.5999984741211],[151.01004685275257,-33.75345074571669,64.5999984741211],[151.01010569371283,-33.75345409847796,64.5999984741211],[151.01018339395523,-33.75345007516444,64.5999984741211],[151.0102472640574,-33.75343792140484,64.4000015258789],[151.01027324795723,-33.753431886434555,64.4000015258789],[151.01035212166607,-33.753378577530384,64.5999984741211],[151.01041791960597,-33.753368351608515,64.4000015258789],[151.01044440642,-33.75335527583957,64.4000015258789],[151.01050375029445,-33.75330246984959,64.4000015258789],[151.01055135950446,-33.75325184315443,64.5999984741211],[151.01064138114452,-33.753159223124385,65.19999694824219],[151.0106566362083,-33.75313743017614,65.19999694824219],[151.01072025485337,-33.75307288952172,65.5999984741211],[151.01073810830712,-33.7530598975718,65.5999984741211],[151.010751016438,-33.75304891727865,65.5999984741211],[151.01079502142966,-33.75297959893942,65.4000015258789],[151.01084975525737,-33.75294489786029,65.4000015258789],[151.0109264496714,-33.75285445712507,65.5999984741211],[151.01093709468842,-33.75284037552774,65.80000305175781],[151.01096634753048,-33.75279000028968,66],[151.0109690297395,-33.75277290120721,66],[151.0110033955425,-33.75271665863693,66],[151.01104069501162,-33.752687238156796,66],[151.0110723786056,-33.75264884904027,66.19999694824219],[151.01112107746303,-33.752580704167485,66.19999694824219],[151.01120489649475,-33.752484899014235,66.19999694824219],[151.01121512241662,-33.752469308674335,66.19999694824219],[151.01124160923064,-33.75245958566666,66.19999694824219],[151.01126063615084,-33.7524295784533,66.19999694824219],[151.01129315793514,-33.752389177680016,66.5999984741211],[151.01130195893347,-33.75238054431975,66.5999984741211],[151.01135660894215,-33.75234098173678,66.80000305175781],[151.01137278601527,-33.75234282575548,66.80000305175781],[151.01142064668238,-33.752326648682356,66.80000305175781],[151.01144780404866,-33.752297814935446,66.80000305175781],[151.0115187149495,-33.75223360955715,66.80000305175781],[151.01153413765132,-33.75222019851208,66.80000305175781],[151.01155081763864,-33.75221433117986,66.80000305175781],[151.0115908831358,-33.75220997259021,66.80000305175781],[151.01159733720124,-33.7522102240473,66.80000305175781],[151.0116130951792,-33.75220712274313,66.80000305175781],[151.0116313677281,-33.752216594293714,66.80000305175781],[151.01163933053613,-33.752212068066,66.80000305175781],[151.0117008537054,-33.75220854766667,66.80000305175781],[151.011723568663,-33.752203434705734,66.4000015258789],[151.01178559474647,-33.75216110609472,66.4000015258789],[151.01179657503963,-33.75214744359255,66.4000015258789],[151.0118276719004,-33.752133110538125,66.19999694824219],[151.01186824031174,-33.752123303711414,66.4000015258789],[151.01188357919455,-33.75212204642594,66.80000305175781],[151.01193613372743,-33.75209220685065,67.4000015258789],[151.01200402714312,-33.7520497944206,67.4000015258789],[151.0120288375765,-33.7520204577595,67.4000015258789],[151.01207443512976,-33.751933285966516,67.19999694824219],[151.0120769497007,-33.75192222185433,67.19999694824219],[151.01207116618752,-33.751923479139805,67.4000015258789],[151.01207653060555,-33.751912247389555,67.4000015258789],[151.01207099854946,-33.7518735229969,67.4000015258789],[151.01206655614078,-33.75186949968338,67.4000015258789],[151.01208499632776,-33.751818872988224,67.4000015258789],[151.01207778789103,-33.751757349818945,67.4000015258789],[151.0120769497007,-33.75174645334482,67.5999984741211],[151.01206010207534,-33.75169892795384,68.19999694824219],[151.01206127554178,-33.75168585218489,68.19999694824219],[151.01209136657417,-33.75153397209942,68.4000015258789],[151.0120978206396,-33.75151628628373,68.4000015258789],[151.0120972339064,-33.75149331986904,68.80000305175781],[151.01208943873644,-33.751469012349844,69],[151.01207736879587,-33.751439759507775,69],[151.01209731772542,-33.75133607536554,68.5999984741211],[151.01211005821824,-33.75129642896354,68.80000305175781],[151.01212271489203,-33.751262314617634,69],[151.01210209541023,-33.75122266821563,69],[151.01208524778485,-33.75119894742966,68.80000305175781],[151.0120832361281,-33.751187128946185,68.5999984741211],[151.01206454448402,-33.751148572191596,68.5999984741211],[151.0120623651892,-33.75104681588709,68.5999984741211],[151.0120652988553,-33.751013204455376,68.5999984741211],[151.0120304301381,-33.75092930160463,68.5999984741211],[151.0120462719351,-33.75087800435722,68.80000305175781],[151.01204694248736,-33.75079829245806,69],[151.01205306127667,-33.75077733770013,69],[151.01205348037183,-33.750683795660734,69],[151.01208625361323,-33.75061020255089,69.4000015258789],[151.01209614425898,-33.750527054071426,69.4000015258789],[151.0121150035411,-33.75049159862101,70],[151.01211911067367,-33.75047056004405,70.5999984741211],[151.0121196974069,-33.75046662054956,70.80000305175781],[151.01215967908502,-33.75039780512452,71],[151.0121670551598,-33.75036402605474,71],[151.01216244511306,-33.75034390948713,71.4000015258789],[151.01216160692275,-33.75031842850149,71.5999984741211],[151.01213905960321,-33.75028372742236,71.5999984741211],[151.012133192271,-33.750262102112174,72],[151.01213034242392,-33.75024626031518,72.4000015258789],[151.01212271489203,-33.750216169282794,73.19999694824219],[151.01211818866432,-33.75019261613488,73.19999694824219],[151.01209765300155,-33.75018415041268,72.5999984741211],[151.01211223751307,-33.75015238299966,72.4000015258789],[151.0121157579124,-33.7500948831439,72.4000015258789],[151.01211617700756,-33.75007099471986,72.5999984741211],[151.0121083818376,-33.75002916902304,73.5999984741211],[151.0120726749301,-33.75000276602805,73],[151.0120467748493,-33.74997963197529,72.4000015258789],[151.01201844401658,-33.749955072999,72.19999694824219],[151.0119912866503,-33.74994769692421,72.19999694824219],[151.01195499300957,-33.74992523342371,72.5999984741211],[151.01194619201124,-33.74991643242538,72.80000305175781],[151.01192993111908,-33.74991098418832,73],[151.01186295971274,-33.74990570358932,74],[151.01185717619956,-33.74991215765476,74.19999694824219],[151.01185055449605,-33.74991400167346,74.19999694824219],[151.01182037964463,-33.74989497475326,74.4000015258789],[151.01180009543896,-33.749861950054765,74.4000015258789],[151.0117785539478,-33.749840911477804,74.4000015258789],[151.01176631636918,-33.74983345158398,74.4000015258789],[151.0117531567812,-33.74983638525009,74.5999984741211],[151.0117074754089,-33.749847365543246,74.80000305175781],[151.0116937290877,-33.74984367750585,74.80000305175781],[151.0116474609822,-33.74982951208949,74.80000305175781],[151.01163597777486,-33.74981836415827,74.80000305175781],[151.01161829195917,-33.749807300046086,74.80000305175781],[151.011580824852,-33.74979590065777,74.80000305175781],[151.01155852898955,-33.749801348894835,74.80000305175781],[151.0115353949368,-33.749800426885486,74.80000305175781],[151.01147797890007,-33.74980294145644,74.5999984741211],[151.01145501248538,-33.74981224536896,74.5999984741211],[151.01141285151243,-33.749842923134565,74],[151.01138669997454,-33.749860441312194,73.80000305175781],[151.0113157890737,-33.74986748211086,73.80000305175781],[151.0112779866904,-33.74987343326211,73.80000305175781],[151.01120338775218,-33.74987133778632,74],[151.01117581129074,-33.7498720921576,74.4000015258789],[151.0111164674163,-33.749877121299505,74.80000305175781],[151.0109603125602,-33.74991006217897,75],[151.0108770802617,-33.749926909804344,75.19999694824219],[151.01082888431847,-33.7499342020601,75.5999984741211],[151.01079393178225,-33.74992514960468,75.5999984741211],[151.01077540777624,-33.749925987794995,75.80000305175781],[151.0107253678143,-33.74994669109583,75.80000305175781],[151.0106894094497,-33.749936213716865,75.80000305175781],[151.0106307361275,-33.74993436969817,76.19999694824219],[151.01062285713851,-33.749933363869786,76.4000015258789],[151.0106122121215,-33.749933280050755,76.5999984741211],[151.01060156710446,-33.74993219040334,76.5999984741211],[151.01056569255888,-33.7499360460788,76.5999984741211],[151.0105257946998,-33.74992825090885,76.5999984741211],[151.01046879775822,-33.74991433694959,77],[151.0104589909315,-33.74990654177964,77],[151.0104359406978,-33.74989841133356,77],[151.0104177519679,-33.749904446303844,76.80000305175781],[151.01041398011148,-33.749905452132225,76.80000305175781],[151.01038640365005,-33.74991165474057,76.4000015258789],[151.01032488048077,-33.749928418546915,76.19999694824219],[151.0103120561689,-33.74992531724274,76.19999694824219],[151.01029478944838,-33.74990712851286,76.5999984741211],[151.01026142947376,-33.749880976974964,77.19999694824219],[151.01024391129613,-33.74988089315593,77.19999694824219],[151.0102232079953,-33.749872259795666,77.5999984741211],[151.01021222770214,-33.7498723436147,77.80000305175781],[151.01019990630448,-33.74986949376762,78],[151.01013829931617,-33.74982934445143,78.5999984741211],[151.01013612002134,-33.74982540495694,78.80000305175781],[151.01013746112585,-33.74982263892889,78.80000305175781],[151.01012480445206,-33.74978827312589,79],[151.01011608727276,-33.749765222892165,79.19999694824219],[151.01011130958796,-33.74975650571287,79.19999694824219],[151.0100863315165,-33.74968224205077,79.80000305175781],[151.01008960045874,-33.749668495729566,79.80000305175781],[151.01011709310114,-33.74957989901304,79],[151.01013352163136,-33.749552238732576,79],[151.01013955660164,-33.749532625079155,79.19999694824219],[151.01015782915056,-33.74947277829051,79.80000305175781],[151.01015414111316,-33.74945500865579,80],[151.01015171036124,-33.74940253794193,80],[151.01012497209013,-33.74935945495963,80.4000015258789],[151.0101328510791,-33.74933782964945,80.80000305175781],[151.01014014333487,-33.74931695871055,81.19999694824219],[151.01014282554388,-33.74930036254227,81.4000015258789],[151.01015179418027,-33.749242862686515,82],[151.01015296764672,-33.74920112080872,82.80000305175781],[151.01015456020832,-33.74917312525213,83.19999694824219],[151.01014953106642,-33.74913624487817,84.19999694824219],[151.01014374755323,-33.7491281144321,84.4000015258789],[151.01015313528478,-33.74907933175564,85],[151.01014140062034,-33.74904320575297,85.4000015258789],[151.01013008505106,-33.74899987131357,86.4000015258789],[151.01012689992785,-33.74898268841207,86.5999984741211],[151.0101101361215,-33.74895033426583,87.19999694824219],[151.0100916121155,-33.74893239699304,87.80000305175781],[151.0100712440908,-33.74891873449087,88.4000015258789],[151.01002807728946,-33.74890222214162,88.80000305175781],[151.0100017581135,-33.74890247359872,89.4000015258789],[151.00997384637594,-33.748909179121256,90],[151.00993017666042,-33.748904736712575,90.5999984741211],[151.009918525815,-33.7489016354084,91],[151.00990855135024,-33.74890155158937,91.19999694824219],[151.00987653248012,-33.748912112787366,92],[151.00986974313855,-33.74891169369221,92.4000015258789],[151.00985574536026,-33.74891756102443,92.5999984741211],[151.0098328627646,-33.748930133879185,93.19999694824219],[151.009823391214,-33.748938012868166,93.5999984741211],[151.0097911208868,-33.74895737506449,94.19999694824219],[151.00975164212286,-33.748971205204725,95],[151.00974099710584,-33.748976569622755,95.4000015258789],[151.00972892716527,-33.74898369424045,95.5999984741211],[151.00969389081,-33.74899727292359,96.4000015258789],[151.0096336249262,-33.74903054907918,97.4000015258789],[151.00962549448013,-33.749035159125924,97.5999984741211],[151.00961082614958,-33.74905108474195,97.80000305175781],[151.00958350114524,-33.749069441109896,98.19999694824219],[151.00954812951386,-33.74910271726549,98.4000015258789],[151.00952725857496,-33.74911277554929,98.80000305175781],[151.0094459541142,-33.74915258958936,99.4000015258789],[151.00943212397397,-33.74916189350188,99.4000015258789],[151.00941678509116,-33.7491743825376,100],[151.0093764681369,-33.74919324181974,100.4000015258789],[151.00936607457697,-33.74919441528618,100.80000305175781],[151.0093519091606,-33.74919441528618,101],[151.00931813009083,-33.74920849688351,101.5999984741211],[151.00930497050285,-33.749220902100205,102],[151.0092926491052,-33.74922542832792,102.19999694824219],[151.00926247425377,-33.749232636764646,102.80000305175781],[151.00922986865044,-33.74923297204077,103],[151.00922123529017,-33.749235067516565,103.19999694824219],[151.00919960998,-33.74923448078334,103],[151.00917127914727,-33.74923347495496,103.19999694824219],[151.0091475583613,-33.749221321195364,103.19999694824219],[151.0091356560588,-33.749217968434095,103.4000015258789]]},"properties":{"name":"Sydney Hiking"}}]}
