{"type":"FeatureCollection","features":[{"type":"Feature","geometry":{"type":"LineString","coordinates":[[151.64876715280116,-33.10559660196304,9.399999618530273],[151.64876681752503,-33.10560858808458,9.399999618530273],[151.6487249918282,-33.105705147609115,9.399999618530273],[151.6487162746489,-33.10571629554033,9.199999809265137],[151.6487080603838,-33.105725264176726,9.199999809265137],[151.648610830307,-33.105853758752346,8.800000190734863],[151.64859373122454,-33.105899188667536,8.800000190734863],[151.64857629686594,-33.10595593415201,8.800000190734863],[151.64856120944023,-33.105993904173374,9],[151.64852080866694,-33.10610370710492,8.800000190734863],[151.64850630797446,-33.10613681562245,8.800000190734863],[151.64846372790635,-33.106230441480875,8.800000190734863],[151.64844704791903,-33.10628735460341,8.800000190734863],[151.6484236624092,-33.10640495270491,8.600000381469727],[151.64842072874308,-33.106414675712585,8.399999618530273],[151.6484229080379,-33.10642649419606,8.399999618530273],[151.64840857498348,-33.10657359659672,8.199999809265137],[151.64840765297413,-33.10659849084914,8.399999618530273],[151.6484084073454,-33.10667518526316,8.199999809265137],[151.64841326884925,-33.10670401901007,8.199999809265137],[151.6484250035137,-33.10676319524646,8.199999809265137],[151.6484527476132,-33.10684793628752,8.199999809265137],[151.64846087805927,-33.1069319229573,8.399999618530273],[151.6484701819718,-33.10697693377733,8.199999809265137],[151.64847831241786,-33.10707257129252,7.800000190734863],[151.64848761633039,-33.10716988518834,7.800000190734863],[151.64850018918514,-33.10721439309418,7.800000190734863],[151.6485088225454,-33.107307348400354,7.800000190734863],[151.64853095076978,-33.10744456015527,7.599999904632568],[151.64854243397713,-33.107527708634734,7.400000095367432],[151.6485450323671,-33.10758068226278,7.400000095367432],[151.64854310452938,-33.10766961425543,7.199999809265137],[151.64854134432971,-33.10774781741202,7.199999809265137],[151.64851837791502,-33.107861476019025,6.800000190734863],[151.64847596548498,-33.10796884819865,6.599999904632568],[151.64843246340752,-33.10807974077761,6.599999904632568],[151.64838418364525,-33.10817043296993,6.400000095367432],[151.64835669100285,-33.108220556750894,6.400000095367432],[151.64833020418882,-33.10825542546809,6.199999809265137],[151.64826314896345,-33.10834645293653,6.199999809265137],[151.64823146536946,-33.10837293975055,6],[151.6481784079224,-33.10844091698527,6],[151.64805326610804,-33.108564130961895,6],[151.64794497191906,-33.10862657614052,5.599999904632568],[151.64787515066564,-33.10870595276356,5.400000095367432],[151.64779535494745,-33.10878717340529,5.400000095367432],[151.64774623699486,-33.108834782615304,5.199999809265137],[151.6477127932012,-33.10885850340128,5.199999809265137],[151.6476451512426,-33.10894215479493,5.199999809265137],[151.64753601886332,-33.1090438272804,5.400000095367432],[151.64748086594045,-33.109101075679064,5.599999904632568],[151.647408278659,-33.109161257743835,5.800000190734863],[151.647389838472,-33.1091648619622,5.800000190734863],[151.64735128171742,-33.109171986579895,5.599999904632568],[151.64733870886266,-33.10918087139726,5.599999904632568],[151.64732496254146,-33.10918975621462,5.599999904632568],[151.64725279435515,-33.10927927494049,5.599999904632568],[151.64717559702694,-33.109370805323124,5.800000190734863],[151.64710326120257,-33.10944540426135,5.800000190734863],[151.6470919456333,-33.10945554636419,5.800000190734863],[151.647072667256,-33.109470549970865,5.800000190734863],[151.64696898311377,-33.10955277644098,5.800000190734863],[151.6468768659979,-33.109638104215264,5.800000190734863],[151.64673923514783,-33.10975695960224,5.599999904632568],[151.64665508084,-33.10985578224063,5.599999904632568],[151.64657067507505,-33.10991981998086,5.400000095367432],[151.64647185243666,-33.110012942925096,5],[151.64645064622164,-33.110041776672006,5],[151.64639088325202,-33.11012492515147,4.400000095367432],[151.64638568647206,-33.11013590544462,4.400000095367432],[151.64637831039727,-33.11014655046165,4.400000095367432],[151.6463712695986,-33.11015845276415,4.400000095367432],[151.6463286895305,-33.110234225168824,4.199999809265137],[151.646290384233,-33.11033606529236,4],[151.64629851467907,-33.110401444137096,4],[151.64631586521864,-33.11043488793075,4.199999809265137],[151.64631326682866,-33.11044855043292,4.199999809265137],[151.64631846360862,-33.11050278134644,4.199999809265137],[151.6463286895305,-33.11052675358951,4.400000095367432],[151.64633313193917,-33.11052977107465,4.599999904632568],[151.64633564651012,-33.11053220182657,4.400000095367432],[151.6463371552527,-33.11053270474076,4.599999904632568],[151.646335311234,-33.11053161509335,4.199999809265137],[151.646335311234,-33.11053161509335,4.199999809265137],[151.646335311234,-33.11053161509335,4.199999809265137],[151.64633229374886,-33.11052901670337,4.199999809265137],[151.64630832150578,-33.11051149852574,4.199999809265137],[151.64630815386772,-33.110511330887675,4],[151.64631536230445,-33.11051988042891,4],[151.6463165357709,-33.11051954515278,4],[151.64631729014218,-33.110517617315054,4],[151.64631410501897,-33.110511247068644,4],[151.64631402119994,-33.11051091179252,3.799999952316284],[151.64631670340896,-33.11056841164827,4.599999904632568],[151.6462777275592,-33.11066924594343,4.199999809265137],[151.64630983024836,-33.110749293118715,3.200000047683716],[151.64632349275053,-33.110776199027896,2.5999999046325684],[151.6463426873088,-33.110813833773136,2.200000047683716],[151.6463815793395,-33.11089622788131,1.600000023841858],[151.64640077389777,-33.11093369498849,1.600000023841858],[151.64642843417823,-33.11098415404558,1.399999976158142],[151.6464116703719,-33.11104559339583,1.399999976158142],[151.64638811722398,-33.11104852706194,1.399999976158142],[151.646377639845,-33.111039474606514,1.399999976158142],[151.64635106921196,-33.110995553433895,1.399999976158142],[151.64633220992982,-33.11098541133106,1.399999976158142],[151.64632508531213,-33.111010137945414,2.4000000953674316],[151.64631796069443,-33.111025812104344,3.4000000953674316],[151.64631703868508,-33.11103159561753,3.5999999046325684],[151.64631117135286,-33.111039558425546,4.199999809265137],[151.64630379527807,-33.11104232445359,4.599999904632568],[151.64628703147173,-33.11104752123356,5.599999904632568],[151.6462809126824,-33.11104861088097,5.800000190734863],[151.64626808837056,-33.111053137108684,6.400000095367432],[151.6462610475719,-33.1110555678606,6.599999904632568],[151.64625593461096,-33.111057160422206,7],[151.6462328005582,-33.111065961420536,7.599999904632568],[151.6462071519345,-33.111072247847915,8],[151.64618644863367,-33.11108113266528,8.199999809265137],[151.64614973589778,-33.11109756119549,9.199999809265137],[151.646102713421,-33.111145002767444,10.399999618530273],[151.6460945829749,-33.11115405522287,10.600000381469727],[151.64607069455087,-33.1111869122833,11.800000190734863],[151.6460723709315,-33.11121038161218,12],[151.64608561433852,-33.11121574603021,12.199999809265137],[151.6461262665689,-33.11123309656978,12.399999618530273],[151.64623866789043,-33.111324459314346,12.800000190734863],[151.64625375531614,-33.11134952120483,13],[151.6462473012507,-33.111466616392136,13.600000381469727],[151.64622735232115,-33.11152059584856,13.800000190734863],[151.64617245085537,-33.111627884209156,14.600000381469727],[151.64615862071514,-33.11166225001216,14.800000190734863],[151.64614378474653,-33.111718660220504,15],[151.6461418569088,-33.111771466210485,14.800000190734863],[151.64617152884603,-33.11184254474938,14.399999618530273],[151.64623104035854,-33.11187766492367,14.199999809265137],[151.6462724469602,-33.11190951615572,14],[151.64630136452615,-33.11200825497508,15],[151.64623288437724,-33.11211328022182,15.399999618530273],[151.64623816497624,-33.112238086760044,15.800000190734863],[151.64616717025638,-33.11233112588525,16],[151.64604051969945,-33.112423829734325,16.200000762939453],[151.64594781585038,-33.11248987913132,16.799999237060547],[151.6458963509649,-33.11252432875335,16.799999237060547],[151.6458326485008,-33.1125617120415,17],[151.64582150056958,-33.11258291825652,17.200000762939453],[151.64581429213285,-33.1126394122839,18],[151.64579132571816,-33.112718453630805,19],[151.6457850392908,-33.11272993683815,19],[151.64577808231115,-33.11274083331227,19.200000762939453],[151.64572862908244,-33.112855749204755,19.799999237060547],[151.6457303892821,-33.112871842458844,19.799999237060547],[151.64573340676725,-33.112966138869524,20.200000762939453],[151.6457150503993,-33.11308574862778,20.399999618530273],[151.64569376036525,-33.11323117464781,20.799999237060547],[151.645690491423,-33.11333284713328,21],[151.6456830315292,-33.11340124346316,20.799999237060547],[151.6456777509302,-33.11345455236733,21],[151.64566635154188,-33.1135596614331,20.799999237060547],[151.64564506150782,-33.113629734143615,20.799999237060547],[151.64561949670315,-33.11369553208351,21],[151.6455858014524,-33.11381095089018,20.799999237060547],[151.64557641372085,-33.11382436193526,20.600000381469727],[151.64544615894556,-33.113948833197355,20],[151.6453366074711,-33.11400029808283,20],[151.6453027445823,-33.11400901526213,20],[151.6451719030738,-33.11405612155795,19.799999237060547],[151.64512496441603,-33.11406668275595,20],[151.64509772323072,-33.114096857607365,20],[151.64508573710918,-33.11420942656696,19.600000381469727],[151.64508531801403,-33.11431545764208,19],[151.64508590474725,-33.11439231969416,18],[151.64508095942438,-33.11447982676327,17],[151.64507643319666,-33.11455048620701,16],[151.64507542736828,-33.11456364579499,15.800000190734863],[151.64506553672254,-33.11466137878597,14.800000190734863],[151.64505338296294,-33.114755004644394,13.800000190734863],[151.64505103603005,-33.11476942151785,13.600000381469727],[151.64503988809884,-33.11488886363804,12.399999618530273],[151.64503921754658,-33.11491853557527,12.199999809265137],[151.64501826278865,-33.11506010591984,11.399999618530273],[151.64501105435193,-33.11512330546975,10.800000190734863],[151.64500133134425,-33.115300917997956,10.800000190734863],[151.6450027562678,-33.115314245224,10.800000190734863],[151.64500971324742,-33.11536612920463,11],[151.64504039101303,-33.11546193435788,11.800000190734863],[151.64507551118731,-33.11551054939628,12.399999618530273],[151.64511716924608,-33.11555941589177,13.199999809265137],[151.64514642208815,-33.1155938655138,13.399999618530273],[151.64519277401268,-33.11562898568809,14],[151.64520819671452,-33.11565404757857,14],[151.6452298220247,-33.11569000594318,14.399999618530273],[151.64525161497295,-33.115724036470056,14.600000381469727],[151.64533015340567,-33.11582000926137,15.199999809265137],[151.64540223777294,-33.115900894626975,15.600000381469727],[151.64544615894556,-33.11594674363732,15.800000190734863],[151.64558320306242,-33.11607817187905,15.800000190734863],[151.6456122044474,-33.1160983722657,15.800000190734863],[151.64569661021233,-33.11614313162863,15.800000190734863],[151.64574455469847,-33.116162326186895,16],[151.64590230211616,-33.11621823348105,16],[151.64599961601198,-33.11625653877854,16.399999618530273],[151.64609357714653,-33.116307919844985,16.399999618530273],[151.6461249254644,-33.11632518656552,16.399999618530273],[151.64618753828108,-33.116347063332796,16.399999618530273],[151.64623690769076,-33.11636785045266,16.399999618530273],[151.64625291712582,-33.11637656763196,16.399999618530273],[151.64640177972615,-33.11646994203329,16.600000381469727],[151.6464143525809,-33.116478407755494,16.600000381469727],[151.64654787629843,-33.116598101332784,16.799999237060547],[151.6466492973268,-33.11670329421759,17],[151.64673713967204,-33.11682743020356,17],[151.64681442081928,-33.11699599027634,17.200000762939453],[151.64682565256953,-33.11702264472842,17.200000762939453],[151.64686697535217,-33.11720729805529,17.200000762939453],[151.64687200449407,-33.11725281178951,17.200000762939453],[151.64687837474048,-33.11735540628433,17],[151.64687544107437,-33.117518769577146,17],[151.64684769697487,-33.11766813509166,16.799999237060547],[151.64679983630776,-33.1177750043571,16.600000381469727],[151.64671869948506,-33.117934009060264,16.200000762939453],[151.6466332040727,-33.11805789358914,16],[151.64659364148974,-33.11812050640583,15.600000381469727],[151.64655726402998,-33.118185298517346,15.199999809265137],[151.646491214633,-33.11830717138946,14.600000381469727],[151.64646036922932,-33.11836031265557,14],[151.6464503109455,-33.11837053857744,13.800000190734863],[151.64642893709242,-33.118393924087286,13.399999618530273],[151.6463765501976,-33.118434911593795,13],[151.6463165357709,-33.118551671504974,12.600000381469727],[151.64631385356188,-33.118562484160066,12.399999618530273],[151.64635919965804,-33.118648901581764,12.399999618530273],[151.64650269784033,-33.118754513561726,11.399999618530273],[151.6466397419572,-33.118852246552706,10.399999618530273],[151.64677460677922,-33.11897311359644,9.199999809265137],[151.64679447188973,-33.119010999798775,9],[151.64679338224232,-33.119123820215464,8.199999809265137],[151.6467975731939,-33.119152737781405,8],[151.6468017641455,-33.119256254285574,7],[151.6468028537929,-33.119311491027474,6.599999904632568],[151.64680503308773,-33.119354071095586,6],[151.64680461399257,-33.1193673145026,6],[151.6468038596213,-33.119434621185064,4.800000190734863],[151.64680461399257,-33.11946261674166,4.599999904632568],[151.6468081343919,-33.11951751820743,3.799999952316284],[151.6468129120767,-33.11956353485584,3.4000000953674316],[151.64681827649474,-33.11960971914232,2.799999952316284],[151.6468498762697,-33.11967635527253,2],[151.6468604374677,-33.11968507245183,1.7999999523162842],[151.64694375358522,-33.11972228810191,0.800000011920929],[151.64695356041193,-33.119728825986385,0.6000000238418579],[151.6469635348767,-33.11976335942745,0],[151.64696445688605,-33.11978850513697,-0.20000000298023224],[151.64699924178421,-33.119927728548646,0.20000000298023224],[151.64703687652946,-33.12001448124647,0.20000000298023224],[151.64705565199256,-33.120049852877855,0],[151.64706587791443,-33.12007357366383,0],[151.64708524011075,-33.120107017457485,0],[151.6471340227872,-33.120213048532605,0],[151.6471271496266,-33.12036291696131,0],[151.64715372025967,-33.12049124389887,0],[151.64717115461826,-33.12058755196631,0.20000000298023224],[151.6471765190363,-33.120702216401696,1.399999976158142],[151.64717928506434,-33.12071663327515,1.600000023841858],[151.64720367640257,-33.12082744203508,2.200000047683716],[151.64720317348838,-33.120899526402354,2.200000047683716],[151.64721147157252,-33.12096876092255,2.5999999046325684],[151.6471911035478,-33.121084263548255,2.5999999046325684],[151.64717727340758,-33.12109172344208,2.799999952316284],[151.6471302509308,-33.12110882252455,2.799999952316284],[151.64711901918054,-33.1211356446147,3],[151.64710829034448,-33.1211562640965,3],[151.64708071388304,-33.12121091410518,3.200000047683716],[151.64704961702228,-33.12128769233823,3.4000000953674316],[151.64701826870441,-33.1214047037065,3.5999999046325684],[151.64700745604932,-33.12142297625542,3.799999952316284],[151.64699488319457,-33.121445858851075,4],[151.64699664339423,-33.1214464455843,4],[151.64701047353446,-33.121435130015016,3.5999999046325684],[151.64704827591777,-33.12138274312019,3.5999999046325684],[151.64705690927804,-33.12137436121702,3.5999999046325684],[151.64708012714982,-33.12135214917362,3.5999999046325684],[151.64710694923997,-33.12130386941135,3.5999999046325684],[151.64712144993246,-33.12124829739332,3.5999999046325684],[151.6471377108246,-33.1211977545172,3.200000047683716],[151.64714391343296,-33.121175207197666,3],[151.64716050960124,-33.12110798433423,3],[151.6471812967211,-33.12109784223139,3],[151.6471886727959,-33.1211026199162,2.799999952316284],[151.6471937019378,-33.12111251056194,2.799999952316284],[151.6471926961094,-33.12116799876094,2.5999999046325684],[151.64716838859022,-33.12121208757162,2.799999952316284],[151.64716537110507,-33.121235808357596,2.799999952316284],[151.64715975522995,-33.12130487523973,2.4000000953674316],[151.64713695645332,-33.121383748948574,1.600000023841858],[151.6471363697201,-33.12146505340934,0.800000011920929],[151.6471326816827,-33.12147645279765,0.6000000238418579],[151.64712270721793,-33.121567983180285,0.20000000298023224],[151.64710418321192,-33.121670074760914,0],[151.64706168696284,-33.12178708612919,0.20000000298023224],[151.64705850183964,-33.12179789878428,0.20000000298023224],[151.64705540053546,-33.12181097455323,0.20000000298023224],[151.64705213159323,-33.121822038665414,0.20000000298023224],[151.64699580520391,-33.12194047495723,-0.20000000298023224],[151.64697401225567,-33.12200652435422,-0.20000000298023224],[151.64696889929473,-33.12205254100263,-0.4000000059604645],[151.64694224484265,-33.12212663702667,-0.6000000238418579],[151.64691793732345,-33.12223509885371,-1],[151.64688038639724,-33.12230860814452,-1.2000000476837158],[151.64683646522462,-33.12238614074886,-1.2000000476837158],[151.6468200366944,-33.12241178937256,-1.399999976158142],[151.646818947047,-33.12241103500128,-1.399999976158142],[151.64681383408606,-33.12242972664535,-1.399999976158142],[151.6468081343919,-33.12244028784335,-1.399999976158142],[151.64679363369942,-33.122474905103445,-1.399999976158142],[151.64674845524132,-33.122567189857364,-1.2000000476837158],[151.64674568921328,-33.12257967889309,-1.399999976158142],[151.64671635255218,-33.12266819179058,-1.399999976158142],[151.6466915421188,-33.12271806411445,-1.600000023841858],[151.64662490598857,-33.12282853759825,-1.399999976158142],[151.64660923182964,-33.12283826060593,-0.6000000238418579],[151.64660562761128,-33.122857958078384,-0.800000011920929],[151.6466035321355,-33.122934149578214,-1.2000000476837158],[151.64659255184233,-33.12301084399223,-1.600000023841858],[151.64656614884734,-33.123168256133795,-1.7999999523162842],[151.64652968756855,-33.12330722808838,-1.600000023841858],[151.64654142223299,-33.12338987365365,-1.2000000476837158],[151.64654737338424,-33.123397501185536,-1.399999976158142],[151.64656614884734,-33.123424742370844,-1.7999999523162842],[151.64657101035118,-33.12349456362426,-1.7999999523162842],[151.64661903865635,-33.12358290888369,-2],[151.64662381634116,-33.12363060191274,-1.600000023841858],[151.64662037976086,-33.12366203404963,-1],[151.6466337069869,-33.123719450086355,-1],[151.64664569310844,-33.12374761328101,-1],[151.64664644747972,-33.12377871014178,-1],[151.64669439196587,-33.12381609342992,-0.800000011920929],[151.64671065285802,-33.1238968949765,-1.2000000476837158],[151.6467338707298,-33.12395238317549,-1.600000023841858],[151.64677619934082,-33.12397233210504,-1.399999976158142],[151.64680461399257,-33.124015582725406,-1.600000023841858],[151.6468326933682,-33.124059587717056,-2],[151.64683361537755,-33.12407643534243,-1.600000023841858],[151.64680779911578,-33.12409395352006,-1.399999976158142],[151.6468078829348,-33.12414734624326,-1.2000000476837158],[151.6468487866223,-33.12421482056379,-1],[151.64686689153314,-33.12427785247564,-1.2000000476837158],[151.64687426760793,-33.12431590631604,-1],[151.6468968987465,-33.12435538507998,-0.800000011920929],[151.64691265672445,-33.12437826767564,-1],[151.64694442413747,-33.12441891990602,-1],[151.6469809692353,-33.12446091324091,-1.2000000476837158],[151.64696739055216,-33.1245116237551,-0.800000011920929],[151.64699932560325,-33.124546157196164,-0.6000000238418579],[151.64702095091343,-33.124580439180136,-0.800000011920929],[151.64705079048872,-33.12461715191603,-1],[151.64706135168672,-33.12468378804624,-1.399999976158142],[151.64708314463496,-33.12473198398948,-1.399999976158142],[151.64708381518722,-33.12476157210767,-1.399999976158142],[151.64708255790174,-33.124775318428874,-1.600000023841858],[151.64708515629172,-33.12484899535775,-1.7999999523162842],[151.6470866650343,-33.12488512136042,-1.7999999523162842],[151.64707803167403,-33.12493306584656,-1.7999999523162842],[151.6470428276807,-33.124966844916344,-1.7999999523162842],[151.64698666892946,-33.12500582076609,-1.399999976158142],[151.64695129729807,-33.12503054738045,-1.2000000476837158],[151.6469399817288,-33.125039767473936,-1.2000000476837158],[151.64693797007203,-33.125043204054236,-1.2000000476837158],[151.64694542996585,-33.12507220543921,-1.2000000476837158],[151.64692950434983,-33.12509818933904,-1.2000000476837158],[151.64689413271844,-33.125129118561745,-1],[151.6468897741288,-33.12513515353203,-1],[151.6469003353268,-33.125214613974094,-1.399999976158142],[151.64690595120192,-33.12522500753403,-1.399999976158142],[151.64690335281193,-33.125285441055894,-1.600000023841858],[151.64687728509307,-33.125336738303304,-1.600000023841858],[151.64687108248472,-33.12535107135773,-1.399999976158142],[151.646874435246,-33.12535081990063,-1.2000000476837158],[151.64686672389507,-33.12536012381315,-1],[151.64689597673714,-33.125396417453885,-1.2000000476837158],[151.6469014249742,-33.125414019450545,-1.2000000476837158],[151.64689019322395,-33.12541024759412,-1.2000000476837158],[151.64685733616352,-33.12537068501115,-1],[151.6468477807939,-33.12536163255572,-1],[151.6468512173742,-33.12536096200347,-1.2000000476837158],[151.64687057957053,-33.125311844050884,-1.600000023841858],[151.6468578390777,-33.12520304694772,-1.600000023841858],[151.64685901254416,-33.125154012814164,-1.399999976158142],[151.64685708470643,-33.12514294870198,-1.399999976158142],[151.64684769697487,-33.12510397285223,-0.800000011920929],[151.6468459367752,-33.12508435919881,-0.4000000059604645],[151.64683688431978,-33.12506977468729,-0.20000000298023224],[151.64682841859758,-33.125037755817175,0.6000000238418579],[151.64682984352112,-33.12503029592335,0.6000000238418579],[151.64684819988906,-33.12500858679414,1],[151.6468475293368,-33.12498243525624,1],[151.64684660732746,-33.12493574805558,1.2000000476837158],[151.6468482837081,-33.124936586245894,1],[151.64685708470643,-33.12493348494172,1],[151.6468572523445,-33.12492401339114,1.600000023841858],[151.6468628682196,-33.124928288161755,1.7999999523162842],[151.64686320349574,-33.12492870725691,1.7999999523162842],[151.64686320349574,-33.12492870725691,1.7999999523162842],[151.64686429314315,-33.1249294616282,2],[151.64686957374215,-33.12493340112269,2],[151.64687007665634,-33.124935664236546,1.7999999523162842],[151.64687661454082,-33.12494278885424,2.200000047683716],[151.64687678217888,-33.12494404613972,2.4000000953674316],[151.64687678217888,-33.12494404613972,2.5999999046325684],[151.64687166921794,-33.12494010664523,3.5999999046325684],[151.64686848409474,-33.124920492991805,4.800000190734863],[151.6468654666096,-33.12491579912603,5.599999904632568],[151.6468649636954,-33.124915044754744,5.800000190734863],[151.64684467948973,-33.124887803569436,6.599999904632568],[151.64684467948973,-33.124887803569436,6.800000190734863],[151.64684467948973,-33.124887803569436,7.199999809265137],[151.64684467948973,-33.124887803569436,7.400000095367432],[151.6468388121575,-33.12488470226526,7.800000190734863],[151.64683101698756,-33.1248705368489,8],[151.64681584574282,-33.124862406402826,8.399999618530273],[151.64681006222963,-33.12485720962286,9],[151.64676521904767,-33.1248155515641,9.800000190734863],[151.64672892540693,-33.12476727180183,10],[151.646723812446,-33.12476148828864,10],[151.6467119101435,-33.124755285680294,10],[151.6467036958784,-33.12475989572704,10.199999809265137],[151.6466997563839,-33.124770037829876,10.600000381469727],[151.64668357931077,-33.12477598898113,10.800000190734863],[151.6466749459505,-33.12478328123689,11.199999809265137],[151.64665373973548,-33.12479476444423,11.800000190734863],[151.6466294322163,-33.1247687805444,11.600000381469727],[151.6466241516173,-33.12475704587996,11.199999809265137],[151.64662440307438,-33.124754782766104,11.600000381469727],[151.64662381634116,-33.12475377693772,11.600000381469727],[151.64662373252213,-33.124753357842565,11.800000190734863],[151.6466236487031,-33.124753357842565,12],[151.6466093994677,-33.124753357842565,12],[151.64660420268774,-33.124753357842565,12],[151.6465945634991,-33.124753357842565,12.199999809265137],[151.64657427929342,-33.124759225174785,12.600000381469727],[151.6465729381889,-33.124759225174785,12.600000381469727],[151.64654904976487,-33.124757297337055,13.199999809265137],[151.6465420089662,-33.124755369499326,13.399999618530273],[151.64654083549976,-33.124755285680294,13.800000190734863],[151.64654125459492,-33.12475453130901,13.800000190734863],[151.64654083549976,-33.12475377693772,14],[151.6465374827385,-33.124752854928374,14],[151.64652725681663,-33.124745562672615,14],[151.64652859792113,-33.12474195845425,14],[151.64653287269175,-33.12474346719682,14],[151.64653287269175,-33.12474564649165,13.600000381469727],[151.64653287269175,-33.12474782578647,13.199999809265137],[151.64652708917856,-33.12474933452904,12.199999809265137],[151.64652474224567,-33.124701138585806,11.199999809265137],[151.6465232335031,-33.124668868258595,11],[151.64652633480728,-33.12465537339449,11],[151.64655751548707,-33.12458798289299,10.800000190734863],[151.64656086824834,-33.124579936265945,11],[151.6465498879552,-33.124533919617534,11.199999809265137],[151.64654184132814,-33.12450299039483,11],[151.6465425118804,-33.124505169689655,10.800000190734863],[151.64654125459492,-33.1245079357177,10.600000381469727],[151.64654125459492,-33.1245079357177,10.600000381469727],[151.64654158987105,-33.12450718134642,11],[151.64654745720327,-33.12450894154608,10.600000381469727],[151.64664778858423,-33.124554958194494,10.199999809265137],[151.64666371420026,-33.124568704515696,10],[151.64669279940426,-33.124594604596496,9.800000190734863],[151.64675088599324,-33.12463156878948,9.600000381469727],[151.64682992734015,-33.12464674003422,9.199999809265137],[151.6468342859298,-33.124649254605174,9.199999809265137],[151.64683202281594,-33.12465604394674,9],[151.64682573638856,-33.12467934563756,8.600000381469727],[151.64682473056018,-33.124683955684304,8.199999809265137],[151.64682473056018,-33.124683955684304,7.800000190734863],[151.64682598784566,-33.12469158321619,7],[151.6468263231218,-33.12469351105392,6.800000190734863],[151.64682883769274,-33.12469644472003,6.800000190734863],[151.6468356270343,-33.124703569337726,6.599999904632568],[151.64684417657554,-33.124704491347075,6.400000095367432],[151.64685498923063,-33.12470524571836,6],[151.6468647122383,-33.12470658682287,5.599999904632568],[151.6468654666096,-33.124718740582466,5.599999904632568],[151.64686487987638,-33.124727038666606,5],[151.64686353877187,-33.124736342579126,4],[151.64686404168606,-33.124736761674285,3.4000000953674316],[151.64687275886536,-33.124736761674285,2.799999952316284],[151.64688181132078,-33.12473952770233,2.200000047683716],[151.6468884330243,-33.124748999252915,1.7999999523162842],[151.64688969030976,-33.124750507995486,0.6000000238418579],[151.64693185128272,-33.124737767502666,-0.4000000059604645],[151.64694492705166,-33.124726032838225,-0.6000000238418579],[151.6469738446176,-33.12470222823322,-0.6000000238418579],[151.6470211185515,-33.12464841641486,-1.2000000476837158],[151.64698180742562,-33.12455780804157,-0.800000011920929],[151.64694861508906,-33.12453601509333,0],[151.64691022597253,-33.12448488548398,0.20000000298023224],[151.64691483601928,-33.124449430033565,0],[151.64690813049674,-33.124419087544084,-0.4000000059604645],[151.64689647965133,-33.12439209781587,-0.6000000238418579],[151.64689052850008,-33.12436619773507,-0.6000000238418579],[151.64688591845334,-33.12435261905193,-0.6000000238418579],[151.64685641415417,-33.124313559383154,-1],[151.6468395665288,-33.12428757548332,-0.800000011920929],[151.64681467227638,-33.12426025047898,-1],[151.6468038596213,-33.12425320968032,-1],[151.6467808932066,-33.124192943796515,-0.6000000238418579],[151.64675323292613,-33.124146927148104,-0.800000011920929],[151.64676144719124,-33.12414198182523,-1],[151.64676790125668,-33.12412018887699,-1.399999976158142],[151.64672439917922,-33.12408071011305,-0.6000000238418579],[151.6466905362904,-33.12404617667198,0.20000000298023224],[151.64667402394116,-33.124018935486674,0.4000000059604645],[151.64667427539825,-33.12400259077549,0.20000000298023224],[151.6466754488647,-33.12393620610237,-1.2000000476837158],[151.6466775443405,-33.123869402334094,-1.2000000476837158],[151.64666916243732,-33.123847944661975,-1.399999976158142],[151.64666321128607,-33.12384174205363,-1.600000023841858],[151.64662457071245,-33.123784493654966,-1],[151.6466009337455,-33.1237256526947,-1],[151.64658048190176,-33.12366924248636,-1.399999976158142],[151.64657310582697,-33.12362691387534,-1],[151.6465959046036,-33.12359464354813,-1.399999976158142],[151.64657930843532,-33.12352607958019,-2],[151.64657771587372,-33.12351836822927,-2.200000047683716],[151.64655324071646,-33.1234510615468,-2.200000047683716],[151.64655357599258,-33.12340931966901,-2.200000047683716],[151.64654477499425,-33.12338593415916,-2.200000047683716],[151.64651032537222,-33.123310413211584,-1.399999976158142],[151.64651837199926,-33.12326003797352,-1.399999976158142],[151.64657863788307,-33.12317286618054,-2.200000047683716],[151.64659020490944,-33.12308678403497,-1.7999999523162842],[151.6465776320547,-33.1229642406106,-1.600000023841858],[151.6465615388006,-33.12289358116686,-1.2000000476837158],[151.64655483327806,-33.122845301404595,-0.800000011920929],[151.64655642583966,-33.12281512655318,-0.6000000238418579],[151.64656438864768,-33.12280640937388,-0.6000000238418579],[151.64658827707171,-33.12278285622597,-0.4000000059604645],[151.64663806557655,-33.12272384762764,-0.800000011920929],[151.64666941389441,-33.12267154455185,-1],[151.6466907877475,-33.1226293835789,-1],[151.6467341221869,-33.12256266362965,-1],[151.64674174971879,-33.122523771598935,-1],[151.64676966145635,-33.12246325425804,-0.800000011920929],[151.64680561982095,-33.12235236167908,-0.800000011920929],[151.64684099145234,-33.122274074703455,-0.800000011920929],[151.64687317796052,-33.12218346633017,-0.6000000238418579],[151.64688625372946,-33.12215756624937,-0.4000000059604645],[151.6468871757388,-33.12215689569712,-0.4000000059604645],[151.64689715020359,-33.12211213633418,-0.4000000059604645],[151.64693889208138,-33.122050780802965,0],[151.64697216823697,-33.12196637503803,-0.20000000298023224],[151.6469954699278,-33.121906192973256,0],[151.64700225926936,-33.1218989007175,0],[151.64704525843263,-33.12183117493987,-0.20000000298023224],[151.6470668837428,-33.12178993597627,0],[151.64707040414214,-33.12176428735256,0],[151.64707182906568,-33.12174567952752,0],[151.64708389900625,-33.12172614969313,0],[151.64713553152978,-33.12160477973521,-0.20000000298023224],[151.64715732447803,-33.12152867205441,-0.4000000059604645],[151.64716352708638,-33.12147963792086,-0.4000000059604645],[151.64716285653412,-33.12145013362169,-0.20000000298023224],[151.64712639525533,-33.121400428935885,0.20000000298023224],[151.64712388068438,-33.121370086446404,0.6000000238418579],[151.64713787846267,-33.1213391572237,1],[151.64716126397252,-33.12132331542671,1.399999976158142],[151.6471725795418,-33.121300684288144,2.799999952316284],[151.64717526175082,-33.12128190882504,2.799999952316284],[151.64717501029372,-33.121255338191986,3.5999999046325684],[151.64716470055282,-33.121246956288815,3.799999952316284],[151.64715263061225,-33.12124201096594,3.799999952316284],[151.64710979908705,-33.12119700014591,4.400000095367432],[151.64709370583296,-33.12119901180267,4.599999904632568],[151.64708037860692,-33.12120471149683,4.599999904632568],[151.64707870222628,-33.121241591870785,4.599999904632568],[151.64707677438855,-33.121246034279466,4.599999904632568],[151.64704374969006,-33.12131845392287,4.800000190734863],[151.64703536778688,-33.121347706764936,4.800000190734863],[151.64701977744699,-33.12138299457729,3.4000000953674316],[151.64701097644866,-33.12140269204974,3.4000000953674316],[151.64698272943497,-33.12145113945007,3.5999999046325684],[151.64696554653347,-33.121493803337216,3.5999999046325684],[151.64695356041193,-33.12151291407645,3.799999952316284],[151.64689513854682,-33.12158868648112,4.400000095367432],[151.6468773689121,-33.12162992544472,4.599999904632568],[151.6468615271151,-33.121672505512834,4.800000190734863],[151.64681852795184,-33.12177342362702,5.599999904632568],[151.6468081343919,-33.12181784771383,6.199999809265137],[151.64678030647337,-33.12187886796892,6.599999904632568],[151.64677527733147,-33.12188683077693,6.800000190734863],[151.64674485102296,-33.12196838669479,7.800000190734863],[151.64674166589975,-33.121977439150214,8],[151.64672439917922,-33.12206142581999,8.399999618530273],[151.6467217169702,-33.12207106500864,8.600000381469727],[151.6467169392854,-33.1220921035856,9],[151.64671358652413,-33.122102078050375,9.199999809265137],[151.6466754488647,-33.122149435803294,9.199999809265137],[151.64658475667238,-33.122279020026326,10],[151.64647243916988,-33.12235831283033,10.800000190734863],[151.6463797353208,-33.122384045273066,10.800000190734863],[151.64634972810745,-33.122386895120144,10.800000190734863],[151.64620296098292,-33.122423524037,11.199999809265137],[151.6460509132594,-33.12244246713817,11.600000381469727],[151.64597078226507,-33.122458811849356,12.199999809265137],[151.64589224383235,-33.12246719375253,13],[151.64587765932083,-33.1224583927542,13.199999809265137],[151.64576509036124,-33.12237599864602,14.199999809265137],[151.645751260221,-33.12236535362899,14.199999809265137],[151.64566677063704,-33.12229762785137,15.399999618530273],[151.64562829770148,-33.12227290123701,15.600000381469727],[151.64556937292218,-33.12221431173384,16.399999618530273],[151.64554900489748,-33.12219369225204,16.600000381469727],[151.64553224109113,-33.12217424623668,17.200000762939453],[151.64551212452352,-33.12215169891715,17.399999618530273],[151.64547080174088,-33.12211004085839,17.799999237060547],[151.6454356815666,-33.12207265757024,18.399999618530273],[151.64541967213154,-33.12205354683101,18.600000381469727],[151.64537684060633,-33.12199931591749,19.200000762939453],[151.6453693807125,-33.12198607251048,19.399999618530273],[151.64535169489682,-33.12196587212384,19.600000381469727],[151.6452610027045,-33.121868977323174,20.600000381469727],[151.6452369466424,-33.121840143576264,21.200000762939453],[151.64521045982838,-33.121803011745214,21.799999237060547],[151.64512848481536,-33.12171005643904,22.799999237060547],[151.64505447261035,-33.12162690795958,23.799999237060547],[151.64499479345977,-33.12156521715224,24.600000381469727],[151.64497182704508,-33.12153981998563,24.799999237060547],[151.6448745969683,-33.12143739312887,25.600000381469727],[151.6447792109102,-33.12134502455592,25.799999237060547],[151.64475398138165,-33.12131996266544,25.799999237060547],[151.64469178766012,-33.12126321718097,26.399999618530273],[151.64461601525545,-33.12119691632688,27],[151.64458357729018,-33.12116087414324,27.200000762939453],[151.64449531584978,-33.121043276041746,28.200000762939453],[151.64440512657166,-33.12095954082906,29.200000762939453],[151.64436807855964,-33.12094001099467,29.799999237060547],[151.64435810409486,-33.12093313783407,30.200000762939453],[151.64435835555196,-33.12093489803374,30.399999618530273],[151.64436212740839,-33.12094436958432,30.399999618530273],[151.64437687955797,-33.12099658884108,30.600000381469727],[151.644379645586,-33.12099994160235,30.200000762939453],[151.644379645586,-33.12099658884108,30.600000381469727],[151.64439272135496,-33.120991392061114,30.600000381469727],[151.64439339190722,-33.120990470051765,30.600000381469727],[151.64439431391656,-33.12098971568048,30.799999237060547],[151.64439674466848,-33.12098971568048,30.799999237060547],[151.64441887289286,-33.12099860049784,31],[151.6444197949022,-33.120999187231064,31],[151.64442021399736,-33.120999773964286,30.799999237060547],[151.6444208007306,-33.12100832350552,30.799999237060547],[151.64441535249352,-33.1210093293339,30.799999237060547],[151.64441375993192,-33.121008491143584,30.600000381469727],[151.64442172273993,-33.12100396491587,30.399999618530273],[151.6444393247366,-33.12100010924041,30],[151.64443974383175,-33.12099985778332,30],[151.6444406658411,-33.12099885195494,30.200000762939453],[151.6444409172982,-33.12099868431687,30.200000762939453],[151.64444150403142,-33.12099860049784,30.200000762939453],[151.64444158785045,-33.12099860049784,30.200000762939453],[151.64443890564144,-33.121001617982984,30.399999618530273],[151.64443831890821,-33.12100128270686,30.600000381469727],[151.64443873800337,-33.12099692411721,30.200000762939453],[151.64443823508918,-33.12099298462272,30.799999237060547],[151.64443823508918,-33.12099206261337,31],[151.64443806745112,-33.120990972965956,30.600000381469727],[151.6444211360067,-33.12104671262205,31],[151.64434477686882,-33.121192725375295,31],[151.64433061145246,-33.121216613799334,31.200000762939453],[151.6442953236401,-33.1212926376611,31.600000381469727],[151.64426447823644,-33.121376959607005,32],[151.64425098337233,-33.121408224105835,32.20000076293945],[151.64424042217433,-33.121425323188305,32.599998474121094],[151.6442332137376,-33.121432447806,32.79999923706055],[151.64419557899237,-33.1215188652277,33],[151.6441731993109,-33.12156974337995,33.400001525878906],[151.6441541723907,-33.121633948758245,34],[151.6441599559039,-33.12167870812118,34.400001525878906],[151.64416691288352,-33.12176185660064,35.20000076293945],[151.6441713552922,-33.12177350744605,35.400001525878906],[151.6441874485463,-33.121845507994294,36.599998474121094],[151.64419314824045,-33.12187249772251,36.79999923706055],[151.6442020330578,-33.12189848162234,37.599998474121094],[151.64422273635864,-33.12195019796491,39],[151.64423279464245,-33.121981378644705,39.400001525878906],[151.6442622989416,-33.12202789820731,39.599998474121094],[151.6443111654371,-33.12207642942667,40],[151.644326755777,-33.12209696508944,40],[151.64440219290555,-33.12217399477959,40],[151.64441174827516,-33.12218556180596,39.79999923706055],[151.64451962336898,-33.122309278696775,39.79999923706055],[151.64454326033592,-33.1223320774734,39.599998474121094],[151.64458952844143,-33.12237851321697,39.400001525878906],[151.64464040659368,-33.12243106774986,39.20000076293945],[151.64468793198466,-33.12248890288174,39.20000076293945],[151.64474979043007,-33.12256249599159,39],[151.64477108046412,-33.12258638441563,38.79999923706055],[151.64480469189584,-33.12261974439025,38.79999923706055],[151.64491047151387,-33.12273231334984,38.400001525878906],[151.6450627706945,-33.122874554246664,38],[151.64510644041002,-33.12290414236486,38],[151.64520216174424,-33.12299005687237,37.599998474121094],[151.6452813707292,-33.123078905045986,37.599998474121094],[151.64535127580166,-33.12317387200892,37.400001525878906],[151.6453730687499,-33.123211255297065,37.400001525878906],[151.64543299935758,-33.123344192281365,37.400001525878906],[151.6454515233636,-33.123393561691046,37.599998474121094],[151.64550776593387,-33.1233873590827,37.400001525878906],[151.64552913978696,-33.12339968048036,37],[151.64552964270115,-33.1233995128423,37],[151.64551614783704,-33.12339574098587,37.20000076293945],[151.6454661078751,-33.12340931966901,37.599998474121094],[151.64546409621835,-33.12338903546333,37.599998474121094],[151.64548412896693,-33.12338635325432,37.599998474121094],[151.6455255355686,-33.123400434851646,37.20000076293945],[151.64552561938763,-33.123399931937456,37.20000076293945],[151.64552561938763,-33.123399931937456,37.20000076293945],[151.64555889554322,-33.123362213373184,36.400001525878906],[151.64557431824505,-33.12333891168237,36],[151.64558328688145,-33.12332734465599,36],[151.6455982066691,-33.12327889725566,35],[151.64560306817293,-33.123248387128115,34.79999923706055],[151.64559896104038,-33.123226929455996,34.599998474121094],[151.64557926356792,-33.12318954616785,34.20000076293945],[151.64557825773954,-33.12318962998688,34.20000076293945],[151.64559250697494,-33.12324671074748,34.400001525878906],[151.645576832816,-33.12334595248103,35],[151.64557482115924,-33.12335416674614,35.20000076293945],[151.64555235765874,-33.123393980786204,36],[151.64553835988045,-33.123410157859325,36.400001525878906],[151.64553752169013,-33.123418875038624,36.599998474121094],[151.64554473012686,-33.123437566682696,36.79999923706055],[151.64555160328746,-33.12344670295715,37],[151.64557557553053,-33.123473692685366,37.20000076293945],[151.64559443481266,-33.123501520603895,37.20000076293945],[151.64568336680532,-33.12361299991608,37.79999923706055],[151.64569853805006,-33.123672008514404,37.599998474121094],[151.6456854622811,-33.1236965674907,37.400001525878906],[151.6456178203225,-33.12379186972976,36.400001525878906],[151.64558110758662,-33.12389655970037,36.599998474121094],[151.64559409953654,-33.12405447475612,36.20000076293945],[151.64560122415423,-33.1242143176496,36.20000076293945],[151.6456795949489,-33.124348847195506,36],[151.64569593966007,-33.12437390908599,35.79999923706055],[151.6457797586918,-33.124454794451594,35.79999923706055],[151.64591982029378,-33.12456996180117,35.79999923706055],[151.64601545780897,-33.12469694763422,36.20000076293945],[151.64608075283468,-33.124819826334715,36.20000076293945],[151.646100115031,-33.12495896592736,36.400001525878906],[151.64604236371815,-33.12510288320482,35.79999923706055],[151.64596860297024,-33.12524269334972,35],[151.64596147835255,-33.12525602057576,34.79999923706055],[151.64589408785105,-33.12535316683352,34],[151.64587212726474,-33.125371523201466,34],[151.6458638291806,-33.12538116239011,33.79999923706055],[151.64585293270648,-33.12539071775973,33.79999923706055],[151.64576408453286,-33.125459952279925,33],[151.64574530906975,-33.12548174522817,32.79999923706055],[151.64573072455823,-33.125570341944695,32.20000076293945],[151.64574908092618,-33.12566991895437,31.600000381469727],[151.64575637318194,-33.12572322785854,31.200000762939453],[151.64577959105372,-33.12578223645687,30.600000381469727],[151.64581672288477,-33.12581819482148,30.200000762939453],[151.64588981308043,-33.12584669329226,29.399999618530273],[151.64596382528543,-33.12587544322014,28.799999237060547],[151.64599031209946,-33.125909892842174,28.200000762939453],[151.64599483832717,-33.1259636208415,27.799999237060547],[151.6459816787392,-33.12600209377706,27.200000762939453],[151.64596223272383,-33.12611340545118,26.200000762939453],[151.64592979475856,-33.12621817924082,25],[151.64592769928277,-33.12625556252897,24.600000381469727],[151.64593323133886,-33.12631390057504,23.799999237060547],[151.64595066569746,-33.12638891860843,23],[151.64595250971615,-33.12640174292028,22.799999237060547],[151.64595728740096,-33.12648103572428,21.799999237060547],[151.64595619775355,-33.12654482200742,21],[151.64596525020897,-33.12659100629389,20.600000381469727],[151.64596684277058,-33.12667390331626,19.600000381469727],[151.64597237482667,-33.12675713561475,18.799999237060547],[151.64597530849278,-33.12678144313395,18.600000381469727],[151.64599416777492,-33.12686157412827,17.600000381469727],[151.64600933901966,-33.126923851668835,16.799999237060547],[151.6460134461522,-33.12693600542843,16.399999618530273],[151.64604655466974,-33.127051927149296,15.399999618530273],[151.64605082944036,-33.127064164727926,15.199999809265137],[151.646076310426,-33.12713507562876,14.399999618530273],[151.6461125202477,-33.127220990136266,13.399999618530273],[151.6461183037609,-33.12723188661039,13.199999809265137],[151.64615920744836,-33.127296678721905,12.199999809265137],[151.6462089959532,-33.12737739644945,11.199999809265137],[151.6462131869048,-33.12738887965679,11],[151.6462314594537,-33.12746565788984,10.199999809265137],[151.64624101482332,-33.12750798650086,9.800000190734863],[151.6462658252567,-33.12757001258433,9.199999809265137],[151.64629482664168,-33.12761946581304,8.600000381469727],[151.6463392507285,-33.127709068357944,8.399999618530273],[151.64637906476855,-33.127797581255436,7.800000190734863],[151.64638409391046,-33.12781602144241,7.800000190734863],[151.64638099260628,-33.12781099230051,8],[151.64638099260628,-33.12781099230051,7.800000190734863],[151.64638166315854,-33.12781099230051,8],[151.64638585411012,-33.12781250104308,8],[151.64638602174819,-33.1278130877763,7.800000190734863],[151.64638241752982,-33.127809315919876,7.800000190734863],[151.64635626599193,-33.12780420295894,7.599999904632568],[151.64629180915654,-33.12778936699033,7.400000095367432],[151.6461056470871,-33.12779045663774,7.800000190734863],[151.64601805619895,-33.12780663371086,8.600000381469727],[151.6459901444614,-33.12781107611954,8.800000190734863],[151.6459774877876,-33.127813171595335,8.800000190734863],[151.64586902596056,-33.127848794683814,9.199999809265137],[151.64580758661032,-33.12787787988782,9.800000190734863],[151.64577908813953,-33.12789891846478,10.199999809265137],[151.64576098322868,-33.12791450880468,10.399999618530273],[151.64561522193253,-33.12798625789583,10.199999809265137],[151.64550583809614,-33.12795918434858,11],[151.64538505487144,-33.12796630896628,11.800000190734863],[151.64530400186777,-33.12800394371152,11.600000381469727],[151.6452876571566,-33.12801064923406,11.399999618530273],[151.64524164050817,-33.12801970168948,11.199999809265137],[151.6451544687152,-33.128043254837394,11.199999809265137],[151.64508984424174,-33.128059431910515,11.199999809265137],[151.6449859086424,-33.128067813813686,10.800000190734863],[151.6449087113142,-33.128079213202,10.600000381469727],[151.64479966275394,-33.1281016767025,10.600000381469727],[151.64464241825044,-33.12807485461235,10.399999618530273],[151.6445316094905,-33.12809396535158,10.399999618530273],[151.6444626264274,-33.12813436612487,9.800000190734863],[151.64444183930755,-33.12814811244607,9.800000190734863],[151.64441241882741,-33.12816672027111,9.399999618530273],[151.64438953623176,-33.128179209306836,9.199999809265137],[151.64436967112124,-33.1281809695065,9],[151.64431393146515,-33.12814719043672,9.399999618530273],[151.64421929977834,-33.128085331991315,10.199999809265137],[151.64412257261574,-33.12810083851218,10],[151.64401109330356,-33.128089774399996,9.399999618530273],[151.64391444996,-33.128109807148576,9.199999809265137],[151.64387949742377,-33.12813160009682,8.600000381469727],[151.64375737309456,-33.128192871809006,7.800000190734863],[151.64371722377837,-33.12819781713188,7.599999904632568],[151.64366743527353,-33.12821323983371,7.199999809265137],[151.64362871088088,-33.128224639222026,6.400000095367432],[151.64356023073196,-33.12822824344039,5.400000095367432],[151.6434892360121,-33.128222124651074,4.800000190734863],[151.64336677640676,-33.128173844888806,4.800000190734863],[151.6432598233223,-33.12812120653689,5.599999904632568],[151.64320978336036,-33.12806982547045,6.400000095367432],[151.64318488910794,-33.12805524095893,6.599999904632568],[151.64316485635936,-33.12806596979499,6.599999904632568],[151.64314239285886,-33.12807544134557,6.599999904632568],[151.6431330051273,-33.128081979230046,6.599999904632568],[151.64302705787122,-33.128118524327874,6.199999809265137],[151.6429905127734,-33.128121960908175,6],[151.64298405870795,-33.12812120653689,5.800000190734863],[151.64296511560678,-33.12812363728881,5.800000190734863],[151.64291976951063,-33.12815104611218,5.400000095367432],[151.64289638400078,-33.128163451328874,5.199999809265137],[151.64284416474402,-33.12822388485074,4.199999809265137],[151.64283821359277,-33.12822916544974,4],[151.64282513782382,-33.128239223733544,3.5999999046325684],[151.6428100503981,-33.12825774773955,3.200000047683716],[151.64276897907257,-33.128284150734544,2.4000000953674316],[151.64274626411498,-33.12830099835992,2],[151.64272195659578,-33.128318851813674,1.600000023841858],[151.6427090484649,-33.1283331848681,1.399999976158142],[151.64269144646823,-33.12833494506776,1],[151.64263025857508,-33.128363359719515,0.20000000298023224],[151.64260502904654,-33.12837693840265,0],[151.64255255833268,-33.128437707200646,-0.20000000298023224],[151.6425240598619,-33.12854692339897,-0.6000000238418579],[151.6425259038806,-33.12863862141967,-0.6000000238418579],[151.64251173846424,-33.12870324589312,-0.800000011920929],[151.64250520057976,-33.12873652204871,-0.6000000238418579],[151.64250377565622,-33.12874775379896,-0.6000000238418579],[151.64248843677342,-33.1288511864841,-0.4000000059604645],[151.64246865548193,-33.128870632499456,-0.4000000059604645],[151.64240260608494,-33.128881780430675,-0.6000000238418579],[151.64228006266057,-33.1288858037442,-0.4000000059604645],[151.64214846678078,-33.12887415289879,0],[151.64208677597344,-33.12884389422834,0],[151.64204444736242,-33.128821179270744,0.20000000298023224],[151.6420298628509,-33.12881799414754,0.20000000298023224],[151.64198510348797,-33.12877650372684,0.20000000298023224],[151.6419629752636,-33.128754794597626,0.20000000298023224],[151.64187270216644,-33.128628730773926,0.20000000298023224],[151.6418033838272,-33.128547510132194,0.20000000298023224],[151.64172576740384,-33.128464445471764,0.4000000059604645],[151.6416434571147,-33.12835967168212,0.6000000238418579],[151.6415898129344,-33.12822732143104,0.6000000238418579],[151.64154136553407,-33.12816529534757,1],[151.6415189858526,-33.12813210301101,1.2000000476837158],[151.64146433584392,-33.128032609820366,1.399999976158142],[151.64144547656178,-33.128015929833055,1.600000023841858],[151.64139325730503,-33.12799178995192,1.600000023841858],[151.64136433973908,-33.12797368504107,1.600000023841858],[151.64134313352406,-33.12794518657029,2],[151.6413408704102,-33.127940660342574,2.200000047683716],[151.6413284651935,-33.12789455987513,2.5999999046325684],[151.64132435806096,-33.12783387489617,2.5999999046325684],[151.6413358412683,-33.12774200923741,2],[151.64129761978984,-33.127650981768966,1.399999976158142],[151.64128756150603,-33.127619130536914,1.399999976158142],[151.64124850183725,-33.127520475536585,1.399999976158142],[151.64121472276747,-33.12741410918534,1.399999976158142],[151.64119276218116,-33.12736566178501,1.399999976158142],[151.64116652682424,-33.12733272090554,1.399999976158142],[151.64108941331506,-33.127286871895194,1.7999999523162842],[151.6410261299461,-33.12727941200137,2],[151.64101012051105,-33.12727681361139,2],[151.6408939473331,-33.127285027876496,2.200000047683716],[151.64080744609237,-33.12733506783843,2.799999952316284],[151.64072203449905,-33.12737027183175,3.200000047683716],[151.64070778526366,-33.12738108448684,3.200000047683716],[151.64062740281224,-33.12740187160671,3.5999999046325684],[151.64061491377652,-33.12740866094828,3.799999952316284],[151.64060041308403,-33.12741410918534,3.799999952316284],[151.64051642641425,-33.1274348963052,4.199999809265137],[151.64048650301993,-33.12745325267315,4.400000095367432],[151.64048097096384,-33.12745803035796,4.400000095367432],[151.64048633538187,-33.12749641947448,4.599999904632568],[151.64049295708537,-33.12750932760537,4.800000190734863],[151.6405212879181,-33.12753036618233,5.400000095367432],[151.6405593417585,-33.12759197317064,5.800000190734863],[151.64059731177986,-33.12769356183708,6.400000095367432],[151.64061332121491,-33.12773019075394,6.800000190734863],[151.64064886048436,-33.12780604697764,7.599999904632568],[151.64067744277418,-33.12784862704575,8],[151.64072228595614,-33.12796572223306,8.399999618530273],[151.6407227050513,-33.127981731668115,8.600000381469727],[151.64072656072676,-33.12799338251352,8.600000381469727],[151.6407319251448,-33.12805817462504,9.199999809265137],[151.64072890765965,-33.128112740814686,9.800000190734863],[151.64073787629604,-33.1281775329262,10.600000381469727],[151.64073762483895,-33.128205025568604,11],[151.6407190170139,-33.12829337082803,11.399999618530273],[151.64070937782526,-33.12836520373821,12.199999809265137],[151.64071063511074,-33.128419518470764,12.600000381469727],[151.64072488434613,-33.12845530919731,13.199999809265137],[151.64074441418052,-33.12851800583303,14],[151.64074734784663,-33.12853359617293,14.199999809265137],[151.64074743166566,-33.12854985706508,14.199999809265137],[151.6406888421625,-33.1286508589983,14.600000381469727],[151.6406677197665,-33.128689248114824,15.399999618530273],[151.64063092321157,-33.12875982373953,16.399999618530273],[151.64060452021658,-33.12881086952984,17.399999618530273],[151.64060208946466,-33.12881992198527,17.600000381469727],[151.64057719521224,-33.128886725753546,18.600000381469727],[151.64054408669472,-33.12894204631448,19.200000762939453],[151.64052019827068,-33.12897842377424,19.600000381469727],[151.64048105478287,-33.129026368260384,20.600000381469727],[151.64045381359756,-33.12906467355788,21],[151.6403883509338,-33.12914061360061,21.799999237060547],[151.64033344946802,-33.12920934520662,22.799999237060547],[151.64032531902194,-33.1292206607759,23],[151.64028516970575,-33.12926273792982,23.799999237060547],[151.6402599401772,-33.129285452887416,24],[151.6402147617191,-33.1293224170804,24.200000762939453],[151.64020009338856,-33.12940631993115,24.600000381469727],[151.64021015167236,-33.12944102101028,24.799999237060547],[151.64021509699523,-33.12945183366537,25.200000762939453],[151.6402512229979,-33.12953934073448,25.799999237060547],[151.64026111364365,-33.12957647256553,26.200000762939453],[151.64028651081026,-33.12965165823698,26.799999237060547],[151.6403053700924,-33.129693400114775,27.200000762939453],[151.64033403620124,-33.12976213172078,28.200000762939453],[151.6403381433338,-33.12977277673781,28.399999618530273],[151.64034920744598,-33.129844861105084,29.200000762939453],[151.6403508838266,-33.129869755357504,29.399999618530273],[151.64035306312144,-33.12988417223096,29.399999618530273],[151.64035909809172,-33.1299302726984,30.200000762939453],[151.64036069065332,-33.12994368374348,30.399999618530273],[151.6403606068343,-33.12999514862895,30.799999237060547],[151.64034359157085,-33.13011291436851,31.399999618530273],[151.64035046473145,-33.1301514711231,31.799999237060547],[151.64036127738655,-33.13022179529071,32.400001525878906],[151.64036890491843,-33.13027502037585,33],[151.64037854410708,-33.130326652899384,33.400001525878906],[151.64038910530508,-33.13040032982826,34.599998474121094],[151.64038801565766,-33.13041592016816,34.599998474121094],[151.6403720062226,-33.130548018962145,35.20000076293945],[151.6403621993959,-33.13064499758184,35.599998474121094],[151.6403637919575,-33.13065866008401,35.599998474121094],[151.64036362431943,-33.130742479115725,36.400001525878906],[151.6403619479388,-33.130773743614554,36.599998474121094],[151.64035306312144,-33.13091229647398,37.79999923706055],[151.64032565429807,-33.13103601336479,39],[151.64032288827002,-33.13105738721788,39.400001525878906],[151.64031718857586,-33.131098207086325,40],[151.64031878113747,-33.13112595118582,40.599998474121094],[151.6403225529939,-33.13113609328866,40.599998474121094],[151.6403225529939,-33.13113609328866,40.599998474121094],[151.6403225529939,-33.13113374635577,40.400001525878906],[151.64032313972712,-33.13113366253674,40.400001525878906],[151.6403233911842,-33.13113366253674,40.599998474121094],[151.6403252352029,-33.131152940914035,40.79999923706055],[151.6403296776116,-33.13118445686996,41.20000076293945],[151.64033118635416,-33.13120046630502,41.400001525878906],[151.6403521411121,-33.131286883726716,42.20000076293945],[151.6403759457171,-33.13135192729533,43.20000076293945],[151.6403823159635,-33.13136441633105,43.400001525878906],[151.6404538974166,-33.1314208265394,43.20000076293945],[151.640603011474,-33.131435830146074,42.400001525878906],[151.64063109084964,-33.13144211657345,42],[151.64069219492376,-33.13145921565592,41.599998474121094],[151.64072304032743,-33.13148193061352,41.20000076293945],[151.64073502644897,-33.13149073161185,41.20000076293945],[151.6407311707735,-33.13149391673505,41],[151.64074617438018,-33.13149735331535,41],[151.64077593013644,-33.131506741046906,41],[151.64077593013644,-33.13150640577078,41],[151.64077442139387,-33.13150640577078,40.79999923706055],[151.64077777415514,-33.13150799833238,40.400001525878906],[151.64082756265998,-33.13154814764857,40.20000076293945],[151.64087751880288,-33.131579495966434,40],[151.64099168032408,-33.13167161308229,39.599998474121094],[151.64109092205763,-33.131751576438546,39.400001525878906],[151.64112394675612,-33.131780326366425,39.20000076293945],[151.64122134447098,-33.13186280429363,38.79999923706055],[151.64129711687565,-33.13192768022418,38.599998474121094],[151.64133667945862,-33.13196925446391,38.599998474121094],[151.6413894854486,-33.13199448399246,38.20000076293945],[151.64149937219918,-33.132048547267914,37.599998474121094],[151.6415242664516,-33.13206438906491,37.20000076293945],[151.64152359589934,-33.13206782564521,37],[151.64152594283223,-33.13206749036908,37],[151.64152594283223,-33.13206749036908,37],[151.64152594283223,-33.13206749036908,36.79999923706055],[151.6415258590132,-33.13206749036908,36.599998474121094],[151.64159769192338,-33.132069921121,36.20000076293945],[151.6416183952242,-33.132072519510984,36.20000076293945],[151.64175879210234,-33.13209883868694,35.20000076293945],[151.6418091673404,-33.13210395164788,35],[151.641916455701,-33.13212817534804,34],[151.64192986674607,-33.13213521614671,34],[151.64195828139782,-33.13214426860213,33.79999923706055],[151.6420079022646,-33.13216421753168,33.400001525878906],[151.64202818647027,-33.13217922113836,33.20000076293945],[151.6421036235988,-33.132203444838524,32.79999923706055],[151.6421474609524,-33.13220176845789,32.599998474121094],[151.64219163358212,-33.132204450666904,32.400001525878906],[151.64226950146258,-33.13220185227692,31.799999237060547],[151.6423752810806,-33.132198080420494,31.399999618530273],[151.64245474152267,-33.13219447620213,30.799999237060547],[151.64251978509128,-33.13219640403986,30.600000381469727],[151.64260083809495,-33.13220185227692,30.399999618530273],[151.64277970790863,-33.13220369629562,29.799999237060547],[151.6427944600582,-33.13220143318176,29.600000381469727],[151.64282714948058,-33.132197661325336,29.399999618530273],[151.64288976229727,-33.13218626193702,29.200000762939453],[151.6430045105517,-33.132178131490946,28.600000381469727],[151.64311640895903,-33.132173269987106,28],[151.64317667484283,-33.132168324664235,27.799999237060547],[151.64319335483015,-33.13216421753168,27.600000381469727],[151.6433689557016,-33.132149297744036,27.200000762939453],[151.64357481524348,-33.13217679038644,27],[151.64372191764414,-33.132189279422164,26.799999237060547],[151.64385753683746,-33.13216036185622,26.799999237060547],[151.6438875440508,-33.13215097412467,26.799999237060547],[151.64400623179972,-33.13216379843652,27],[151.64406658150256,-33.132181987166405,27],[151.64408049546182,-33.13217234797776,27],[151.64407731033862,-33.13219204545021,27.200000762939453],[151.64408376440406,-33.13226572237909,27.399999618530273],[151.6440276056528,-33.132373513653874,27.399999618530273],[151.6438946686685,-33.13247283920646,27.200000762939453],[151.64390774443746,-33.13248138874769,27],[151.64390833117068,-33.13248029910028,27],[151.643832558766,-33.13250376842916,27.200000762939453],[151.64369978941977,-33.13255556859076,26.799999237060547],[151.64372015744448,-33.13260971568525,26.600000381469727],[151.64373197592795,-33.1326156668365,26.399999618530273],[151.64379903115332,-33.132674088701606,25.399999618530273],[151.6438481491059,-33.13271038234234,24.399999618530273],[151.64386122487485,-33.13271591439843,24.399999618530273],[151.6439245082438,-33.13277844339609,23.399999618530273],[151.64392878301442,-33.13280509784818,23.200000762939453],[151.64394294843078,-33.13285614363849,22.200000762939453],[151.64395736530423,-33.13292210921645,21.200000762939453],[151.64396197535098,-33.132929652929306,21],[151.64399516768754,-33.1329713948071,20],[151.64399650879204,-33.13298220746219,19.399999618530273],[151.64406071417034,-33.13299176283181,19.600000381469727],[151.64407370612025,-33.13301523216069,19],[151.64406473748386,-33.13303115777671,18],[151.64406171999872,-33.133034594357014,18],[151.6440526675433,-33.13304255716503,17.399999618530273],[151.64405090734363,-33.13304230570793,17.200000762939453],[151.6440508235246,-33.13304121606052,17.200000762939453],[151.64409223012626,-33.13304850831628,17.399999618530273],[151.64412475191057,-33.13305119052529,17.399999618530273],[151.64412475191057,-33.13305119052529,17.399999618530273],[151.64412357844412,-33.13304364681244,17],[151.64412416517735,-33.13304364681244,15.800000190734863],[151.64412156678736,-33.133058650419116,14.600000381469727],[151.64412081241608,-33.133070301264524,13.399999618530273],[151.64414302445948,-33.133106427267194,13.199999809265137],[151.6441399231553,-33.13310609199107,13],[151.64413757622242,-33.133105505257845,13],[151.64413715712726,-33.13310542143881,13],[151.64413397200406,-33.13310366123915,13],[151.64413388818502,-33.13310366123915,13],[151.644133804366,-33.13310299068689,13.399999618530273],[151.64413271471858,-33.13310198485851,13.399999618530273],[151.64412885904312,-33.133099135011435,13.600000381469727],[151.64412835612893,-33.13309737481177,13.600000381469727],[151.64412810467184,-33.13309611752629,13.600000381469727],[151.64412768557668,-33.13309410586953,14],[151.64412768557668,-33.13309393823147,14.199999809265137],[151.64412760175765,-33.13309385441244,14.800000190734863],[151.64412743411958,-33.13309368677437,15.399999618530273],[151.64412743411958,-33.13309351913631,16],[151.6441271826625,-33.13309318386018,17.200000762939453],[151.6441271826625,-33.13309293240309,17.600000381469727],[151.64412709884346,-33.13309268094599,17.600000381469727],[151.64412651211023,-33.13309159129858,18],[151.64411779493093,-33.13307968899608,18.399999618530273],[151.64406356401742,-33.13300902955234,17.399999618530273],[151.644004303962,-33.13294004648924,18],[151.6439958382398,-33.13293384388089,18.200000762939453],[151.6439765598625,-33.13291708007455,18.200000762939453],[151.64396801032126,-33.13290836289525,18.399999618530273],[151.64394998922944,-33.132892437279224,18.600000381469727],[151.64393305778503,-33.13287072815001,18.799999237060547],[151.64392199367285,-33.13283736817539,19],[151.64391168393195,-33.13281398266554,19.200000762939453],[151.64390883408487,-33.13280266709626,19.399999618530273],[151.64387765340507,-33.13273896463215,20.399999618530273],[151.6438571177423,-33.13272379338741,20.799999237060547],[151.64381629787385,-33.13270753249526,21.600000381469727],[151.64373440667987,-33.13265087082982,22.600000381469727],[151.6436795052141,-33.132611559703946,23.600000381469727],[151.64364111609757,-33.132585575804114,24.200000762939453],[151.64361781440675,-33.13258918002248,24.399999618530273],[151.6435772459954,-33.13260527327657,24.600000381469727],[151.64352745749056,-33.132626228034496,25],[151.64341757073998,-33.132712226361036,24.799999237060547],[151.643319837749,-33.13284046947956,24],[151.64325194433331,-33.13292453996837,23.600000381469727],[151.64318782277405,-33.1329957023263,23.399999618530273],[151.64316611364484,-33.13301984220743,23.399999618530273],[151.64311280474067,-33.13307189382613,23.200000762939453],[151.64301549084485,-33.133167028427124,23.200000762939453],[151.64298992604017,-33.133186139166355,23.200000762939453],[151.64295120164752,-33.13320575281978,23],[151.64286671206355,-33.13322494737804,22.799999237060547],[151.64282790385187,-33.13326124101877,22.600000381469727],[151.64280175231397,-33.133317064493895,22.399999618530273],[151.6427973099053,-33.133339611813426,22.200000762939453],[151.64283108897507,-33.13341295346618,21.799999237060547],[151.64286520332098,-33.13343055546284,21.600000381469727],[151.64292806759477,-33.13345033675432,21.200000762939453],[151.6429450828582,-33.13346927985549,21],[151.6429677978158,-33.1334896478802,20.600000381469727],[151.64299805648625,-33.1335068307817,20],[151.64303552359343,-33.13352552242577,19.600000381469727],[151.64305304177105,-33.13358117826283,18.600000381469727],[151.64305136539042,-33.133590733632445,18.399999618530273],[151.64301850833,-33.13365091569722,17.399999618530273],[151.64297039620578,-33.133697770535946,16.799999237060547],[151.64296310395002,-33.13370757736266,16.799999237060547],[151.6429588291794,-33.13371495343745,16.799999237060547],[151.64296494796872,-33.13373741693795,16.399999618530273],[151.64296855218709,-33.13374579884112,16.399999618530273],[151.64296972565353,-33.133755438029766,16.200000762939453],[151.64295396767557,-33.13378578051925,15.399999618530273],[151.64295237511396,-33.13379391096532,15.199999809265137],[151.6429342702031,-33.1338210683316,14.399999618530273],[151.64286939427257,-33.13385250046849,13.199999809265137],[151.64281885139644,-33.133893236517906,12.199999809265137],[151.64279093965888,-33.13392265699804,11.199999809265137],[151.6427835635841,-33.13393967226148,11],[151.64278021082282,-33.133963560685515,10.600000381469727],[151.64277132600546,-33.1339799053967,10],[151.6427661292255,-33.13398853875697,9.800000190734863],[151.6427452582866,-33.13402491621673,9],[151.64272681809962,-33.13406355679035,7.800000190734863],[151.64270888082683,-33.13407554291189,7.400000095367432],[151.64268407039344,-33.13409130088985,6.800000190734863],[151.64264266379178,-33.134116949513555,5.800000190734863],[151.6426411550492,-33.13411762006581,5.800000190734863],[151.6426572483033,-33.134152656421065,5.400000095367432],[151.64266194216907,-33.13416036777198,5.199999809265137],[151.6426691506058,-33.134173611178994,4.800000190734863],[151.64267350919545,-33.13417813740671,4.599999904632568],[151.6426874231547,-33.13418811187148,4.199999809265137],[151.64271131157875,-33.1342008523643,3.5999999046325684],[151.64271994493902,-33.1342061329633,3.4000000953674316],[151.64275204762816,-33.134231278672814,2.200000047683716],[151.64277258329093,-33.13425516709685,1.399999976158142],[151.64277811534703,-33.13425751402974,1.2000000476837158],[151.64283209480345,-33.134272349998355,0.20000000298023224],[151.64283921942115,-33.13427813351154,0],[151.64283662103117,-33.13431761227548,-1.2000000476837158],[151.64283402264118,-33.13434845767915,-1.600000023841858],[151.64283762685955,-33.13442221842706,-1.600000023841858],[151.64284341037273,-33.13447443768382,-1],[151.64284709841013,-33.13450461253524,-0.6000000238418579],[151.64284709841013,-33.13451198861003,-0.20000000298023224],[151.64284684695303,-33.134521041065454,0],[151.64283259771764,-33.134577786549926,1],[151.64283201098442,-33.13459672965109,1],[151.64283796213567,-33.134645596146584,1.2000000476837158],[151.64285028353333,-33.13466680236161,1.600000023841858],[151.64285187609494,-33.13467032276094,1.600000023841858],[151.64285003207624,-33.13467099331319,1.600000023841858],[151.6428472660482,-33.13467677682638,1.600000023841858],[151.64284894242883,-33.13467124477029,1.600000023841858],[151.64284944534302,-33.13466948457062,1.399999976158142],[151.6428314242512,-33.13460385426879,1],[151.6428332682699,-33.13458926975727,1],[151.6428430750966,-33.13454476185143,1],[151.64287827908993,-33.134524980559945,0.800000011920929],[151.64295120164752,-33.13453931361437,0.800000011920929],[151.64295505732298,-33.13453839160502,0.800000011920929],[151.64295203983784,-33.13453805632889,0.800000011920929],[151.64295203983784,-33.13453805632889,0.800000011920929],[151.64295572787523,-33.134518610313535,0.800000011920929],[151.6429714858532,-33.13451492227614,0.800000011920929],[151.64297483861446,-33.13451198861003,0.6000000238418579],[151.64297316223383,-33.134510312229395,0.6000000238418579],[151.64297316223383,-33.1345084682107,0.800000011920929],[151.64297324605286,-33.13450754620135,0.800000011920929],[151.6429723240435,-33.13450679183006,0.800000011920929],[151.64297190494835,-33.13450469635427,0.6000000238418579],[151.64297190494835,-33.134501343593,0.800000011920929],[151.64297190494835,-33.134500589221716,0.800000011920929],[151.6429730784148,-33.13450017012656,0.800000011920929],[151.64297693409026,-33.13449882902205,0.800000011920929],[151.64297735318542,-33.13449648208916,0.800000011920929],[151.6429112199694,-33.13446848653257,0.4000000059604645],[151.64276889525354,-33.134436551481485,0],[151.64275933988392,-33.134433533996344,0],[151.64272497408092,-33.13443386927247,-1],[151.64272497408092,-33.13443370163441,-1],[151.64267107844353,-33.134460439905524,-1],[151.64264417253435,-33.134485417976975,0],[151.64261349476874,-33.13448701053858,1.2000000476837158],[151.6425919532776,-33.13447938300669,1.7999999523162842],[151.64258524775505,-33.13447292894125,2.200000047683716],[151.64257309399545,-33.13446203246713,3],[151.64256353862584,-33.134459434077144,3.4000000953674316],[151.64253579452634,-33.13445080071688,4.599999904632568],[151.6425119061023,-33.13444887287915,5.199999809265137],[151.6425052843988,-33.134450716897845,5.599999904632568],[151.64245951920748,-33.13447284512222,6.800000190734863],[151.64242884144187,-33.13448650762439,7.400000095367432],[151.64240612648427,-33.13449773937464,8],[151.64236958138645,-33.134525902569294,9.199999809265137],[151.64235239848495,-33.134541157633066,9.800000190734863],[151.6423361375928,-33.13455909490585,10.399999618530273],[151.64232976734638,-33.13457686454058,10.800000190734863],[151.64232457056642,-33.134595807641745,11],[151.64231224916875,-33.13461349345744,11.199999809265137],[151.64229506626725,-33.13462338410318,11.399999618530273],[151.6422746144235,-33.13464886508882,12.199999809265137],[151.64226916618645,-33.13465816900134,12.199999809265137],[151.64226539433002,-33.134667724370956,12.399999618530273],[151.64224930107594,-33.13471248373389,13.199999809265137],[151.64224661886692,-33.134729666635394,13.399999618530273],[151.64224770851433,-33.134738048538566,13.800000190734863],[151.64224569685757,-33.13474517315626,14],[151.64223169907928,-33.13476520590484,14.800000190734863],[151.64219708181918,-33.13480242155492,15.800000190734863],[151.64217009209096,-33.13485170714557,16.799999237060547],[151.6421694215387,-33.13485841266811,17],[151.64217528887093,-33.13486612401903,17.799999237060547],[151.64218434132636,-33.13487693667412,17.799999237060547],[151.64217964746058,-33.1348916888237,18],[151.64217713288963,-33.13489646650851,18],[151.64217185229063,-33.13490241765976,18.200000762939453],[151.64215768687427,-33.13491742126644,18.600000381469727],[151.64214410819113,-33.1349313352257,18.799999237060547],[151.64213270880282,-33.13494441099465,19.200000762939453],[151.64210001938045,-33.134959414601326,20],[151.64209306240082,-33.13497190363705,20.200000762939453],[151.6420985944569,-33.13502311706543,21],[151.64208618924022,-33.135032672435045,21.200000762939453],[151.64205609820783,-33.135059578344226,22],[151.64204855449498,-33.135105930268764,23],[151.64206590503454,-33.13515555113554,23.799999237060547],[151.6420518234372,-33.135172901675105,24],[151.64205115288496,-33.135193856433034,24],[151.64205450564623,-33.13525068573654,24.399999618530273],[151.6420549247414,-33.13527926802635,24.799999237060547],[151.64204511791468,-33.13529812730849,25],[151.6420340538025,-33.13531732186675,25.399999618530273],[151.64201368577778,-33.135363422334194,26],[151.64201041683555,-33.13537012785673,26.200000762939453],[151.64200907573104,-33.13538781367242,26.399999618530273],[151.64199407212436,-33.13544472679496,27.200000762939453],[151.6419975925237,-33.13545034267008,27.200000762939453],[151.64202231913805,-33.13546132296324,27.399999618530273],[151.64206380955875,-33.135464088991284,27.200000762939453],[151.642180737108,-33.135454868897796,27],[151.64219808764756,-33.13546551391482,27],[151.6422050446272,-33.13547506928444,26.799999237060547],[151.6422058828175,-33.135478757321835,26.799999237060547],[151.64220211096108,-33.13548093661666,26.799999237060547],[151.64221183396876,-33.13548336736858,26.799999237060547],[151.64221015758812,-33.13549124635756,26.799999237060547],[151.64220915175974,-33.13549174927175,26.600000381469727],[151.64220814593136,-33.135492000728846,26.399999618530273],[151.64220814593136,-33.135492000728846,26.399999618530273],[151.64220814593136,-33.135492000728846,26.200000762939453],[151.64220898412168,-33.13549174927175,26.200000762939453],[151.6422119177878,-33.135491497814655,26.399999618530273],[151.64221652783453,-33.135491497814655,26.399999618530273],[151.64221954531968,-33.13548730686307,26.399999618530273],[151.6422196291387,-33.13548730686307,26.399999618530273],[151.64222130551934,-33.13548697158694,26.799999237060547],[151.64222256280482,-33.13548688776791,27],[151.64227293804288,-33.135527707636356,27],[151.6423691622913,-33.13559778034687,26.600000381469727],[151.64243864826858,-33.135661482810974,26.600000381469727],[151.6424852516502,-33.135702637955546,26.799999237060547],[151.6425288375467,-33.1356998719275,27.200000762939453],[151.6425378061831,-33.13569501042366,27.200000762939453],[151.64257644675672,-33.135664919391274,27.200000762939453],[151.64259228855371,-33.13567481003702,27],[151.64264425635338,-33.13569601625204,26.799999237060547],[151.64278113283217,-33.13573407009244,26.799999237060547],[151.64286377839744,-33.13580363988876,27.200000762939453],[151.6429040953517,-33.13585963100195,27.200000762939453],[151.6429492738098,-33.13592961989343,27.600000381469727],[151.6429741680622,-33.136028945446014,28.200000762939453],[151.64298984222114,-33.13606012612581,28.399999618530273],[151.64302219636738,-33.13611854799092,28.799999237060547],[151.64304960519075,-33.13608426600695,29],[151.64307659491897,-33.13607035204768,29],[151.6431105416268,-33.13605962321162,29.200000762939453],[151.64312646724284,-33.136054342612624,29.399999618530273],[151.6431786864996,-33.136034309864044,29.399999618530273],[151.6431829612702,-33.13603464514017,29.399999618530273],[151.64319503121078,-33.136030454188585,29.600000381469727],[151.64318648166955,-33.13603548333049,29.399999618530273],[151.64318648166955,-33.13603548333049,29.399999618530273],[151.64318648166955,-33.13603548333049,28.399999618530273],[151.64318631403148,-33.13604034483433,28.799999237060547],[151.64318631403148,-33.13604059629142,29.399999618530273],[151.64318631403148,-33.13604059629142,29.399999618530273],[151.6431869007647,-33.13604059629142,29.399999618530273],[151.6431932710111,-33.13603959046304,29],[151.64319762960076,-33.13602684997022,29],[151.64319762960076,-33.13602676615119,29.200000762939453],[151.64321975782514,-33.136104214936495,29.399999618530273],[151.64326904341578,-33.13618987798691,29.399999618530273],[151.6433581430465,-33.13623438589275,28.399999618530273],[151.64337205700576,-33.13623790629208,28.399999618530273],[151.64338647387922,-33.13623949885368,28.399999618530273],[151.64339611306787,-33.136238576844335,28.399999618530273],[151.64340432733297,-33.13623639754951,28.399999618530273],[151.64340457879007,-33.13623639754951,28.399999618530273],[151.6434049140662,-33.13623631373048,28.200000762939453],[151.64340508170426,-33.136236146092415,28.200000762939453],[151.6434057522565,-33.13623480498791,28.600000381469727],[151.64340608753264,-33.13623488880694,28.799999237060547],[151.64340608753264,-33.136235056445,29],[151.64340876974165,-33.13623589463532,29],[151.64340608753264,-33.136235643178225,29],[151.64340524934232,-33.136235643178225,28.799999237060547],[151.64340483024716,-33.13628476113081,27],[151.64341170340776,-33.136358773335814,26],[151.64341622963548,-33.13639556989074,25],[151.6434186603874,-33.13641032204032,24.799999237060547],[151.64344070479274,-33.13645047135651,23.600000381469727],[151.64345243945718,-33.13645415939391,23.399999618530273],[151.64346978999674,-33.136464301496744,23.200000762939453],[151.64349510334432,-33.13647477887571,23],[151.64352142252028,-33.136486848816276,22.600000381469727],[151.64352930150926,-33.136496068909764,22.600000381469727],[151.64358311332762,-33.13654183410108,21.799999237060547],[151.64359115995467,-33.13653999008238,21.600000381469727],[151.64364865981042,-33.136545522138476,20.799999237060547],[151.64366827346385,-33.13656957820058,20.399999618530273],[151.64368126541376,-33.1365942209959,20.200000762939453],[151.64376382716,-33.13663856126368,20.799999237060547],[151.6437899786979,-33.13664828427136,21],[151.6438214108348,-33.136677369475365,20.799999237060547],[151.6438587103039,-33.13670880161226,20.799999237060547],[151.64388259872794,-33.136730678379536,21.399999618530273],[151.64388385601342,-33.13673051074147,21.600000381469727],[151.6438835207373,-33.136730594560504,21.799999237060547],[151.64388402365148,-33.13673092983663,22],[151.643898608163,-33.13674325123429,20.399999618530273],[151.6439208202064,-33.13675926066935,20.200000762939453],[151.6439786553383,-33.13680016435683,19.399999618530273],[151.6440136078745,-33.13686168752611,18.399999618530273],[151.64408988319337,-33.13690125010908,18.200000762939453],[151.64410321041942,-33.13691407442093,18],[151.64410279132426,-33.136911476030946,18],[151.6441026236862,-33.13691130839288,18],[151.6441026236862,-33.13691130839288,18.200000762939453],[151.64405249990523,-33.1368828099221,18.399999618530273],[151.64400229230523,-33.1368344463408,18.200000762939453],[151.64399013854563,-33.13681801781058,18.200000762939453],[151.64394294843078,-33.13676076941192,19.399999618530273],[151.64390900172293,-33.13675129786134,20.399999618530273],[151.6438988596201,-33.13673528842628,21],[151.64387782104313,-33.13671047799289,21.399999618530273],[151.64384161122143,-33.13667871057987,21.799999237060547],[151.6438185609877,-33.13666722737253,21.799999237060547],[151.64377447217703,-33.13664451241493,21],[151.64373851381242,-33.136641662567854,21.600000381469727],[151.6436953470111,-33.13661207444966,21],[151.64367833174765,-33.136596735566854,20.600000381469727],[151.64367196150124,-33.13659011386335,20.600000381469727],[151.64360532537103,-33.13654418103397,21.200000762939453],[151.64357875473797,-33.13653588294983,21.399999618530273],[151.6435412876308,-33.13649967312813,21.799999237060547],[151.64349971339107,-33.136456590145826,22.600000381469727],[151.64346987381577,-33.136400263756514,23],[151.6434543672949,-33.13635223545134,23.799999237060547],[151.64342352189124,-33.13632532954216,24.799999237060547],[151.64341463707387,-33.136317282915115,25],[151.64338094182312,-33.13628484494984,26],[151.64337390102446,-33.136279145255685,26.200000762939453],[151.6433499287814,-33.136256178840995,27.200000762939453],[151.64334246888757,-33.136247461661696,27.600000381469727],[151.6433285549283,-33.13623237423599,28.200000762939453],[151.64330114610493,-33.13621359877288,28.600000381469727],[151.6432894114405,-33.136205384507775,28.600000381469727],[151.64325412362814,-33.136181412264705,29],[151.64323216304183,-33.136165821924806,29.399999618530273],[151.6431979648769,-33.13614713028073,29.799999237060547],[151.6431311611086,-33.136086110025644,29.799999237060547],[151.6431131400168,-33.136030957102776,29.200000762939453],[151.6431493498385,-33.13601545058191,29.399999618530273],[151.64315865375102,-33.13601813279092,29.200000762939453],[151.64316024631262,-33.13602031208575,29.399999618530273],[151.64316024631262,-33.136020144447684,30.399999618530273],[151.64316024631262,-33.13601905480027,29.799999237060547],[151.64316091686487,-33.136014863848686,29.200000762939453],[151.64316116832197,-33.13600966706872,29.200000762939453],[151.643161252141,-33.1360072363168,29.200000762939453],[151.6431591566652,-33.13600807450712,29.399999618530273],[151.64315111003816,-33.136009415611625,29],[151.64314029738307,-33.136009415611625,29],[151.6431387886405,-33.13601218163967,29.200000762939453],[151.64313887245953,-33.13601218163967,29.200000762939453],[151.6431390400976,-33.13601218163967,29.200000762939453],[151.64313996210694,-33.13601167872548,29.200000762939453],[151.64314163848758,-33.1360106728971,29.200000762939453],[151.64314188994467,-33.13601058907807,29.200000762939453],[151.64314297959208,-33.13601050525904,29.200000762939453],[151.64314507506788,-33.13601025380194,29.200000762939453],[151.6431470029056,-33.1360088288784,29.399999618530273],[151.64314239285886,-33.13600975088775,29.399999618530273],[151.64314297959208,-33.1360088288784,29.200000762939453],[151.64314306341112,-33.136009415611625,29.200000762939453],[151.64314465597272,-33.13601016998291,29.399999618530273],[151.64314473979175,-33.13601025380194,29.200000762939453],[151.6431459132582,-33.13601075671613,29.399999618530273],[151.64314633235335,-33.136010924354196,29.399999618530273],[151.64314683526754,-33.13601100817323,29.399999618530273],[151.64314968511462,-33.13601176254451,29.200000762939453],[151.64315102621913,-33.13601218163967,29.200000762939453],[151.64315127767622,-33.13601218163967,29.200000762939453],[151.64315161295235,-33.1360122654587,29.399999618530273],[151.64315219968557,-33.1360125169158,29.399999618530273],[151.64315211586654,-33.13601268455386,29.399999618530273],[151.64315320551395,-33.13601394183934,29.200000762939453],[151.64315320551395,-33.13601444475353,29.200000762939453],[151.64315429516137,-33.136014780029655,29.399999618530273],[151.64315446279943,-33.13601461239159,29.399999618530273],[151.6431543789804,-33.13601469621062,29],[151.6431543789804,-33.13601452857256,29],[151.6431538760662,-33.136014277115464,29.399999618530273],[151.64315379224718,-33.13601419329643,29.399999618530273],[151.64315354079008,-33.136014277115464,29.399999618530273],[151.6431541275233,-33.13601461239159,29.200000762939453],[151.64315446279943,-33.13601461239159,29.600000381469727],[151.64315530098975,-33.13601503148675,29.600000381469727],[151.6431557200849,-33.13601536676288,29.799999237060547],[151.64315613918006,-33.136015702039,29.600000381469727],[151.64315588772297,-33.13601603731513,29.600000381469727],[151.64315580390394,-33.136016204953194,29.600000381469727],[151.64315538480878,-33.136016204953194,29.399999618530273],[151.64315521717072,-33.13601637259126,29.399999618530273],[151.64315504953265,-33.13601654022932,29.399999618530273],[151.64315563626587,-33.13601662404835,29.799999237060547],[151.6431557200849,-33.13601687550545,29.799999237060547],[151.64315580390394,-33.13601695932448,29.799999237060547],[151.64315588772297,-33.13601712696254,30],[151.6431562229991,-33.13601746223867,29.799999237060547],[151.6431573126465,-33.13601762987673,30],[151.64315714500844,-33.1360175460577,29.799999237060547],[151.64315739646554,-33.13601796515286,29.600000381469727],[151.6431573126465,-33.13601796515286,29.799999237060547],[151.64315748028457,-33.13601804897189,29.799999237060547],[151.6431575641036,-33.13601838424802,30.200000762939453],[151.64315865375102,-33.13601855188608,29.799999237060547],[151.64315873757005,-33.13601855188608,30.799999237060547],[151.6431589052081,-33.136018719524145,30.600000381469727],[151.6431589052081,-33.136018719524145,30.600000381469727],[151.6431060153991,-33.136061215773225,29.200000762939453],[151.6430230345577,-33.136099269613624,28.799999237060547],[151.64298833347857,-33.13603221438825,28.200000762939453],[151.6429838910699,-33.13601888716221,28],[151.64294918999076,-33.13592065125704,27.799999237060547],[151.64284433238208,-33.13579014502466,27],[151.64283385500312,-33.13577891327441,27],[151.64272606372833,-33.135707415640354,26.600000381469727],[151.6426184400916,-33.135674726217985,26.399999618530273],[151.642585080117,-33.13565720804036,26.399999618530273],[151.6425026860088,-33.13559878617525,26.399999618530273],[151.64246521890163,-33.13558612950146,26.399999618530273],[151.64245264604688,-33.13558981753886,26.399999618530273],[151.6424098983407,-33.135597528889775,26.600000381469727],[151.64237410761416,-33.13558302819729,26.600000381469727],[151.64236824028194,-33.13557473011315,26.399999618530273],[151.64228098466992,-33.13551069237292,26.600000381469727],[151.64220680482686,-33.13546249642968,26.600000381469727],[151.64216179400682,-33.13545377925038,26.600000381469727],[151.64202449843287,-33.135462161153555,26.799999237060547],[151.6419391706586,-33.13549367710948,27.200000762939453],[151.64193908683956,-33.13552586361766,27.200000762939453],[151.6419590357691,-33.13557833433151,27.399999618530273],[151.64200220257044,-33.135682689026,28],[151.6420076508075,-33.135694758966565,28],[151.64201100356877,-33.13570783473551,28],[151.6420229896903,-33.135818392038345,28.600000381469727],[151.64208266884089,-33.135954262688756,28.799999237060547],[151.6421394981444,-33.13608158379793,29],[151.6421722713858,-33.13619339838624,28.799999237060547],[151.64218291640282,-33.13622223213315,28.799999237060547],[151.64225910790265,-33.13631954602897,28.200000762939453],[151.6423171106726,-33.13647628761828,27.399999618530273],[151.6423329524696,-33.136514173820615,27],[151.6423855908215,-33.13659396953881,26.399999618530273],[151.64244510233402,-33.13669488765299,26],[151.64244803600013,-33.136719865724444,25.799999237060547],[151.64243747480214,-33.13675289042294,24.799999237060547],[151.64243479259312,-33.136754566803575,24.799999237060547],[151.64243479259312,-33.136754566803575,24.799999237060547],[151.64243479259312,-33.136754566803575,25],[151.64243068546057,-33.136773593723774,24.600000381469727],[151.6424215491861,-33.136803517118096,24.399999618530273],[151.64241895079613,-33.136854227632284,23.600000381469727],[151.64242004044354,-33.136914409697056,22.399999618530273],[151.64239657111466,-33.13695724122226,21.399999618530273],[151.64238919503987,-33.1369673833251,21],[151.64235114119947,-33.137017004191875,20],[151.64233127608895,-33.13703829422593,19.200000762939453],[151.64232364855707,-33.13704617321491,18.799999237060547],[151.6423065494746,-33.13709042966366,17.600000381469727],[151.64230403490365,-33.137110797688365,17],[151.6423042025417,-33.13712563365698,16.200000762939453],[151.64230906404555,-33.13714625313878,15.600000381469727],[151.64230344817042,-33.13715656287968,15],[151.64231375791132,-33.13717223703861,14.399999618530273],[151.64231535047293,-33.13718288205564,14],[151.64232180453837,-33.13720484264195,13],[151.64232331328094,-33.137232419103384,11.800000190734863],[151.64232800714672,-33.137257816269994,10.800000190734863],[151.64233714342117,-33.13727667555213,9.800000190734863],[151.6423385683447,-33.13728103414178,9.600000381469727],[151.64234921336174,-33.137304252013564,8.399999618530273],[151.64235063828528,-33.1373075209558,8.399999618530273],[151.64235558360815,-33.137330152094364,7.800000190734863],[151.6423908714205,-33.13738270662725,8],[151.6424855031073,-33.137429896742105,9.399999618530273],[151.64250570349395,-33.13744079321623,10],[151.64251886308193,-33.13744372688234,10.199999809265137],[151.64254325442016,-33.137455293908715,10.600000381469727],[151.6425658017397,-33.13747457228601,11],[151.64257309399545,-33.13748002052307,11.199999809265137],[151.64259379729629,-33.137493347749114,11.600000381469727],[151.64262564852834,-33.1375200022012,12.399999618530273],[151.64263411425054,-33.13752880319953,12.600000381469727],[151.64267082698643,-33.13755906186998,13.199999809265137],[151.64268591441214,-33.13757725059986,13.199999809265137],[151.6427069529891,-33.13760264776647,13.600000381469727],[151.6427122335881,-33.13761203549802,13.800000190734863],[151.6427248902619,-33.137638941407204,14],[151.6427651233971,-33.13766869716346,14.199999809265137],[151.64285288192332,-33.13770918175578,14.199999809265137],[151.64291314780712,-33.137743044644594,14.199999809265137],[151.6429450828582,-33.13778009265661,14.399999618530273],[151.64299218915403,-33.13783675432205,14.600000381469727],[151.64301817305386,-33.137930296361446,14.600000381469727],[151.64301792159677,-33.13795351423323,14.800000190734863],[151.64302320219576,-33.13800263218582,14.800000190734863],[151.64302479475737,-33.138025011867285,14.800000190734863],[151.6430322546512,-33.138052839785814,14.399999618530273],[151.64306385442615,-33.13808485865593,13.800000190734863],[151.6430719010532,-33.1380969285965,13.800000190734863],[151.6430830489844,-33.138115368783474,13.399999618530273],[151.64310266263783,-33.13815618865192,12.600000381469727],[151.64311330765486,-33.138231709599495,12],[151.64310878142715,-33.138253251090646,12],[151.64310727268457,-33.138287952169776,11.600000381469727],[151.64310928434134,-33.13836640678346,10.800000190734863],[151.6430838033557,-33.13842633739114,10.399999618530273],[151.6430288180709,-33.138471683487296,10.399999618530273],[151.64298757910728,-33.138507725670934,10.600000381469727],[151.6429730784148,-33.138524908572435,10.600000381469727],[151.64296603761613,-33.13852842897177,10.800000190734863],[151.64287618361413,-33.13859498128295,10.800000190734863],[151.64280083030462,-33.13866890966892,9.600000381469727],[151.6427777800709,-33.13867804594338,9.399999618530273],[151.6426464356482,-33.13872942700982,8.600000381469727],[151.64258290082216,-33.13876940868795,8.399999618530273],[151.64255406707525,-33.13879178836942,8],[151.6425079666078,-33.13883051276207,7.400000095367432],[151.64250444620848,-33.138832775875926,7.400000095367432],[151.64249388501048,-33.13884015195072,7],[151.64247661828995,-33.13884895294905,6.800000190734863],[151.64243537932634,-33.13885104842484,6.199999809265137],[151.64232591167092,-33.13886571675539,6],[151.6421942319721,-33.138931430876255,5.400000095367432],[151.64211485534906,-33.13899454660714,5],[151.64207864552736,-33.139013573527336,4.800000190734863],[151.6420055553317,-33.13904617913067,4.599999904632568],[151.64193254895508,-33.139070151373744,4.800000190734863],[151.64184411987662,-33.13916863873601,4.400000095367432],[151.64173230528831,-33.139262683689594,5],[151.6416670102626,-33.13932102173567,4.199999809265137],[151.64166256785393,-33.13932831399143,4],[151.6416619811207,-33.13933569006622,4],[151.6416516713798,-33.13938983716071,3],[151.6416461393237,-33.139400565996766,2.799999952316284],[151.64164035581052,-33.13941054046154,2.799999952316284],[151.64162476547062,-33.13948622904718,2.200000047683716],[151.64165611378849,-33.13951422460377,1.7999999523162842],[151.6416741348803,-33.13953232951462,1.600000023841858],[151.64167882874608,-33.139573484659195,1.2000000476837158],[151.6416606400162,-33.13966568559408,1],[151.641668016091,-33.13974120654166,1.7999999523162842],[151.64167447015643,-33.13974849879742,2],[151.64172400720417,-33.13979811966419,2.5999999046325684],[151.6417534276843,-33.13981404528022,2.799999952316284],[151.64176306687295,-33.13982100225985,2.799999952316284],[151.64176868274808,-33.13984740525484,3.200000047683716],[151.6417835187167,-33.13987632282078,3.799999952316284],[151.6418308764696,-33.13996424898505,4.800000190734863],[151.64183464832604,-33.1399738881737,5],[151.64184344932437,-33.140028454363346,5.800000190734863],[151.64183632470667,-33.14004245214164,6],[151.64181587286294,-33.14006667584181,6.800000190734863],[151.64180975407362,-33.14007740467787,7],[151.6417695209384,-33.14012140966952,8.399999618530273],[151.64175326004624,-33.140137922018766,8.600000381469727],[151.64173247292638,-33.14018536359072,9.199999809265137],[151.64172886870801,-33.140196008607745,9.399999618530273],[151.64172182790935,-33.140233559533954,9.399999618530273],[151.6416799183935,-33.14032123424113,8.600000381469727],[151.64162669330835,-33.14037739299238,8.199999809265137],[151.64158620871603,-33.140416368842125,7.800000190734863],[151.64151705801487,-33.14045668579638,8],[151.64150012657046,-33.14047386869788,8.199999809265137],[151.64146944880486,-33.140506725758314,8.199999809265137],[151.6414399445057,-33.140530698001385,8.399999618530273],[151.64141152985394,-33.14055643044412,8.399999618530273],[151.64140842854977,-33.140564896166325,8.399999618530273],[151.64139091037214,-33.14059683121741,7.800000190734863],[151.64136509411037,-33.14062725752592,7.199999809265137],[151.6413580533117,-33.14063438214362,7.199999809265137],[151.64127943105996,-33.1406663171947,6.199999809265137],[151.64127222262323,-33.140670005232096,6.199999809265137],[151.64123157039285,-33.14070302993059,6.199999809265137],[151.6411973722279,-33.14072943292558,6.199999809265137],[151.6411598213017,-33.14075374044478,6],[151.64110542275012,-33.1408267468214,6],[151.64102252572775,-33.14088659361005,6.199999809265137],[151.6410158202052,-33.14089338295162,6.199999809265137],[151.64099587127566,-33.14092095941305,6],[151.6409610863775,-33.140959683805704,6],[151.6409193444997,-33.1409858353436,5.800000190734863],[151.64079998619854,-33.14106261357665,6.199999809265137],[151.64074416272342,-33.141109719872475,6.199999809265137],[151.64074265398085,-33.14113000407815,6],[151.64069923572242,-33.14119110815227,5.400000095367432],[151.640695463866,-33.14123117364943,5.199999809265137],[151.64070040918887,-33.14127517864108,5.199999809265137],[151.64069688878953,-33.141296384856105,5.199999809265137],[151.6407250519842,-33.14136838540435,4.800000190734863],[151.6407222021371,-33.14139101654291,4.800000190734863],[151.64067693986,-33.14148128964007,5.800000190734863],[151.6406698152423,-33.14148874953389,6],[151.64066285826266,-33.14149604178965,6.199999809265137],[151.6406624391675,-33.14149637706578,6.400000095367432],[151.64066042751074,-33.14149662852287,6.400000095367432],[151.64066042751074,-33.14149604178965,6.400000095367432],[151.64064601063728,-33.14152730628848,6],[151.640605609864,-33.141628224402666,6.800000190734863],[151.64061365649104,-33.141657058149576,7.400000095367432],[151.64063461124897,-33.14172277227044,8.199999809265137],[151.64065129123628,-33.141860738396645,8.199999809265137],[151.6406262293458,-33.141980515792966,8.199999809265137],[151.64062480442226,-33.141991747543216,8.399999618530273],[151.64064240641892,-33.142100125551224,8.199999809265137],[151.6406486928463,-33.14217464067042,8.199999809265137],[151.64056646637619,-33.14226374030113,8.800000190734863],[151.64050737395883,-33.14239055849612,9.199999809265137],[151.6404885146767,-33.1424105912447,9.399999618530273],[151.64044501259923,-33.14246390014887,9.399999618530273],[151.64033889770508,-33.1425744574517,9.199999809265137],[151.64025139063597,-33.14266716130078,8.800000190734863],[151.6402113251388,-33.14272491261363,8.399999618530273],[151.6401980817318,-33.14275877550244,8],[151.6402157675475,-33.14278953708708,7],[151.6402031108737,-33.14280806109309,6.599999904632568],[151.64019313640893,-33.142842175439,6],[151.6401925496757,-33.142852736636996,5.800000190734863],[151.64017620496452,-33.14295985735953,5.400000095367432],[151.64016589522362,-33.142964048311114,5.199999809265137],[151.6401420906186,-33.14297368749976,5],[151.64011468179524,-33.142988523468375,4.800000190734863],[151.64003295823932,-33.14301090314984,4.599999904632568],[151.64002466015518,-33.14301408827305,4.599999904632568],[151.63994872011244,-33.14303814433515,4.199999809265137],[151.63992952555418,-33.143063206225634,3.799999952316284],[151.63992449641228,-33.143075024709105,3],[151.6399374883622,-33.143098410218954,2.5999999046325684],[151.63991695269942,-33.14314031973481,1.399999976158142],[151.63985149003565,-33.143242159858346,0.6000000238418579],[151.63983196020126,-33.14325959421694,0.4000000059604645],[151.63975057192147,-33.143367720767856,0.20000000298023224],[151.63965468294919,-33.14348381012678,0.4000000059604645],[151.6395336482674,-33.14359939657152,0],[151.6394012980163,-33.143669720739126,-0.4000000059604645],[151.6393101029098,-33.1437159050256,-0.20000000298023224],[151.63930356502533,-33.14372747205198,-0.20000000298023224],[151.63924229331315,-33.143813805654645,-0.4000000059604645],[151.63913844153285,-33.143895445391536,-0.20000000298023224],[151.63902486674488,-33.14393559470773,-0.20000000298023224],[151.63899972103536,-33.143941881135106,-0.4000000059604645],[151.6389107890427,-33.14396359026432,-0.4000000059604645],[151.63889025337994,-33.14397733658552,-0.4000000059604645],[151.63881808519363,-33.143995022401214,-0.6000000238418579],[151.63879243656993,-33.14400030300021,-0.800000011920929],[151.63866612128913,-33.14400566741824,-1.399999976158142],[151.63866461254656,-33.144005415961146,-1.399999976158142],[151.63869646377861,-33.14400055445731,-1.399999976158142],[151.63874566555023,-33.144000973552465,-1.399999976158142],[151.6387923527509,-33.144000470638275,-1.2000000476837158],[151.6388539597392,-33.14398420974612,-0.800000011920929],[151.63891615346074,-33.14395738765597,-0.4000000059604645],[151.6389892436564,-33.14389469102025,-0.20000000298023224],[151.63900475017726,-33.14387993887067,0],[151.6390376072377,-33.143834341317415,0.4000000059604645],[151.63906174711883,-33.14379561692476,0.800000011920929],[151.63905068300664,-33.14371540211141,1.2000000476837158],[151.63904749788344,-33.14370517618954,1.2000000476837158],[151.63904858753085,-33.14369436353445,1.399999976158142],[151.63904196582735,-33.143649604171515,2.200000047683716],[151.63903852924705,-33.14364365302026,2.5999999046325684],[151.6390082705766,-33.143653543666005,3.5999999046325684],[151.63899703882635,-33.143656896427274,3.5999999046325684],[151.63898932747543,-33.14366209320724,3.799999952316284],[151.63895613513887,-33.14366854727268,4.599999904632568],[151.6389522794634,-33.14367366023362,4.800000190734863],[151.63894289173186,-33.143691094592214,5.199999809265137],[151.63892445154488,-33.14372168853879,5.599999904632568],[151.63891640491784,-33.1437314953655,5.599999904632568],[151.638850774616,-33.14376074820757,5.800000190734863],[151.63883895613253,-33.14375940710306,5.800000190734863],[151.6388283111155,-33.14375873655081,5.800000190734863],[151.6388365253806,-33.143748678267,6],[151.6388893313706,-33.14367709681392,6.199999809265137],[151.63892612792552,-33.14358699135482,6.199999809265137],[151.63895923644304,-33.14355371519923,6.599999904632568],[151.63897080346942,-33.14351021312177,6.800000190734863],[151.63894783705473,-33.143454724922776,8.199999809265137],[151.63894766941667,-33.14344894140959,8.600000381469727],[151.63894289173186,-33.14344106242061,9.199999809265137],[151.63893149234354,-33.14343326725066,10.399999618530273],[151.63891045376658,-33.143432177603245,11.199999809265137],[151.6389046702534,-33.14344651065767,11.600000381469727],[151.63889586925507,-33.143465956673026,12],[151.63886628113687,-33.14347526058555,12.600000381469727],[151.63885186426342,-33.14347534440458,13.199999809265137],[151.63882814347744,-33.14346360974014,13.800000190734863],[151.63881464861333,-33.14345103688538,14.199999809265137],[151.63879293948412,-33.14342999830842,14.600000381469727],[151.63878489285707,-33.143423376604915,14.800000190734863],[151.63877592422068,-33.143416084349155,15],[151.63874365389347,-33.143395548686385,15.800000190734863],[151.63871590979397,-33.143387166783214,16.399999618530273],[151.63869453594089,-33.143377527594566,17],[151.63862731307745,-33.14336260780692,18],[151.63860308937728,-33.14336369745433,18.200000762939453],[151.63854508660734,-33.143347101286054,19],[151.63853527978063,-33.143319776281714,19.200000762939453],[151.63851499557495,-33.14327937550843,19.600000381469727],[151.63850703276694,-33.14323637634516,20.399999618530273],[151.63847987540066,-33.143216678872705,21],[151.63846663199365,-33.14321609213948,21],[151.63841189816594,-33.143197651952505,21],[151.63837074302137,-33.143171751871705,20.799999237060547],[151.63835054263473,-33.14315683208406,20.600000381469727],[151.63833763450384,-33.14315230585635,20.600000381469727],[151.63830561563373,-33.14314006827772,20.600000381469727],[151.63827854208648,-33.14312305301428,20.399999618530273],[151.63817360065877,-33.143080389127135,19.600000381469727],[151.63813470862806,-33.14306060783565,19.399999618530273],[151.63812858983874,-33.14305163919926,19.399999618530273],[151.63806597702205,-33.143015932291746,19],[151.63803286850452,-33.14300235360861,19],[151.63800998590887,-33.142983075231314,19],[151.63800219073892,-33.14297754317522,19],[151.6379524860531,-33.14293990842998,19],[151.63793982937932,-33.14294476993382,18.799999237060547],[151.63789289072156,-33.142930855974555,18.799999237060547],[151.63786137476563,-33.142921552062035,18.600000381469727],[151.63784528151155,-33.1429148465395,18.600000381469727],[151.6378229856491,-33.14290411770344,18.399999618530273],[151.63781619630754,-33.14290512353182,18.399999618530273],[151.63780597038567,-33.14291149377823,18.200000762939453],[151.63780161179602,-33.14290076494217,18.200000762939453],[151.63778744637966,-33.1428855098784,18.200000762939453],[151.63775433786213,-33.142893221229315,18.200000762939453],[151.63773187436163,-33.14290218986571,18.399999618530273],[151.63770337589085,-33.14288953319192,19.399999618530273],[151.6376802418381,-33.14287285320461,19.799999237060547],[151.63766263984144,-33.14285047352314,20.399999618530273],[151.63764554075897,-33.142836978659034,20.799999237060547],[151.63765056990087,-33.14283940941095,20.799999237060547],[151.63764864206314,-33.14283790066838,20.799999237060547],[151.63764160126448,-33.142832620069385,20.799999237060547],[151.6376329679042,-33.14282566308975,21],[151.63759256713092,-33.14282666891813,21.799999237060547],[151.6375846043229,-33.142831195145845,22],[151.63752576336265,-33.14283790066838,22.600000381469727],[151.63746256381273,-33.14283488318324,22.200000762939453],[151.6374640725553,-33.14283831976354,22.200000762939453],[151.63746390491724,-33.14283773303032,22],[151.63746256381273,-33.14283488318324,21.799999237060547],[151.63746256381273,-33.142834128811955,21.799999237060547],[151.63746239617467,-33.14283153042197,21.600000381469727],[151.63746180944145,-33.142831195145845,21.600000381469727],[151.6374613903463,-33.142830692231655,21.600000381469727],[151.63745644502342,-33.14282884821296,21.600000381469727],[151.6374214924872,-33.142770091071725,22.200000762939453],[151.63740682415664,-33.14273480325937,22.399999618530273],[151.63739626295865,-33.14269666559994,22.399999618530273],[151.6373955924064,-33.142680153250694,22.600000381469727],[151.6373924072832,-33.142665568739176,22.600000381469727],[151.6373934969306,-33.142637237906456,22.799999237060547],[151.63738704286516,-33.14261209219694,22.799999237060547],[151.63737782277167,-33.14257227815688,23.399999618530273],[151.63736348971725,-33.142547719180584,23.799999237060547],[151.63735904730856,-33.1425364036113,24],[151.6373467259109,-33.14250606112182,25],[151.63733867928386,-33.14248946495354,25.600000381469727],[151.6373302973807,-33.14246943220496,26.399999618530273],[151.637302050367,-33.14244059845805,27],[151.63728453218937,-33.142419224604964,27.399999618530273],[151.63726785220206,-33.14239349216223,27.600000381469727],[151.63724237121642,-33.14234705641866,28.399999618530273],[151.63724086247385,-33.1423363275826,28.799999237060547],[151.63723155856133,-33.142303470522165,29.600000381469727],[151.63722560741007,-33.14229190349579,30],[151.63722518831491,-33.14227472059429,30.600000381469727],[151.63722585886717,-33.142253598198295,31.200000762939453],[151.63722845725715,-33.142241863533854,32.20000076293945],[151.63722736760974,-33.142241863533854,32.400001525878906],[151.63722736760974,-33.14224245026708,32.599998474121094],[151.63722770288587,-33.1422430370003,32.599998474121094],[151.63722770288587,-33.1422430370003,32.599998474121094],[151.63722896017134,-33.14224177971482,32.400001525878906],[151.63722896017134,-33.14224069006741,33.400001525878906],[151.637225439772,-33.142200876027346,34.599998474121094],[151.63722258992493,-33.14216868951917,35.20000076293945],[151.63722191937268,-33.142135329544544,35.599998474121094],[151.6372291278094,-33.1420841999352,36.79999923706055],[151.63724111393094,-33.14205980859697,37.79999923706055],[151.6372449696064,-33.142058718949556,38.20000076293945],[151.6372481547296,-33.14206047914922,38.599998474121094],[151.63724957965314,-33.14206265844405,38.79999923706055],[151.6372560337186,-33.14202862791717,39],[151.63725771009922,-33.142021000385284,39.20000076293945],[151.63727648556232,-33.14198412001133,40],[151.637280927971,-33.14197724685073,40.20000076293945],[151.63728981278837,-33.14197045750916,40.599998474121094],[151.63730288855731,-33.14194958657026,41.20000076293945],[151.63730506785214,-33.14194145612419,41.400001525878906],[151.63730984553695,-33.14192653633654,42],[151.63731613196433,-33.14190876670182,42.599998474121094],[151.63733105175197,-33.14185906201601,43.599998474121094],[151.63734228350222,-33.14184229820967,44],[151.63736164569855,-33.141805585473776,44.599998474121094],[151.6373630706221,-33.14179787412286,44.79999923706055],[151.63734974339604,-33.14176141284406,45.79999923706055],[151.63738167844713,-33.14170894213021,46.599998474121094],[151.63739366456866,-33.141705924645066,46.79999923706055],[151.63744227960706,-33.14169427379966,47.599998474121094],[151.63745468482375,-33.14168203622103,47.79999923706055],[151.637460635975,-33.14167809672654,48],[151.6374727897346,-33.14167809672654,48],[151.63750916719437,-33.141669211909175,48.400001525878906],[151.6375166270882,-33.141661919653416,48.599998474121094],[151.63753615692258,-33.14164465293288,49],[151.63756323046982,-33.14160827547312,49.599998474121094],[151.6375649906695,-33.141586817801,50],[151.6375671699643,-33.141576340422034,50.400001525878906],[151.6375692654401,-33.14153895713389,51],[151.63755803368986,-33.14149218611419,52.400001525878906],[151.63755132816732,-33.14148413948715,52.599998474121094],[151.63753816857934,-33.14144114032388,53.599998474121094],[151.6375483945012,-33.14138271845877,54.599998474121094],[151.63757940754294,-33.141341395676136,55.599998474121094],[151.63760421797633,-33.14132287167013,56.599998474121094],[151.6376149468124,-33.1413175072521,56.79999923706055],[151.63762332871556,-33.141312059015036,57],[151.6376522462815,-33.14129579812288,58],[151.63768284022808,-33.14128397963941,58.599998474121094],[151.6376921441406,-33.14128062687814,59],[151.63774318993092,-33.14125271514058,60],[151.63776221685112,-33.14124190248549,60.599998474121094],[151.63775836117566,-33.14123544842005,60.599998474121094],[151.63775836117566,-33.14123544842005,60.599998474121094],[151.63775785826147,-33.14123511314392,61],[151.63775727152824,-33.14123502932489,61],[151.63776364177465,-33.14120083115995,61],[151.63776883855462,-33.14116923138499,60.79999923706055],[151.63777453824878,-33.14112279564142,60.79999923706055],[151.63778468035161,-33.14106713980436,60.599998474121094],[151.63780689239502,-33.1410082988441,60.20000076293945],[151.63782223127782,-33.140948452055454,60],[151.6378308646381,-33.140907967463136,60],[151.63784352131188,-33.14084954559803,59.79999923706055],[151.6378482989967,-33.140835631638765,59.79999923706055],[151.63787730038166,-33.140739826485515,59.79999923706055],[151.63787855766714,-33.140727588906884,59.79999923706055],[151.63789280690253,-33.14067939296365,59.79999923706055],[151.63789473474026,-33.140671011060476,59.79999923706055],[151.6378964111209,-33.1406316999346,59.79999923706055],[151.6378977522254,-33.140617702156305,59.599998474121094],[151.63792566396296,-33.14057537354529,59.599998474121094],[151.63793471641839,-33.14056866802275,59.599998474121094],[151.63795097731054,-33.14054821617901,59.79999923706055],[151.6379741113633,-33.14050110988319,59.79999923706055],[151.6380254086107,-33.14035803079605,60],[151.63808207027614,-33.14023934304714,60.20000076293945],[151.63810897618532,-33.14013356342912,60.79999923706055],[151.63810880854726,-33.14003708772361,61],[151.6381218843162,-33.140004985034466,61.20000076293945],[151.6381379775703,-33.13992225565016,61.599998474121094],[151.63813831284642,-33.1398013047874,62],[151.63813353516161,-33.13976182602346,62],[151.63812959566712,-33.13970122486353,62],[151.6381223872304,-33.13967079855502,62.20000076293945],[151.6381041985005,-33.13955521211028,62.400001525878906],[151.638097576797,-33.13942772336304,63],[151.63809950463474,-33.13939863815904,63.20000076293945],[151.63809522986412,-33.13931020908058,63.79999923706055],[151.6380782984197,-33.13925706781447,64.19999694824219],[151.6380629595369,-33.13915631733835,64.80000305175781],[151.63804871030152,-33.13901625573635,65],[151.63801761344075,-33.13891718164086,64.5999984741211],[151.63798349909484,-33.13883847557008,64],[151.63795885629952,-33.13879061490297,63.20000076293945],[151.63793153129518,-33.138744765892625,62.599998474121094],[151.63789942860603,-33.13869648613036,62.20000076293945],[151.63789490237832,-33.13868240453303,62],[151.63789238780737,-33.13867620192468,61.400001525878906],[151.63787830621004,-33.13865885138512,61],[151.63783731870353,-33.13859045505524,60.400001525878906],[151.6378078982234,-33.138551311567426,60],[151.6377928107977,-33.138491213321686,59.20000076293945],[151.63777361623943,-33.13845676369965,58.79999923706055],[151.63774478249252,-33.13840739428997,58.20000076293945],[151.6377412620932,-33.138394486159086,58],[151.6376765538007,-33.138306476175785,58],[151.63764964789152,-33.138272697106004,57.79999923706055],[151.63764134980738,-33.138216538354754,57.400001525878906],[151.6376123484224,-33.13813422806561,57.599998474121094],[151.63760455325246,-33.13811520114541,57.599998474121094],[151.637592734769,-33.13808586448431,57.79999923706055],[151.6375761386007,-33.13803976401687,57.79999923706055],[151.63755593821406,-33.13799416646361,58],[151.6374799143523,-33.13788997940719,58.20000076293945],[151.63742191158235,-33.137785121798515,58.79999923706055],[151.6374022141099,-33.137762155383825,59],[151.6373324766755,-33.13766433857381,59.79999923706055],[151.63731663487852,-33.13763810321689,60],[151.63726097904146,-33.137563252821565,60.599998474121094],[151.63724111393094,-33.137527042999864,60.79999923706055],[151.63720574229956,-33.137476751580834,61.599998474121094],[151.6371757350862,-33.137424532324076,61.79999923706055],[151.6371562052518,-33.137413719668984,62],[151.63705461658537,-33.13732277601957,63],[151.6369951888919,-33.13726594671607,63.20000076293945],[151.63696769624949,-33.13723912462592,63.20000076293945],[151.63687138818204,-33.13713954761624,63.79999923706055],[151.63682562299073,-33.13710618764162,64.19999694824219],[151.63681807927787,-33.137094620615244,64.19999694824219],[151.63679083809257,-33.13705245964229,64.80000305175781],[151.63676996715367,-33.13702161423862,65.4000015258789],[151.63672897964716,-33.13695237971842,66.19999694824219],[151.63671313785017,-33.13693335279822,66.4000015258789],[151.63669805042446,-33.136890856549144,66.80000305175781],[151.63669352419674,-33.13687157817185,67],[151.63666544482112,-33.13683293759823,67.5999984741211],[151.63664859719574,-33.13681642524898,68],[151.63659604266286,-33.136775605380535,68.5999984741211],[151.63654952310026,-33.136738892644644,69],[151.63641876541078,-33.13664493151009,69.5999984741211],[151.6363302525133,-33.136589191854,70.19999694824219],[151.63627149537206,-33.13655683770776,70.80000305175781],[151.63622329942882,-33.13652515411377,71.19999694824219],[151.63620033301413,-33.13650855794549,71.4000015258789],[151.63616898469627,-33.13647327013314,71.80000305175781],[151.63615431636572,-33.13644745387137,72],[151.6361362952739,-33.136425241827965,72.4000015258789],[151.63609195500612,-33.13639556989074,73],[151.63600780069828,-33.136340752243996,74],[151.6359893605113,-33.136326000094414,74.19999694824219],[151.63598701357841,-33.13632340170443,74.4000015258789],[151.63595491088927,-33.136297669261694,74.5999984741211],[151.63591618649662,-33.13625332899392,75],[151.6359063796699,-33.13623983412981,75],[151.6358371451497,-33.13617780804634,75.4000015258789],[151.63576564751565,-33.13610413111746,76],[151.63573832251132,-33.13608384691179,76],[151.63569909520447,-33.13603699207306,76.19999694824219],[151.63564243353903,-33.13597924076021,76.4000015258789],[151.6356288548559,-33.1359623093158,76.5999984741211],[151.63556288927794,-33.13584353774786,76.80000305175781],[151.63553338497877,-33.13581629656255,77.19999694824219],[151.63545509800315,-33.13571169041097,77.80000305175781],[151.6354518290609,-33.13570071011782,78],[151.63543640635908,-33.135670283809304,78.19999694824219],[151.6354312095791,-33.13566290773451,78.19999694824219],[151.63541754707694,-33.13564958050847,78.5999984741211],[151.63539449684322,-33.13563189469278,79.19999694824219],[151.6353854443878,-33.13562594354153,79.4000015258789],[151.6353711951524,-33.13561940565705,79.5999984741211],[151.63533423095942,-33.13558118417859,80.4000015258789],[151.63530162535608,-33.135555032640696,80.80000305175781],[151.6352863702923,-33.13554011285305,81.19999694824219],[151.63527346216142,-33.13552116975188,81.5999984741211],[151.6352343186736,-33.135472889989614,82.5999984741211],[151.63519316352904,-33.135434836149216,83.19999694824219],[151.6351697780192,-33.135418239980936,83.80000305175781],[151.63513591513038,-33.135383035987616,84.5999984741211],[151.6351240966469,-33.135376665741205,84.80000305175781],[151.63511345162988,-33.13536761328578,85],[151.63505628705025,-33.13529963605106,85.80000305175781],[151.63504648022354,-33.13528957776725,85.80000305175781],[151.6350204963237,-33.135257977992296,86.19999694824219],[151.63499929010868,-33.13522889278829,87],[151.63494505919516,-33.13518203794956,88],[151.6348880622536,-33.135147923603654,89],[151.63486149162054,-33.13513451255858,89.19999694824219],[151.6348000522703,-33.135048346593976,90],[151.63478697650135,-33.13503971323371,90.19999694824219],[151.63477373309433,-33.1350177526474,90.5999984741211],[151.63475638255477,-33.13498363830149,91],[151.63475261069834,-33.13496729359031,91],[151.63475370034575,-33.134949523955584,91.19999694824219],[151.63473408669233,-33.134846426546574,91.5999984741211],[151.63469611667097,-33.134766798466444,91.5999984741211],[151.63465269841254,-33.134677447378635,92],[151.634630151093,-33.13465381041169,91.80000305175781],[151.63460324518383,-33.13463998027146,91.80000305175781],[151.63458346389234,-33.13462799414992,91.5999984741211],[151.63457315415144,-33.13459740020335,91.5999984741211],[151.6345751658082,-33.13459270633757,91.80000305175781],[151.63457575254142,-33.13457451760769,91.80000305175781],[151.63457608781755,-33.13456680625677,91.80000305175781],[151.63457617163658,-33.1345668900758,91.80000305175781],[151.63457617163658,-33.1345668900758,91.80000305175781],[151.63458991795778,-33.13453554175794,91.80000305175781],[151.63460919633508,-33.134510815143585,91.5999984741211],[151.63462277501822,-33.13449002802372,91.4000015258789],[151.63463786244392,-33.13446806743741,91.19999694824219],[151.6346785146743,-33.134444346651435,91],[151.63478722795844,-33.134392127394676,90],[151.634860066697,-33.134364215657115,89.19999694824219],[151.6348740644753,-33.1343565043062,89],[151.63490113802254,-33.13435038551688,88.80000305175781],[151.63495369255543,-33.134297244250774,88.4000015258789],[151.6350395232439,-33.13420278020203,88.19999694824219],[151.6350704524666,-33.134157098829746,88],[151.63508696481586,-33.134139496833086,88],[151.63510247133672,-33.13412642106414,88],[151.6351098474115,-33.134119966998696,87.80000305175781],[151.63518738001585,-33.134074956178665,87.5999984741211],[151.63521680049598,-33.13407562673092,87.80000305175781],[151.63535133004189,-33.134055845439434,88.4000015258789],[151.63542257621884,-33.13402784988284,89],[151.63545157760382,-33.1340142711997,89.19999694824219],[151.63548175245523,-33.134003123268485,89.4000015258789],[151.63553657010198,-33.13399516046047,90.19999694824219],[151.6355463769287,-33.13399013131857,90.19999694824219],[151.63561083376408,-33.13397504389286,90.80000305175781],[151.63565408438444,-33.13393095508218,91.19999694824219],[151.6356574371457,-33.13391427509487,91.5999984741211],[151.63566280156374,-33.133894661441445,91.80000305175781],[151.63569197058678,-33.13386063091457,92.4000015258789],[151.63570513017476,-33.13386398367584,92.5999984741211],[151.63570705801249,-33.133866246789694,92.80000305175781],[151.63570798002183,-33.13388116657734,93],[151.6357142664492,-33.13391553238034,93],[151.63579833693802,-33.13389725983143,92.80000305175781],[151.63569155149162,-33.13385719433427,92.80000305175781],[151.63566070608795,-33.133840933442116,92.4000015258789],[151.63565333001316,-33.13382559455931,92.5999984741211],[151.6356402542442,-33.1337777338922,92.5999984741211],[151.63566950708628,-33.133739260956645,92.5999984741211],[151.6356645617634,-33.13368804752827,92.4000015258789],[151.6356669086963,-33.13367497175932,92.4000015258789],[151.63566078990698,-33.133652759715915,92.4000015258789],[151.63565986789763,-33.133607832714915,92.4000015258789],[151.63565877825022,-33.13359031453729,92.4000015258789],[151.6356655675918,-33.13351336866617,92.4000015258789],[151.63567076437175,-33.13348554074764,92.4000015258789],[151.6356727760285,-33.133370373398066,92.19999694824219],[151.63567738607526,-33.133294600993395,92],[151.63568501360714,-33.13328521326184,92.19999694824219],[151.63571175187826,-33.13327431678772,93],[151.63572122342885,-33.133280016481876,93],[151.6357570141554,-33.133302899077535,93],[151.63571418263018,-33.133280938491225,92.80000305175781],[151.63573790341616,-33.1332943495363,92.80000305175781],[151.6357203014195,-33.133287224918604,93],[151.63575181737542,-33.13321631401777,93.4000015258789],[151.6357757896185,-33.13315789215267,93.4000015258789],[151.63578249514103,-33.13315361738205,93.4000015258789],[151.6357887815684,-33.133136266842484,93.4000015258789],[151.63579305633903,-33.13312570564449,93.19999694824219],[151.63581325672567,-33.13311078585684,93.19999694824219],[151.6358337085694,-33.13311849720776,92.4000015258789],[151.63585105910897,-33.133112294599414,92.4000015258789],[151.63585206493735,-33.13311371952295,92.5999984741211],[151.6358532384038,-33.13311388716102,92.4000015258789],[151.63584921509027,-33.13311791047454,93.4000015258789],[151.63584695197642,-33.13311891630292,93.4000015258789],[151.6358429286629,-33.13311950303614,93.4000015258789],[151.63583798334002,-33.1331199221313,93.4000015258789],[151.63576053455472,-33.13316912390292,93.80000305175781],[151.63570278324187,-33.13319435343146,92.80000305175781],[151.63570647127926,-33.13319678418338,92.80000305175781],[151.63570647127926,-33.13319678418338,92.5999984741211],[151.63570647127926,-33.13319678418338,92.5999984741211],[151.63571435026824,-33.13320139423013,92.5999984741211],[151.63571435026824,-33.133201813325286,92.5999984741211],[151.63568241521716,-33.13317323103547,92.19999694824219],[151.6356595326215,-33.133156383410096,92],[151.63561150431633,-33.133129980415106,91.19999694824219],[151.63560496643186,-33.13311799429357,91],[151.63555559702218,-33.133054208010435,90.4000015258789],[151.63554704748094,-33.13302814029157,90.19999694824219],[151.6354872006923,-33.132969718426466,89.19999694824219],[151.63547546602786,-33.13294826075435,89],[151.63546021096408,-33.13290098682046,88.4000015258789],[151.6354459617287,-33.13284834846854,88],[151.6354296170175,-33.13281984999776,87.4000015258789],[151.63542760536075,-33.132772743701935,87],[151.63542567752302,-33.132762433961034,86.80000305175781],[151.6353822592646,-33.132656989619136,86.19999694824219],[151.63536700420082,-33.13262639567256,85.5999984741211],[151.63533322513103,-33.1325657106936,84.5999984741211],[151.6352448798716,-33.13242648728192,83.5999984741211],[151.6352467238903,-33.132398910820484,83.4000015258789],[151.63523750379682,-33.1322995852679,83],[151.63521780632436,-33.132205959409475,82.5999984741211],[151.6351729631424,-33.13212507404387,82.4000015258789],[151.6351674310863,-33.13210587948561,82.19999694824219],[151.63510909304023,-33.1320112477988,81.4000015258789],[151.63510917685926,-33.132000267505646,81.19999694824219],[151.63510305806994,-33.13199012540281,81.19999694824219],[151.63506659679115,-33.13194712623954,81],[151.63502569310367,-33.13189926557243,80.19999694824219],[151.63500289432704,-33.13185257837176,79.19999694824219],[151.63499627262354,-33.13184017315507,79],[151.63495184853673,-33.13175233080983,78.4000015258789],[151.63493257015944,-33.131692903116345,78],[151.63490465842187,-33.131603971123695,77.80000305175781],[151.6348875593394,-33.13154839910567,77.80000305175781],[151.63489937782288,-33.13150690868497,77.5999984741211],[151.6348967794329,-33.13149475492537,77.80000305175781],[151.6348928399384,-33.13140347599983,77.80000305175781],[151.63488605059683,-33.13135905191302,78],[151.63488521240652,-33.13135695643723,78.19999694824219],[151.634883871302,-33.13135645352304,78.19999694824219],[151.63492368534207,-33.13132124952972,78.19999694824219],[151.63501110859215,-33.131244387477636,78],[151.6350736375898,-33.13120013102889,78],[151.63508847355843,-33.13118353486061,77.80000305175781],[151.63509744219482,-33.13117699697614,77.5999984741211],[151.635132310912,-33.13114715740085,77.19999694824219],[151.63514739833772,-33.13112737610936,77],[151.63518914021552,-33.13110038638115,75.80000305175781],[151.63519182242453,-33.131071804091334,75.19999694824219],[151.63519500754774,-33.131055710837245,74.5999984741211],[151.63520615547895,-33.13103542663157,74],[151.63521294482052,-33.13102972693741,73.5999984741211],[151.6352131124586,-33.13096669502556,72.5999984741211],[151.6352187283337,-33.1309596542269,72.4000015258789],[151.6352361626923,-33.130924701690674,71.4000015258789],[151.6352570336312,-33.13091514632106,70.80000305175781],[151.63527882657945,-33.13090156763792,70.4000015258789],[151.63531336002052,-33.13087030313909,69.19999694824219],[151.63539332337677,-33.130833841860294,68.19999694824219],[151.63541394285858,-33.13082235865295,68],[151.63544260896742,-33.13080324791372,67],[151.6354858595878,-33.13077173195779,66],[151.6355337202549,-33.13074474222958,64.80000305175781],[151.63554620929062,-33.13074365258217,64.5999984741211],[151.63555526174605,-33.13074625097215,64.4000015258789],[151.63559063337743,-33.13076234422624,64],[151.63560857065022,-33.13078187406063,63.79999923706055],[151.6356164496392,-33.13078782521188,63.599998474121094],[151.63566196337342,-33.130869548767805,63],[151.6356632206589,-33.130987817421556,62.79999923706055],[151.63566062226892,-33.13100139610469,62.79999923706055],[151.63567151874304,-33.13112645410001,62.400001525878906],[151.63569842465222,-33.13117825426161,62.20000076293945],[151.63572466000915,-33.131208680570126,62.20000076293945],[151.63578517735004,-33.131283363327384,62.400001525878906],[151.63586555980146,-33.13135754317045,62.79999923706055],[151.6359111573547,-33.13140423037112,63.599998474121094],[151.6359192878008,-33.131415378302336,63.79999923706055],[151.63593219593167,-33.13143842853606,64],[151.63594066165388,-33.13144396059215,64.4000015258789],[151.63595197722316,-33.13144798390567,64.80000305175781],[151.63595457561314,-33.13145133666694,64.80000305175781],[151.63596278987825,-33.13145611435175,65],[151.63605247624218,-33.13148151151836,65.80000305175781],[151.63606798276305,-33.131485702469945,65.80000305175781],[151.6361851617694,-33.13151705078781,66],[151.63631265051663,-33.131516464054585,65.4000015258789],[151.63637777790427,-33.13150221481919,64.80000305175781],[151.63640040904284,-33.13149341382086,64.5999984741211],[151.63644324056804,-33.13148679211736,63.599998474121094],[151.636480120942,-33.13148017041385,63],[151.63651641458273,-33.1314723752439,62.400001525878906],[151.63658757694066,-33.131462736055255,61.20000076293945],[151.63660107180476,-33.1314604729414,61],[151.63666586391628,-33.13144152984023,60.20000076293945],[151.63672612980008,-33.13143867999315,59.599998474121094],[151.63677390664816,-33.131437841802835,59.20000076293945],[151.63688069209456,-33.131427112966776,58.400001525878906],[151.6369304805994,-33.13141663558781,58.20000076293945],[151.63696283474565,-33.131415881216526,58.20000076293945],[151.63711538538337,-33.13141839578748,57.599998474121094],[151.6371966060251,-33.131420742720366,57.400001525878906],[151.63724295794964,-33.131417725235224,57],[151.637257123366,-33.13141864724457,57],[151.637325854972,-33.13141202554107,56.79999923706055],[151.6373380087316,-33.13140917569399,56.79999923706055],[151.63738469593227,-33.131404565647244,56.599998474121094],[151.6374913137406,-33.13140322454274,56.599998474121094],[151.6376424394548,-33.1314017996192,56.400001525878906],[151.63772483356297,-33.131411857903004,56],[151.63782063871622,-33.131391908973455,55.400001525878906],[151.63793681189418,-33.13138729892671,55],[151.63796078413725,-33.13139450736344,54.79999923706055],[151.63801652379334,-33.13140104524791,54.599998474121094],[151.63805114105344,-33.13140045851469,54.599998474121094],[151.63806991651654,-33.13140397891402,54.400001525878906],[151.63814610801637,-33.13141990453005,53.79999923706055],[151.63817225955427,-33.13141764141619,53.599998474121094],[151.63820385932922,-33.13141169026494,53.400001525878906],[151.6382254846394,-33.13141202554107,53.400001525878906],[151.63823864422739,-33.13141277991235,53.400001525878906],[151.63829438388348,-33.131416384130716,53.20000076293945],[151.63847459480166,-33.13141688704491,52.79999923706055],[151.6384921129793,-33.1314205750823,52.79999923706055],[151.63860141299665,-33.13143398612738,52.20000076293945],[151.6386160813272,-33.131431974470615,52],[151.6387022472918,-33.13143750652671,51.79999923706055],[151.6387572325766,-33.13143851235509,51.599998474121094],[151.63884197361767,-33.13142434693873,50.599998474121094],[151.638877177611,-33.13142183236778,50.400001525878906],[151.63895999081433,-33.13141546212137,50],[151.63902260363102,-33.13141135498881,49.599998474121094],[151.63920222781599,-33.131409008055925,48.79999923706055],[151.63927456364036,-33.13140238635242,48.599998474121094],[151.63928462192416,-33.13140272162855,48.599998474121094],[151.6393251903355,-33.13139945268631,48.400001525878906],[151.63948905654252,-33.1313946750015,48],[151.6395040601492,-33.13139216043055,48],[151.63957446813583,-33.13138813711703,47.599998474121094],[151.63959751836956,-33.13138470053673,47.599998474121094],[151.63966826163232,-33.13136282376945,47.20000076293945],[151.6398191358894,-33.13130230642855,46.79999923706055],[151.63994955830276,-33.13125050626695,46.400001525878906],[151.63998710922897,-33.13123072497547,46],[151.64006321690977,-33.13118797726929,45.400001525878906],[151.64012239314616,-33.13116786070168,45.20000076293945],[151.64018869400024,-33.131141709163785,44.400001525878906],[151.64024745114148,-33.13111463561654,43.599998474121094],[151.64025105535984,-33.13111555762589,43.79999923706055],[151.6402480378747,-33.131109438836575,43.599998474121094],[151.64024862460792,-33.13110784627497,43.400001525878906],[151.6402472835034,-33.13110826537013,43.400001525878906],[151.64024661295116,-33.13110885210335,43.400001525878906],[151.64029036648571,-33.13105512410402,43],[151.64030344225466,-33.13102369196713,42.599998474121094],[151.64031232707202,-33.13099301420152,42.20000076293945],[151.64031718857586,-33.13092939555645,41.400001525878906],[151.64031484164298,-33.13090064562857,41],[151.64031970314682,-33.130801068618894,40],[151.6403225529939,-33.130788495764136,40],[151.640320206061,-33.1306557264179,39.20000076293945],[151.640322804451,-33.13062781468034,39],[151.64032079279423,-33.13049932010472,38],[151.64032515138388,-33.13047409057617,37.79999923706055],[151.64034493267536,-33.130418099462986,37.79999923706055],[151.6403500456363,-33.13039588741958,37.79999923706055],[151.64035130292177,-33.13033411279321,37.400001525878906],[151.64035356603563,-33.130322797223926,37.20000076293945],[151.64034987799823,-33.13028055243194,36.79999923706055],[151.64032221771777,-33.130200169980526,35.79999923706055],[151.64031685329974,-33.130187932401896,35.79999923706055],[151.64032012224197,-33.130076033994555,34.599998474121094],[151.64032104425132,-33.13004409894347,34.599998474121094],[151.6403188649565,-33.129944521933794,33.79999923706055],[151.64030134677887,-33.129880987107754,33.599998474121094],[151.64029816165566,-33.129866402596235,33.20000076293945],[151.6402837447822,-33.12981083057821,32.400001525878906],[151.64027494378388,-33.12976657412946,32.20000076293945],[151.64025817997754,-33.12970396131277,31.399999618530273],[151.640254156664,-33.12964084558189,30.600000381469727],[151.64024636149406,-33.12961737625301,30.399999618530273],[151.64019824936986,-33.129507740959525,29.200000762939453],[151.64016019552946,-33.129385616630316,28.200000762939453],[151.6401576809585,-33.129371954128146,27.799999237060547],[151.64018835872412,-33.12928662635386,27.200000762939453],[151.6402342915535,-33.129254188388586,27],[151.64029740728438,-33.12919962219894,26.399999618530273],[151.64034652523696,-33.129150504246354,26],[151.64040192961693,-33.12909786589444,25.200000762939453],[151.640420621261,-33.12907640822232,24.799999237060547],[151.64049924351275,-33.128979010507464,24],[151.64050578139722,-33.12896895222366,23.799999237060547],[151.6405514627695,-33.12889904715121,22.799999237060547],[151.6405680589378,-33.12888069078326,22.399999618530273],[151.6406092979014,-33.128827633336186,21.600000381469727],[151.64064777083695,-33.12876929529011,20.399999618530273],[151.640666378662,-33.128735683858395,20],[151.64068532176316,-33.12870140187442,19.399999618530273],[151.6407319251448,-33.128625797107816,18.399999618530273],[151.64074089378119,-33.12861246988177,18.200000762939453],[151.64076092652977,-33.128511384129524,17.200000762939453],[151.640743073076,-33.12847584486008,17.200000762939453],[151.64071566425264,-33.12841147184372,16.399999618530273],[151.64070610888302,-33.12838305719197,16],[151.64069395512342,-33.12833871692419,15.399999618530273],[151.64069454185665,-33.12828633002937,14.800000190734863],[151.64069663733244,-33.12826143577695,14.600000381469727],[151.64071164093912,-33.12816755846143,14.199999809265137],[151.6407073661685,-33.12814165838063,13.800000190734863],[151.6407147422433,-33.128076111897826,13],[151.64071507751942,-33.1280517205596,12.800000190734863],[151.64070200175047,-33.12797519378364,12.199999809265137],[151.64068154990673,-33.12789942137897,11.800000190734863],[151.6406539734453,-33.12785047106445,11.399999618530273],[151.64061482995749,-33.12775952741504,10.800000190734863],[151.64059597067535,-33.127689538523555,10.199999809265137],[151.6405704896897,-33.127636313438416,9.600000381469727],[151.6405170969665,-33.12754972837865,9],[151.64045146666467,-33.127490216866136,8.600000381469727],[151.64044710807502,-33.12747864983976,8.199999809265137],[151.64046890102327,-33.12742349691689,7.599999904632568],[151.64047912694514,-33.12741947360337,7.400000095367432],[151.6405506245792,-33.12740254215896,7.400000095367432],[151.6406658757478,-33.127346970140934,7],[151.6407036781311,-33.12731738202274,6.400000095367432],[151.64073402062058,-33.12729927711189,6.199999809265137],[151.64085145108402,-33.127253176644444,5.599999904632568],[151.6408838890493,-33.12724873423576,5.400000095367432],[151.64105018600821,-33.12725158408284,5.199999809265137],[151.64116040803492,-33.12729198485613,5],[151.64125981740654,-33.1274298671633,4.800000190734863],[151.64130005054176,-33.12751737423241,4.800000190734863],[151.641361489892,-33.12761108390987,4.800000190734863],[151.64138772524893,-33.1277285143733,5],[151.64143541827798,-33.12784845940769,4.800000190734863],[151.64142787456512,-33.12791199423373,5],[151.6414225101471,-33.12792959623039,5.199999809265137],[151.64142929948866,-33.12793546356261,5.199999809265137],[151.64149694144726,-33.12801324762404,5.199999809265137],[151.64155879989266,-33.1280963961035,5],[151.64156357757747,-33.12810461036861,5],[151.64161294698715,-33.12819354236126,4.599999904632568],[151.6416656691581,-33.12829094007611,4.400000095367432],[151.6416870430112,-33.12832740135491,4.199999809265137],[151.64175929501653,-33.12843728810549,4.199999809265137],[151.64180606603622,-33.128492357209325,4],[151.64182031527162,-33.12850593589246,4],[151.64189684204757,-33.12858103774488,4.199999809265137],[151.6419537551701,-33.128682374954224,4],[151.6419643163681,-33.128692265599966,4],[151.64200957864523,-33.12875144183636,4],[151.6420314554125,-33.12877030111849,4],[151.64204746484756,-33.12877801246941,4],[151.64219833910465,-33.128852024674416,4],[151.64231618866324,-33.128860825672746,3.799999952316284],[151.64244409650564,-33.12885956838727,3.5999999046325684],[151.64251869544387,-33.128814892843366,3.4000000953674316],[151.64253126829863,-33.12871095724404,3.200000047683716],[151.6425114031881,-33.128612050786614,3.200000047683716],[151.6425261553377,-33.128499733284116,3],[151.64256982505322,-33.12839915044606,3.4000000953674316],[151.64264517836273,-33.12834944576025,3.799999952316284],[151.64265766739845,-33.12834366224706,3.799999952316284],[151.64268021471798,-33.12832555733621,4.199999809265137],[151.64268826134503,-33.128306698054075,4.400000095367432],[151.64268943481147,-33.12830150127411,4.599999904632568],[151.64270603097975,-33.12828599475324,5],[151.64274123497307,-33.12826830893755,5.599999904632568],[151.6427714098245,-33.128252383321524,6],[151.64278976619244,-33.12824006192386,6.199999809265137],[151.64280678145587,-33.12821935862303,6.800000190734863],[151.64281432516873,-33.12821567058563,7],[151.64284802041948,-33.12818725593388,7.599999904632568],[151.64285556413233,-33.128180131316185,8],[151.6428930312395,-33.12816085293889,8.399999618530273],[151.64294173009694,-33.12813201919198,9],[151.64299143478274,-33.1281225476414,9.600000381469727],[151.64308665320277,-33.128118105232716,10],[151.64314121939242,-33.12809941358864,10.199999809265137],[151.6432566381991,-33.12803814187646,11],[151.64327097125351,-33.12803319655359,11.199999809265137],[151.64335755631328,-33.128000339493155,12.199999809265137],[151.6433959454298,-33.127998830750585,12.399999618530273],[151.64349677972496,-33.12796915881336,13.399999618530273],[151.64351203478873,-33.12796597369015,13.399999618530273],[151.6435880586505,-33.12795675359666,14.399999618530273],[151.6435992065817,-33.12795365229249,14.600000381469727],[151.64365528151393,-33.12793018296361,15.199999809265137],[151.64369551464915,-33.12791643664241,15.600000381469727],[151.64377329871058,-33.127881567925215,16.200000762939453],[151.6438158787787,-33.127834629267454,16.600000381469727],[151.64386969059706,-33.12779422849417,17.399999618530273],[151.64388922043145,-33.127799006178975,17.399999618530273],[151.64389215409756,-33.127800431102514,17.600000381469727],[151.64389592595398,-33.12780319713056,17.799999237060547],[151.6439247597009,-33.127827337011695,18],[151.64398418739438,-33.12791953794658,16.399999618530273],[151.6439934913069,-33.12792632728815,16.399999618530273],[151.64402316324413,-33.127943594008684,16.200000762939453],[151.6440682578832,-33.12797284685075,16],[151.64410891011357,-33.12798801809549,15.600000381469727],[151.64412098005414,-33.12798986211419,15.399999618530273],[151.64416464976966,-33.128000339493155,15.399999618530273],[151.64420639164746,-33.128017438575625,15.399999618530273],[151.6442192159593,-33.12802590429783,15.399999618530273],[151.64425467140973,-33.12804794870317,15.399999618530273],[151.6443193797022,-33.128101006150246,15],[151.6443565953523,-33.128123888745904,14.600000381469727],[151.64436967112124,-33.12812908552587,14.399999618530273],[151.64442180655897,-33.12815297394991,14.199999809265137],[151.64446430280805,-33.128149285912514,13.800000190734863],[151.64451291784644,-33.12812313437462,13.800000190734863],[151.64466412737966,-33.12805976718664,14.800000190734863],[151.6447316017002,-33.12807871028781,15.199999809265137],[151.64475322701037,-33.128091702237725,15.199999809265137],[151.64478071965277,-33.12810578383505,15],[151.644823634997,-33.128114584833384,14.800000190734863],[151.64493687450886,-33.128092121332884,14.800000190734863],[151.64507903158665,-33.12808181159198,15],[151.6451785247773,-33.12805389985442,15.399999618530273],[151.6452708095312,-33.128027664497495,15.600000381469727],[151.64540751837194,-33.127978295087814,16],[151.64551489055157,-33.12796052545309,16.399999618530273],[151.6456304769963,-33.12797410413623,15.600000381469727],[151.64574866183102,-33.12792683020234,14.800000190734863],[151.6457581333816,-33.12791937030852,14.800000190734863],[151.6458152141422,-33.1278839148581,14.800000190734863],[151.64583457633853,-33.12786949798465,14.800000190734863],[151.64587606675923,-33.127847872674465,14.600000381469727],[151.64589911699295,-33.127839071676135,14.399999618530273],[151.64596617221832,-33.127792216837406,13.800000190734863],[151.6459722071886,-33.12778274528682,13.800000190734863],[151.64602048695087,-33.127694902941585,14.199999809265137],[151.64608645252883,-33.127575712278485,15],[151.6461146157235,-33.12752969563007,15.199999809265137],[151.64614696986973,-33.1274695135653,15.399999618530273],[151.64616490714252,-33.127430537715554,15.399999618530273],[151.64618292823434,-33.127392902970314,15.399999618530273],[151.64618460461497,-33.12736893072724,15.600000381469727],[151.64614655077457,-33.127249237149954,16.399999618530273],[151.64609542116523,-33.12717279419303,17.600000381469727],[151.64607781916857,-33.12711990438402,18.399999618530273],[151.64607304148376,-33.12710816971958,18.600000381469727],[151.64606885053217,-33.1270981952548,18.600000381469727],[151.64604915305972,-33.12703994102776,19.399999618530273],[151.64603540673852,-33.127002557739615,19.600000381469727],[151.6460290364921,-33.12699216417968,19.600000381469727],[151.64600900374353,-33.12694204039872,20.200000762939453],[151.64599291048944,-33.126890659332275,20.600000381469727],[151.64598905481398,-33.12686752527952,21],[151.6459737997502,-33.12682293355465,21.600000381469727],[151.64596860297024,-33.12676057219505,22.200000762939453],[151.64596013724804,-33.126725032925606,22.799999237060547],[151.6459632385522,-33.12663107179105,23.799999237060547],[151.64596784859896,-33.12660441733897,24],[151.6459708660841,-33.126545241102576,25],[151.64596491493285,-33.1264800298959,25.600000381469727],[151.64595996960998,-33.126438623294234,26],[151.6459473129362,-33.12634323723614,27],[151.64593406952918,-33.12624894082546,28.200000762939453],[151.64593960158527,-33.12619051896036,28.600000381469727],[151.6459507495165,-33.126149363815784,29.200000762939453],[151.64597572758794,-33.12608800828457,29.799999237060547],[151.64598796516657,-33.12601282261312,30.200000762939453],[151.64598871953785,-33.125982731580734,30.600000381469727],[151.64599031209946,-33.125931434333324,31.399999618530273],[151.64597371593118,-33.12590084038675,31.799999237060547],[151.64592979475856,-33.125870833173394,32.400001525878906],[151.64587321691215,-33.125853817909956,33.20000076293945],[151.64582694880664,-33.125835210084915,33.599998474121094],[151.64575511589646,-33.12578014098108,34.20000076293945],[151.64574639871716,-33.1257566716522,34.599998474121094],[151.64573835209012,-33.12563446350396,35.599998474121094],[151.64573784917593,-33.12553455121815,36.400001525878906],[151.6457700356841,-33.125486858189106,36.599998474121094],[151.6457975283265,-33.12545760534704,37],[151.64586667902768,-33.125394992530346,37.599998474121094],[151.64588805288076,-33.125375881791115,37.599998474121094],[151.64589735679328,-33.125366158783436,37.599998474121094],[151.64598159492016,-33.125246884301305,38.599998474121094],[151.64602342061698,-33.12516314908862,39.400001525878906],[151.64608100429177,-33.12504580244422,39.79999923706055],[151.6461127717048,-33.1249381788075,40.400001525878906],[151.6460903082043,-33.12486399896443,40.79999923706055],[151.6460794955492,-33.12481521628797,40.400001525878906],[151.6460375022143,-33.12472418881953,39.79999923706055],[151.64603708311915,-33.124703485518694,40],[151.64604471065104,-33.12468613497913,40.20000076293945],[151.6460530925542,-33.12467884272337,41],[151.64605342783034,-33.12468118965626,41.20000076293945],[151.64600078947842,-33.12462704256177,40],[151.6459383442998,-33.124576499685645,40],[151.64592451415956,-33.12456409446895,40.20000076293945],[151.64591227658093,-33.124552527442575,40.20000076293945],[151.6458450537175,-33.1245047505945,40.20000076293945],[151.64571178145707,-33.12440919689834,40.400001525878906],[151.64564673788846,-33.1242954544723,40.400001525878906],[151.64564045146108,-33.12428346835077,40.599998474121094],[151.64558270014822,-33.12413544394076,40.79999923706055],[151.64558135904372,-33.1239553168416,40.79999923706055],[151.64560524746776,-33.12383503653109,41],[151.6456119529903,-33.12382439151406,41],[151.64567473344505,-33.12371039763093,41],[151.64568747393787,-33.1236326135695,41.400001525878906],[151.64567800238729,-33.12362037599087,41.599998474121094],[151.64566794410348,-33.123611994087696,41.79999923706055],[151.64558932185173,-33.12351576983929,41.79999923706055],[151.6455805208534,-33.12350437045097,41.79999923706055],[151.6455408744514,-33.123402865603566,41.599998474121094],[151.64556551724672,-33.12337813898921,41.400001525878906],[151.64558119140565,-33.123354418203235,40.79999923706055],[151.6456027328968,-33.12330010347068,39.79999923706055],[151.64559829048812,-33.12325827777386,39.400001525878906],[151.64557767100632,-33.12318032607436,39],[151.645568870008,-33.12311570160091,38.79999923706055],[151.64557641372085,-33.1230953335762,38.20000076293945],[151.64559183642268,-33.12308401800692,37.599998474121094],[151.64561295881867,-33.123070523142815,36.599998474121094],[151.64562762714922,-33.123052921146154,35.599998474121094],[151.64562796242535,-33.12304914928973,35.400001525878906],[151.64561689831316,-33.123018220067024,34.400001525878906],[151.6456093546003,-33.12298687174916,33.599998474121094],[151.6455995477736,-33.122939094901085,33.400001525878906],[151.64559016004205,-33.122902885079384,33.20000076293945],[151.64558571763337,-33.122880002483726,33.20000076293945],[151.64557901211083,-33.12286642380059,33.20000076293945],[151.64554204791784,-33.122773971408606,33.20000076293945],[151.64549846202135,-33.12271161004901,33],[151.64545060135424,-33.12266509048641,33.20000076293945],[151.64537399075925,-33.122589234262705,33],[151.64533853530884,-33.1225083488971,32.599998474121094],[151.64528304710984,-33.12244229950011,32.79999923706055],[151.64525379426777,-33.122340962290764,32.400001525878906],[151.64517902769148,-33.122274996712804,32.400001525878906],[151.64512244984508,-33.12222017906606,32.400001525878906],[151.6451159119606,-33.12219469808042,32.20000076293945],[151.64510115981102,-33.122158320620656,32.20000076293945],[151.6450982261449,-33.122149938717484,32.20000076293945],[151.64509143680334,-33.122140131890774,32.20000076293945],[151.64506050758064,-33.1220543012023,31.799999237060547],[151.64506285451353,-33.12203720211983,31.200000762939453],[151.64506796747446,-33.122001411393285,30.799999237060547],[151.6450765170157,-33.12195556238294,30.399999618530273],[151.6450770199299,-33.121945671737194,30.200000762939453],[151.64508624002337,-33.121926728636026,29.799999237060547],[151.64509462192655,-33.12189077027142,29.200000762939453],[151.64510501548648,-33.12184886075556,28.799999237060547],[151.6451534628868,-33.12178180553019,28.200000762939453],[151.64515681564808,-33.121779626235366,28.200000762939453],[151.6451787762344,-33.12179245054722,28],[151.64520660415292,-33.12182128429413,27.799999237060547],[151.64525798521936,-33.121887501329184,27],[151.64529042318463,-33.12191943638027,26.600000381469727],[151.64532830938697,-33.121948605403304,26],[151.64539704099298,-33.122007278725505,25.399999618530273],[151.64540827274323,-33.122017001733184,25.200000762939453],[151.6454377770424,-33.12204256653786,25],[151.64550223387778,-33.122098222374916,24.200000762939453],[151.6455142199993,-33.122119596228,24],[151.64561295881867,-33.12222395092249,23],[151.64562528021634,-33.122232500463724,22.600000381469727],[151.64570096880198,-33.12228639610112,22],[151.6457240190357,-33.12230466865003,21.600000381469727],[151.64578026160598,-33.12234699726105,20.799999237060547],[151.6458141244948,-33.122376166284084,20.399999618530273],[151.64587497711182,-33.12242981046438,19.799999237060547],[151.64593951776624,-33.12246006913483,19.200000762939453],[151.64601218886673,-33.12245939858258,18.600000381469727],[151.64609818719327,-33.12244028784335,17.799999237060547],[151.64614303037524,-33.12243995256722,17.600000381469727],[151.6462420206517,-33.12242126092315,17],[151.6463268455118,-33.12239401973784,16.799999237060547],[151.64636841975152,-33.12238245271146,16.600000381469727],[151.64641384966671,-33.122370801866055,16.399999618530273],[151.6465459484607,-33.12232218682766,16],[151.64655609056354,-33.12231439165771,16],[151.64662582799792,-33.12223099172115,15.600000381469727],[151.64663814939559,-33.12220525927842,15.600000381469727],[151.64670864120126,-33.12209855765104,14.600000381469727],[151.64671358652413,-33.12208556570113,14.600000381469727],[151.64671425707638,-33.12208514660597,15],[151.6467161849141,-33.12206905335188,14.399999618530273],[151.646718531847,-33.12204156070948,14.399999618530273],[151.6467368043959,-33.12198548577726,14.199999809265137],[151.6467600222677,-33.121912479400635,13.800000190734863],[151.64676806889474,-33.12188180163503,13.399999618530273],[151.64679271169007,-33.121815249323845,12.399999618530273],[151.64684032090008,-33.121741907671094,11.600000381469727],[151.6468411590904,-33.1217244733125,11.199999809265137],[151.64686219766736,-33.121675439178944,10.800000190734863],[151.64687217213213,-33.121645683422685,10.199999809265137],[151.64687753655016,-33.12162070535123,10],[151.64690452627838,-33.121544010937214,9.800000190734863],[151.6469177696854,-33.12153747305274,10],[151.6469685640186,-33.12147435732186,10],[151.6469899378717,-33.12144284136593,9.800000190734863],[151.64702706970274,-33.12137084081769,9.600000381469727],[151.6470470186323,-33.12132742255926,9.199999809265137],[151.64707342162728,-33.12128475867212,8.800000190734863],[151.64712170138955,-33.12115827575326,8.399999618530273],[151.647146679461,-33.12108954414725,8],[151.6471445839852,-33.12106448225677,8],[151.6471609286964,-33.120965491980314,7.800000190734863],[151.64716310799122,-33.12088619917631,8],[151.64717006497085,-33.12085275538266,7.800000190734863],[151.64717559702694,-33.120732475072145,7.599999904632568],[151.64716587401927,-33.120629377663136,7],[151.6471569892019,-33.12057053670287,6],[151.64715573191643,-33.12055788002908,5.800000190734863],[151.64713737554848,-33.12048822641373,5.599999904632568],[151.6471299994737,-33.12042192555964,5.599999904632568],[151.64713595062494,-33.12032142654061,5.400000095367432],[151.6471331845969,-33.12022025696933,5.400000095367432],[151.64711222983897,-33.12016401439905,5.599999904632568],[151.6471030935645,-33.12013367190957,5.599999904632568],[151.64703981019557,-33.120020516216755,5.800000190734863],[151.64699220098555,-33.119924794882536,5.800000190734863],[151.64698977023363,-33.119913982227445,5.800000190734863],[151.6469780355692,-33.11981406994164,6.199999809265137],[151.6469754371792,-33.11980283819139,5.800000190734863],[151.64696755819023,-33.11976830475032,5.400000095367432],[151.64696152321994,-33.11973963864148,5.400000095367432],[151.6469598468393,-33.119738632813096,5.400000095367432],[151.64694283157587,-33.11972958035767,5.599999904632568],[151.64683487266302,-33.119662860408425,7],[151.64682883769274,-33.11965104192495,7.199999809265137],[151.64681827649474,-33.119584238156676,7.800000190734863],[151.64681785739958,-33.11956353485584,8],[151.6468168515712,-33.1195502076298,8.199999809265137],[151.64681668393314,-33.11953755095601,8.399999618530273],[151.6468168515712,-33.11947787180543,9.199999809265137],[151.64680964313447,-33.119412660598755,9.800000190734863],[151.64680696092546,-33.11939681880176,10],[151.64680411107838,-33.119382318109274,10.199999809265137],[151.64679313078523,-33.119290955364704,11.199999809265137],[151.64680411107838,-33.119240244850516,12],[151.64680293761194,-33.11919657513499,12.399999618530273],[151.6468076314777,-33.11912658624351,12.800000190734863],[151.64680478163064,-33.11906103976071,13.399999618530273],[151.6467777080834,-33.11896448023617,14],[151.646768739447,-33.11895274557173,14.199999809265137],[151.646731775254,-33.118918631225824,14.399999618530273],[151.64662901312113,-33.11884109862149,15.399999618530273],[151.6466025263071,-33.1188247539103,15.600000381469727],[151.6465171147138,-33.118764236569405,16.200000762939453],[151.64647210389376,-33.11872551217675,16.600000381469727],[151.64639197289944,-33.118660636246204,17],[151.64633195847273,-33.118598107248545,17.799999237060547],[151.64632122963667,-33.118576565757394,18],[151.64632969535887,-33.11853683553636,18],[151.6463548410684,-33.11843072064221,18.200000762939453],[151.6463742032647,-33.11840104870498,18.399999618530273],[151.64638627320528,-33.118380680680275,18.399999618530273],[151.6464375704527,-33.11834715306759,18.600000381469727],[151.64644955657423,-33.118339609354734,18.799999237060547],[151.6464870236814,-33.118287893012166,19.200000762939453],[151.64653077721596,-33.11822896823287,19.799999237060547],[151.64657880552113,-33.11817959882319,20.399999618530273],[151.646625995636,-33.11810592189431,21],[151.64665767922997,-33.118058731779456,21.200000762939453],[151.646744934842,-33.11791615560651,21.799999237060547],[151.64679380133748,-33.11782630160451,22],[151.64680025540292,-33.11781590804458,22],[151.64681676775217,-33.11778170987964,22],[151.64684015326202,-33.11767525970936,22.200000762939453],[151.6468670591712,-33.11756428331137,22.200000762939453],[151.6468720883131,-33.11741231940687,22.399999618530273],[151.64686672389507,-33.117318442091346,22.399999618530273],[151.64684887044132,-33.117245100438595,22.399999618530273],[151.6468168515712,-33.117060950025916,22.399999618530273],[151.64680293761194,-33.11700546182692,22.600000381469727],[151.64676169864833,-33.11688828282058,22.600000381469727],[151.6467082221061,-33.11677227728069,22.399999618530273],[151.64659808389843,-33.11664327979088,22.200000762939453],[151.6464996803552,-33.116555605083704,22],[151.64638518355787,-33.11647329479456,21.799999237060547],[151.64626247249544,-33.11638964340091,21.600000381469727],[151.6460768133402,-33.11628964729607,21.399999618530273],[151.6459373384714,-33.11622912995517,21.200000762939453],[151.6457647550851,-33.116164254024625,21.200000762939453],[151.64560097269714,-33.116089068353176,21.200000762939453],[151.6455897409469,-33.11608420684934,21.200000762939453],[151.6455268766731,-33.116050930693746,21],[151.64548153057694,-33.116001393646,20.799999237060547],[151.6453939396888,-33.11588262207806,20.799999237060547],[151.64528271183372,-33.11574230901897,19.799999237060547],[151.64516787976027,-33.115600906312466,19.200000762939453],[151.6451154090464,-33.11554525047541,18.799999237060547],[151.64508305490017,-33.11550493352115,18.200000762939453],[151.6450675483793,-33.11545682139695,17.799999237060547],[151.6450485214591,-33.11538800597191,16.799999237060547],[151.64500979706645,-33.11527904123068,16],[151.64500636048615,-33.11521659605205,15.800000190734863],[151.6450120601803,-33.11516613699496,15.600000381469727],[151.6450136527419,-33.1151416618377,15.600000381469727],[151.64502304047346,-33.11502356082201,16],[151.6450395528227,-33.11488375067711,16.600000381469727],[151.64504592306912,-33.11485215090215,17],[151.64505078457296,-33.114801524206996,17.600000381469727],[151.6450543049723,-33.11478216201067,17.799999237060547],[151.64505765773356,-33.11476078815758,18],[151.64506738074124,-33.11466582119465,18.799999237060547],[151.64506662636995,-33.114652493968606,19],[151.64506671018898,-33.11462575569749,19.200000762939453],[151.6450911015272,-33.11453288421035,20.200000762939453],[151.64509680122137,-33.11452031135559,20.399999618530273],[151.64509671740234,-33.11442727223039,21.399999618530273],[151.64509797468781,-33.11440153978765,21.799999237060547],[151.64510048925877,-33.11433758586645,22.399999618530273],[151.64510551840067,-33.11428519897163,23],[151.64510543458164,-33.11422258615494,23.399999618530273],[151.64509755559266,-33.114148741588,24],[151.64514373987913,-33.114053942263126,24.399999618530273],[151.64526728913188,-33.11402343213558,24.399999618530273],[151.64542017504573,-33.113967860117555,24.600000381469727],[151.64551941677928,-33.113894518464804,24.600000381469727],[151.64554162882268,-33.11385679990053,24.799999237060547],[151.64557926356792,-33.113800222054124,25],[151.6456040740013,-33.1137219350785,25],[151.6456526890397,-33.11357625760138,25.399999618530273],[151.64566677063704,-33.11347408220172,25.399999618530273],[151.64566869847476,-33.11340132728219,25.600000381469727],[151.64568185806274,-33.11328792013228,25.200000762939453],[151.64570197463036,-33.11311709694564,25.200000762939453],[151.64571563713253,-33.11307652853429,25.200000762939453],[151.64572225883603,-33.112984327599406,25],[151.64572292938828,-33.112972676754,25],[151.64573189802468,-33.1128844153136,24.399999618530273],[151.64573952555656,-33.11283932067454,24.399999618530273],[151.64578001014888,-33.112759441137314,24.200000762939453],[151.64581395685673,-33.11271518468857,23.799999237060547],[151.64582242257893,-33.11265039257705,23.399999618530273],[151.64582611061633,-33.11262549832463,23.200000762939453],[151.64584890939295,-33.11256229877472,22.399999618530273],[151.6458831075579,-33.11253656633198,21.799999237060547],[151.64596022106707,-33.11248661018908,21.200000762939453],[151.64602945558727,-33.112452663481236,21],[151.64605527184904,-33.11242056079209,20.799999237060547],[151.6460813395679,-33.1123835965991,20.600000381469727],[151.6462007816881,-33.11231033876538,20.200000762939453],[151.64622358046472,-33.11228569597006,20],[151.64625333622098,-33.11217128299177,20.200000762939453],[151.64624880999327,-33.11211604624987,20],[151.64628753438592,-33.11206382699311,19.799999237060547],[151.64630010724068,-33.111966010183096,19.200000762939453],[151.64629440754652,-33.11195159330964,19.200000762939453],[151.6462219040841,-33.11187665909529,18],[151.64620723575354,-33.11186701990664,18],[151.64616507478058,-33.111778842285275,18.200000762939453],[151.64619105868042,-33.11164221726358,18.799999237060547],[151.64623028598726,-33.111504251137376,18.399999618530273],[151.64624503813684,-33.11136578209698,17.399999618530273],[151.64620086550713,-33.111302917823195,17],[151.64616323076189,-33.11127886176109,16.799999237060547],[151.64611159823835,-33.11124885454774,16.600000381469727],[151.6460728738457,-33.11119529418647,16.399999618530273],[151.64607270620763,-33.111190935596824,16.200000762939453],[151.6460802499205,-33.11117308214307,16.200000762939453],[151.6460969299078,-33.111154306679964,15.800000190734863],[151.64613255299628,-33.111116252839565,14.800000190734863],[151.64615937508643,-33.1110954657197,14.199999809265137],[151.6461796592921,-33.11108289286494,13.800000190734863],[151.64622148498893,-33.111056070774794,12.600000381469727],[151.64624076336622,-33.11104324646294,12.399999618530273],[151.64626942947507,-33.11102698557079,12],[151.64628761820495,-33.11102413572371,11.399999618530273],[151.64629809558392,-33.11101919040084,10.399999618530273],[151.64630002342165,-33.1110161729157,10],[151.6463110037148,-33.11100175604224,8.600000381469727],[151.64631913416088,-33.1109918653965,8],[151.64631955325603,-33.11098708771169,7.599999904632568],[151.64632617495954,-33.110977951437235,6.599999904632568],[151.64633589796722,-33.11096948571503,6],[151.6463369037956,-33.11096982099116,5.599999904632568],[151.6463369037956,-33.11096982099116,5.599999904632568],[151.6463369037956,-33.11096982099116,5.599999904632568],[151.64635819382966,-33.11099630780518,5.800000190734863],[151.6463712695986,-33.11100686900318,5.800000190734863],[151.64643354713917,-33.11101290397346,5.800000190734863],[151.64640848524868,-33.110908549278975,5.800000190734863],[151.64637940004468,-33.110858257859945,5.800000190734863],[151.64637001231313,-33.11080578714609,6],[151.64635551162064,-33.11075675301254,6.199999809265137],[151.6463522426784,-33.110714592039585,6.400000095367432],[151.6463493090123,-33.11070553958416,6.400000095367432],[151.64629239588976,-33.11067293398082,7.400000095367432],[151.64628753438592,-33.11066555790603,7.599999904632568],[151.64626222103834,-33.11064502224326,8.199999809265137],[151.64622215554118,-33.11061082407832,8.600000381469727],[151.64620270952582,-33.11057662591338,8.600000381469727],[151.64617429487407,-33.11052273027599,8.199999809265137],[151.6461748816073,-33.110497668385506,8.199999809265137],[151.64623162709177,-33.11039415188134,8.399999618530273],[151.64626833982766,-33.110347632318735,8.399999618530273],[151.64629348553717,-33.11031720601022,8.199999809265137],[151.6463001910597,-33.110308991745114,8.199999809265137],[151.64637068286538,-33.11019156128168,8.600000381469727],[151.6463744547218,-33.110135989263654,8.800000190734863],[151.6463612113148,-33.11009240336716,8.800000190734863],[151.64635266177356,-33.11007170006633,8.600000381469727]]},"properties":{"name":"Caves Beach Hiking"}}]}
