{"type":"FeatureCollection","features":[{"type":"Feature","geometry":{"type":"LineString","coordinates":[[151.06938326731324,-33.56272389180958,215.8000030517578],[151.0693408548832,-33.56256597675383,216.1999969482422],[151.06933834031224,-33.562553990632296,216.1999969482422],[151.06932492926717,-33.56246371753514,216.1999969482422],[151.0692951735109,-33.56227579526603,216.39999389648438],[151.06929341331124,-33.56225794181228,216.39999389648438],[151.06928788125515,-33.56206901371479,216.60000610351562],[151.0693043936044,-33.56196826323867,216.8000030517578],[151.06930640526116,-33.561945548281074,216.8000030517578],[151.06930523179471,-33.56183742173016,216.60000610351562],[151.06931327842176,-33.56169409118593,216],[151.06929793953896,-33.56160121969879,215.8000030517578],[151.0692864563316,-33.56153341010213,216],[151.0692692734301,-33.561352947726846,216.39999389648438],[151.0692686866969,-33.561340626329184,216.39999389648438],[151.06923733837903,-33.56123115867376,216.39999389648438],[151.069221412763,-33.561108615249395,216.8000030517578],[151.069210851565,-33.56097576208413,216.60000610351562],[151.0691785812378,-33.56079655699432,216.8000030517578],[151.0691304691136,-33.56068122200668,216.8000030517578],[151.06907556764781,-33.56054970994592,216],[151.06902200728655,-33.56047259643674,216.1999969482422],[151.06897003948689,-33.56042020954192,216.8000030517578],[151.06898177415133,-33.56039481237531,216.8000030517578],[151.06900976970792,-33.560294061899185,216.60000610351562],[151.06900792568922,-33.56018350459635,216.8000030517578],[151.0690213367343,-33.560074623674154,217.1999969482422],[151.06902946718037,-33.559997929260135,217.60000610351562],[151.0690308921039,-33.55995409190655,217.8000030517578],[151.0690282098949,-33.559937831014395,217.8000030517578],[151.06902418658137,-33.55987664312124,218],[151.0690324846655,-33.55981847271323,218.39999389648438],[151.06903759762645,-33.55978268198669,218.8000030517578],[151.0690194927156,-33.5596455540508,219.60000610351562],[151.0690052434802,-33.559600207954645,220],[151.06894112192094,-33.55953608639538,220.60000610351562],[151.0688553750515,-33.55945914052427,220],[151.06884883716702,-33.559442376717925,220],[151.06881899759173,-33.55938822962344,220],[151.06878882274032,-33.559351935982704,220.1999969482422],[151.06870776973665,-33.559274235740304,220],[151.06863979250193,-33.55922855436802,219],[151.0685551352799,-33.559182956814766,218],[151.06854474171996,-33.559182956814766,217.8000030517578],[151.06848757714033,-33.55916887521744,217.60000610351562],[151.0684608388692,-33.55916594155133,217.39999389648438],[151.06832823716104,-33.55918765068054,216.8000030517578],[151.06828473508358,-33.559199552983046,216.1999969482422],[151.06823980808258,-33.55921103619039,215.39999389648438],[151.0681631974876,-33.559225369244814,214.8000030517578],[151.06806797906756,-33.559232326224446,214.8000030517578],[151.06805029325187,-33.55923048220575,214.8000030517578],[151.06803436763585,-33.55922712944448,214.8000030517578],[151.06795909814537,-33.55921975336969,214.39999389648438],[151.0678358003497,-33.55922285467386,213.60000610351562],[151.06782012619078,-33.559220591560006,213.60000610351562],[151.06778668239713,-33.55920944362879,213.39999389648438],[151.06771795079112,-33.55918446555734,213.1999969482422],[151.06759783811867,-33.55915806256235,212.39999389648438],[151.0674411803484,-33.55909653939307,212.8000030517578],[151.06742450036108,-33.55909083969891,212.60000610351562],[151.06733875349164,-33.55907432734966,212.39999389648438],[151.06731545180082,-33.55907457880676,212.39999389648438],[151.06729852035642,-33.559074494987726,212.1999969482422],[151.06716206297278,-33.55906980112195,211.8000030517578],[151.06703784316778,-33.5590794403106,212],[151.06696525588632,-33.55909863486886,212],[151.06691177934408,-33.5590966232121,212.1999969482422],[151.0667931754142,-33.55906083248556,212.60000610351562],[151.06674833223224,-33.55904767289758,212.8000030517578],[151.06671287678182,-33.55904432013631,212.8000030517578],[151.06669845990837,-33.55904180556536,212.8000030517578],[151.06662310659885,-33.559042224660516,213.39999389648438],[151.0665841307491,-33.5590308252722,213.39999389648438],[151.0664615035057,-33.55901028960943,213.39999389648438],[151.06637885794044,-33.558986987918615,213.8000030517578],[151.0663446597755,-33.558982629328966,214],[151.06631783768535,-33.55897793546319,214],[151.06625975109637,-33.55896879918873,214.39999389648438],[151.06620468199253,-33.55894759297371,214.39999389648438],[151.06608339585364,-33.558909706771374,214],[151.06607048772275,-33.5588997323066,214],[151.06602044776082,-33.55883125215769,214.1999969482422],[151.0658853314817,-33.55876193381846,214.1999969482422],[151.0657489579171,-33.55874139815569,214.60000610351562],[151.06563840061426,-33.55874148197472,215.1999969482422],[151.06559422798455,-33.558750450611115,215.1999969482422],[151.0655343811959,-33.55876503512263,215.39999389648438],[151.06549750082195,-33.55877174064517,215.60000610351562],[151.06542667374015,-33.55879026465118,216],[151.0653565172106,-33.558815997093916,216],[151.065341681242,-33.55882169678807,216],[151.06522844173014,-33.55885002762079,216.39999389648438],[151.06521285139024,-33.55885765515268,216.39999389648438],[151.06519357301295,-33.558863773941994,216.39999389648438],[151.065106485039,-33.558884309604764,216.8000030517578],[151.06509399600327,-33.55888648889959,216.8000030517578],[151.06507496908307,-33.55888648889959,216.8000030517578],[151.0650250967592,-33.55889051221311,216.8000030517578],[151.0650116018951,-33.558886824175715,216.8000030517578],[151.0649748891592,-33.55888640508056,216.8000030517578],[151.06494429521263,-33.55888590216637,216.8000030517578],[151.06493121944368,-33.55888171121478,216.8000030517578],[151.06484446674585,-33.558826642110944,217.39999389648438],[151.06482828967273,-33.558820774778724,217.60000610351562],[151.0646490007639,-33.55873511172831,217.39999389648438],[151.06455286033452,-33.558675181120634,217.39999389648438],[151.06452989391983,-33.558664955198765,217.1999969482422],[151.06441942043602,-33.55861868709326,217],[151.0643734037876,-33.558594631031156,216.60000610351562],[151.06434130109847,-33.558588931337,216.39999389648438],[151.06431565247476,-33.55858323164284,216.39999389648438],[151.0643035825342,-33.558574598282576,216.39999389648438],[151.06424189172685,-33.55853662826121,216.39999389648438],[151.06410744599998,-33.5584681481123,217],[151.06398917734623,-33.55842682532966,217],[151.06396579183638,-33.55842037126422,216.8000030517578],[151.0639019217342,-33.55841316282749,216.8000030517578],[151.0637761093676,-33.55841073207557,217],[151.0636647976935,-33.558399081230164,217],[151.06361190788448,-33.558392291888595,217],[151.06354066170752,-33.558374270796776,217.39999389648438],[151.0635228920728,-33.55836974456906,217.60000610351562],[151.06341568753123,-33.55836228467524,217.60000610351562],[151.0633083153516,-33.55836119502783,217.60000610351562],[151.06328761205077,-33.558356584981084,217.60000610351562],[151.0632139351219,-33.55835675261915,218],[151.0631275177002,-33.558354740962386,218.1999969482422],[151.06308133341372,-33.558357674628496,218],[151.0630337242037,-33.55836119502783,217.8000030517578],[151.06299072504044,-33.558364296332,217.60000610351562],[151.06290774419904,-33.558364463970065,217.39999389648438],[151.06289290823042,-33.55836521834135,217.39999389648438],[151.06281747110188,-33.558343928307295,217.39999389648438],[151.06280556879938,-33.55833973735571,217.39999389648438],[151.06275318190455,-33.558319536969066,217.60000610351562],[151.06260918080807,-33.55825583450496,217.39999389648438],[151.06246015056968,-33.55814787559211,217.39999389648438],[151.06235512532294,-33.55805475264788,217],[151.06233408674598,-33.55800806544721,216.60000610351562],[151.06231715530157,-33.55794042348862,216.1999969482422],[151.06230097822845,-33.557844031602144,215.60000610351562],[151.06229393742979,-33.55782081373036,215.39999389648438],[151.06225864961743,-33.55772559531033,216.1999969482422],[151.06223409064114,-33.55757405050099,215.8000030517578],[151.06222864240408,-33.5575595498085,215.8000030517578],[151.06220190413296,-33.55751051567495,215.39999389648438],[151.06212026439607,-33.55740314349532,214.60000610351562],[151.062072487548,-33.55733273550868,214.39999389648438],[151.06205966323614,-33.55730976909399,214.39999389648438],[151.0619921889156,-33.55717012658715,215],[151.0619681328535,-33.557116985321045,215],[151.061945669353,-33.55708253569901,214.8000030517578],[151.0618766862899,-33.55698538944125,214.8000030517578],[151.06184399686754,-33.556881453841925,214.39999389648438],[151.06178901158273,-33.55675019323826,214.1999969482422],[151.06175288558006,-33.556638127192855,214.8000030517578],[151.06175372377038,-33.55662580579519,215],[151.06175531633198,-33.556557074189186,215],[151.06176797300577,-33.556531090289354,215.1999969482422],[151.06178213842213,-33.556481217965484,215.60000610351562],[151.0617934539914,-33.55640100315213,216],[151.06179906986654,-33.55629052966833,216.1999969482422],[151.06178741902113,-33.5562439262867,216.1999969482422],[151.06177325360477,-33.556137811392546,216.39999389648438],[151.06177593581378,-33.556003868579865,216.60000610351562],[151.0617788694799,-33.55598735623062,216.60000610351562],[151.06178130023181,-33.55595097877085,216.60000610351562],[151.06179043650627,-33.555924743413925,216.8000030517578],[151.06179043650627,-33.555909069254994,216.8000030517578],[151.0617637820542,-33.55578769929707,217.39999389648438],[151.06175699271262,-33.555776635184884,217.60000610351562],[151.06172430329025,-33.55568083003163,218],[151.06167778372765,-33.555584689602256,218],[151.0616742633283,-33.555576307699084,218],[151.06164316646755,-33.55552081950009,217.60000610351562],[151.0616118181497,-33.55550095438957,217.60000610351562],[151.0615375544876,-33.555411184206605,217],[151.0614870954305,-33.55537530966103,217],[151.0614508856088,-33.55534806847572,216.8000030517578],[151.06137888506055,-33.555241199210286,217],[151.06135608628392,-33.55513986200094,217],[151.0613544099033,-33.55510658584535,217.1999969482422],[151.06134116649628,-33.55497809126973,217.60000610351562],[151.0613108240068,-33.554886393249035,218.1999969482422],[151.06126992031932,-33.554783295840025,217.60000610351562],[151.06125181540847,-33.5546516161412,217.60000610351562],[151.0613068845123,-33.55452789925039,217],[151.06132716871798,-33.55450761504471,217],[151.06136673130095,-33.55447391979396,217],[151.06142247095704,-33.554399656131864,216.60000610351562],[151.0614308528602,-33.55438741855323,216.60000610351562],[151.06149589642882,-33.55424375273287,215.8000030517578],[151.06151307933033,-33.55417259037495,215.60000610351562],[151.06152774766088,-33.55410226620734,215.39999389648438],[151.06155725196004,-33.55396061204374,215.39999389648438],[151.06160779483616,-33.553830441087484,215.1999969482422],[151.06165959499776,-33.553721979260445,215],[151.0617006663233,-33.553595999255776,215.1999969482422],[151.06172086670995,-33.55348343029618,215.60000610351562],[151.06172027997673,-33.5534150339663,215.60000610351562],[151.061718352139,-33.55338083580136,215.60000610351562],[151.06171893887222,-33.55336759239435,215.60000610351562],[151.06172237545252,-33.55325904674828,216],[151.0616440884769,-33.55314111337066,216],[151.06161751784384,-33.553035920485854,215.60000610351562],[151.06159145012498,-33.55292486026883,215.1999969482422],[151.06156923808157,-33.55281648226082,215.1999969482422],[151.06154174543917,-33.552761413156986,215],[151.06153713539243,-33.552738865837455,215],[151.061520120129,-33.55268773622811,215.1999969482422],[151.0615188628435,-33.552677258849144,215.1999969482422],[151.0614405758679,-33.55252009816468,215.1999969482422],[151.06140243820846,-33.55244088917971,215.1999969482422],[151.06139615178108,-33.55237081646919,215],[151.06137553229928,-33.55222840793431,215],[151.0613637138158,-33.552126064896584,215],[151.06136329472065,-33.552095303311944,215],[151.0613610316068,-33.55207066051662,215],[151.061340412125,-33.55201533995569,215.1999969482422],[151.06132968328893,-33.551937974989414,215.1999969482422],[151.0613238159567,-33.5519212950021,215.1999969482422],[151.06129959225655,-33.55187376961112,215],[151.06124402023852,-33.55180495418608,214.60000610351562],[151.06115299277008,-33.551712334156036,214.60000610351562],[151.06114838272333,-33.551702527329326,214.60000610351562],[151.06110244989395,-33.551619881764054,214],[151.0610309522599,-33.551553664729,213.8000030517578],[151.0609918087721,-33.55151016265154,213.60000610351562],[151.0609421879053,-33.5514794010669,213.8000030517578],[151.06085820123553,-33.551405472680926,213.8000030517578],[151.06083255261183,-33.55139398947358,213.8000030517578],[151.0607856977731,-33.551369179040194,214],[151.06071185320616,-33.55127471499145,214.1999969482422],[151.0606820974499,-33.55113750323653,214.60000610351562],[151.0606733802706,-33.55107254348695,214.8000030517578],[151.06065946631134,-33.550970032811165,214.60000610351562],[151.0606607235968,-33.55095578357577,214.60000610351562],[151.06066617183387,-33.550856625661254,214.8000030517578],[151.06066893786192,-33.55080742388964,215],[151.06066156178713,-33.550681779161096,215.39999389648438],[151.0606660041958,-33.550512632355094,215.39999389648438],[151.06067027896643,-33.55042856186628,215.60000610351562],[151.06067002750933,-33.550355387851596,215.60000610351562],[151.0606046486646,-33.5502290725708,216.1999969482422],[151.0605441313237,-33.55010686442256,216.39999389648438],[151.06053943745792,-33.55009471066296,216.39999389648438],[151.06050775386393,-33.550010807812214,216.60000610351562],[151.0604817699641,-33.549944423139095,216.39999389648438],[151.06040121987462,-33.54979162104428,216.60000610351562],[151.06037531979382,-33.5496436804533,216.39999389648438],[151.06037355959415,-33.5495157726109,216.1999969482422],[151.06035922653973,-33.549420554190874,215.60000610351562],[151.06033726595342,-33.54936330579221,215.60000610351562],[151.06033768504858,-33.5493172891438,215.60000610351562],[151.060330895707,-33.54925568215549,215.60000610351562],[151.0603435523808,-33.54914093390107,215.60000610351562],[151.06039107777178,-33.54899659752846,216.1999969482422],[151.06040390208364,-33.54885435663164,216],[151.0604416206479,-33.54870490729809,216.1999969482422],[151.06049962341785,-33.548583034425974,216.39999389648438],[151.06053549796343,-33.54852804914117,216.39999389648438],[151.06057883240283,-33.54846317321062,216.39999389648438],[151.06060774996877,-33.548423778265715,216.39999389648438],[151.06063365004957,-33.54839670471847,216.60000610351562],[151.06066751293838,-33.548338785767555,216.60000610351562],[151.06070229783654,-33.54827709496021,216.60000610351562],[151.0607558581978,-33.54818992316723,217.1999969482422],[151.06085820123553,-33.54811490513384,217.39999389648438],[151.06087974272668,-33.548096884042025,217.60000610351562],[151.0609685909003,-33.54803217574954,217.8000030517578],[151.0609830915928,-33.54802496731281,217.8000030517578],[151.06099708937109,-33.54801708832383,217.8000030517578],[151.06115056201816,-33.547921953722835,217.8000030517578],[151.06127520091832,-33.547829166054726,218.1999969482422],[151.06136840768158,-33.54776454158127,218],[151.06147041544318,-33.54765532538295,218],[151.0615478642285,-33.54760805144906,217.8000030517578],[151.06156395748258,-33.54760059155524,217.8000030517578],[151.06165666133165,-33.54756128042936,217.1999969482422],[151.0617481917143,-33.54754543863237,216.8000030517578],[151.06179043650627,-33.54753512889147,216.60000610351562],[151.0618626885116,-33.54753579944372,216.1999969482422],[151.06190870516002,-33.547542337328196,215.8000030517578],[151.0619216132909,-33.54754451662302,215.8000030517578],[151.06193066574633,-33.54755088686943,215.60000610351562],[151.06195656582713,-33.547567734494805,215.60000610351562],[151.06198674067855,-33.547589192166924,215.1999969482422],[151.06211129575968,-33.54764652438462,214.60000610351562],[151.062165023759,-33.54766429401934,214.39999389648438],[151.06223274953663,-33.54768818244338,213.8000030517578],[151.06226820498705,-33.547697737812996,213.1999969482422],[151.06233794242144,-33.547709388658404,212.1999969482422],[151.0623557958752,-33.54770955629647,212],[151.06237105093896,-33.547708382830024,211.8000030517578],[151.062445146963,-33.54769983328879,211.60000610351562],[151.0625439696014,-33.547680554911494,211.39999389648438],[151.06272493489087,-33.54760696180165,211],[151.0628717020154,-33.5475109051913,211],[151.0629647411406,-33.5474437661469,211.1999969482422],[151.06299399398267,-33.54742323048413,211.1999969482422],[151.06303707696497,-33.547404957935214,211.1999969482422],[151.06309994123876,-33.54738811030984,211.1999969482422],[151.06318795122206,-33.54735248722136,211.1999969482422],[151.0632292740047,-33.54732893407345,211.1999969482422],[151.0633651446551,-33.547279397025704,211],[151.0635694116354,-33.5472260043025,211.60000610351562],[151.06371986679733,-33.54717864654958,212],[151.06376085430384,-33.547160709276795,211.8000030517578],[151.06383754871786,-33.54713791050017,211.8000030517578],[151.06399630196393,-33.54709499515593,211.39999389648438],[151.06413619592786,-33.547098096460104,211.1999969482422],[151.06427332386374,-33.54713246226311,212],[151.06429050676525,-33.54713656939566,212.39999389648438],[151.0644029919058,-33.54716716334224,213],[151.06441992335021,-33.54716909117997,213],[151.06452285312116,-33.54717889800668,213],[151.06456140987575,-33.54717805981636,213.1999969482422],[151.06467355974019,-33.54718878865242,213.39999389648438],[151.06477833352983,-33.54720630683005,213.1999969482422],[151.06492828577757,-33.54725089855492,213.39999389648438],[151.06499668210745,-33.54727168567479,213.60000610351562],[151.0650473088026,-33.547286689281464,213.60000610351562],[151.06515367515385,-33.54730856604874,213.39999389648438],[151.06520304456353,-33.54731376282871,213.39999389648438],[151.0652777273208,-33.54732516221702,213.1999969482422],[151.06540286913514,-33.547393810003996,213.60000610351562],[151.06545777060091,-33.547413339838386,214.1999969482422],[151.06550227850676,-33.54742423631251,214.1999969482422],[151.06551862321794,-33.54742440395057,214.1999969482422],[151.0655735246837,-33.547431360930204,214.39999389648438],[151.06562540866435,-33.54744862765074,214.60000610351562],[151.06564912945032,-33.54746698401868,215],[151.0656767897308,-33.54748207144439,215.1999969482422],[151.0657819826156,-33.54751844890416,215.60000610351562],[151.06581307947636,-33.54752314276993,215.8000030517578],[151.06589639559388,-33.54754677973688,216.1999969482422],[151.06595523655415,-33.54756178334355,217.1999969482422],[151.06607392430305,-33.54759195819497,218.1999969482422],[151.0660856589675,-33.54759874753654,218.1999969482422],[151.06614131480455,-33.54761199094355,218.60000610351562],[151.06620417907834,-33.547633197158575,219.39999389648438],[151.0663351882249,-33.547610649839044,220.1999969482422],[151.06639528647065,-33.54759338311851,220.39999389648438],[151.06645530089736,-33.5475801397115,220.8000030517578],[151.0665986314416,-33.547546695917845,221.1999969482422],[151.06662520207465,-33.54754015803337,221.39999389648438],[151.0667043272406,-33.547534039244056,221.60000610351562],[151.06684078462422,-33.54752440005541,222.60000610351562],[151.06687649153173,-33.547514425590634,222.8000030517578],[151.06699073687196,-33.54744686745107,223.1999969482422],[151.06706969439983,-33.54740034788847,223.60000610351562],[151.06711043044925,-33.547376124188304,223.8000030517578],[151.06729525141418,-33.54733890853822,224.60000610351562],[151.0673146136105,-33.54733438231051,224.60000610351562],[151.06740907765925,-33.54729540646076,225.1999969482422],[151.0674628894776,-33.54721678420901,225.39999389648438],[151.06748091056943,-33.54719256050885,225.60000610351562],[151.0675204731524,-33.54708317667246,226.39999389648438],[151.0675291903317,-33.54706163518131,226.60000610351562],[151.06755525805056,-33.54698007926345,226.60000610351562],[151.067619882524,-33.54681696742773,226.8000030517578],[151.06766388751566,-33.54673096910119,227],[151.0676758736372,-33.5467027220875,227.1999969482422],[151.0677279252559,-33.54663801379502,227],[151.0677427612245,-33.54661010205746,226.8000030517578],[151.06782934628427,-33.546459982171655,226.1999969482422],[151.06788273900747,-33.54635772295296,225.60000610351562],[151.06789514422417,-33.54632914066315,225.39999389648438],[151.06790168210864,-33.546304665505886,225.1999969482422],[151.06788718141615,-33.546245908364654,224.60000610351562],[151.0678844153881,-33.5462312400341,224.39999389648438],[151.06788190081716,-33.54618706740439,224],[151.06788114644587,-33.54613970965147,223.60000610351562],[151.06788005679846,-33.54612361639738,223.39999389648438],[151.06787016615272,-33.54604189284146,223],[151.06786471791565,-33.545976681634784,222.1999969482422],[151.06787762604654,-33.54590769857168,222],[151.06787955388427,-33.54588020592928,222],[151.06787519529462,-33.54581172578037,222],[151.06786916032434,-33.54569806717336,222],[151.06785499490798,-33.54561005719006,222.60000610351562],[151.06782683171332,-33.545495392754674,223.1999969482422],[151.06782264076173,-33.545481814071536,223.1999969482422],[151.06781970709562,-33.545467564836144,223.1999969482422],[151.06780872680247,-33.54540780186653,223.60000610351562],[151.06777746230364,-33.54532163590193,223.60000610351562],[151.06776882894337,-33.545297496020794,223.60000610351562],[151.06776832602918,-33.54528768919408,223.60000610351562],[151.0677654761821,-33.545232620090246,224],[151.06775600463152,-33.545203786343336,224.1999969482422],[151.06774527579546,-33.54515064507723,224.60000610351562],[151.06774678453803,-33.54514008387923,224.8000030517578],[151.06777461245656,-33.545053247362375,225.1999969482422],[151.06779254972935,-33.54501569643617,225.8000030517578],[151.06783010065556,-33.54491620324552,225.8000030517578],[151.06785021722317,-33.54485266841948,226.39999389648438],[151.0678759496659,-33.544786451384425,226.8000030517578],[151.0678844153881,-33.5447462182492,226.8000030517578],[151.06790805235505,-33.544614873826504,226.60000610351562],[151.06796806678176,-33.54452133178711,226.8000030517578],[151.06807594187558,-33.54443524964154,226.8000030517578],[151.0680868383497,-33.54442544281483,226.8000030517578],[151.06819127686322,-33.5443558730185,226.8000030517578],[151.0683048516512,-33.544297786429524,225.8000030517578],[151.0683627706021,-33.54427691549063,225.60000610351562],[151.06840803287923,-33.54426912032068,225.39999389648438],[151.0684499423951,-33.5442575532943,225.39999389648438],[151.0685191769153,-33.54423307813704,224.8000030517578],[151.0685622598976,-33.544210363179445,224.60000610351562],[151.06858673505485,-33.54419996961951,224.39999389648438],[151.0686080250889,-33.544187815859914,224.1999969482422],[151.06862126849592,-33.54417507536709,224],[151.06868823990226,-33.54410307481885,223.1999969482422],[151.06870123185217,-33.544096536934376,223],[151.06875009834766,-33.54407390579581,223],[151.06879209168255,-33.54406384751201,222.60000610351562],[151.06881799176335,-33.544050017371774,222.60000610351562],[151.0688839573413,-33.544022273272276,222.1999969482422],[151.06896073557436,-33.54398430325091,222],[151.06904346495867,-33.54393434710801,221.8000030517578],[151.06908168643713,-33.543902076780796,221.39999389648438],[151.0691302176565,-33.54387056082487,221.1999969482422],[151.06919324956834,-33.54382806457579,220.8000030517578],[151.06927203945816,-33.54376461356878,220.60000610351562],[151.06933976523578,-33.54371935129166,220],[151.06939466670156,-33.54368129745126,219.8000030517578],[151.06951142661273,-33.54361290112138,219.60000610351562],[151.0696167871356,-33.54353729635477,219.8000030517578],[151.06970940716565,-33.5434530582279,219.39999389648438],[151.0697814077139,-33.5434253141284,219],[151.06982985511422,-33.543406622484326,218.8000030517578],[151.06985709629953,-33.54339321143925,219],[151.0699468664825,-33.54333244264126,219],[151.07007284648716,-33.54330419562757,219.1999969482422],[151.07018457725644,-33.543264381587505,218.60000610351562],[151.07023604214191,-33.54323051869869,218],[151.07028532773256,-33.54318626224995,217.1999969482422],[151.07032388448715,-33.54312423616648,217],[151.07033176347613,-33.54309833608568,217],[151.07034659944475,-33.543022060766816,216.1999969482422],[151.0703477729112,-33.54300010018051,215.8000030517578],[151.07034341432154,-33.54294662363827,215],[151.07034659944475,-33.542920388281345,214.8000030517578],[151.07034710235894,-33.54290974326432,214.60000610351562],[151.07034165412188,-33.542897421866655,214.39999389648438],[151.0703073721379,-33.54282885789871,214],[151.07028113678098,-33.542715199291706,213.60000610351562],[151.0702906921506,-33.542607156559825,213.8000030517578],[151.0702899377793,-33.542593996971846,213.60000610351562],[151.0702904406935,-33.5425325576216,213.60000610351562],[151.07028432190418,-33.542496263980865,213.8000030517578],[151.07026361860335,-33.54242560453713,213.60000610351562],[151.0702647920698,-33.54237522929907,213.1999969482422],[151.07029513455927,-33.542272886261344,212.60000610351562],[151.07030083425343,-33.54222536087036,212.60000610351562],[151.07031013816595,-33.54219661094248,212.60000610351562],[151.07031432911754,-33.54218336753547,212.60000610351562],[151.07032564468682,-33.54212813079357,212.1999969482422],[151.0703372117132,-33.54201061651111,212],[151.07034634798765,-33.5419368557632,212.1999969482422],[151.07034768909216,-33.54186552576721,212],[151.07035825029016,-33.5418176651001,211.8000030517578],[151.07041591778398,-33.54170702397823,212],[151.07047668658197,-33.54158179834485,212.39999389648438],[151.07049613259733,-33.54148448444903,212.8000030517578],[151.07053745537996,-33.54136370122433,213.1999969482422],[151.07056695967913,-33.54124652221799,213.60000610351562],[151.07057525776327,-33.541209558025,213.8000030517578],[151.07057995162904,-33.54118240065873,214],[151.07058280147612,-33.54113680310547,214.1999969482422],[151.07058263383806,-33.541109059005976,214.1999969482422],[151.07059721834958,-33.54102658107877,214.60000610351562],[151.07060476206243,-33.54099741205573,214.60000610351562],[151.07060668990016,-33.54088836349547,214.39999389648438],[151.07057659886777,-33.54072684422135,214.8000030517578],[151.07057701796293,-33.540620896965265,215],[151.07062906958163,-33.54053523391485,215.39999389648438],[151.07074834406376,-33.54042283259332,215.1999969482422],[151.07075488194823,-33.540412271395326,215.1999969482422],[151.07077139429748,-33.540395591408014,215.39999389648438],[151.07079721055925,-33.5403894726187,215.39999389648438],[151.07092486694455,-33.54034060612321,215],[151.0710201691836,-33.54028821922839,213.39999389648438],[151.07112368568778,-33.54021940380335,212.60000610351562],[151.0711644217372,-33.540195766836405,212.39999389648438],[151.07123600319028,-33.540163580328226,211.39999389648438],[151.07125251553953,-33.54015410877764,211.1999969482422],[151.07134790159762,-33.540119491517544,210.39999389648438],[151.07137564569712,-33.54011001996696,210.1999969482422],[151.0714009590447,-33.540102979168296,210],[151.07148402370512,-33.54007892310619,209.8000030517578],[151.07159608975053,-33.540048161521554,210.1999969482422],[151.07162819243968,-33.54002838023007,209.39999389648438],[151.0716628935188,-33.54002167470753,209],[151.07167965732515,-33.54001438245177,209],[151.07169650495052,-33.540004743263125,208.8000030517578],[151.07184427790344,-33.53996006771922,208.39999389648438],[151.07195374555886,-33.53991220705211,208.39999389648438],[151.07206874527037,-33.53987557813525,208.60000610351562],[151.0722128301859,-33.53981187567115,209],[151.07226655818522,-33.539787735790014,209],[151.0723497904837,-33.53975722566247,209],[151.07241567224264,-33.53973132558167,209.1999969482422],[151.0724927019328,-33.53969410993159,210],[151.07250720262527,-33.5396867338568,210],[151.07262538746,-33.539610374718904,209.8000030517578],[151.07277223840356,-33.53952907025814,209.60000610351562],[151.0727858170867,-33.53951985016465,209.60000610351562],[151.07288455590606,-33.5394620988518,209.8000030517578],[151.07298731803894,-33.53936143219471,210],[151.07300299219787,-33.539254730567336,209.60000610351562],[151.07301673851907,-33.5391787905246,209],[151.07302009128034,-33.53916412219405,209],[151.0730578098446,-33.53907912969589,208],[151.07306870631874,-33.539065551012754,207.8000030517578],[151.0731357615441,-33.53897259570658,207.60000610351562],[151.07317465357482,-33.53891534730792,208.39999389648438],[151.07320189476013,-33.538877964019775,208.60000610351562],[151.07320927083492,-33.538872012868524,208.60000610351562],[151.07325562275946,-33.538792468607426,208.60000610351562],[151.0733249410987,-33.538680067285895,208.1999969482422],[151.0734060779214,-33.538549644872546,207.8000030517578],[151.07342577539384,-33.5384726151824,207.39999389648438],[151.07341730967164,-33.5384155344218,207.39999389648438],[151.0734026413411,-33.53835241869092,207.8000030517578],[151.07339878566563,-33.538335068151355,207.8000030517578],[151.07341839931905,-33.53826834820211,208],[151.0734248533845,-33.538248650729656,208.1999969482422],[151.0734396893531,-33.538199700415134,208.60000610351562],[151.0734515916556,-33.538140607997775,209],[151.073449999094,-33.538124933838844,209.1999969482422],[151.07344983145595,-33.538085371255875,209.60000610351562],[151.07345561496913,-33.53800850920379,210],[151.07345620170236,-33.537974478676915,210],[151.073484364897,-33.537866435945034,210.39999389648438],[151.07349274680018,-33.53783944621682,210.60000610351562],[151.0735033918172,-33.537814132869244,211],[151.07353624887764,-33.53776476345956,211.39999389648438],[151.0735868755728,-33.53769318200648,211.60000610351562],[151.07360229827464,-33.53766895830631,211.60000610351562],[151.07368351891637,-33.53758773766458,212],[151.07370229437947,-33.53757072240114,212],[151.07377731241286,-33.53752722032368,213],[151.0738138575107,-33.53750081732869,213.1999969482422],[151.07389348559082,-33.53743929415941,213.39999389648438],[151.07397621497512,-33.53735648095608,213.8000030517578],[151.0740612912923,-33.537282636389136,214.39999389648438],[151.07407461851835,-33.5372724942863,214.39999389648438],[151.07413220219314,-33.537241565063596,215.39999389648438],[151.074200514704,-33.537187334150076,215.39999389648438],[151.07427528128028,-33.537097312510014,215.1999969482422],[151.07436689548194,-33.537046099081635,215],[151.07453914359212,-33.537010475993156,214.8000030517578],[151.07460879720747,-33.53699941188097,215],[151.07462958432734,-33.536984995007515,215],[151.07466663233936,-33.53691894561052,216],[151.0746813006699,-33.536872090771794,216.60000610351562],[151.07467618770897,-33.53684208355844,217.1999969482422],[151.0746712423861,-33.53683311492205,217.60000610351562],[151.07464643195271,-33.53678206913173,218.60000610351562],[151.07463167980313,-33.536728508770466,219.39999389648438],[151.07462321408093,-33.53670319542289,219.60000610351562],[151.07461089268327,-33.53666170500219,220],[151.07462413609028,-33.5365990921855,220.8000030517578],[151.07466663233936,-33.536553494632244,221.1999969482422],[151.0747331008315,-33.53648191317916,221.39999389648438],[151.07475858181715,-33.53644913993776,221.60000610351562],[151.07476905919611,-33.53643983602524,221.8000030517578],[151.0748179256916,-33.53637831285596,222.39999389648438],[151.07483779080212,-33.536353250965476,222.8000030517578],[151.07490241527557,-33.53629080578685,223.1999969482422],[151.07493242248893,-33.53627320379019,223],[151.07500534504652,-33.53624638170004,222.8000030517578],[151.0750776808709,-33.536197263747454,222.8000030517578],[151.0750927682966,-33.53619080968201,223],[151.07510718517005,-33.536186534911394,223],[151.07516820542514,-33.53612626902759,223],[151.07523140497506,-33.536066422238946,223],[151.07523743994534,-33.536050748080015,223],[151.07526493258774,-33.53599534370005,223.1999969482422],[151.0752621665597,-33.535942202433944,223.1999969482422],[151.0752114560455,-33.53587791323662,222],[151.07519720681012,-33.53585360571742,221.60000610351562],[151.07518865726888,-33.53581848554313,220.8000030517578],[151.07516929507256,-33.535785377025604,220.60000610351562],[151.07516326010227,-33.535774648189545,220.39999389648438],[151.0752013977617,-33.535705748945475,219.60000610351562],[151.0752183292061,-33.535699965432286,219.39999389648438],[151.07532871887088,-33.535648584365845,219.39999389648438],[151.0753403697163,-33.53563860990107,219.39999389648438],[151.07540105469525,-33.53560885414481,219.1999969482422],[151.07556433416903,-33.53553417138755,219],[151.07566609047353,-33.535451693460345,219],[151.0757794138044,-33.535360833629966,218.39999389648438],[151.0758594609797,-33.535294365137815,218.1999969482422],[151.0759680904448,-33.53524222970009,218.1999969482422],[151.076098093763,-33.53520384058356,217.60000610351562],[151.07619213871658,-33.53513049893081,217.8000030517578],[151.07632189057767,-33.53507459163666,217.60000610351562],[151.07641744427383,-33.53498230688274,217.60000610351562],[151.0764567553997,-33.534896140918136,217.39999389648438],[151.07646195217967,-33.53488893248141,217.39999389648438],[151.07646773569286,-33.534881388768554,217.1999969482422],[151.07653646729887,-33.534823805093765,216.39999389648438],[151.07656328938901,-33.534800838679075,216.1999969482422],[151.0766568314284,-33.534734370186925,216.60000610351562],[151.07678423635662,-33.53474040515721,216.60000610351562],[151.07693309895694,-33.53473135270178,215.8000030517578],[151.07693980447948,-33.534723557531834,216],[151.07698456384242,-33.53463135659695,216.1999969482422],[151.07699026353657,-33.534570168703794,215.8000030517578],[151.0769932810217,-33.53455172851682,215.39999389648438],[151.07699336484075,-33.53454275988042,215.39999389648438],[151.07700350694358,-33.534507639706135,214.60000610351562],[151.07700711116195,-33.5344972461462,214.1999969482422],[151.07702320441604,-33.53445500135422,213.1999969482422],[151.0770355258137,-33.53441024199128,212.39999389648438],[151.0770376212895,-33.534397166222334,212.1999969482422],[151.0770566482097,-33.53429339826107,211.1999969482422],[151.0770719870925,-33.534268671646714,211],[151.07709269039333,-33.53424562141299,210.8000030517578],[151.07712890021503,-33.5342210624367,210.60000610351562],[151.07714482583106,-33.53421628475189,210.60000610351562],[151.07724130153656,-33.534196335822344,210],[151.077279439196,-33.53417647071183,209.8000030517578],[151.07734833844006,-33.534144535660744,209.60000610351562],[151.07736677862704,-33.53414227254689,209.60000610351562],[151.07740877196193,-33.534138752147555,209.1999969482422],[151.07743056491017,-33.534125592559576,208.8000030517578],[151.07743970118463,-33.5341227427125,208.60000610351562],[151.0774832032621,-33.53410857729614,207.8000030517578],[151.077522598207,-33.534095752984285,206.8000030517578],[151.07753274030983,-33.53409809991717,206.39999389648438],[151.0775810200721,-33.53408670052886,205.60000610351562],[151.0776301380247,-33.53407848626375,204.60000610351562],[151.07764748856425,-33.53407479822636,204.39999389648438],[151.07771588489413,-33.53407530114055,203.39999389648438],[151.07775586657226,-33.53407823480666,203.1999969482422],[151.07786256819963,-33.53408083319664,202.1999969482422],[151.0778757277876,-33.53408083319664,202.1999969482422],[151.07790850102901,-33.534067338332534,201.1999969482422],[151.07792392373085,-33.534059040248394,200.8000030517578],[151.07796432450414,-33.534054262563586,200],[151.07798972167075,-33.53406717069447,199.60000610351562],[151.07806180603802,-33.534068427979946,198.8000030517578],[151.0780799947679,-33.534062560647726,198.39999389648438],[151.07814545743167,-33.53405526839197,197.60000610351562],[151.07816926203668,-33.53404655121267,197],[151.07818284071982,-33.53403339162469,196.60000610351562],[151.07818870805204,-33.534027859568596,196.60000610351562],[151.07825618237257,-33.53400556370616,195.60000610351562],[151.07827034778893,-33.533997014164925,195.39999389648438],[151.07834368944168,-33.533946219831705,194.60000610351562],[151.07835894450545,-33.533937921747565,194.1999969482422],[151.07841267250478,-33.53392970748246,193.39999389648438],[151.07846195809543,-33.53393180295825,193.1999969482422],[151.0784716811031,-33.53392794728279,193],[151.07848945073783,-33.53391763754189,192.60000610351562],[151.0785176139325,-33.53392090648413,192.1999969482422],[151.07862171716988,-33.533941358327866,191.1999969482422],[151.0787481162697,-33.53392995893955,190.8000030517578],[151.0787761118263,-33.53391579352319,190.8000030517578],[151.07881131581962,-33.53390456177294,190.1999969482422],[151.0789005830884,-33.53388746269047,189],[151.0789177659899,-33.53388570249081,189],[151.07894408516586,-33.53387203998864,189],[151.07897208072245,-33.533847061917186,188.8000030517578],[151.07898130081594,-33.533842619508505,188.8000030517578],[151.0790227074176,-33.53381018154323,188],[151.07906780205667,-33.53379400447011,187.60000610351562],[151.0791746713221,-33.53379148989916,187],[151.07919109985232,-33.53378964588046,187],[151.07924147509038,-33.53377690538764,186.60000610351562],[151.0792840551585,-33.533770367503166,186.60000610351562],[151.0793791897595,-33.533768355846405,185.8000030517578],[151.07943224720657,-33.533762069419026,185.60000610351562],[151.07952285557985,-33.53378847241402,185],[151.079533835873,-33.5337876342237,184.8000030517578],[151.07965428382158,-33.533769780769944,184],[151.07969753444195,-33.53375921957195,183.8000030517578],[151.07977791689336,-33.53376223705709,183.39999389648438],[151.0798150487244,-33.53375737555325,183.39999389648438],[151.07984002679586,-33.53375100530684,183.1999969482422],[151.07989224605262,-33.53373893536627,182.60000610351562],[151.07993625104427,-33.533747317269444,181.8000030517578],[151.07995619997382,-33.53375410661101,181.39999389648438],[151.0800303798169,-33.53375678882003,180.39999389648438],[151.0800443775952,-33.533756705001,180.1999969482422],[151.08011721633375,-33.53375293314457,179.1999969482422],[151.08013305813074,-33.533752262592316,179],[151.08023221604526,-33.533723428845406,178.60000610351562],[151.08031209558249,-33.533677496016026,178],[151.08033841475844,-33.533664336428046,178],[151.08035107143223,-33.53363927453756,178],[151.08034973032773,-33.53362284600735,178.1999969482422],[151.08034654520452,-33.53362150490284,178.39999389648438],[151.0803520772606,-33.533604154363275,178.1999969482422],[151.08035241253674,-33.533607171848416,177.8000030517578],[151.08035249635577,-33.533606166020036,177.8000030517578],[151.08035325072706,-33.53360532782972,177.8000030517578],[151.0803533345461,-33.53360490873456,177.8000030517578],[151.0803533345461,-33.533604154363275,177.8000030517578],[151.08035559765995,-33.53360096924007,177.60000610351562],[151.08035618439317,-33.53360398672521,178],[151.08034587465227,-33.53360725566745,177.8000030517578],[151.08033757656813,-33.53361463174224,177.8000030517578],[151.08032969757915,-33.533627120777965,178.60000610351562],[151.0803195554763,-33.53362930007279,178.60000610351562],[151.08031435869634,-33.53363231755793,178.1999969482422],[151.0803129337728,-33.5336322337389,178.1999969482422],[151.08031251467764,-33.53362779133022,178.1999969482422],[151.0803124308586,-33.53362770751119,178.1999969482422],[151.08031234703958,-33.53362770751119,178.1999969482422],[151.08031603507698,-33.533627120777965,178],[151.08031720854342,-33.53362703695893,178.39999389648438],[151.08031729236245,-33.5336269531399,178.39999389648438],[151.08031737618148,-33.5336269531399,178.39999389648438],[151.0803177114576,-33.533626617863774,178.39999389648438],[151.08031997457147,-33.53362603113055,178.60000610351562],[151.08032106421888,-33.53362603113055,178.39999389648438],[151.08032207004726,-33.53362586349249,178.1999969482422],[151.0803224053234,-33.53362586349249,178.1999969482422],[151.08032383024693,-33.53362636640668,178.39999389648438],[151.08032500371337,-33.53362603113055,177.8000030517578],[151.08032525517046,-33.53362603113055,178],[151.0803261771798,-33.53362527675927,178.1999969482422],[151.0803264286369,-33.533625192940235,178.39999389648438],[151.0803280211985,-33.53362485766411,178.60000610351562],[151.0803280211985,-33.53362477384508,178.60000610351562],[151.0803298652172,-33.53362452238798,178.39999389648438],[151.08033003285527,-33.53362460620701,178.39999389648438],[151.08033070340753,-33.53362477384508,178.60000610351562],[151.08033279888332,-33.533624270930886,178.39999389648438],[151.08033338561654,-33.533624187111855,178.60000610351562],[151.08033338561654,-33.533624187111855,178.60000610351562],[151.08033422380686,-33.53362385183573,178.60000610351562],[151.08033413998783,-33.53362385183573,178.60000610351562],[151.08033413998783,-33.53362385183573,178.39999389648438],[151.08033447526395,-33.53362401947379,178.39999389648438],[151.08033455908298,-33.533624187111855,178.60000610351562],[151.08033531345427,-33.53362477384508,177.8000030517578],[151.08033531345427,-33.53362485766411,177.8000030517578],[151.08033556491137,-33.53362502530217,177.60000610351562],[151.08033581636846,-33.53362527675927,177.39999389648438],[151.08035484328866,-33.53365620598197,177],[151.08039624989033,-33.5337030608207,176.8000030517578],[151.0804474633187,-33.53376190178096,176.60000610351562],[151.08048937283456,-33.533803559839725,176.39999389648438],[151.08050739392638,-33.53382283821702,176],[151.08057176694274,-33.53384714573622,175.60000610351562],[151.08057989738882,-33.53385083377361,175.60000610351562],[151.0806115809828,-33.533867010846734,175.39999389648438],[151.08063027262688,-33.53386499918997,174.8000030517578],[151.080635888502,-33.53385653346777,174.60000610351562],[151.08064393512905,-33.53383549489081,174.1999969482422],[151.08064133673906,-33.53382904082537,173.8000030517578],[151.08064309693873,-33.53380314074457,172.8000030517578],[151.08066807501018,-33.53377967141569,172],[151.0806768760085,-33.533776653930545,171.8000030517578],[151.08071425929666,-33.533760476857424,170.60000610351562],[151.08071853406727,-33.53376039303839,170.39999389648438],[151.08072632923722,-33.53374991565943,169.60000610351562],[151.0807299334556,-33.53374714963138,169.60000610351562],[151.0807580128312,-33.53373407386243,168.39999389648438],[151.08076983131468,-33.53373139165342,168],[151.0807751957327,-33.53372619487345,167.39999389648438],[151.08077712357044,-33.533702809363604,166.1999969482422],[151.08078131452203,-33.53369836695492,166],[151.08079665340483,-33.533701216802,165.39999389648438],[151.08080017380416,-33.533700462430716,165.1999969482422],[151.08082230202854,-33.533692080527544,164.39999389648438],[151.080828839913,-33.533689230680466,164],[151.08086572028697,-33.53365478105843,162.8000030517578],[151.08088013716042,-33.533652517944574,162.60000610351562],[151.08089162036777,-33.533650087192655,162.39999389648438],[151.0809155087918,-33.53364447131753,161.8000030517578],[151.08095322735608,-33.53363868780434,161.39999389648438],[151.0809668060392,-33.53361714631319,160.8000030517578],[151.08097887597978,-33.533603651449084,160.60000610351562],[151.08103302307427,-33.533561155200005,159.8000030517578],[151.08103905804455,-33.53356207720935,159.60000610351562],[151.0810608509928,-33.533550007268786,159],[151.08109328895807,-33.53352083824575,158.60000610351562],[151.0811087116599,-33.53350952267647,158.60000610351562],[151.08115590177476,-33.53348077274859,158.60000610351562],[151.08120652846992,-33.53345881216228,158.8000030517578],[151.0812884196639,-33.53343148715794,159.1999969482422],[151.08140911906958,-33.53344615548849,159.39999389648438],[151.08142412267625,-33.53344716131687,159.39999389648438],[151.08145312406123,-33.53344867005944,159.1999969482422],[151.0814786888659,-33.53342897258699,159.1999969482422],[151.0815022420138,-33.53342251852155,159],[151.08151917345822,-33.533425368368626,159],[151.08158664777875,-33.53343911468983,159.1999969482422],[151.0816095303744,-33.53343634866178,159.60000610351562],[151.08168127946556,-33.533428804948926,160.60000610351562],[151.08173022978008,-33.53343936614692,161],[151.08177691698074,-33.53344422765076,161.60000610351562],[151.08178731054068,-33.533442970365286,161.8000030517578],[151.0818367637694,-33.53342712856829,162.1999969482422],[151.08184874989092,-33.53342369198799,162.1999969482422],[151.08185629360378,-33.53341732174158,162.39999389648438],[151.08189568854868,-33.53339519351721,162.60000610351562],[151.08191404491663,-33.53337264619768,162.8000030517578],[151.08192234300077,-33.53336401283741,163],[151.08197858557105,-33.53331321850419,164],[151.08200632967055,-33.533290419727564,164.39999389648438],[151.08207112178206,-33.53324775584042,164.39999389648438],[151.0821108520031,-33.53322093375027,164.39999389648438],[151.08214622363448,-33.533210372552276,164.8000030517578],[151.08218603767455,-33.53319436311722,165],[151.0822015441954,-33.53318371810019,165.1999969482422],[151.08222987502813,-33.53316511027515,165.1999969482422],[151.08226164244115,-33.53315488435328,165.1999969482422],[151.08229223638773,-33.53315060958266,165.1999969482422],[151.08244772069156,-33.53312077000737,165.60000610351562],[151.0825955774635,-33.533042734488845,165.1999969482422],[151.0826568491757,-33.53301549330354,165.1999969482422],[151.08266548253596,-33.533006524667144,165.1999969482422],[151.0826748702675,-33.532998729497194,165.1999969482422],[151.08270512893796,-33.532968889921904,165],[151.08273119665682,-33.532924046739936,164.60000610351562],[151.08279858715832,-33.532861517742276,163.8000030517578],[151.08282289467752,-33.53283955715597,163.39999389648438],[151.08283965848386,-33.53279806673527,163.1999969482422],[151.08286052942276,-33.532751547172666,163.1999969482422],[151.0829187836498,-33.53265792131424,162.8000030517578],[151.08292942866683,-33.53263051249087,162.8000030517578],[151.08295113779604,-33.532567732036114,162.1999969482422],[151.08295943588018,-33.53255784139037,162.1999969482422],[151.0830001719296,-33.53251735679805,161.8000030517578],[151.08302850276232,-33.532477458938956,161.60000610351562],[151.08303202316165,-33.53240788914263,161.60000610351562],[151.08304384164512,-33.53239648975432,161.60000610351562],[151.08311919495463,-33.53228308260441,161.39999389648438],[151.0832113120705,-33.53218803182244,161.8000030517578],[151.08325833454728,-33.53214209899306,161.1999969482422],[151.08326747082174,-33.53212005458772,160.60000610351562],[151.08327392488718,-33.53210924193263,160.39999389648438],[151.08328339643776,-33.532097674906254,160.39999389648438],[151.08329940587282,-33.53208250366151,160.39999389648438],[151.08339353464544,-33.53200379759073,160.8000030517578],[151.08342370949686,-33.5319865308702,160.8000030517578],[151.08344038948417,-33.53198116645217,161],[151.08350937254727,-33.531976556405425,161.1999969482422],[151.08357609249651,-33.531938502565026,160.8000030517578],[151.0836318321526,-33.531856359913945,161],[151.08364834450185,-33.53184571489692,160.8000030517578],[151.08375831507146,-33.53177446871996,161],[151.0838250350207,-33.53173700161278,160.8000030517578],[151.08387448824942,-33.53171235881746,160.60000610351562],[151.08388865366578,-33.53170204907656,160.60000610351562],[151.08395881019533,-33.53163172490895,160],[151.08397951349616,-33.53161169216037,159.8000030517578],[151.08401253819466,-33.531581182032824,159.60000610351562],[151.08407154679298,-33.53152150288224,159.60000610351562],[151.08417849987745,-33.531433157622814,160.1999969482422],[151.08418755233288,-33.5314217582345,160.39999389648438],[151.08420699834824,-33.531404323875904,160.60000610351562],[151.08421789482236,-33.53139527142048,160.8000030517578],[151.08422946184874,-33.53136174380779,161.1999969482422],[151.08423574827611,-33.53133777156472,161.39999389648438],[151.08429324813187,-33.531308099627495,161.39999389648438],[151.0843311343342,-33.531289575621486,161.39999389648438],[151.0843442939222,-33.53126258589327,161.39999389648438],[151.0844085831195,-33.53118848986924,161.1999969482422],[151.08446348458529,-33.531115567311645,161.8000030517578],[151.0844714473933,-33.53109000250697,162],[151.08449039049447,-33.53098380379379,161.1999969482422],[151.0844986885786,-33.530969973653555,161],[151.08454344794154,-33.53090954013169,161],[151.08455224893987,-33.53090224787593,161],[151.084571108222,-33.530894787982106,161],[151.08458108268678,-33.53089143522084,160.8000030517578],[151.08460580930114,-33.530880119651556,160.39999389648438],[151.08461796306074,-33.53087450377643,160.39999389648438],[151.08467118814588,-33.530827816575766,159.60000610351562],[151.08470731414855,-33.53078322485089,159.1999969482422],[151.08474754728377,-33.53074600920081,158.60000610351562],[151.0847949050367,-33.53069177828729,158.1999969482422],[151.08482331968844,-33.53060083463788,157.39999389648438],[151.08483304269612,-33.53059236891568,157.39999389648438],[151.08486145734787,-33.530547274276614,157],[151.08492088504136,-33.530517518520355,156.39999389648438],[151.08493773266673,-33.53050762787461,156.1999969482422],[151.0849685780704,-33.53047921322286,155.60000610351562],[151.08497872017324,-33.530460270121694,155.39999389648438],[151.08498676680028,-33.53044250048697,155.39999389648438],[151.08502155169845,-33.53041039779782,154.8000030517578],[151.08504275791347,-33.53039816021919,154.39999389648438],[151.08505432493985,-33.530386090278625,154.1999969482422],[151.08509288169444,-33.530341666191816,152.8000030517578],[151.0851358808577,-33.5302993375808,151.8000030517578],[151.08514711260796,-33.53029439225793,151.8000030517578],[151.0851849988103,-33.5302528180182,150.8000030517578],[151.0851844958961,-33.53024359792471,150.60000610351562],[151.08521869406104,-33.53019221685827,149.60000610351562],[151.0852378886193,-33.53017268702388,149.1999969482422],[151.08525230549276,-33.53015575557947,148.60000610351562],[151.08525113202631,-33.530150977894664,147.60000610351562],[151.085250293836,-33.530145697295666,147.1999969482422],[151.0852590110153,-33.53011661209166,146.39999389648438],[151.08526311814785,-33.530112421140075,146.1999969482422],[151.08527602627873,-33.53007889352739,145.1999969482422],[151.08529698103666,-33.53004922159016,144.1999969482422],[151.0853089671582,-33.53002575226128,144],[151.08534190803766,-33.52999331429601,142.8000030517578],[151.08534735627472,-33.529987782239914,142.60000610351562],[151.0853600129485,-33.52997587993741,142.1999969482422],[151.08537191525102,-33.52996464818716,141.8000030517578],[151.0853861644864,-33.52994637563825,141.39999389648438],[151.08539546839893,-33.52993765845895,141.39999389648438],[151.0854196920991,-33.529913099482656,140.8000030517578],[151.08545028604567,-33.52989558130503,140.39999389648438],[151.0854622721672,-33.52988594211638,140.1999969482422],[151.0854770243168,-33.529880829155445,139.8000030517578],[151.08548800460994,-33.52987504564226,139.60000610351562],[151.0855058580637,-33.52986071258783,139],[151.0855269804597,-33.52984009310603,138.8000030517578],[151.08553393743932,-33.52982651442289,138.39999389648438],[151.0855494439602,-33.52978871203959,137.8000030517578],[151.085554221645,-33.529775803908706,137.39999389648438],[151.08556126244366,-33.52974361740053,136.1999969482422],[151.08557685278356,-33.529724003747106,135.39999389648438],[151.08558070845902,-33.529715705662966,135],[151.08559026382864,-33.529682429507375,134],[151.08559269458055,-33.52965191937983,133.39999389648438],[151.0855959635228,-33.52963029406965,133],[151.08560082502663,-33.52961185388267,132.60000610351562],[151.0855996515602,-33.529569022357464,132.1999969482422],[151.0856179241091,-33.529542200267315,132.1999969482422],[151.08562102541327,-33.529530046507716,131.8000030517578],[151.08563938178122,-33.529504565522075,130.8000030517578],[151.0856937803328,-33.52945988997817,129.8000030517578],[151.0857014078647,-33.52943985722959,129.60000610351562],[151.08570534735918,-33.52942619472742,129.60000610351562],[151.0857185907662,-33.529382944107056,128.8000030517578],[151.08572169207036,-33.52937255054712,128.60000610351562],[151.085755052045,-33.529308596625924,127.5999984741211],[151.08575840480626,-33.52929384447634,127.4000015258789],[151.08577047474682,-33.52926408872008,127],[151.0857669543475,-33.529233913868666,126.19999694824219],[151.08576972037554,-33.52918756194413,125.5999984741211],[151.08578690327704,-33.52914707735181,125.4000015258789],[151.08579955995083,-33.52910818532109,125],[151.08580324798822,-33.52909276261926,124.80000305175781],[151.08581230044365,-33.52897373959422,124.5999984741211],[151.08581339009106,-33.52895898744464,124.5999984741211],[151.08581917360425,-33.52887106128037,124.4000015258789],[151.0858262144029,-33.52878506295383,124],[151.08583476394415,-33.52877274155617,124],[151.08584289439023,-33.52876368910074,123.80000305175781],[151.08588396571577,-33.52867232635617,123.4000015258789],[151.08590383082628,-33.52857367135584,123.19999694824219],[151.08590659685433,-33.52855942212045,123.19999694824219],[151.08592059463263,-33.528446182608604,123.4000015258789],[151.08591665513813,-33.528371499851346,123.80000305175781],[151.085905758664,-33.52833839133382,124],[151.08590693213046,-33.52832984179258,124],[151.0859316587448,-33.52828566916287,124.4000015258789],[151.08593970537186,-33.52822029031813,124.5999984741211],[151.0859369393438,-33.52820260450244,124.5999984741211],[151.0859416332096,-33.52815859951079,125],[151.08594649471343,-33.528145272284746,125],[151.08596954494715,-33.5280785523355,125.19999694824219],[151.08600240200758,-33.52797922678292,124.5999984741211],[151.08601497486234,-33.527903286740184,124.19999694824219],[151.08601396903396,-33.527861880138516,124],[151.08601053245366,-33.52783212438226,124],[151.08602369204164,-33.52779029868543,124],[151.08602905645967,-33.52775492705405,124],[151.08604758046567,-33.527710754424334,123.80000305175781],[151.0860783420503,-33.52760011330247,124.4000015258789],[151.08607322908938,-33.527565244585276,125],[151.08607758767903,-33.527522245422006,125.5999984741211],[151.0860983747989,-33.52750129066408,125.80000305175781],[151.0861047450453,-33.527493830770254,126.19999694824219],[151.0861295554787,-33.52746482938528,127],[151.08615084551275,-33.52741772308946,127.19999694824219],[151.08615620993078,-33.527396684512496,127.5999984741211],[151.08616165816784,-33.527374137192965,127.80000305175781],[151.0861536115408,-33.527320912107825,128.1999969482422],[151.08614774420857,-33.52726802229881,128.39999389648438],[151.08611891046166,-33.52723508141935,128.60000610351562],[151.08610482886434,-33.52719912305474,128.60000610351562],[151.08610767871141,-33.52712578140199,129.39999389648438],[151.08611329458654,-33.527114214375615,129.60000610351562],[151.0861219279468,-33.52707448415458,130],[151.0861361771822,-33.52696543559432,129.39999389648438],[151.08617808669806,-33.52687440812588,128.8000030517578],[151.0862138774246,-33.52682193741202,128.39999389648438],[151.08622318133712,-33.52679243311286,128],[151.08623734675348,-33.526750607416034,127.80000305175781],[151.08627833426,-33.52673820219934,127.5999984741211],[151.08630809001625,-33.52672202512622,127.4000015258789],[151.0863525979221,-33.52668430656195,127.19999694824219],[151.08635150827467,-33.5266746673733,127.19999694824219],[151.08630339615047,-33.52662915363908,127.4000015258789],[151.08631278388202,-33.526608031243086,127.4000015258789],[151.08631831593812,-33.52659830823541,127.19999694824219],[151.08633868396282,-33.52654608897865,126.19999694824219],[151.08635670505464,-33.52652655914426,126],[151.08637573197484,-33.5265105497092,125.4000015258789],[151.08637690544128,-33.52649831213057,125.19999694824219],[151.08637397177517,-33.5264658741653,124.5999984741211],[151.08636810444295,-33.52644223719835,124.19999694824219],[151.08636441640556,-33.52643276564777,124.19999694824219],[151.086360309273,-33.52640896104276,123.80000305175781],[151.08636232092977,-33.52639412507415,123.5999984741211],[151.08636894263327,-33.526383647695184,123.4000015258789],[151.0863843653351,-33.52636495605111,123],[151.08641982078552,-33.526323130354285,122],[151.08642635867,-33.52631198242307,121.80000305175781],[151.0864504147321,-33.52626814506948,120.5999984741211],[151.08648151159286,-33.52625506930053,120],[151.08649014495313,-33.52624425664544,119.5999984741211],[151.086500370875,-33.52623872458935,119.19999694824219],[151.08653767034411,-33.526223888620734,118.5999984741211],[151.0865402687341,-33.52621735073626,118.19999694824219],[151.08653884381056,-33.52618549950421,117],[151.0865183081478,-33.52616764605045,116.4000015258789],[151.08651587739587,-33.526155576109886,116],[151.086497688666,-33.52613185532391,115.4000015258789],[151.08649131841958,-33.52611928246915,115.19999694824219],[151.08648863621056,-33.526107212528586,114.80000305175781],[151.08647857792675,-33.52606547065079,113.80000305175781],[151.08647245913744,-33.52605373598635,113.5999984741211],[151.08646533451974,-33.52598626166582,112.4000015258789],[151.0864665079862,-33.52597360499203,112.19999694824219],[151.0864728782326,-33.52592901326716,111.4000015258789],[151.08649844303727,-33.52590663358569,111.19999694824219],[151.0865225829184,-33.525845780968666,110.4000015258789],[151.0865342337638,-33.525823233649135,110.19999694824219],[151.08655577525496,-33.525789538398385,109.4000015258789],[151.08657480217516,-33.52575014345348,108.80000305175781],[151.08657999895513,-33.525729943066835,108.19999694824219],[151.08661729842424,-33.52567437104881,107.4000015258789],[151.0866301227361,-33.52566188201308,107.19999694824219],[151.08668049797416,-33.52562592364848,106.5999984741211],[151.0867054760456,-33.52561871521175,106.19999694824219],[151.08674646355212,-33.52558292448521,105],[151.0867561865598,-33.5255556832999,104],[151.08676666393876,-33.52554839104414,104],[151.0867738723755,-33.52554285898805,103.5999984741211],[151.08679038472474,-33.52551519870758,102.80000305175781],[151.0868084896356,-33.52549105882645,102.19999694824219],[151.0868185479194,-33.52547597140074,102.19999694824219],[151.08682449907064,-33.52544127032161,101.5999984741211],[151.08683028258383,-33.52543129585683,101.4000015258789],[151.08684863895178,-33.52541411295533,101],[151.08687663450837,-33.525409922003746,100.4000015258789],[151.08688283711672,-33.525406401604414,100.19999694824219],[151.08689876273274,-33.52538427338004,99.4000015258789],[151.08690756373107,-33.52534169331193,98],[151.0869239922613,-33.5252826847136,97.19999694824219],[151.0869401693344,-33.5252499114722,97],[151.0869705118239,-33.52519216015935,95.80000305175781],[151.0869766306132,-33.525183107703924,95.5999984741211],[151.08698811382055,-33.525177324190736,95.4000015258789],[151.08703119680285,-33.52517263032496,95],[151.08703966252506,-33.5251669306308,94.80000305175781],[151.08709456399083,-33.52513583377004,93.5999984741211],[151.08710780739784,-33.52513398975134,93.4000015258789],[151.0871330369264,-33.525126529857516,92.80000305175781],[151.0871409997344,-33.52512368001044,92.5999984741211],[151.08718257397413,-33.525110352784395,91.4000015258789],[151.08719606883824,-33.52510515600443,91.19999694824219],[151.0872181970626,-33.52508227340877,90.19999694824219],[151.0872258245945,-33.525062911212444,89.80000305175781],[151.08722062781453,-33.52504740469158,89.19999694824219],[151.08722129836679,-33.52504329755902,89.19999694824219],[151.08722708187997,-33.52501094341278,88],[151.08722892589867,-33.525005243718624,87.80000305175781],[151.08722683042288,-33.52499560452998,88],[151.08722171746194,-33.52499728091061,88],[151.0872223880142,-33.524996442720294,88],[151.0872223880142,-33.524996442720294,87.80000305175781],[151.08722280710936,-33.52499568834901,87.5999984741211],[151.08722339384258,-33.52499543689191,87.80000305175781],[151.0872242320329,-33.524993089959025,88.19999694824219],[151.08722657896578,-33.5249890666455,87.5999984741211],[151.08722942881286,-33.52498730644584,87.5999984741211],[151.08723043464124,-33.524986300617456,87.4000015258789],[151.0872319433838,-33.524983786046505,87],[151.08724342659116,-33.52494975551963,85.80000305175781],[151.08727016486228,-33.52491497062147,85],[151.0872771218419,-33.52490348741412,84.80000305175781],[151.08730360865593,-33.52486442774534,83.80000305175781],[151.08731802552938,-33.524848921224475,83],[151.08732674270868,-33.52484271861613,82.5999984741211],[151.0873558279127,-33.5248252004385,81.4000015258789],[151.0873722564429,-33.52481639944017,80.4000015258789],[151.08737267553806,-33.52480818517506,80.4000015258789],[151.0873725079,-33.52478865534067,79.4000015258789],[151.08736915513873,-33.52476074360311,78.4000015258789],[151.0873711667955,-33.524751188233495,78.19999694824219],[151.08734627254307,-33.52469477802515,77],[151.08734074048698,-33.52468874305487,76.80000305175781],[151.0873220488429,-33.524655969813466,76.5999984741211],[151.08736043795943,-33.524652030318975,76.5999984741211],[151.08737502247095,-33.5246267169714,76],[151.08737602829933,-33.524602660909295,75.80000305175781],[151.0873711667955,-33.52455790154636,75],[151.08737762086093,-33.52454239502549,74.5999984741211],[151.08739597722888,-33.52450316771865,73.5999984741211],[151.08739329501987,-33.524491181597114,73.4000015258789],[151.08740787953138,-33.52446109056473,72.4000015258789],[151.08742053620517,-33.52444499731064,72],[151.08741869218647,-33.52443200536072,71.4000015258789],[151.0874238051474,-33.52442831732333,71.19999694824219],[151.0874103102833,-33.524396885186434,70.5999984741211],[151.08743813820183,-33.524365620687604,70.5999984741211],[151.08744115568697,-33.524374505504966,70.4000015258789],[151.08746068552136,-33.52438481524587,69.5999984741211],[151.08747459948063,-33.52439118549228,69.4000015258789],[151.08749815262854,-33.524389090016484,68.19999694824219],[151.0874980688095,-33.524367632344365,67.80000305175781],[151.08752966858447,-33.52431943640113,67],[151.08754073269665,-33.52430451661348,66.5999984741211],[151.0875767748803,-33.524285489693284,66],[151.0875818040222,-33.524280209094286,65.80000305175781],[151.0876143258065,-33.52422413416207,65.4000015258789],[151.08761415816844,-33.52421499788761,65.4000015258789],[151.08760862611234,-33.524165377020836,65.5999984741211],[151.08763427473605,-33.52413956075907,65],[151.0876404773444,-33.524138974025846,64.5999984741211],[151.08766545541584,-33.5241153370589,63.79999923706055],[151.08767467550933,-33.524101339280605,63],[151.08767769299448,-33.52409429848194,62.79999923706055],[151.08770191669464,-33.524059848859906,61.599998474121094],[151.08772194944322,-33.524039816111326,61],[151.0877311695367,-33.524020453915,60.400001525878906],[151.08774164691567,-33.523995727300644,59.79999923706055],[151.08775002881885,-33.52398047223687,59.20000076293945],[151.08778221532702,-33.52395365014672,58.400001525878906],[151.08778607100248,-33.52394577115774,58.20000076293945],[151.08779822476208,-33.52391995489597,57.20000076293945],[151.0877983085811,-33.523913668468595,57],[151.08782177791,-33.52387326769531,56.20000076293945],[151.08783300966024,-33.523861868306994,56],[151.08783627860248,-33.52382943034172,55],[151.08783703297377,-33.52381241507828,54],[151.08783669769764,-33.52381031960249,53.79999923706055],[151.0878439899534,-33.52380386553705,53.20000076293945],[151.08785119839013,-33.523796405643225,52.79999923706055],[151.08786419034004,-33.52379112504423,51.599998474121094],[151.08787550590932,-33.52378341369331,50.599998474121094],[151.0878791101277,-33.523778803646564,50.20000076293945],[151.08789034187794,-33.52375131100416,49.599998474121094],[151.087882546708,-33.52374544367194,49.400001525878906],[151.08788933604956,-33.52373379282653,48.400001525878906],[151.08789595775306,-33.52371694520116,47.599998474121094],[151.08790677040815,-33.52370521053672,47.20000076293945],[151.08791867271066,-33.52368425577879,46],[151.08793660998344,-33.52367302402854,45.599998474121094],[151.08795429579914,-33.52367042563856,45],[151.08797080814838,-33.52365399710834,44],[151.08798396773636,-33.52364846505225,43.400001525878906],[151.08799880370498,-33.52364016696811,42.79999923706055],[151.08799880370498,-33.52360412478447,41.79999923706055],[151.08800039626658,-33.52359909564257,41.599998474121094],[151.08803484588861,-33.52358308620751,40.599998474121094],[151.08803710900247,-33.52358124218881,40.20000076293945],[151.0880445688963,-33.523564310744405,39.599998474121094],[151.0880480054766,-33.5235576890409,39.20000076293945],[151.08808480203152,-33.523532627150416,38.599998474121094],[151.08810357749462,-33.523521814495325,38.20000076293945],[151.08810969628394,-33.52351016364992,37.79999923706055],[151.08812562189996,-33.52346749976277,37.20000076293945],[151.0881508514285,-33.52342986501753,36],[151.08815680257976,-33.52342626079917,35.79999923706055],[151.0881738178432,-33.523398684337735,35],[151.08818144537508,-33.52339147590101,34.79999923706055],[151.08821069821715,-33.523360043764114,34.20000076293945],[151.08821421861649,-33.523350236937404,34],[151.0882187448442,-33.5233298689127,33.599998474121094],[151.088239364326,-33.52329382672906,32.79999923706055],[151.0882570501417,-33.52324881590903,31.600000381469727],[151.08826031908393,-33.52324009872973,30.600000381469727],[151.08827088028193,-33.523232974112034,29.799999237060547],[151.0882771667093,-33.523229118436575,29.600000381469727],[151.08828990720212,-33.52320648729801,28.399999618530273],[151.088302815333,-33.523190561681986,27.600000381469727],[151.08830750919878,-33.52318402379751,27.399999618530273],[151.08831270597875,-33.523180754855275,27],[151.08833332546055,-33.523173965513706,25.799999237060547],[151.08835000544786,-33.52316348813474,24.799999237060547],[151.0883519332856,-33.523158794268966,24.600000381469727],[151.0883516818285,-33.52313197217882,23.799999237060547],[151.08834765851498,-33.523118142038584,23.399999618530273],[151.0883445572108,-33.52309710346162,22.799999237060547],[151.08833944424987,-33.52308486588299,22],[151.08833827078342,-33.52307992056012,21.799999237060547],[151.08832796104252,-33.5230671800673,20.600000381469727],[151.08833466656506,-33.52305921725929,20],[151.08834045007825,-33.52305477485061,19.600000381469727],[151.08833366073668,-33.52302133105695,18.600000381469727],[151.08834489248693,-33.52301990613341,18.399999618530273],[151.08834221027792,-33.52301781065762,17.600000381469727],[151.08833248727024,-33.52300557307899,17.200000762939453],[151.08833776786923,-33.52299761027098,16.600000381469727],[151.08833441510797,-33.52299199439585,16.399999618530273],[151.08833567239344,-33.5229860432446,16.200000762939453],[151.0883189085871,-33.52296994999051,15.399999618530273],[151.08831974677742,-33.52295519784093,14.800000190734863],[151.08832703903317,-33.52293776348233,14.600000381469727],[151.0883228480816,-33.52292728610337,14],[151.08832117170095,-33.52292544208467,14],[151.0883168131113,-33.52291940711439,13.800000190734863],[151.08829703181982,-33.522906079888344,12.399999618530273],[151.08829585835338,-33.522901218384504,11.800000190734863],[151.08830507844687,-33.5228996258229,11.399999618530273],[151.08831035904586,-33.52290012873709,11.199999809265137],[151.08831446617842,-33.52291647344828,10.600000381469727],[151.08829401433468,-33.522923681885004,10.199999809265137],[151.0882964450866,-33.52291697636247,10.199999809265137],[151.08832435682416,-33.52290532551706,9.199999809265137],[151.08832083642483,-33.52289987728,9],[151.0883411206305,-33.52287313900888,8.399999618530273],[151.08833910897374,-33.52286668494344,8.199999809265137],[151.08833885751665,-33.522860649973154,7.800000190734863],[151.08833039179444,-33.52283793501556,7.199999809265137],[151.08832318335772,-33.52282728999853,6.199999809265137],[151.08830692246556,-33.522823099046946,6],[151.08829795382917,-33.52275964803994,5.400000095367432],[151.08829627744853,-33.522741040214896,5.400000095367432],[151.08829929493368,-33.52268840186298,5.400000095367432],[151.08828202821314,-33.52265227586031,5.199999809265137],[151.0882753226906,-33.52259184233844,5.199999809265137],[151.0882787592709,-33.52257574908435,5],[151.08829217031598,-33.522566109895706,4.599999904632568],[151.08828688971698,-33.522565104067326,4.800000190734863],[151.08829443342984,-33.522561667487025,5],[151.08829342760146,-33.522562170401216,5],[151.08829342760146,-33.522562170401216,5],[151.08829342760146,-33.522562170401216,4.800000190734863],[151.0882927570492,-33.522562170401216,4.800000190734863],[151.08825906179845,-33.52254381403327,5],[151.08816954307258,-33.52253342047334,5.199999809265137],[151.08812444843352,-33.52252218872309,5.199999809265137],[151.08809175901115,-33.52250969968736,5.400000095367432],[151.08806317672133,-33.522497629746795,5.400000095367432],[151.0880081076175,-33.52248916402459,5.400000095367432],[151.0879687126726,-33.52247558534145,5.400000095367432],[151.0879542119801,-33.52247432805598,5.400000095367432],[151.08792127110064,-33.522470723837614,5.400000095367432],[151.08791573904455,-33.522466868162155,5.400000095367432],[151.08788355253637,-33.522469298914075,5.800000190734863],[151.0878579877317,-33.52246896363795,5.800000190734863],[151.0877942852676,-33.522444907575846,5.800000190734863],[151.0877488553524,-33.52241741493344,6],[151.08773184008896,-33.52240987122059,6.199999809265137],[151.0877216141671,-33.522409703582525,6.199999809265137],[151.08766738325357,-33.52239788509905,6.599999904632568],[151.08762589283288,-33.52238539606333,6.800000190734863],[151.08757543377578,-33.52237433195114,7],[151.08754836022854,-33.52237030863762,7],[151.08747258782387,-33.52236435748637,6.800000190734863],[151.08740402385592,-33.52233409881592,6.599999904632568],[151.0873823147267,-33.52232554927468,6.599999904632568],[151.0872720927,-33.52223368361592,7.400000095367432],[151.08722222037613,-33.52219772525132,7.599999904632568],[151.08720671385527,-33.52218800224364,7.800000190734863],[151.08720461837947,-33.52219009771943,7.800000190734863],[151.08716220594943,-33.52216470055282,8],[151.08710889704525,-33.52214458398521,8],[151.0870942287147,-33.52213226258755,8],[151.08705231919885,-33.52211725898087,8],[151.08701409772038,-33.522083312273026,8],[151.0869897902012,-33.522070152685046,8],[151.0869863536209,-33.522066716104746,8.199999809265137],[151.0869885329157,-33.52206948213279,7.800000190734863],[151.08698870055377,-33.522070152685046,7.599999904632568],[151.08698786236346,-33.52207124233246,7.599999904632568],[151.08698660507798,-33.52207065559924,7.800000190734863],[151.08698098920286,-33.522074511274695,7.800000190734863],[151.08697017654777,-33.5220811329782,7.800000190734863],[151.08696925453842,-33.52208314463496,7],[151.08696917071939,-33.52208339609206,7],[151.0869689192623,-33.52208565920591,7.199999809265137],[151.0869689192623,-33.52208658121526,7.199999809265137],[151.08696665614843,-33.522086245939136,7.400000095367432],[151.0869663208723,-33.52208591066301,7.599999904632568],[151.08696514740586,-33.52207870222628,7.400000095367432],[151.08696221373975,-33.52207677438855,7.599999904632568],[151.0869615431875,-33.52207518182695,7.400000095367432],[151.08695886097848,-33.52206990122795,7.400000095367432],[151.08695751987398,-33.52206696756184,7.199999809265137],[151.0869565140456,-33.522063279524446,7.199999809265137],[151.08695928007364,-33.52206336334348,7],[151.0869647283107,-33.52206403389573,6.800000190734863],[151.08696481212974,-33.52206386625767,6.800000190734863],[151.08696782961488,-33.52206302806735,6.800000190734863],[151.08696900308132,-33.522062776610255,6.400000095367432],[151.08696984127164,-33.52206252515316,7],[151.08697034418583,-33.52206252515316,7.400000095367432],[151.08697093091905,-33.522062273696065,7.199999809265137],[151.08697202056646,-33.52206244133413,7.199999809265137],[151.0869723558426,-33.52206269279122,7.599999904632568],[151.08697285875678,-33.52206294424832,7.800000190734863],[151.08697311021388,-33.52206311188638,7.599999904632568],[151.08697285875678,-33.522063195705414,7.599999904632568],[151.08697302639484,-33.522063279524446,7.599999904632568],[151.08697269111872,-33.52206294424832,7.400000095367432],[151.08697327785194,-33.52206269279122,7.599999904632568],[151.08697470277548,-33.52206411771476,7.800000190734863],[151.0869747865945,-33.52206462062895,7.800000190734863],[151.08697520568967,-33.522065207362175,7.599999904632568],[151.08697570860386,-33.522064788267016,7.599999904632568],[151.08697587624192,-33.522064704447985,7.400000095367432],[151.08697654679418,-33.522064788267016,6.599999904632568],[151.0869771335274,-33.522065626457334,6.800000190734863],[151.08697746880352,-33.522065710276365,6.800000190734863],[151.08697780407965,-33.5220657940954,7.199999809265137],[151.08697755262256,-33.522066716104746,7],[151.08697906136513,-33.52206797339022,7],[151.08697906136513,-33.52206839248538,6.599999904632568],[151.0869792290032,-33.52206780575216,6.800000190734863],[151.08698073774576,-33.522067638114095,6.800000190734863],[151.0869808215648,-33.52206780575216,6.800000190734863],[151.08698090538383,-33.52206805720925,7],[151.08698132447898,-33.52206822484732,7.400000095367432],[151.08698174357414,-33.522068141028285,6.800000190734863],[151.0869816597551,-33.52206822484732,6.800000190734863],[151.0869819112122,-33.52206822484732,7.199999809265137],[151.08698199503124,-33.522068643942475,6.599999904632568],[151.0869826655835,-33.52206847630441,6],[151.08698233030736,-33.522067386657,7],[151.08698283322155,-33.522067219018936,6.800000190734863],[151.08698283322155,-33.52206705138087,7],[151.08698283322155,-33.522067135199904,7.199999809265137],[151.08698308467865,-33.52206730283797,7],[151.08698316849768,-33.52206730283797,7],[151.08698383904994,-33.522067638114095,7.199999809265137],[151.08698484487832,-33.52206772193313,6.599999904632568],[151.0869850963354,-33.52206805720925,6.599999904632568],[151.0869853477925,-33.52206830866635,6.400000095367432],[151.08698568306863,-33.522069146856666,7],[151.08698777854443,-33.522070152685046,6.400000095367432],[151.0869874432683,-33.522071074694395,6],[151.08698761090636,-33.52207090705633,6.199999809265137],[151.08698761090636,-33.52207090705633,5.800000190734863],[151.0869876947254,-33.52207090705633,5.800000190734863],[151.08698811382055,-33.522071074694395,6],[151.08698803000152,-33.52207115851343,6],[151.08698811382055,-33.52207124233246,7],[151.08698836527765,-33.522071074694395,7],[151.086989287287,-33.52207216434181,6.599999904632568],[151.08698911964893,-33.52207174524665,6.400000095367432],[151.08698911964893,-33.52207166142762,6.400000095367432],[151.0869895387441,-33.52207115851343,6.199999809265137],[151.08699004165828,-33.52207191288471,7],[151.08699029311538,-33.52207182906568,6.800000190734863],[151.08699155040085,-33.52207275107503,6.800000190734863],[151.08699188567698,-33.52207325398922,6.400000095367432],[151.0869922209531,-33.52207325398922,6.400000095367432],[151.08699205331504,-33.52207342162728,6.599999904632568],[151.08699188567698,-33.52207333780825,6.599999904632568],[151.08699188567698,-33.52207333780825,6.599999904632568],[151.08699213713408,-33.52207342162728,6.800000190734863],[151.08699230477214,-33.52207317017019,7],[151.0869922209531,-33.522073002532125,6.800000190734863],[151.0869922209531,-33.52207291871309,6.599999904632568],[151.0869924724102,-33.522073086351156,6.800000190734863],[151.08699280768633,-33.52207283489406,7],[151.08699280768633,-33.52207275107503,8],[151.0869929753244,-33.52207333780825,7.599999904632568],[151.08699314296246,-33.52207367308438,7],[151.08699314296246,-33.52207384072244,7.400000095367432],[151.08699364587665,-33.52207534946501,7.400000095367432],[151.08699364587665,-33.52207576856017,7.199999809265137],[151.08699347823858,-33.5220761038363,7.400000095367432],[151.0869938135147,-33.522076439112425,7.199999809265137],[151.08699372969568,-33.52207627147436,7.599999904632568],[151.08699372969568,-33.52207618765533,7.800000190734863],[151.0869938135147,-33.52207635529339,8],[151.0869943164289,-33.522076942026615,7.599999904632568],[151.086994567886,-33.52207685820758,7.400000095367432],[151.086994567886,-33.52207677438855,7.800000190734863],[151.086994567886,-33.52207677438855,7.800000190734863],[151.086994567886,-33.52207669056952,8],[151.08699448406696,-33.52207618765533,7.800000190734863],[151.08699448406696,-33.52207652293146,7.599999904632568],[151.08699414879084,-33.52207618765533,7],[151.08699473552406,-33.52207627147436,6.599999904632568],[151.08699473552406,-33.52207627147436,7],[151.08699465170503,-33.52207685820758,7],[151.08699465170503,-33.522076942026615,6.800000190734863],[151.08699465170503,-33.522076942026615,6.800000190734863],[151.08699465170503,-33.522076942026615,6.599999904632568],[151.08699448406696,-33.52207702584565,6.599999904632568],[151.08699465170503,-33.522077361121774,6.599999904632568],[151.08699473552406,-33.52207761257887,6.400000095367432],[151.08699473552406,-33.52207761257887,6.400000095367432],[151.08699473552406,-33.5220776963979,6.400000095367432],[151.08697755262256,-33.522055987268686,6.400000095367432],[151.086949640885,-33.522047102451324,7.199999809265137],[151.08694159425795,-33.5220414865762,7.400000095367432],[151.08693874441087,-33.522041738033295,7.400000095367432],[151.08694377355278,-33.52204576134682,6.800000190734863],[151.08695140108466,-33.522046599537134,6.400000095367432],[151.08695399947464,-33.52204643189907,6.400000095367432],[151.08695718459785,-33.5220483597368,6.599999904632568],[151.08695718459785,-33.52204886265099,6.599999904632568],[151.08695207163692,-33.52206638082862,7],[151.08695165254176,-33.52206696756184,7],[151.0869533289224,-33.522083731368184,7.599999904632568],[151.08696028590202,-33.522088592872024,7.400000095367432],[151.08696598559618,-33.52209077216685,7.199999809265137],[151.08696967363358,-33.52209278382361,7.599999904632568],[151.08697931282222,-33.52209462784231,7],[151.08698132447898,-33.52209420874715,7],[151.08698174357414,-33.52209412492812,7],[151.0870120022446,-33.522134609520435,6.800000190734863],[151.08710881322622,-33.52214835584164,7.199999809265137],[151.087213922292,-33.522169813513756,6.800000190734863],[151.08725138939917,-33.522191774100065,6.599999904632568],[151.08727770857513,-33.522202083840966,6.599999904632568],[151.0872937180102,-33.522206442430615,6.599999904632568],[151.08736102469265,-33.52226419374347,6.199999809265137],[151.0874290857464,-33.52233183570206,6.400000095367432],[151.08743730001152,-33.52233711630106,6.400000095367432],[151.0874639544636,-33.52234407328069,6.400000095367432],[151.08748884871602,-33.52235211990774,6.400000095367432],[151.08749262057245,-33.5223504435271,6.199999809265137],[151.08755154535174,-33.52236192673445,7],[151.08756403438747,-33.52237173356116,7],[151.08757752925158,-33.522375924512744,7],[151.08766713179648,-33.522397968918085,6.800000190734863],[151.08768775127828,-33.52239830419421,6.800000190734863],[151.08774055726826,-33.522416241467,7.199999809265137],[151.08775103464723,-33.52241716347635,7],[151.08776721172035,-33.5224247071892,7],[151.08785212039948,-33.52244256064296,6.400000095367432],[151.0879240371287,-33.52246368303895,6.400000095367432],[151.08794155530632,-33.52246921509504,6.199999809265137],[151.0879727359861,-33.52247407659888,6.199999809265137],[151.08798388391733,-33.522474160417914,6.199999809265137],[151.0880065150559,-33.522477596998215,6.199999809265137],[151.08804976567626,-33.522486397996545,6.400000095367432],[151.08814280480146,-33.52250525727868,6],[151.08815705403686,-33.522503497079015,6],[151.08816476538777,-33.5224992223084,6],[151.08816635794938,-33.5224992223084,6],[151.08816736377776,-33.52249980904162,5.800000190734863],[151.08818924054503,-33.52250802330673,5.800000190734863],[151.08822318725288,-33.52251707576215,6],[151.08823324553668,-33.52252051234245,6.199999809265137],[151.0882549546659,-33.52253023535013,6.400000095367432],[151.08837003819644,-33.522584550082684,6],[151.08847020193934,-33.522616317495704,5.599999904632568],[151.0885660070926,-33.52265269495547,5.599999904632568],[151.08861948363483,-33.522673482075334,5.599999904632568],[151.0886260215193,-33.52267566137016,5.599999904632568],[151.08866927213967,-33.5226873960346,5.199999809265137],[151.08869969844818,-33.522696029394865,5],[151.0888017900288,-33.522726371884346,4.800000190734863],[151.08882375061512,-33.522731149569154,4.800000190734863],[151.0888426937163,-33.52273718453944,4.800000190734863],[151.08885467983782,-33.52273986674845,5],[151.08888996765018,-33.52274724282324,5],[151.08895970508456,-33.52276308462024,5.400000095367432],[151.08898786827922,-33.52277155034244,5.400000095367432],[151.0890105832368,-33.52279158309102,5.400000095367432],[151.08901728875935,-33.52279158309102,5.199999809265137],[151.08901988714933,-33.522789822891355,5.199999809265137],[151.0890301130712,-33.5227822791785,4.800000190734863],[151.08905299566686,-33.52279108017683,4.599999904632568],[151.08905299566686,-33.5227909963578,4.599999904632568],[151.08905299566686,-33.5227909963578,4.599999904632568],[151.08905299566686,-33.52279108017683,4.599999904632568],[151.08905383385718,-33.52279636077583,4.599999904632568],[151.08909322880208,-33.522813795134425,4.599999904632568],[151.08912407420576,-33.52281941100955,5],[151.08917847275734,-33.52282620035112,5],[151.08919012360275,-33.522825026884675,4.800000190734863],[151.08921250328422,-33.52282125502825,4.400000095367432],[151.0892317816615,-33.522817734628916,4.400000095367432],[151.08926841057837,-33.52281890809536,4.800000190734863],[151.0892758704722,-33.522818740457296,4.800000190734863],[151.08928525820374,-33.522818740457296,5],[151.08929405920208,-33.52281974628568,5],[151.08930093236268,-33.52282142266631,5],[151.08931752853096,-33.52282913401723,4.800000190734863],[151.0893163550645,-33.522828463464975,4.800000190734863],[151.08930990099907,-33.52282728999853,4.599999904632568],[151.08930990099907,-33.52282728999853,4.599999904632568],[151.08930990099907,-33.52282728999853,4.400000095367432],[151.08930990099907,-33.52282754145563,4.400000095367432],[151.08930990099907,-33.52282754145563,4.400000095367432],[151.08929506503046,-33.52282754145563,4.400000095367432],[151.08938676305115,-33.52283257059753,5],[151.0894450172782,-33.52277599275112,5],[151.08945239335299,-33.52277054451406,5],[151.08951366506517,-33.52271438576281,5.199999809265137],[151.08953235670924,-33.522669710218906,5.199999809265137],[151.08953135088086,-33.522646743804216,5.199999809265137],[151.08953956514597,-33.52264305576682,5.199999809265137],[151.08956018462777,-33.522598799318075,5.400000095367432],[151.0895632021129,-33.5225872322917,5.400000095367432],[151.08959270641208,-33.522533755749464,5.400000095367432],[151.08962690457702,-33.52252076379955,5.599999904632568],[151.0897603444755,-33.522494193166494,5.800000190734863],[151.0897769406438,-33.52248908020556,5.800000190734863],[151.089793369174,-33.52248505689204,6],[151.08983569778502,-33.52247734554112,6.199999809265137],[151.08986872248352,-33.522483967244625,6.400000095367432],[151.08988305553794,-33.522484470158815,6.400000095367432],[151.08989655040205,-33.52248748764396,6.400000095367432],[151.08991406857967,-33.522487906739116,6.400000095367432],[151.08996528200805,-33.52248287759721,6.400000095367432],[151.0899973846972,-33.52249159477651,6.199999809265137],[151.09007609076798,-33.52252051234245,6],[151.09019435942173,-33.52252244018018,5.800000190734863],[151.09029795974493,-33.52252051234245,6.199999809265137],[151.09042041935027,-33.52250617928803,5.199999809265137],[151.09054354950786,-33.52251783013344,5.199999809265137],[151.0905875544995,-33.522521601989865,5.199999809265137],[151.09062753617764,-33.5225354321301,5.400000095367432],[151.09064103104174,-33.52253409102559,5.400000095367432],[151.09073298051953,-33.52251397445798,5.400000095367432],[151.09075603075325,-33.52251498028636,5.199999809265137],[151.09082761220634,-33.52250634692609,5],[151.09087094664574,-33.52249930612743,5],[151.0908946674317,-33.52249218150973,5],[151.09100581146777,-33.52252436801791,5.400000095367432],[151.0910167079419,-33.522525541484356,5.599999904632568],[151.09104495495558,-33.522528475150466,5.599999904632568],[151.09110597521067,-33.522519171237946,5.599999904632568],[151.0911663249135,-33.52252218872309,5.599999904632568],[151.09119717031717,-33.52252118289471,5.599999904632568],[151.09120840206742,-33.52251858450472,5.400000095367432],[151.09125525690615,-33.52251405827701,5.400000095367432],[151.09130881726742,-33.52250861003995,5.199999809265137],[151.09132633544505,-33.52250684984028,5.199999809265137],[151.09138584695756,-33.52251070551574,5.199999809265137],[151.09140093438327,-33.52251397445798,5.199999809265137],[151.091413423419,-33.52251196280122,5],[151.09142281115055,-33.52250718511641,4.800000190734863],[151.0914739407599,-33.52249729447067,4.800000190734863],[151.09153001569211,-33.522479021921754,5],[151.09154510311782,-33.52246175520122,4.800000190734863],[151.09155759215355,-33.522457564249635,4.599999904632568],[151.09156572259963,-33.52247198112309,4.400000095367432],[151.09163059853017,-33.522446332499385,4.800000190734863],[151.09172120690346,-33.522458570078015,4.800000190734863],[151.0917575005442,-33.522458486258984,4.800000190734863],[151.09181156381965,-33.52245798334479,4.400000095367432],[151.09184148721397,-33.52245647460222,4.400000095367432],[151.0918539762497,-33.522459072992206,4.400000095367432],[151.0919192712754,-33.52244264446199,4.800000190734863],[151.09194768592715,-33.522446835413575,4.800000190734863],[151.09197886660695,-33.52243635803461,4.800000190734863],[151.09202320687473,-33.52244088426232,4.400000095367432],[151.09215664677322,-33.52245228365064,4.199999809265137],[151.0921885818243,-33.522452199831605,4.199999809265137],[151.09224574640393,-33.52242261171341,4.199999809265137],[151.0923233628273,-33.522428730502725,4.800000190734863],[151.0923577286303,-33.522420935332775,5],[151.09237843193114,-33.522421522066,4.800000190734863],[151.09243811108172,-33.52240115404129,4.599999904632568],[151.09250726178288,-33.52240961976349,4.800000190734863],[151.09253651462495,-33.522411128506064,4.800000190734863],[151.09258990734816,-33.52241632528603,4.599999904632568],[151.09261689707637,-33.522421941161156,4.800000190734863],[151.0926325712353,-33.52242269553244,4.800000190734863],[151.09272837638855,-33.52246846072376,4.400000095367432],[151.09275645576417,-33.52249603718519,4.400000095367432],[151.0928038135171,-33.52255160920322,4.400000095367432],[151.09284790232778,-33.52260106243193,5.400000095367432],[151.09284052625299,-33.52261036634445,5.599999904632568],[151.09283071942627,-33.522628052160144,6],[151.09283063560724,-33.52263777516782,6.199999809265137],[151.09282141551375,-33.52266241796315,6.599999904632568],[151.092806244269,-33.522693095728755,6.400000095367432],[151.09276475384831,-33.52274665609002,6],[151.09275612048805,-33.52276040241122,5.800000190734863],[151.09273080714047,-33.52283734828234,5.400000095367432],[151.0927054937929,-33.52297397330403,5.599999904632568],[151.09275318682194,-33.52306852117181,5.599999904632568],[151.09278277494013,-33.52311068214476,5.400000095367432],[151.092790318653,-33.523137252777815,5.400000095367432],[151.09280004166067,-33.52314773015678,5.199999809265137],[151.0928675159812,-33.52319793775678,5.400000095367432],[151.09292401000857,-33.52325367741287,5.599999904632568],[151.09294421039522,-33.523268261924386,5.400000095367432],[151.09296600334346,-33.523285780102015,5.400000095367432],[151.09297866001725,-33.523313608020544,5.400000095367432],[151.09302115626633,-33.523354260250926,5],[151.09305024147034,-33.52337244898081,5],[151.09305971302092,-33.52338342927396,5],[151.09314512461424,-33.523456854745746,5.199999809265137],[151.09316012822092,-33.52346649393439,5.199999809265137],[151.09317270107567,-33.523478312417865,5.199999809265137],[151.09325660392642,-33.523569675162435,5.199999809265137],[151.09335165470839,-33.523672772571445,5.599999904632568],[151.0933937318623,-33.52372348308563,5.800000190734863],[151.09341418370605,-33.52374301292002,6],[151.09342868439853,-33.52374888025224,6.199999809265137],[151.0934526566416,-33.5237632971257,6.199999809265137],[151.0935459472239,-33.52383093908429,6.199999809265137],[151.093678381294,-33.52394862100482,6.400000095367432],[151.09377996996045,-33.523976197466254,6],[151.09384207986295,-33.52399555966258,5.800000190734863],[151.09386605210602,-33.52399195544422,5.800000190734863],[151.09387770295143,-33.5239945538342,5.800000190734863],[151.09396068379283,-33.52403847500682,5.400000095367432],[151.09401131048799,-33.524060100317,5],[151.09404458664358,-33.524078875780106,5],[151.0940522979945,-33.52408692240715,5],[151.0940621048212,-33.52409966289997,5],[151.09413737431169,-33.52416227571666,5],[151.09416285529733,-33.524174680933356,5],[151.0941873304546,-33.524192702025175,5],[151.0942140687257,-33.52421541698277,5],[151.09428917057812,-33.52428691461682,5.199999809265137],[151.09429989941418,-33.52429253049195,5.199999809265137],[151.09440869651735,-33.524378361180425,5.400000095367432],[151.09447415918112,-33.5244419798255,5.599999904632568],[151.09448581002653,-33.52446570061147,6],[151.09448614530265,-33.52448606863618,6.400000095367432],[151.0945264622569,-33.52451657876372,6.599999904632568],[151.09454012475908,-33.524526385590434,6.800000190734863],[151.0945528652519,-33.524541053920984,7.199999809265137],[151.09457943588495,-33.52455362677574,7.599999904632568],[151.09461145475507,-33.5245643556118,8.199999809265137],[151.0946234408766,-33.52456770837307,8.199999809265137],[151.09467716887593,-33.524575252085924,8.800000190734863],[151.09469493851066,-33.524586064741015,9],[151.09470172785223,-33.52459595538676,9.199999809265137],[151.09476593323052,-33.52463694289327,9.800000190734863],[151.0947745665908,-33.52464306168258,9.800000190734863],[151.09483206644654,-33.524671979248524,9.800000190734863],[151.09493122436106,-33.52471883408725,10],[151.0949493292719,-33.52471464313567,9.800000190734863],[151.09500414691865,-33.52472444996238,9.199999809265137],[151.09503800980747,-33.52473517879844,8.800000190734863],[151.09508218243718,-33.52475035004318,8.199999809265137],[151.09513993375003,-33.524764347821474,7.800000190734863],[151.09517119824886,-33.52474456652999,7.199999809265137],[151.09523456543684,-33.52473224513233,6.199999809265137],[151.09525015577674,-33.52473040111363,6.199999809265137],[151.0953431110829,-33.5247562173754,6.199999809265137],[151.09546640887856,-33.524810783565044,5.599999904632568],[151.09547981992364,-33.524809777736664,5.800000190734863],[151.09549398534,-33.52481254376471,5.800000190734863],[151.09551309607923,-33.52482813410461,6],[151.09552323818207,-33.524833330884576,6],[151.0955751221627,-33.52485554292798,6],[151.0955899581313,-33.52484816685319,6],[151.09562356956303,-33.524841628968716,6],[151.09566824510694,-33.52485747076571,5.800000190734863],[151.09568517655134,-33.52485889568925,5.800000190734863],[151.09569850377738,-33.524857722222805,6],[151.09578617848456,-33.52491572499275,5.400000095367432],[151.0958105698228,-33.524928130209446,5.400000095367432],[151.0958233103156,-33.52493366226554,5.199999809265137],[151.09583739191294,-33.52494506165385,5.199999809265137],[151.0958653036505,-33.524963250383735,5],[151.09587921760976,-33.52496693842113,5],[151.0959865897894,-33.52504790760577,5.199999809265137],[151.09602078795433,-33.52506383322179,5.199999809265137],[151.0960637871176,-33.52508772164583,5.199999809265137],[151.09612874686718,-33.52511705830693,5.199999809265137],[151.0961834806949,-33.52514882571995,5.199999809265137],[151.09620192088187,-33.52516776882112,5.400000095367432],[151.09625707380474,-33.525183610618114,5.400000095367432],[151.09636344015598,-33.525228118523955,5],[151.09646243043244,-33.52531830780208,5],[151.09652755782008,-33.52539366111159,5],[151.09655781649053,-33.52543313987553,5],[151.0965806990862,-33.52547815069556,5],[151.09657709486783,-33.525521233677864,4.800000190734863],[151.09658162109554,-33.525538835674524,5],[151.09657801687717,-33.52554487064481,5],[151.09657432883978,-33.52562072686851,5.199999809265137],[151.0965709760785,-33.52578626945615,5.800000190734863],[151.09657483175397,-33.52581828832626,6],[151.0965664498508,-33.52584024891257,6.199999809265137],[151.09656368382275,-33.52585491724312,6.199999809265137],[151.09656401909888,-33.52586103603244,6.199999809265137],[151.09657131135464,-33.5258939769119,6.400000095367432],[151.0965735744685,-33.52590604685247,6.400000095367432],[151.096564354375,-33.52595994248986,6.400000095367432],[151.09657575376332,-33.52602129802108,6.400000095367432],[151.09660224057734,-33.52615934796631,6.599999904632568],[151.09661070629954,-33.52617535740137,6.599999904632568],[151.0966438986361,-33.52620553225279,6.800000190734863],[151.09673526138067,-33.526229755952954,6.800000190734863],[151.09677297994494,-33.52624232880771,6.800000190734863],[151.09682142734528,-33.52622891776264,6.800000190734863],[151.09689342789352,-33.526146691292524,7],[151.09693148173392,-33.52614702656865,6.800000190734863],[151.09696014784276,-33.52613562718034,6.800000190734863],[151.09697288833559,-33.526108134537935,7],[151.09700054861605,-33.52608525194228,7],[151.09701722860336,-33.526063626632094,7],[151.09703457914293,-33.52602808736265,7],[151.0970440506935,-33.526019621640444,7],[151.09706743620336,-33.526012413203716,6.800000190734863],[151.0970963537693,-33.52599841542542,6.599999904632568],[151.09710783697665,-33.5259856749326,6.599999904632568],[151.09711848199368,-33.52596706710756,6.599999904632568],[151.0971394367516,-33.52595499716699,6.800000190734863],[151.09721043147147,-33.525844272226095,6.400000095367432],[151.09725116752088,-33.52582893334329,6],[151.09729584306479,-33.52580118924379,5.800000190734863],[151.09731763601303,-33.52578107267618,5.800000190734863],[151.0973455477506,-33.52576388977468,5.800000190734863],[151.0973592940718,-33.52575265802443,5.800000190734863],[151.09737555496395,-33.525752909481525,5.599999904632568],[151.09739692881703,-33.52573949843645,5.599999904632568],[151.09748393297195,-33.52567479014397,5.199999809265137],[151.09752466902137,-33.525638999417424,5.199999809265137],[151.09754864126444,-33.52562039159238,5.199999809265137],[151.09755576588213,-33.525612093508244,5.400000095367432],[151.09757294878364,-33.525588288903236,5.400000095367432],[151.0975823365152,-33.52558267302811,5.400000095367432],[151.09762139618397,-33.52555928751826,5.400000095367432],[151.09766967594624,-33.52551905438304,5.400000095367432],[151.09768115915358,-33.525500446558,5.400000095367432],[151.09769607894123,-33.52549256756902,5.400000095367432],[151.09774771146476,-33.525493405759335,5.400000095367432],[151.09776187688112,-33.525485610589385,5.400000095367432],[151.09788215719163,-33.52541193366051,5.599999904632568],[151.0978907905519,-33.525403467938304,5.599999904632568],[151.09793060459197,-33.52537740021944,5.599999904632568],[151.09794829040766,-33.52537748403847,5.599999904632568],[151.0979801416397,-33.52535778656602,5.599999904632568],[151.0980123281479,-33.525314116850495,5.400000095367432],[151.0980987455696,-33.52526650764048,5.199999809265137],[151.09812615439296,-33.52525879628956,5],[151.09819279052317,-33.525236919522285,4.800000190734863],[151.09823763370514,-33.52521403692663,4.800000190734863],[151.09828222543,-33.52518721483648,4.800000190734863],[151.09829840250313,-33.52518193423748,4.800000190734863],[151.0983340255916,-33.525176737457514,4.800000190734863],[151.09838641248643,-33.52514731697738,5],[151.09840116463602,-33.52514413185418,5],[151.09847375191748,-33.5251360014081,5],[151.0985316708684,-33.52512150071561,4.800000190734863],[151.09857542440295,-33.525100545957685,5],[151.0985866561532,-33.525096103549004,5],[151.09863300807774,-33.525082524865866,5],[151.09867550432682,-33.52508520707488,4.800000190734863],[151.09871213324368,-33.52507355622947,4.599999904632568],[151.09880961477757,-33.52505402639508,4.400000095367432],[151.0988435614854,-33.525035083293915,4.400000095367432],[151.09891128726304,-33.52498554624617,4.800000190734863],[151.09892293810844,-33.524976493790746,4.800000190734863],[151.09895830973983,-33.52495327591896,5],[151.09896895475686,-33.524943301454186,5],[151.09898798167706,-33.52492050267756,5],[151.09902863390744,-33.52491756901145,5],[151.09913826920092,-33.524929052218795,5],[151.09917632304132,-33.52492092177272,5.199999809265137],[151.09925997443497,-33.52488026954234,5.400000095367432],[151.0993057396263,-33.52488974109292,5.599999904632568],[151.0993390996009,-33.524864092469215,5.599999904632568],[151.0993797518313,-33.524848418310285,5.400000095367432],[151.09941260889173,-33.524844478815794,5.400000095367432],[151.09942845068872,-33.52484372444451,5.400000095367432],[151.0994622297585,-33.52484020404518,5.400000095367432],[151.0995182208717,-33.52482620626688,5.599999904632568],[151.09955132938921,-33.52481941692531,5.599999904632568],[151.09958175569773,-33.52481061592698,5.599999904632568],[151.09959315508604,-33.52479946799576,5.599999904632568],[151.09960296191275,-33.52478337474167,5.599999904632568],[151.09964126721025,-33.52475579828024,5.599999904632568],[151.09965652227402,-33.52475336752832,5.599999904632568],[151.09978845342994,-33.52473048493266,5.400000095367432],[151.09982608817518,-33.52471958845854,5.400000095367432],[151.0998523235321,-33.524691592901945,5.400000095367432],[151.09989708289504,-33.52464867755771,5.400000095367432],[151.09992692247033,-33.52462721988559,5.400000095367432],[151.09994360245764,-33.52462881244719,5.400000095367432],[151.0999990068376,-33.52462437003851,5.199999809265137],[151.1000402458012,-33.52459662593901,5.199999809265137],[151.1000632122159,-33.52458958514035,5.199999809265137],[151.1001335363835,-33.52456527762115,5.199999809265137],[151.10016664490104,-33.524545999243855,5.199999809265137],[151.1002159304917,-33.524515153840184,5],[151.10028332099319,-33.52447969838977,4.800000190734863],[151.1003158427775,-33.5244589112699,4.800000190734863],[151.100420281291,-33.524408116936684,5.199999809265137],[151.10053083859384,-33.524329578503966,4.599999904632568],[151.10054223798215,-33.5243209451437,4.599999904632568],[151.10060610808432,-33.52426336146891,4.400000095367432],[151.10061658546329,-33.52426051162183,4.400000095367432],[151.10064692795277,-33.52425405755639,4.400000095367432],[151.10066344030201,-33.52424710057676,4.599999904632568],[151.10069235786796,-33.5242448374629,4.599999904632568],[151.10072353854775,-33.524247938767076,4.599999904632568],[151.10074575059116,-33.52425682358444,4.199999809265137],[151.10076662153006,-33.52426277473569,4],[151.1008042562753,-33.52427165955305,4],[151.10082613304257,-33.524294374510646,4],[151.1008587386459,-33.52432128041983,4.400000095367432],[151.10090358182788,-33.52434248663485,4.400000095367432],[151.10093358904123,-33.5243518743664,4.400000095367432],[151.100943563506,-33.52436101064086,4.400000095367432],[151.10102210193872,-33.524407194927335,4.199999809265137],[151.1010495107621,-33.52443058043718,4.199999809265137],[151.10106728039682,-33.52444181218743,4.599999904632568],[151.10111514106393,-33.5244454164058,4.800000190734863],[151.10113081522286,-33.52444365620613,4.599999904632568],[151.10115621238947,-33.52444600313902,4.400000095367432],[151.10119560733438,-33.524434017017484,4.400000095367432],[151.10120750963688,-33.5244330111891,4.400000095367432],[151.10121949575841,-33.524437956511974,4.400000095367432],[151.10123600810766,-33.52444499731064,4.400000095367432],[151.10127347521484,-33.52443435229361,4.400000095367432],[151.10128269530833,-33.52442488074303,4.400000095367432],[151.10133323818445,-33.524346174672246,4.400000095367432],[151.10133851878345,-33.5243365354836,4.199999809265137],[151.1013798415661,-33.524254309013486,4.199999809265137],[151.10147707164288,-33.524176022037864,4],[151.10150573775172,-33.52416152134538,4],[151.10151428729296,-33.524160515516996,4],[151.10152350738645,-33.52415724657476,4],[151.10156784765422,-33.52412489242852,4],[151.10158201307058,-33.52412338368595,4],[151.10161914490163,-33.5241084638983,3.799999952316284],[151.10163238830864,-33.52410100400448,3.799999952316284],[151.10164370387793,-33.524088598787785,3.5999999046325684],[151.10171017237008,-33.52404576726258,3.799999952316284],[151.10172165557742,-33.524032942950726,3.799999952316284],[151.10179960727692,-33.523965552449226,3.799999952316284],[151.10187915153801,-33.52391727268696,4],[151.1018978431821,-33.5239099804312,3.799999952316284],[151.10200286842883,-33.52384937927127,3.5999999046325684],[151.1020181234926,-33.52384879253805,3.799999952316284],[151.1020979192108,-33.523805709555745,4],[151.1021756194532,-33.52374888025224,4],[151.10218483954668,-33.52373354136944,4],[151.1021928023547,-33.523724572733045,4],[151.1022663116455,-33.5236855968833,4],[151.10227972269058,-33.523688949644566,4],[151.1023006774485,-33.523687943816185,4],[151.10230704769492,-33.52367830462754,4],[151.1023381445557,-33.52364771068096,4.199999809265137],[151.10240511596203,-33.52362415753305,4.199999809265137],[151.10255029052496,-33.52358652278781,4.199999809265137],[151.102582141757,-33.523571603000164,4.400000095367432],[151.102632349357,-33.52353136986494,4.400000095367432],[151.10271323472261,-33.523480826988816,4.199999809265137],[151.10274902544916,-33.52348107844591,4.199999809265137],[151.1027951259166,-33.523431876674294,4.199999809265137],[151.1028817947954,-33.523394241929054,4.199999809265137],[151.1029264703393,-33.52338183671236,4.199999809265137],[151.102938875556,-33.523383596912026,4.400000095367432],[151.10297952778637,-33.52339315228164,4.400000095367432],[151.103007607162,-33.52340589277446,4.199999809265137],[151.1030247900635,-33.523411843925714,4.199999809265137],[151.10309662297368,-33.5234141908586,4.400000095367432],[151.10311221331358,-33.52340983226895,4.400000095367432],[151.1031547933817,-33.52340396493673,4.400000095367432],[151.10318907536566,-33.52339851669967,4.400000095367432],[151.10322469845414,-33.52337923832238,4.599999904632568],[151.10325344838202,-33.52337211370468,4.400000095367432],[151.10326560214162,-33.52335845120251,4.400000095367432],[151.10334657132626,-33.52326951920986,4.599999904632568],[151.10340742394328,-33.52322350256145,4.800000190734863],[151.10342343337834,-33.52322408929467,4.800000190734863],[151.10343114472926,-33.523224759846926,4.800000190734863],[151.10347104258835,-33.52319064550102,4.800000190734863],[151.10357380472124,-33.52314731106162,4.800000190734863],[151.10360473394394,-33.523120656609535,4.800000190734863],[151.1036368366331,-33.52309852838516,4.599999904632568],[151.10365175642073,-33.52309073321521,4.599999904632568],[151.10367975197732,-33.523079585283995,4.599999904632568],[151.10372861847281,-33.523048320785165,4.400000095367432],[151.10375426709652,-33.52303348481655,4.400000095367432],[151.10379450023174,-33.52303583174944,4],[151.10383925959468,-33.5230206605047,4.400000095367432],[151.10388728789985,-33.522992581129074,4.400000095367432],[151.10392668284476,-33.52297766134143,4.400000095367432],[151.10399742610753,-33.52294287644327,4.199999809265137],[151.10404646024108,-33.52292200550437,4.400000095367432],[151.10407336615026,-33.52291186340153,4.599999904632568],[151.10409239307046,-33.52289845235646,4.599999904632568],[151.10412030480802,-33.522866601124406,4.400000095367432],[151.10412692651153,-33.52284975349903,4.400000095367432],[151.10413086600602,-33.522828463464975,4.400000095367432],[151.10414419323206,-33.522792840376496,4.400000095367432],[151.10413430258632,-33.522752188146114,4.800000190734863],[151.10413773916662,-33.52272083982825,4.800000190734863],[151.10413539223373,-33.52269963361323,4.800000190734863],[151.10414226539433,-33.522689659148455,4.599999904632568],[151.10414410941303,-33.5226474981755,4.599999904632568],[151.1041371524334,-33.5226406250149,5],[151.10413497313857,-33.52262721396983,5.199999809265137],[151.1041353084147,-33.52259167470038,5],[151.1041398346424,-33.52259175851941,4.800000190734863],[151.10414519906044,-33.52258932776749,4.599999904632568],[151.104151988402,-33.522594859823585,4.400000095367432],[151.10415265895426,-33.52258974686265,4.400000095367432],[151.10414712689817,-33.522587064653635,4.400000095367432],[151.10414201393723,-33.52257859893143,4.599999904632568],[151.10414201393723,-33.52257859893143,4.599999904632568],[151.10414201393723,-33.522578766569495,4.599999904632568],[151.1041408404708,-33.52257952094078,4.800000190734863],[151.104133464396,-33.52258061058819,4],[151.10414318740368,-33.5225697979331,4.599999904632568],[151.1041437741369,-33.52256787009537,4.599999904632568],[151.10414704307914,-33.522564601153135,4.400000095367432],[151.10414704307914,-33.5225647687912,4.400000095367432],[151.1041469592601,-33.52256543934345,4.400000095367432],[151.10414704307914,-33.52256627753377,4.599999904632568],[151.10414637252688,-33.52257130667567,4.400000095367432],[151.10414226539433,-33.52257709018886,3.5999999046325684],[151.10414226539433,-33.5225819516927,3.5999999046325684],[151.10414989292622,-33.52258438244462,4.199999809265137],[151.10415031202137,-33.5225835442543,4.199999809265137],[151.10415819101036,-33.522572899237275,3.799999952316284],[151.10415651462972,-33.5225716419518,3.4000000953674316],[151.1041551735252,-33.52256963029504,3.200000047683716],[151.10415492206812,-33.522569462656975,3.200000047683716],[151.10415425151587,-33.52256887592375,3.799999952316284],[151.1041535809636,-33.522568456828594,4],[151.1041535809636,-33.522568456828594,4],[151.10415332950652,-33.52256828919053,4],[151.10415332950652,-33.522568037733436,4],[151.10415215604007,-33.52256828919053,4.199999809265137],[151.1041522398591,-33.52256828919053,4.199999809265137],[151.10415735282004,-33.52252763696015,4],[151.104151988402,-33.52250626310706,4.400000095367432],[151.1041514016688,-33.52251213043928,4.199999809265137],[151.10414980910718,-33.52251347154379,4.199999809265137],[151.10414687544107,-33.52250534109771,4.199999809265137],[151.1041479650885,-33.52250316180289,4.599999904632568],[151.1041469592601,-33.52249880321324,4.199999809265137],[151.10413891263306,-33.52249654009938,3.5999999046325684],[151.10412986017764,-33.52250123396516,3.4000000953674316],[151.10412248410285,-33.52250458672643,3.4000000953674316],[151.1041220650077,-33.52250676602125,3.799999952316284],[151.10413447022438,-33.522511878982186,3.5999999046325684],[151.10414151102304,-33.522520177066326,4],[151.10412910580635,-33.52253157645464,4.800000190734863],[151.10412885434926,-33.522532833740115,5],[151.1041284352541,-33.52253291755915,5.400000095367432],[151.10412784852087,-33.52253350429237,4.800000190734863],[151.10412809997797,-33.522534342482686,4.800000190734863],[151.10413815826178,-33.522550435736775,4.599999904632568],[151.10413815826178,-33.522566528990865,3.5999999046325684],[151.10415215604007,-33.52262654341757,3.5999999046325684],[151.1041561793536,-33.52263894863427,3.5999999046325684],[151.10422868281603,-33.5226511862129,3.799999952316284],[151.1042531579733,-33.52265177294612,4.199999809265137],[151.10426765866578,-33.522635595873,4.199999809265137],[151.10426732338965,-33.52263760752976,4.199999809265137],[151.10427386127412,-33.52262729778886,4.400000095367432],[151.10427503474057,-33.52262629196048,4.599999904632568],[151.10427503474057,-33.52262629196048,4.599999904632568],[151.10427503474057,-33.52262629196048,4.599999904632568],[151.10427503474057,-33.52262729778886,4.599999904632568],[151.10427503474057,-33.52262738160789,4.599999904632568],[151.1042698379606,-33.52262972854078,4.199999809265137],[151.1042492184788,-33.522618832066655,4],[151.10421711578965,-33.52264397777617,4],[151.10421602614224,-33.522651018574834,4],[151.10420839861035,-33.52269485592842,4],[151.10420387238264,-33.52273592725396,3.799999952316284],[151.1042246595025,-33.522776160389185,4],[151.10420647077262,-33.52280147373676,4],[151.10415400005877,-33.52285017259419,4],[151.10409096814692,-33.52288520894945,3.799999952316284],[151.10404956154525,-33.52291873656213,3.5999999046325684],[151.10402726568282,-33.522916389629245,3.5999999046325684],[151.10393598675728,-33.522937931120396,3.799999952316284],[151.10385459847748,-33.52298696525395,4],[151.10384294763207,-33.52300255559385,4],[151.1038115993142,-33.52302862331271,4],[151.10380506142974,-33.52302870713174,4.199999809265137],[151.1037800833583,-33.5230362508446,4.199999809265137],[151.10373448580503,-33.52307103574276,4.599999904632568],[151.10369986854494,-33.52309266105294,4.599999904632568],[151.1036342382431,-33.523119734600186,4.599999904632568],[151.10357707366347,-33.523149993270636,4.800000190734863],[151.10355930402875,-33.52316399104893,4.800000190734863],[151.10351219773293,-33.52320212870836,4.800000190734863],[151.10348126851022,-33.5232278611511,4.800000190734863],[151.1034183204174,-33.52325736545026,4.800000190734863],[151.1033435538411,-33.52330690249801,4.599999904632568],[151.10326568596065,-33.523352751508355,4.800000190734863],[151.10321011394262,-33.523376639932394,4.599999904632568],[151.10319016501307,-33.52339390665293,4.400000095367432],[151.10318488441408,-33.523393236100674,4.400000095367432],[151.10316845588386,-33.523368928581476,4.400000095367432],[151.1031178291887,-33.523354763165116,4.400000095367432],[151.10310475341976,-33.52334948256612,4.400000095367432],[151.10306368209422,-33.523316541686654,4.400000095367432],[151.10294700600207,-33.523384016007185,4.199999809265137],[151.10293057747185,-33.52339390665293,4.199999809265137],[151.1029095388949,-33.5233970079571,4.199999809265137],[151.1028749216348,-33.52339876815677,4.199999809265137],[151.10286167822778,-33.523404551669955,4.400000095367432],[151.10282245092094,-33.523440761491656,4.599999904632568],[151.10279638320208,-33.523443192243576,4.400000095367432],[151.10278339125216,-33.52345081977546,4.400000095367432],[151.10264886170626,-33.5235301963985,4.400000095367432],[151.10256135463715,-33.523599933832884,4.599999904632568],[151.10250066965818,-33.523631952703,4.599999904632568],[151.1024745181203,-33.52364377118647,4.599999904632568],[151.10245582647622,-33.52364670485258,4.599999904632568],[151.10244501382113,-33.52365651167929,4.599999904632568],[151.10240922309458,-33.52367101237178,4.599999904632568],[151.10234602354467,-33.52370345033705,4.400000095367432],[151.1023133341223,-33.52371216751635,4.400000095367432],[151.10226488672197,-33.52371174842119,4],[151.1022351309657,-33.52372239343822,4],[151.10222440212965,-33.52373018860817,3.799999952316284],[151.1022163555026,-33.52373915724456,3.799999952316284],[151.10218190588057,-33.52376245893538,4.400000095367432],[151.1021544970572,-33.523767571896315,4.400000095367432],[151.1021394096315,-33.52378140203655,4.599999904632568],[151.10211267136037,-33.52381425909698,4.599999904632568],[151.10209942795336,-33.52380872704089,4.599999904632568],[151.10208358615637,-33.5238132532686,4.400000095367432],[151.10198333859444,-33.52387519553304,4.400000095367432],[151.10194930806756,-33.52389430627227,4.400000095367432],[151.10189951956272,-33.523922972381115,4.599999904632568],[151.1018650699407,-33.52393495850265,4.599999904632568],[151.10180187039077,-33.52397401817143,4.599999904632568],[151.10172458924353,-33.52402330376208,4.599999904632568],[151.10170514322817,-33.52402254939079,4.800000190734863],[151.1016784887761,-33.524035373702645,5],[151.10162761062384,-33.52405037730932,5],[151.1016153730452,-33.52406152524054,5],[151.10160958953202,-33.52406739257276,5],[151.10155175440013,-33.52410536259413,5],[151.10154538415372,-33.52411760017276,5],[151.1015122756362,-33.52415808476508,5],[151.1014987807721,-33.52416747249663,5],[151.101469444111,-33.524187840521336,5],[151.10140029340982,-33.52426763623953,4.800000190734863],[151.10139953903854,-33.524272330105305,4.800000190734863],[151.10139610245824,-33.524280209094286,4.800000190734863],[151.10137363895774,-33.52431004866958,5],[151.10133642330766,-33.52433335036039,5],[151.1012956034392,-33.524348521605134,5],[151.1012392770499,-33.52440007030964,5],[151.10115084797144,-33.524414990097284,4.800000190734863],[151.10109854489565,-33.524408703669906,4.800000190734863],[151.1010661907494,-33.5243848990649,4.800000190734863],[151.10105143859982,-33.52437953464687,4.800000190734863],[151.1009882390499,-33.52435019798577,5],[151.10093945637345,-33.52432639338076,5],[151.1009133886546,-33.52431298233569,5.199999809265137],[151.10090341418982,-33.52430451661348,5.199999809265137],[151.1008785199374,-33.52429211139679,5.400000095367432],[151.10084909945726,-33.52429102174938,5.400000095367432],[151.10083342529833,-33.524284986779094,5.400000095367432],[151.1008206848055,-33.5242760181427,5.400000095367432],[151.1007952876389,-33.52426394820213,5],[151.1007733270526,-33.524246513843536,5],[151.10074197873473,-33.52424626238644,5],[151.1006504483521,-33.52426880970597,5.400000095367432],[151.10063653439283,-33.524273755028844,5.199999809265137],[151.10062262043357,-33.524280628189445,5],[151.10053243115544,-33.52430870756507,5.199999809265137],[151.10050711780787,-33.524308037012815,5.400000095367432],[151.10044014640152,-33.52432128041983,5.599999904632568],[151.10042757354677,-33.524329494684935,5.800000190734863],[151.1003573331982,-33.524334859102964,5.599999904632568],[151.10034115612507,-33.52434248663485,5.599999904632568],[151.10018701292574,-33.52440644055605,5],[151.10005457885563,-33.52445689961314,4.800000190734863],[151.1000013537705,-33.524487325921655,5],[151.0999746993184,-33.52449595928192,5.400000095367432],[151.09990177676082,-33.5245421435684,6.199999809265137],[151.09988274984062,-33.524559661746025,6.199999809265137],[151.09985265880823,-33.52457541972399,6.199999809265137],[151.09982063993812,-33.52457734756172,6],[151.0997344739735,-33.524621687829494,5.800000190734863],[151.09972366131842,-33.52463224902749,5.599999904632568],[151.09967228025198,-33.524658400565386,5],[151.09965124167502,-33.52467583492398,5],[151.09951897524297,-33.5247300658375,5],[151.09950983896852,-33.52473869919777,5],[151.09949273988605,-33.52474942803383,4.800000190734863],[151.09946717508137,-33.52475931867957,4.599999904632568],[151.099413363263,-33.52477775886655,4.599999904632568],[151.09938260167837,-33.524801982566714,4.599999904632568],[151.0993020515889,-33.52482050657272,5.199999809265137],[151.09926994889975,-33.52482293732464,5.199999809265137],[151.09924111515284,-33.52484229952097,5],[151.09918462112546,-33.52487415075302,5],[151.09914681874216,-33.52488035336137,4.800000190734863],[151.09908554702997,-33.5248854663223,4.400000095367432],[151.0989526938647,-33.52493324317038,4],[151.09887348487973,-33.52495729923248,4.400000095367432],[151.09880668111145,-33.524982864037156,4.400000095367432],[151.098742056638,-33.52501136250794,4.199999809265137],[151.09862462617457,-33.52507112547755,4.400000095367432],[151.09861423261464,-33.52506894618273,4.599999904632568],[151.098604593426,-33.525068778544664,4.800000190734863],[151.09852924011648,-33.52507774718106,5.400000095367432],[151.09845405444503,-33.52509677410126,5.400000095367432],[151.09841625206172,-33.525094762444496,5.400000095367432],[151.09836973249912,-33.52510096505284,5.199999809265137],[151.0983012523502,-33.525151591748,4.800000190734863],[151.0982859134674,-33.525156285613775,4.800000190734863],[151.0982705745846,-33.525160225108266,4.800000190734863],[151.09822682105005,-33.52520582266152,4.599999904632568],[151.09815842472017,-33.525231974199414,4.800000190734863],[151.0981429181993,-33.525239769369364,5],[151.09810084104538,-33.52526608854532,5.199999809265137],[151.09807753935456,-33.525276901200414,5.199999809265137],[151.09806060791016,-33.5252914018929,5.199999809265137],[151.09802749939263,-33.52531763724983,5.199999809265137],[151.09798735007644,-33.525358540937304,5.199999809265137],[151.097917445004,-33.52538662031293,5.400000095367432],[151.09788819216192,-33.525384524837136,5.400000095367432],[151.09787444584072,-33.525396259501576,5.400000095367432],[151.09786019660532,-33.525426015257835,5.400000095367432],[151.0977954044938,-33.52545459754765,5.400000095367432],[151.09766950830817,-33.52551461197436,5.199999809265137],[151.0976333823055,-33.52552995085716,5.199999809265137],[151.0976042971015,-33.52555811405182,5.199999809265137],[151.09758174978197,-33.5255763027817,5.199999809265137],[151.09754503704607,-33.52560496889055,5.400000095367432],[151.09749114140868,-33.52564939297736,5.400000095367432],[151.0974465496838,-33.52567001245916,5.400000095367432],[151.09741277061403,-33.5256799031049,5.400000095367432],[151.09737773425877,-33.525693314149976,5.400000095367432],[151.09733959659934,-33.52574528194964,5.599999904632568],[151.0973328910768,-33.52577260695398,5.599999904632568],[151.09732241369784,-33.525801273062825,5.599999904632568],[151.09731587581336,-33.525812504813075,5.800000190734863],[151.09724127687514,-33.5258958209306,6],[151.09721043147147,-33.52592716924846,6.199999809265137],[151.09718268737197,-33.52595591917634,6.400000095367432],[151.0971711203456,-33.525962037965655,6.400000095367432],[151.09715485945344,-33.52597159333527,6.599999904632568],[151.0971375927329,-33.52597628720105,6.800000190734863],[151.09711152501404,-33.52599640376866,6.800000190734863],[151.09710381366313,-33.526005540043116,6.800000190734863],[151.09704128466547,-33.526035379618406,7],[151.09702678397298,-33.52604485116899,7],[151.09693315811455,-33.52609866298735,7.199999809265137],[151.09685168601573,-33.52615180425346,7.199999809265137],[151.0968307312578,-33.52615348063409,7],[151.09671749174595,-33.52617720142007,7],[151.0966801084578,-33.52617644704878,7.199999809265137],[151.09661598689854,-33.526160940527916,7],[151.09660148620605,-33.52615381591022,7],[151.0965175833553,-33.526127245277166,6.800000190734863],[151.09649285674095,-33.526077372953296,6.400000095367432],[151.09649461694062,-33.526061698794365,6.400000095367432],[151.09649813733995,-33.52596170268953,6.400000095367432],[151.0964993108064,-33.52590696886182,6.400000095367432],[151.09648841433227,-33.52588743902743,6.199999809265137],[151.09649260528386,-33.52582407183945,5.800000190734863],[151.09648866578937,-33.52578928694129,5.599999904632568],[151.09651372767985,-33.52569876238704,5.400000095367432],[151.09649922698736,-33.52567973546684,5.400000095367432],[151.09650685451925,-33.52560840547085,5.199999809265137],[151.0965212713927,-33.52554051205516,5],[151.09652479179204,-33.52549256756902,5],[151.09647299163043,-33.525375137105584,5],[151.0964435711503,-33.525313613936305,4.800000190734863],[151.09642487950623,-33.52528654038906,4.800000190734863],[151.09639906324446,-33.52527413517237,4.800000190734863],[151.09638716094196,-33.52527279406786,5],[151.09637869521976,-33.52526508271694,5],[151.0963610932231,-33.525230549275875,5],[151.09633083455265,-33.525200290605426,5],[151.0963077004999,-33.52517740800977,4.800000190734863],[151.09624953009188,-33.52508663199842,4.599999904632568],[151.09619161114097,-33.52507933974266,4.599999904632568],[151.09615774825215,-33.52507699280977,4.800000190734863],[151.0961425770074,-33.52507774718106,4.800000190734863],[151.09609723091125,-33.525059055536985,5],[151.09602078795433,-33.525039441883564,5],[151.0959979891777,-33.5250239353627,4.800000190734863],[151.0959342867136,-33.52497624233365,4.800000190734863],[151.09592967666686,-33.524961322546005,4.800000190734863],[151.0959181934595,-33.52495763450861,4.800000190734863],[151.09587284736335,-33.52495436556637,4.800000190734863],[151.09578131698072,-33.52492595091462,5],[151.09575793147087,-33.524919329211116,5],[151.09570772387087,-33.52489938028157,5.400000095367432],[151.0956649761647,-33.524890411645174,5.599999904632568],[151.09565190039575,-33.52488596923649,5.599999904632568],[151.0956317000091,-33.52489904500544,5.800000190734863],[151.09563253819942,-33.52491027675569,6],[151.09565642662346,-33.52492787875235,6.199999809265137],[151.09566564671695,-33.52494355291128,6.599999904632568],[151.09568760730326,-33.524959897622466,6.800000190734863],[151.0957125853747,-33.52496702224016,6.800000190734863],[151.09572113491595,-33.524974565953016,7],[151.0957421734929,-33.52501027286053,7.599999904632568],[151.0957518965006,-33.52501429617405,7.800000190734863],[151.09576287679374,-33.52501287125051,8],[151.0957712586969,-33.525017062202096,8],[151.09578953124583,-33.52503667585552,8.600000381469727],[151.095797913149,-33.52505394257605,9.199999809265137],[151.0958016011864,-33.525062911212444,9.399999618530273],[151.0958148445934,-33.525074729695916,9.800000190734863],[151.0958370566368,-33.52507992647588,10.199999809265137],[151.09586966224015,-33.525099121034145,11],[151.09587050043046,-33.52509928867221,11.600000381469727],[151.09587200917304,-33.525098115205765,12],[151.09587620012462,-33.52510389871895,12.199999809265137],[151.0958813969046,-33.52511320263147,12.199999809265137],[151.09588768333197,-33.525122087448835,12.199999809265137],[151.09592800028622,-33.52514329366386,13.199999809265137],[151.09593696892262,-33.525145975872874,13.399999618530273],[151.0959372203797,-33.52515259757638,13.600000381469727],[151.09595130197704,-33.52516776882112,14.199999809265137],[151.0959525592625,-33.52517816238105,14.399999618530273],[151.0959544032812,-33.525208001956344,15],[151.09597384929657,-33.52521135471761,15.600000381469727],[151.09600662253797,-33.52524949237704,16.200000762939453],[151.09601240605116,-33.52525971829891,16.600000381469727],[151.0960161779076,-33.52527430281043,17.200000762939453],[151.09604299999774,-33.52528645657003,18],[151.09605356119573,-33.525288132950664,18.399999618530273],[151.09605775214732,-33.525315541774035,19],[151.09604761004448,-33.525346806272864,19.600000381469727],[151.09604568220675,-33.5253743827343,20.200000762939453],[151.09603436663747,-33.52542534470558,21.200000762939453],[151.09601232223213,-33.52546717040241,22.399999618530273],[151.0960056167096,-33.52547706104815,22.600000381469727],[151.09599807299674,-33.52549466304481,23.399999618530273],[151.09598541632295,-33.52553456090391,23.799999237060547],[151.09595004469156,-33.52559155784547,24.399999618530273],[151.09591936692595,-33.5256368201226,25.600000381469727],[151.09590855427086,-33.52565987035632,26],[151.09588734805584,-33.52569214068353,26.600000381469727],[151.09588206745684,-33.525722566992044,27.399999618530273],[151.09588399529457,-33.52572625502944,27.799999237060547],[151.09587863087654,-33.52575701661408,29],[151.09586429782212,-33.52579305879772,30.200000762939453],[151.09585407190025,-33.52581904269755,31.200000762939453],[151.0958412475884,-33.52585030719638,31.799999237060547],[151.09582599252462,-33.525877548381686,32.400001525878906],[151.09581358730793,-33.52589540183544,33.20000076293945],[151.095811156556,-33.52590445429087,33.400001525878906],[151.0958010982722,-33.52592809125781,34.599998474121094],[151.09579464420676,-33.525938065722585,35],[151.09578433446586,-33.52595600299537,35.599998474121094],[151.09578349627554,-33.52596128359437,35.79999923706055],[151.09578358009458,-33.525975281372666,36.20000076293945],[151.09577075578272,-33.526003109291196,36.79999923706055],[151.09575499780476,-33.5260321944952,38],[151.09571183100343,-33.52611182257533,39],[151.09571686014533,-33.52611827664077,39.400001525878906],[151.09570663422346,-33.52617057971656,40.400001525878906],[151.09570370055735,-33.52618885226548,40.79999923706055],[151.09569397754967,-33.52621491998434,41.599998474121094],[151.0956879425794,-33.52623729966581,42],[151.0956956539303,-33.526260098442435,42.599998474121094],[151.0956959053874,-33.526306031271815,43.79999923706055],[151.0956792254001,-33.52634282782674,45],[151.0956782195717,-33.52635271847248,45.20000076293945],[151.09566061757505,-33.526401836425066,45.599998474121094],[151.09565366059542,-33.52643167600036,46],[151.09563413076103,-33.526460425928235,46.599998474121094],[151.0956335440278,-33.52647350169718,47],[151.09562910161912,-33.52650451473892,47.599998474121094],[151.09562759287655,-33.52652471512556,48.20000076293945],[151.095618205145,-33.52657056413591,49.20000076293945],[151.09561602585018,-33.52660090662539,49.79999923706055],[151.09559356234968,-33.5266574844718,50.400001525878906],[151.0955925565213,-33.52669863961637,50.79999923706055],[151.0955920536071,-33.52671917527914,51.400001525878906],[151.0955883655697,-33.52677105925977,52.599998474121094],[151.09559037722647,-33.52678597904742,53],[151.09559766948223,-33.52680165320635,53.599998474121094],[151.09557948075235,-33.52684515528381,54.400001525878906],[151.09556648880243,-33.52684951387346,54.79999923706055],[151.09553287737072,-33.52687206119299,55.20000076293945],[151.09551602974534,-33.52688513696194,55.79999923706055],[151.09550689347088,-33.526894273236394,56.20000076293945],[151.09550303779542,-33.52690567262471,56.400001525878906],[151.09548702836037,-33.526914389804006,56.79999923706055],[151.09548082575202,-33.52692159824073,57],[151.09543841332197,-33.52694892324507,58],[151.09543221071362,-33.52695319801569,58.20000076293945],[151.0954083222896,-33.52697708643973,59],[151.0953827574849,-33.52699292823672,60],[151.09529533423483,-33.527031652629375,61.20000076293945],[151.09529013745487,-33.527035089209676,61.400001525878906],[151.09524328261614,-33.527054451406,62.400001525878906],[151.09521721489727,-33.52707775309682,63.400001525878906],[151.0952186398208,-33.52708068676293,63.400001525878906],[151.09519416466355,-33.527086889371276,64.19999694824219],[151.09517857432365,-33.527104407548904,64.5999984741211],[151.09515845775604,-33.527111783623695,65.19999694824219],[151.09511227346957,-33.52714681997895,65.80000305175781],[151.09509232454002,-33.52716048248112,66],[151.0950621496886,-33.52717422880232,66.80000305175781],[151.09504647552967,-33.52718520909548,67.5999984741211],[151.09502191655338,-33.52719367481768,68],[151.0949693620205,-33.52719652466476,68.80000305175781],[151.09495921991765,-33.52719895541668,69],[151.0949070006609,-33.52721421048045,70.19999694824219],[151.09489040449262,-33.52722552604973,70.5999984741211],[151.09486115165055,-33.52723524905741,71.4000015258789],[151.09482829459012,-33.52725486271083,72.5999984741211],[151.094814799726,-33.527264166623354,72.80000305175781],[151.09476710669696,-33.52729559876025,73.5999984741211],[151.0947605688125,-33.52729870006442,73.80000305175781],[151.09473139978945,-33.52732753381133,74.5999984741211],[151.09472603537142,-33.52732937783003,75],[151.09469510614872,-33.527337508276105,75.80000305175781],[151.09468806535006,-33.52734069339931,75.80000305175781],[151.09465789049864,-33.527354607358575,77],[151.09461807645857,-33.52737095206976,78],[151.0946101974696,-33.527376651763916,78.19999694824219],[151.09455571509898,-33.52739743888378,79.19999694824219],[151.09453844837844,-33.52740179747343,79.4000015258789],[151.094505591318,-33.52741235867143,79.80000305175781],[151.09449863433838,-33.527420070022345,80.4000015258789],[151.09447415918112,-33.527433816343546,81.5999984741211],[151.09444574452937,-33.52745552547276,82.5999984741211],[151.09442646615207,-33.52747212164104,83.19999694824219],[151.0943942796439,-33.52748662233353,83.80000305175781],[151.09434625133872,-33.527495339512825,85],[151.09431456774473,-33.527490980923176,86],[151.09425840899348,-33.52748678997159,86.19999694824219],[151.0942291561514,-33.527484107762575,86.80000305175781],[151.09421649947762,-33.52748737670481,87.19999694824219],[151.09418640844524,-33.52749357931316,88.19999694824219],[151.0941735841334,-33.52749223820865,88.4000015258789],[151.09407920390368,-33.52750204503536,89],[151.09406202100217,-33.52750590071082,89.19999694824219],[151.09403109177947,-33.52749785408378,90.4000015258789],[151.09399622306228,-33.527502715587616,91.19999694824219],[151.0939865000546,-33.527506068348885,91.4000015258789],[151.09396646730602,-33.52750984020531,91.80000305175781],[151.09390846453607,-33.52750338613987,92.19999694824219],[151.0938787087798,-33.52749751880765,92.5999984741211],[151.09380184672773,-33.527485113590956,93.80000305175781],[151.09375138767064,-33.527479246258736,95],[151.09373051673174,-33.52747354656458,95.19999694824219],[151.09371836297214,-33.52747178636491,95.4000015258789],[151.09364275820553,-33.52746491320431,96],[151.0936209652573,-33.52745762094855,96],[151.09353320673108,-33.5274585429579,97],[151.0935221426189,-33.527458626776934,97],[151.0935028642416,-33.52746491320431,97],[151.0934943985194,-33.5274654161185,97.19999694824219],[151.0934719350189,-33.527462147176266,97.4000015258789],[151.09345626085997,-33.52745594456792,98.19999694824219],[151.09345827251673,-33.527455693110824,98.19999694824219],[151.09345936216414,-33.52745519019663,98.4000015258789],[151.09345936216414,-33.52745519019663,98],[151.09345936216414,-33.52745519019663,98],[151.09345936216414,-33.527452843263745,97.19999694824219],[151.09346045181155,-33.52745175361633,96.5999984741211],[151.09346053563058,-33.5274516697973,96.5999984741211],[151.09346196055412,-33.5274516697973,96.80000305175781],[151.09346355311573,-33.527451418340206,97],[151.09346355311573,-33.527451418340206,97.19999694824219],[151.09346330165863,-33.52745158597827,97.19999694824219],[151.09346170909703,-33.52745259180665,97],[151.0934608709067,-33.527453765273094,97],[151.09346078708768,-33.527454268187284,97],[151.09346061944962,-33.52745443582535,97],[151.09346045181155,-33.52745451964438,97],[151.09346045181155,-33.52745468728244,97],[151.0934602841735,-33.52745485492051,97],[151.0934600327164,-33.52745552547276,97.4000015258789],[151.09345961362123,-33.52746625430882,97.4000015258789],[151.09345961362123,-33.52746860124171,97.4000015258789],[151.09345961362123,-33.527469020336866,97.5999984741211],[151.0934595298022,-33.527469020336866,97.5999984741211],[151.093459026888,-33.527469020336866,97.4000015258789],[151.0934586916119,-33.52746767923236,97.5999984741211],[151.09345877543092,-33.52746583521366,97.4000015258789],[151.09345894306898,-33.52746399119496,97.4000015258789],[151.0934618767351,-33.52745829150081,97.4000015258789],[151.09346380457282,-33.52745468728244,97.19999694824219],[151.09346497803926,-33.527451334521174,96.80000305175781],[151.0934700910002,-33.52741478942335,97.19999694824219],[151.09345517121255,-33.52736743167043,97],[151.0934648104012,-33.5273551940918,97],[151.09346749261022,-33.52734505198896,97],[151.09345986507833,-33.52733231149614,96.80000305175781],[151.09345852397382,-33.5273324791342,96.80000305175781],[151.093459026888,-33.52733189240098,96.80000305175781],[151.093459026888,-33.52733189240098,96.80000305175781],[151.09345877543092,-33.52733189240098,96.80000305175781],[151.09345852397382,-33.52733180858195,96.80000305175781],[151.09345785342157,-33.52733138948679,96.5999984741211],[151.09345760196447,-33.527331138029695,96.5999984741211],[151.093456344679,-33.52732895873487,96.5999984741211],[151.09346925280988,-33.52736952714622,96.5999984741211],[151.09345885924995,-33.52745074778795,97.19999694824219],[151.09345986507833,-33.527460135519505,97.19999694824219],[151.09346472658217,-33.52749802172184,97.19999694824219],[151.09346472658217,-33.52749835699797,97.4000015258789],[151.09346447512507,-33.527513444423676,97.5999984741211],[151.09341686591506,-33.5275277774781,97.4000015258789],[151.09333790838718,-33.5275742970407,97.19999694824219],[151.09326364472508,-33.52762810885906,97],[151.0932493954897,-33.52764554321766,97],[151.09324126504362,-33.52765602059662,97],[151.09317823313177,-33.52772315964103,96.19999694824219],[151.09316783957183,-33.527743024751544,96],[151.09313531778753,-33.52781460620463,95.80000305175781],[151.09307454898953,-33.52794117294252,96],[151.09302383847535,-33.52802725508809,96.4000015258789],[151.09301570802927,-33.52804091759026,96.4000015258789],[151.09296709299088,-33.528125658631325,97.19999694824219],[151.09292132779956,-33.52820604108274,98.19999694824219],[151.0929058212787,-33.528222385793924,98.4000015258789],[151.09288872219622,-33.528268402442336,99.4000015258789],[151.09287321567535,-33.52831115014851,99.80000305175781],[151.09285444021225,-33.52834492921829,100.19999694824219],[151.0928524285555,-33.52835347875953,100.80000305175781],[151.0928463935852,-33.52838180959225,101.4000015258789],[151.0928308032453,-33.5284324362874,101.5999984741211],[151.09282585792243,-33.52844970300794,102],[151.09281747601926,-33.528473507612944,102.19999694824219],[151.0928138718009,-33.52854358032346,103],[151.09280850738287,-33.52858523838222,103.5999984741211],[151.09280959703028,-33.52860384620726,104],[151.0928186494857,-33.52864533662796,104.5999984741211],[151.09281395561993,-33.528667045757174,105],[151.09281211160123,-33.52872873656452,105.80000305175781],[151.0928117763251,-33.5287398006767,106.19999694824219],[151.09280867502093,-33.52875027805567,106.4000015258789],[151.09279518015683,-33.52879101410508,107.4000015258789],[151.09278604388237,-33.52882915176451,108.4000015258789],[151.09278168529272,-33.528838539496064,108.5999984741211],[151.0927570424974,-33.52888589724898,109.4000015258789],[151.0927700344473,-33.52892621420324,110.19999694824219],[151.0927829425782,-33.528952365741134,110.4000015258789],[151.0928075015545,-33.52899368852377,110.5999984741211],[151.09288344159722,-33.529026210308075,109.80000305175781],[151.09289945103228,-33.529030652716756,109.4000015258789],[151.0929098445922,-33.529035430401564,109],[151.09295150265098,-33.529064850881696,108.5999984741211],[151.09297488816082,-33.529075495898724,108.19999694824219],[151.09301067888737,-33.5290923435241,107.4000015258789],[151.09302392229438,-33.52910206653178,107.4000015258789],[151.09304839745164,-33.52911572903395,107],[151.09306055121124,-33.52911405265331,107],[151.09309500083327,-33.529121931642294,106.4000015258789],[151.09313716180623,-33.52914188057184,106],[151.09317110851407,-33.52916115894914,105],[151.09318477101624,-33.529171301051974,105],[151.09322894364595,-33.52921270765364,104.5999984741211],[151.09323581680655,-33.529223185032606,104.5999984741211],[151.0932732000947,-33.529245648533106,104.19999694824219],[151.09328778460622,-33.52926635183394,104],[151.09330479986966,-33.52927959524095,103.80000305175781],[151.09335601329803,-33.52933189831674,102.80000305175781],[151.09336690977216,-33.52934463880956,102.5999984741211],[151.09339096583426,-33.529363833367825,102.19999694824219],[151.0933979228139,-33.52936886250973,102],[151.0934127587825,-33.52939032018185,101.80000305175781],[151.09343287535012,-33.52943382225931,101.4000015258789],[151.09343899413943,-33.529442455619574,101.19999694824219],[151.0934629663825,-33.529463997110724,100.80000305175781],[151.09347411431372,-33.52949216030538,100.5999984741211],[151.09348056837916,-33.52954882197082,100.19999694824219],[151.0934999305755,-33.52957530878484,99.4000015258789],[151.09350001439452,-33.529587630182505,99],[151.09350093640387,-33.52959944866598,98.80000305175781],[151.09350169077516,-33.529612524434924,98.4000015258789],[151.09350026585162,-33.52962258271873,98.4000015258789],[151.09348308295012,-33.529676059260964,97],[151.09347084537148,-33.52971444837749,96],[151.09346598386765,-33.52972526103258,95.80000305175781],[151.09346355311573,-33.52973733097315,95.5999984741211],[151.09345961362123,-33.52979935705662,95],[151.0934499744326,-33.529815785586834,94.80000305175781],[151.09344301745296,-33.529828023165464,94.4000015258789],[151.09342742711306,-33.529861215502024,93.19999694824219],[151.0934265051037,-33.52989373728633,92.80000305175781],[151.09341368079185,-33.52994495071471,92.19999694824219],[151.09341334551573,-33.52996037341654,92],[151.09339389950037,-33.530019633471966,91.5999984741211],[151.09338426031172,-33.53004628792405,91],[151.0933628026396,-33.53009507060051,90],[151.09331745654345,-33.530155420303345,89],[151.09331510961056,-33.53016288019717,88.80000305175781],[151.09331251122057,-33.5301991738379,88.4000015258789],[151.09328568913043,-33.53022884577513,88],[151.09326993115246,-33.530239490792155,87.80000305175781],[151.09325844794512,-33.530249297618866,87.19999694824219],[151.09323766082525,-33.53027192875743,86.80000305175781],[151.09320865944028,-33.53032582439482,85.5999984741211],[151.09320522285998,-33.53034149855375,85.19999694824219],[151.09319834969938,-33.5303598549217,84.5999984741211],[151.09317244961858,-33.530382653698325,84],[151.09311679378152,-33.53042892180383,83.5999984741211],[151.0930845234543,-33.530456498265266,83],[151.09300221316516,-33.530526235699654,82.5999984741211],[151.092948904261,-33.530560014769435,82.5999984741211],[151.09294077381492,-33.53056604973972,82.4000015258789],[151.09287112019956,-33.53059932589531,82.5999984741211],[151.09284656122327,-33.530609887093306,83],[151.09278948046267,-33.53064282797277,83.5999984741211],[151.09277665615082,-33.530650874599814,83.5999984741211],[151.09274270944297,-33.53069018572569,84.19999694824219],[151.09271747991443,-33.53070653043687,84.5999984741211],[151.09269828535616,-33.530720779672265,84.80000305175781],[151.09265654347837,-33.53074483573437,85.5999984741211],[151.09264807775617,-33.53074936196208,85.5999984741211],[151.09261966310441,-33.53076855652034,86.19999694824219],[151.09259711578488,-33.53078012354672,86.80000305175781],[151.09257347881794,-33.53080443106592,87],[151.0925640910864,-33.5308088734746,87.19999694824219],[151.0925358440727,-33.530825804919004,87.80000305175781],[151.09252167865634,-33.53083334863186,88.19999694824219],[151.09250483103096,-33.530842904001474,88.80000305175781],[151.09249879606068,-33.53084525093436,89],[151.09249468892813,-33.530851202085614,89.5999984741211],[151.09247884713113,-33.53087349794805,90],[151.0924737341702,-33.530881041660905,90.5999984741211],[151.09246644191444,-33.53088682517409,90.5999984741211],[151.0924489237368,-33.53089336305857,91],[151.0924100317061,-33.53091071359813,91.80000305175781],[151.09236627817154,-33.53092881850898,92.19999694824219],[151.09234012663364,-33.53094105608761,92.80000305175781],[151.09231322072446,-33.530959244817495,93.4000015258789],[151.09227248467505,-33.53098095394671,94.4000015258789],[151.09221037477255,-33.53100718930364,95.4000015258789],[151.0921769309789,-33.53102789260447,95.80000305175781],[151.09214273281395,-33.53105672635138,96.19999694824219],[151.09213745221496,-33.531061336398125,96.4000015258789],[151.09208506532013,-33.53110165335238,97.4000015258789],[151.0920696426183,-33.53110961616039,97.80000305175781],[151.0920439939946,-33.5311196744442,98.4000015258789],[151.0920114722103,-33.53113627061248,99.5999984741211],[151.0919882543385,-33.53114699944854,100],[151.09194299206138,-33.5311833769083,100.80000305175781],[151.09190745279193,-33.53120248764753,101.80000305175781],[151.0919007472694,-33.531209444627166,102.19999694824219],[151.09185590408742,-33.53121656924486,103.4000015258789],[151.09182346612215,-33.531223526224494,104.4000015258789],[151.09181625768542,-33.53122972883284,104.5999984741211],[151.09173470176756,-33.531273482367396,105.80000305175781],[151.091682985425,-33.5312869772315,107.19999694824219],[151.09162783250213,-33.53129745461047,108],[151.09161651693285,-33.53129820898175,108.4000015258789],[151.0915733501315,-33.531312039121985,109.5999984741211],[151.0915447678417,-33.531311536207795,110.4000015258789],[151.09153345227242,-33.53131220676005,110.5999984741211],[151.09141702763736,-33.53133324533701,111.4000015258789],[151.0913627129048,-33.53133517317474,111.80000305175781],[151.09130051918328,-33.53135864250362,112.4000015258789],[151.091265399009,-33.531374987214804,113],[151.09122298657894,-33.53140105493367,114.19999694824219],[151.09121317975223,-33.531404407694936,114.19999694824219],[151.0912027861923,-33.531409772112966,114.4000015258789],[151.09114394523203,-33.531472804024816,114.5999984741211],[151.09112424775958,-33.53148822672665,115.19999694824219],[151.09107286669314,-33.53153022006154,116.19999694824219],[151.09104378148913,-33.53156693279743,117.19999694824219],[151.09098225831985,-33.531632060185075,118.5999984741211],[151.09097412787378,-33.531641867011786,118.80000305175781],[151.09089785255492,-33.53171579539776,119.5999984741211],[151.09088921919465,-33.53172417730093,119.80000305175781],[151.09081839211285,-33.5317912325263,121],[151.09076692722738,-33.53182978928089,122],[151.09075577929616,-33.53183414787054,122.19999694824219],[151.09074991196394,-33.53184043429792,122.4000015258789],[151.0907331481576,-33.53186650201678,123],[151.09071688726544,-33.531880332157016,123.5999984741211],[151.09070976264775,-33.531886199489236,123.5999984741211],[151.09069425612688,-33.53190145455301,124],[151.09063080511987,-33.53195141069591,124.5999984741211],[151.09059962444007,-33.531985776498914,125.19999694824219],[151.09056727029383,-33.53203497827053,126.19999694824219],[151.0905589722097,-33.53204537183046,126.4000015258789],[151.09052661806345,-33.532103626057506,127.19999694824219],[151.09052443876863,-33.53213556110859,127.4000015258789],[151.0905077587813,-33.53219440206885,127.80000305175781],[151.0905090160668,-33.53220630437136,128.1999969482422],[151.09050817787647,-33.53222449310124,128.39999389648438],[151.09049811959267,-33.53228894993663,128.8000030517578],[151.09049367718399,-33.532322561368346,129.39999389648438],[151.0904794279486,-33.53242188692093,129.8000030517578],[151.09047012403607,-33.532458851113915,130.39999389648438],[151.0904440563172,-33.532529678195715,130.8000030517578],[151.0904260352254,-33.53261550888419,131.1999969482422],[151.09042360447347,-33.532634787261486,131.39999389648438],[151.0904273763299,-33.532692370936275,131.8000030517578],[151.0904157254845,-33.5327635332942,132.1999969482422],[151.090403823182,-33.53280016221106,132.8000030517578],[151.09039183706045,-33.53284006007016,133.39999389648438],[151.09038940630853,-33.532855147495866,133.39999389648438],[151.09038068912923,-33.53290577419102,133.8000030517578],[151.09036610461771,-33.53297500871122,134.1999969482422],[151.09035571105778,-33.53304357267916,134.8000030517578],[151.09034221619368,-33.53311154991388,135.1999969482422],[151.09033760614693,-33.533149687573314,135.8000030517578],[151.09033634886146,-33.53321003727615,136.39999389648438],[151.09032981097698,-33.53323224931955,136.8000030517578],[151.0903208423406,-33.53325010277331,137],[151.09028689563274,-33.533330066129565,138],[151.0902852192521,-33.533371556550264,138.39999389648438],[151.09028882347047,-33.53343090042472,139],[151.09028127975762,-33.53351756930351,139.8000030517578],[151.09028480015695,-33.533522514626384,139.8000030517578],[151.0902891587466,-33.533541206270456,140],[151.09028924256563,-33.53355361148715,140],[151.0902868118137,-33.533616643399,140.39999389648438],[151.0902801901102,-33.53365343995392,141],[151.09027868136764,-33.53366542607546,141],[151.09022931195796,-33.53378478437662,142.1999969482422],[151.09020031057298,-33.53383122012019,143.1999969482422],[151.09016594476998,-33.53388603776693,144.39999389648438],[151.09016158618033,-33.5338893905282,144.39999389648438],[151.0901411343366,-33.533907160162926,145.8000030517578],[151.0901385359466,-33.533909088000655,146],[151.090131662786,-33.53391042910516,146.39999389648438],[151.090131662786,-33.533911015838385,146],[151.09010911546648,-33.53397438302636,144.8000030517578],[151.09009109437466,-33.53399625979364,145],[151.09007097780704,-33.53402375243604,145.1999969482422],[151.09004826284945,-33.53403490036726,145.8000030517578],[151.08999277465045,-33.53407488204539,146.8000030517578],[151.08998489566147,-33.5340810008347,146.8000030517578],[151.08996679075062,-33.53409776464105,147],[151.08992697671056,-33.5341224912554,147.39999389648438],[151.08984634280205,-33.53418837301433,147],[151.08974953182042,-33.53426707908511,147.1999969482422],[151.08974056318402,-33.53427269496024,147.1999969482422],[151.08969328925014,-33.534303875640035,147.1999969482422],[151.0896194446832,-33.5343748703599,146.8000030517578],[151.08953503891826,-33.53444376960397,147.8000030517578],[151.08952506445348,-33.53445013985038,148],[151.08947921544313,-33.53449774906039,148.8000030517578],[151.0894622001797,-33.53451870381832,149],[151.08939422294497,-33.53456606157124,150],[151.08938592486084,-33.53457276709378,150.1999969482422],[151.0893285088241,-33.53462314233184,151],[151.08932289294899,-33.53463588282466,151.39999389648438],[151.08931601978838,-33.53464703075588,151.60000610351562],[151.0892933048308,-33.5346700809896,152.1999969482422],[151.089246282354,-33.53472523391247,153.1999969482422],[151.08922809362411,-33.534740740433335,153.39999389648438],[151.08920194208622,-33.534766137599945,154],[151.08919381164014,-33.53477083146572,154.1999969482422],[151.08917620964348,-33.53478197939694,154.1999969482422],[151.0891527403146,-33.53480779565871,154.60000610351562],[151.08913639560342,-33.53484308347106,155.39999389648438],[151.08910127542913,-33.534897062927485,156.39999389648438],[151.08908199705184,-33.534923046827316,156.8000030517578],[151.08904813416302,-33.5349790379405,157.39999389648438],[151.0890324600041,-33.535011392086744,157.8000030517578],[151.08898736536503,-33.53506931103766,158.39999389648438],[151.0889627225697,-33.53509336709976,158.60000610351562],[151.08892936259508,-33.53520233184099,159.8000030517578],[151.0889307036996,-33.535212725400925,160],[151.08894059434533,-33.535280115902424,160.60000610351562],[151.08894109725952,-33.53529067710042,160.8000030517578],[151.08894545584917,-33.535312470048666,161.1999969482422],[151.08897403813899,-33.53541732765734,161.39999389648438],[151.08898074366152,-33.53542587719858,161.60000610351562],[151.08900463208556,-33.535475078970194,162],[151.08904503285885,-33.53552411310375,162.8000030517578],[151.0890549235046,-33.53553065098822,163],[151.08905986882746,-33.53554045781493,163],[151.08910471200943,-33.53559711948037,163],[151.0891101602465,-33.53560742922127,163],[151.0891477111727,-33.53568789549172,163.8000030517578],[151.0891603678465,-33.53571672923863,164],[151.08919548802078,-33.53578655049205,164.8000030517578],[151.08920546248555,-33.53585662320256,165],[151.08920831233263,-33.53589165955782,165],[151.08921392820776,-33.536006743088365,165.1999969482422],[151.0891942307353,-33.536148983985186,165.60000610351562],[151.0891971644014,-33.53616449050605,165.60000610351562],[151.08918618410826,-33.53629038669169,165.8000030517578],[151.08919003978372,-33.53642039000988,165.1999969482422],[151.08920202590525,-33.536478811874986,165],[151.08921049162745,-33.536513010039926,165.1999969482422],[151.08921107836068,-33.53652952238917,165.8000030517578],[151.08921174891293,-33.5365314502269,166.1999969482422],[151.08921309001744,-33.536532958969474,166.39999389648438],[151.0892238188535,-33.53653438389301,166],[151.08925734646618,-33.53658123873174,165.1999969482422],[151.08929615467787,-33.53664862923324,164.60000610351562],[151.08931853435934,-33.536682073026896,164.1999969482422],[151.08932230621576,-33.53669657371938,164],[151.08934208750725,-33.53672130033374,163.8000030517578],[151.08937880024314,-33.53677812963724,163.39999389648438],[151.08940428122878,-33.53681609965861,163.1999969482422],[151.08940914273262,-33.536823811009526,163],[151.08941081911325,-33.536836467683315,162.8000030517578],[151.08945046551526,-33.53691643103957,162],[151.08946454711258,-33.536930261179805,161.8000030517578],[151.08948399312794,-33.53697342798114,161.60000610351562],[151.08950645662844,-33.53701760061085,160.8000030517578],[151.0895121563226,-33.53702791035175,160.39999389648438],[151.08951224014163,-33.537040231749415,160.1999969482422],[151.08951869420707,-33.53705766610801,160],[151.0895623639226,-33.53708976879716,159.39999389648438],[151.08956621959805,-33.537105191498995,159.1999969482422],[151.08959396369755,-33.537123212590814,158.60000610351562],[151.0896015074104,-33.53713293559849,158.39999389648438],[151.08961667865515,-33.53713670745492,158.1999969482422],[151.08962682075799,-33.53714106604457,158],[151.0896276589483,-33.537152549251914,158],[151.0896371304989,-33.53718498721719,157.8000030517578],[151.08965372666717,-33.53721247985959,157.1999969482422],[151.08966194093227,-33.537248857319355,156.8000030517578],[151.08966713771224,-33.53725313208997,156.60000610351562],[151.08968432061374,-33.53726780042052,156],[151.08970418572426,-33.53728087618947,155.39999389648438],[151.0897106397897,-33.53729587979615,154.8000030517578],[151.0897138249129,-33.53731649927795,154.1999969482422],[151.08971843495965,-33.537349943071604,153.60000610351562],[151.08972338028252,-33.53736293502152,153.39999389648438],[151.08973637223244,-33.53738732635975,152.8000030517578],[151.08973980881274,-33.53739998303354,152.60000610351562],[151.0897521302104,-33.53742898441851,152],[151.08977392315865,-33.5375159047544,151.8000030517578],[151.0897796228528,-33.537528393790126,151.60000610351562],[151.0897835623473,-33.53754163719714,151.1999969482422],[151.08980795368552,-33.537597712129354,150.1999969482422],[151.0898240469396,-33.53762193582952,150],[151.0898491088301,-33.5376559663564,149.8000030517578],[151.08985505998135,-33.537664180621505,149.60000610351562],[151.0898552276194,-33.53767574764788,149.39999389648438],[151.08986645936966,-33.537702821195126,149.1999969482422],[151.0898750089109,-33.53770843707025,149],[151.08990258537233,-33.53773634880781,148.8000030517578],[151.08992504887283,-33.53777373209596,147.8000030517578],[151.08993510715663,-33.5377852153033,147.60000610351562],[151.0899973846972,-33.53786509484053,147.39999389648438],[151.09005681239069,-33.537935419008136,147.1999969482422],[151.09009905718267,-33.537976406514645,147.39999389648438],[151.09011556953192,-33.537991577759385,147.39999389648438],[151.09017851762474,-33.538063410669565,147],[151.09018572606146,-33.53807816281915,146.8000030517578],[151.09023727476597,-33.53813365101814,147],[151.0902476683259,-33.53814220055938,147],[151.09029980376363,-33.53820523247123,146.8000030517578],[151.0903224349022,-33.53822601959109,146.8000030517578],[151.09036115929484,-33.538285698741674,146.8000030517578],[151.09036836773157,-33.538297936320305,146.8000030517578],[151.09038731083274,-33.53832995519042,146.39999389648438],[151.09044372104108,-33.538376642391086,146],[151.0904500912875,-33.538384940475225,145.60000610351562],[151.0904958564788,-33.53841654025018,144.60000610351562],[151.0905172303319,-33.53843062184751,144.1999969482422],[151.09055570326746,-33.538458198308945,143.8000030517578],[151.090575652197,-33.53847119025886,143.60000610351562],[151.09059610404074,-33.53848669677973,143.60000610351562],[151.09062988311052,-33.53851083666086,142.8000030517578],[151.0906586330384,-33.5385278519243,142.39999389648438],[151.09073935076594,-33.53857127018273,141.8000030517578],[151.09075292944908,-33.538578478619456,141.60000610351562],[151.0907820146531,-33.53858954273164,141.1999969482422],[151.0908129438758,-33.5386002715677,140.60000610351562],[151.09087647870183,-33.538626758381724,140.1999969482422],[151.09088569879532,-33.53863379918039,140],[151.09091503545642,-33.538646288216114,139.8000030517578],[151.09096373431385,-33.53865835815668,138.8000030517578],[151.0910079907626,-33.538672691211104,138.60000610351562],[151.0910859424621,-33.538707895204425,138],[151.0911219008267,-33.538721138611436,137.8000030517578],[151.0911356471479,-33.53872809559107,137.8000030517578],[151.09117537736893,-33.538745027035475,137.60000610351562],[151.0912607051432,-33.538759192451835,137.39999389648438],[151.09128467738628,-33.538783583790064,137.39999389648438],[151.09130973927677,-33.53878836147487,137.39999389648438],[151.09136405400932,-33.538805628195405,137.1999969482422],[151.09153957106173,-33.53888634592295,137.8000030517578],[151.0916171874851,-33.538917945697904,138],[151.09166068956256,-33.538941917940974,138],[151.09168902039528,-33.53895935229957,138.1999969482422],[151.09171701595187,-33.53896765038371,138.1999969482422],[151.09172699041665,-33.5389699973166,138.1999969482422],[151.0917995776981,-33.53903319686651,139],[151.09182539395988,-33.539044512435794,139.1999969482422],[151.0918587539345,-33.53905649855733,139.1999969482422],[151.09188239090145,-33.53907460346818,139.8000030517578],[151.09189404174685,-33.53907845914364,140],[151.09194458462298,-33.53910343721509,140.60000610351562],[151.09198079444468,-33.539126655086875,141],[151.09200560487807,-33.53914928622544,142.1999969482422],[151.09202245250344,-33.53915708139539,142.60000610351562],[151.09208900481462,-33.539195135235786,142.8000030517578],[151.09210669063032,-33.53921382687986,142.8000030517578],[151.09213611111045,-33.53924031369388,143.1999969482422],[151.09216167591512,-33.53927459567785,143.60000610351562],[151.09220375306904,-33.53929890319705,144.1999969482422],[151.09223954379559,-33.53932865895331,144.60000610351562],[151.0922554694116,-33.539347015321255,144.8000030517578],[151.0922816209495,-33.53937299922109,145.39999389648438],[151.0923130530864,-33.53940920904279,145.8000030517578],[151.09233744442463,-33.53943728841841,146.39999389648438],[151.09235621988773,-33.53945581242442,147.1999969482422],[151.09236108139157,-33.53946176357567,147.60000610351562],[151.0923804435879,-33.53947634808719,148.8000030517578],[151.0924211796373,-33.53951423428953,149.39999389648438],[151.09246811829507,-33.53953376412392,149.60000610351562],[151.0924755781889,-33.539557652547956,149.60000610351562],[151.0924764163792,-33.5396003164351,149.8000030517578],[151.0924792662263,-33.53965354152024,150.60000610351562],[151.09248387627304,-33.5396743286401,151],[151.09248580411077,-33.5397385340184,151.8000030517578],[151.092483792454,-33.539749598130584,152],[151.09248052351177,-33.539835596457124,153.1999969482422],[151.0924801044166,-33.5398680344224,154.1999969482422],[151.09248136170208,-33.53987457230687,154.60000610351562],[151.09248069114983,-33.539884546771646,154.8000030517578],[151.09243903309107,-33.53996593505144,155.1999969482422],[151.0924356803298,-33.53997557424009,155.39999389648438],[151.09242210164666,-33.54000482708216,156.39999389648438],[151.09240709803998,-33.54002594947815,157],[151.09238740056753,-33.54004204273224,157.60000610351562],[151.09237398952246,-33.54005771689117,157.8000030517578],[151.09236443415284,-33.540068278089166,158],[151.0923460777849,-33.540083449333906,158.8000030517578],[151.09232109971344,-33.54011186398566,159.8000030517578],[151.09230919741094,-33.54012452065945,160],[151.09227248467505,-33.5401822719723,160.8000030517578],[151.09226401895285,-33.54018855839968,161],[151.09221624210477,-33.540216721594334,161.8000030517578],[151.0922052618116,-33.54022929444909,162],[151.09218581579626,-33.54023700580001,162.60000610351562],[151.0921547189355,-33.540251925587654,163.1999969482422],[151.09210828319192,-33.540274975821376,164.39999389648438],[151.09209956601262,-33.540278328582644,164.60000610351562],[151.09204726293683,-33.54033431969583,165.8000030517578],[151.09203779138625,-33.540341863408685,166.1999969482422],[151.092031840235,-33.540350664407015,166.39999389648438],[151.09202044084668,-33.540370278060436,166.8000030517578],[151.09198766760528,-33.540419060736895,168],[151.09196386300027,-33.54049617424607,168.60000610351562],[151.09193586744368,-33.54055183008313,169],[151.09187719412148,-33.54059181176126,169.39999389648438],[151.09179764986038,-33.54062106460333,170.1999969482422],[151.09172246418893,-33.54067353531718,171.39999389648438],[151.09169245697558,-33.54068895801902,171.8000030517578],[151.09167208895087,-33.54070111177862,172.60000610351562],[151.09165800735354,-33.54071334935725,172.8000030517578],[151.0916362144053,-33.54073514230549,173.60000610351562],[151.09161802567542,-33.54075659997761,173.8000030517578],[151.0915680695325,-33.540803203359246,174.39999389648438],[151.09154988080263,-33.540815776214004,174.60000610351562],[151.09149673953652,-33.54083941318095,175.60000610351562],[151.091474192217,-33.54085282422602,176.1999969482422],[151.09144552610815,-33.54086481034756,176.8000030517578],[151.09137972816825,-33.540894985198975,177.60000610351562],[151.09135885722935,-33.54090663604438,177.8000030517578],[151.09130722470582,-33.540933122858405,179],[151.09129733406007,-33.540937565267086,179.1999969482422],[151.09125307761133,-33.540964387357235,180],[151.09124578535557,-33.54096841067076,180.1999969482422],[151.09122097492218,-33.540999507531524,181.1999969482422],[151.09117520973086,-33.541033789515495,181.39999389648438],[151.0911219008267,-33.54105063714087,182.39999389648438],[151.091083092615,-33.54109363630414,183.60000610351562],[151.09107362106442,-33.541098749265075,183.8000030517578],[151.09101000241935,-33.54114300571382,184.8000030517578],[151.09100162051618,-33.54115038178861,185],[151.09091218560934,-33.54122498072684,185.8000030517578],[151.09086642041802,-33.54124425910413,186.60000610351562],[151.09085619449615,-33.54125138372183,186.8000030517578],[151.090816128999,-33.54127233847976,187.8000030517578],[151.0908042266965,-33.54127820581198,188.1999969482422],[151.09079743735492,-33.541278038173914,188.1999969482422],[151.0907651670277,-33.541286922991276,188],[151.0907643288374,-33.541284995153546,187.60000610351562],[151.0907643288374,-33.54128608480096,187.39999389648438],[151.09076424501836,-33.54128818027675,187.1999969482422],[151.0907629877329,-33.54128868319094,187.1999969482422],[151.0907617304474,-33.541288850829005,187.1999969482422],[151.0907595511526,-33.54128893464804,187],[151.0907595511526,-33.541289269924164,187],[151.0907595511526,-33.54128994047642,186.8000030517578],[151.0907619819045,-33.541294718161225,186.60000610351562],[151.09076240099967,-33.541295723989606,186.60000610351562],[151.09076240099967,-33.54129656217992,186.8000030517578],[151.09076240099967,-33.541297148913145,187],[151.09076240099967,-33.54129932820797,187.39999389648438],[151.09076240099967,-33.54130033403635,187.60000610351562],[151.09076147899032,-33.54130142368376,187.60000610351562],[151.0907608922571,-33.54130276478827,187.60000610351562],[151.09075703658164,-33.54130754247308,187.60000610351562],[151.0907556116581,-33.54130762629211,187.60000610351562],[151.09075016342103,-33.5413081292063,187.39999389648438],[151.09074572101235,-33.54131097905338,187.39999389648438],[151.09074781648815,-33.54131148196757,187],[151.0907514207065,-33.54131106287241,186.1999969482422],[151.090752677992,-33.54131097905338,185.8000030517578],[151.09075921587646,-33.541302513331175,186.8000030517578],[151.09075921587646,-33.541302094236016,187.39999389648438],[151.09075862914324,-33.541302010416985,186.8000030517578],[151.09075846150517,-33.541302094236016,187],[151.09075728803873,-33.54130217805505,187.1999969482422],[151.0907567013055,-33.541302094236016,187],[151.09075603075325,-33.5413012560457,187.1999969482422],[151.09075494110584,-33.54130083695054,186.8000030517578],[151.09075468964875,-33.541300585493445,186.60000610351562],[151.0907540190965,-33.54130016639829,186.8000030517578],[151.09075343236327,-33.54129999876022,187],[151.0907530132681,-33.54130025021732,186.60000610351562],[151.09075343236327,-33.541299412027,186.60000610351562],[151.0907537676394,-33.54129932820797,187.1999969482422],[151.09070112928748,-33.54135355912149,187.39999389648438],[151.09057523310184,-33.541459338739514,187.60000610351562],[151.090567689389,-33.541465792804956,187.8000030517578],[151.09055930748582,-33.5414722468704,187.8000030517578],[151.0904728062451,-33.54154055938125,188.1999969482422],[151.09038940630853,-33.54157601483166,189],[151.09036727808416,-33.54159152135253,189],[151.09032981097698,-33.54160375893116,189.1999969482422],[151.09024750068784,-33.5416361130774,189.60000610351562],[151.0901514440775,-33.54166536591947,189.60000610351562],[151.09012705273926,-33.54167500510812,189.60000610351562],[151.090115820989,-33.54167860932648,189.60000610351562],[151.09008631668985,-33.54168581776321,189.60000610351562],[151.0900729894638,-33.541689505800605,189.60000610351562],[151.09000945463777,-33.54171649552882,189.60000610351562],[151.0899691376835,-33.54173853993416,190],[151.08989336527884,-33.54177709668875,190.60000610351562],[151.08980904333293,-33.54183526709676,190.60000610351562],[151.08974517323077,-33.5418660286814,191.1999969482422],[151.0896958038211,-33.5418816190213,192.1999969482422],[151.0896842367947,-33.54188472032547,192.39999389648438],[151.08962036669254,-33.541914811357856,192.8000030517578],[151.08959413133562,-33.5419159848243,192.39999389648438],[151.08945725485682,-33.54196543805301,192.8000030517578],[151.08941132202744,-33.54198086075485,193.39999389648438],[151.08938734978437,-33.54199033230543,193.8000030517578],[151.08935767784715,-33.541999803856015,194],[151.0892896167934,-33.54202344082296,194.60000610351562],[151.08925147913396,-33.54204288683832,195.60000610351562],[151.08922817744315,-33.54205319657922,196.1999969482422],[151.0892052948475,-33.54205730371177,196.60000610351562],[151.08915072865784,-33.542064763605595,197],[151.08911393210292,-33.54208320379257,197.60000610351562],[151.08901435509324,-33.54211178608239,197.39999389648438],[151.08889960683882,-33.54213550686836,198.39999389648438],[151.08885375782847,-33.54214238002896,198.8000030517578],[151.08880061656237,-33.542151264846325,200],[151.08878024853766,-33.542155120521784,200.39999389648438],[151.08874378725886,-33.54216023348272,201.39999389648438],[151.08869307674468,-33.54216190986335,202.39999389648438],[151.0886870417744,-33.54216224513948,202.60000610351562],[151.08860917389393,-33.54217104613781,203.60000610351562],[151.08859039843082,-33.54216760955751,204.1999969482422],[151.08856642618775,-33.54216023348272,204.60000610351562],[151.08854320831597,-33.542152689769864,204.8000030517578],[151.08848260715604,-33.54213441722095,205.8000030517578],[151.08845327049494,-33.54212754406035,206.1999969482422],[151.0883931722492,-33.54211731813848,207],[151.08833382837474,-33.54209829121828,207.8000030517578],[151.08832083642483,-33.542098039761186,208],[151.088305413723,-33.542098542675376,208],[151.08826283365488,-33.54209988377988,208.1999969482422],[151.08820089139044,-33.54209393262863,208.39999389648438],[151.08816702850163,-33.54209342971444,209.1999969482422],[151.08812293969095,-33.54210164397955,209.8000030517578],[151.08809418976307,-33.54210960678756,210.1999969482422],[151.0880268830806,-33.542146319523454,210.60000610351562],[151.08796888031065,-33.54216484352946,211.39999389648438],[151.0879055969417,-33.54220021516085,212.39999389648438],[151.08784155920148,-33.54222594760358,213],[151.08780317008495,-33.542243549600244,213.39999389648438],[151.08779202215374,-33.54224891401827,213.39999389648438],[151.0876983962953,-33.5422836150974,214],[151.08766989782453,-33.54229317046702,214.39999389648438],[151.08760250732303,-33.54231378994882,215.60000610351562],[151.0875897668302,-33.54231613688171,215.60000610351562],[151.08758037909865,-33.542319405823946,215.8000030517578],[151.087528411299,-33.54233172722161,216.8000030517578],[151.08748884871602,-33.54234564118087,217.39999389648438],[151.08746613375843,-33.5423546936363,217.8000030517578],[151.08738021925092,-33.542355531826615,218.1999969482422],[151.08733294531703,-33.54235980659723,218.8000030517578],[151.08730386011302,-33.542340863496065,218.8000030517578],[151.08729832805693,-33.54233977384865,219],[151.08720411546528,-33.54234195314348,219],[151.08712339773774,-33.54232627898455,219.8000030517578],[151.08711132779717,-33.54232309386134,220],[151.08701116405427,-33.542296858504415,220.1999969482422],[151.08690756373107,-33.54226836003363,220.8000030517578],[151.0868959967047,-33.54226626455784,221],[151.08677940443158,-33.5422407835722,221.39999389648438],[151.08663875609636,-33.54222142137587,221.1999969482422],[151.08658745884895,-33.542212285101414,221],[151.08655041083694,-33.54222083464265,221],[151.0865416098386,-33.54221857152879,222.1999969482422],[151.0865363292396,-33.54222343303263,222.39999389648438],[151.0865299589932,-33.54222728870809,222.39999389648438],[151.08644018881023,-33.54223491623998,221.1999969482422],[151.08635243028402,-33.542224606499076,221.39999389648438],[151.08634513802826,-33.542221086099744,221.39999389648438],[151.0863375943154,-33.54221940971911,221.39999389648438],[151.08631001785398,-33.54222184047103,221.39999389648438],[151.08625654131174,-33.54222628287971,221.60000610351562],[151.0861615743488,-33.54223835282028,221],[151.08613818883896,-33.54224447160959,221],[151.08597834594548,-33.54228780604899,220.1999969482422],[151.0858489293605,-33.54231622070074,220],[151.08582395128906,-33.54232091456652,219.8000030517578],[151.08575094491243,-33.54232745245099,219.60000610351562],[151.08560359105468,-33.54230306111276,219],[151.08558841980994,-33.54229778051376,219],[151.08549068681896,-33.542257295921445,218.39999389648438],[151.0854767728597,-33.5422526858747,218.39999389648438],[151.08541449531913,-33.54223500005901,218],[151.08531357720494,-33.542240699753165,217.60000610351562],[151.08526529744267,-33.54224204085767,216.8000030517578],[151.08516982756555,-33.542273975908756,216.1999969482422],[151.08511224389076,-33.54228688403964,216.1999969482422],[151.08508575707674,-33.542287135496736,216.60000610351562],[151.08499330468476,-33.542314963415265,215.8000030517578],[151.08495952561498,-33.54233424179256,215.39999389648438],[151.08488224446774,-33.542361399158835,215.39999389648438],[151.08483488671482,-33.54238361120224,215],[151.0847357288003,-33.54242702946067,214.60000610351562],[151.0847249161452,-33.54243306443095,214.1999969482422],[151.08468795195222,-33.542450331151485,213.60000610351562],[151.08460606075823,-33.54249274358153,212.8000030517578],[151.08458125032485,-33.542509004473686,212.60000610351562],[151.0845063161105,-33.542540185153484,212.1999969482422],[151.08436684124172,-33.542582765221596,212.1999969482422],[151.0842497460544,-33.54261956177652,211.60000610351562],[151.0842346586287,-33.542622830718756,211.60000610351562],[151.084124436602,-33.542666835710406,211.39999389648438],[151.08407146297395,-33.54269877076149,212.60000610351562],[151.0840184893459,-33.542740512639284,213.1999969482422],[151.08399728313088,-33.54275492951274,213.1999969482422],[151.08388655819,-33.54282718151808,213.1999969482422],[151.08384213410318,-33.54284478351474,213.60000610351562],[151.08381137251854,-33.54286297224462,213.60000610351562],[151.08374825678766,-33.542916951701045,214],[151.08364457264543,-33.542984342202544,214.8000030517578],[151.0836336761713,-33.54298911988735,214.8000030517578],[151.08352244831622,-33.5430574323982,215.39999389648438],[151.0834943689406,-33.54306682012975,215.60000610351562],[151.0834571532905,-33.543095318600535,215.8000030517578],[151.0834288224578,-33.54311216622591,216],[151.08337827958167,-33.543141670525074,216.60000610351562],[151.0833595879376,-33.54316237382591,216.8000030517578],[151.08332086354494,-33.54320738464594,217.39999389648438],[151.0832713264972,-33.54334685951471,217.39999389648438],[151.08323402702808,-33.5434631165117,217.8000030517578],[151.0832293331623,-33.5434787068516,217.8000030517578],[151.0831997450441,-33.54356076568365,218.1999969482422],[151.083165127784,-33.54367861524224,218.1999969482422],[151.0831354558468,-33.54375480674207,219],[151.08311852440238,-33.54379227384925,219.1999969482422],[151.08310310170054,-33.54381632991135,219.1999969482422],[151.08308332040906,-33.54384910315275,219.39999389648438],[151.0830696579069,-33.54386989027262,219.60000610351562],[151.083059348166,-33.5438931081444,219.8000030517578],[151.08302523382008,-33.54396242648363,220],[151.08301324769855,-33.54398338124156,220],[151.08296379446983,-33.544074492529035,220.39999389648438],[151.08293722383678,-33.544109193608165,220.1999969482422],[151.0828648880124,-33.54420910589397,220.39999389648438],[151.0827929712832,-33.54430792853236,219.60000610351562],[151.08273941092193,-33.54437431320548,219],[151.082729017362,-33.54438638314605,218.8000030517578],[151.082660285756,-33.544455198571086,219.1999969482422],[151.08261468820274,-33.54448093101382,219.60000610351562],[151.08247890137136,-33.54451906867325,219],[151.08242835849524,-33.54452719911933,218.60000610351562],[151.08238234184682,-33.5445305518806,218.39999389648438],[151.08226398937404,-33.54456927627325,218.60000610351562],[151.08224596828222,-33.54457472451031,218.60000610351562],[151.08217338100076,-33.54459961876273,218.8000030517578],[151.082084197551,-33.544630547985435,219.1999969482422],[151.08206952922046,-33.54463138617575,219.1999969482422],[151.08194204047322,-33.544663321226835,219.60000610351562],[151.08178546652198,-33.5447015427053,218.1999969482422],[151.08173869550228,-33.54471486993134,218.39999389648438],[151.08170231804252,-33.54473724961281,219],[151.08159955590963,-33.54477756656706,219.1999969482422],[151.08150391839445,-33.54486591182649,219.1999969482422],[151.08144734054804,-33.54492944665253,218.39999389648438],[151.08137106522918,-33.545032208785415,218],[151.08136226423085,-33.545042518526316,217.60000610351562],[151.08130912296474,-33.54511032812297,217.60000610351562],[151.0812503658235,-33.545162631198764,217.39999389648438],[151.08124131336808,-33.54517210274935,217.39999389648438],[151.08120099641383,-33.54523723013699,217.1999969482422],[151.08116243965924,-33.54529934003949,217],[151.08114668168128,-33.54532255791128,217.1999969482422],[151.08113385736942,-33.54533135890961,217.1999969482422],[151.0810846555978,-33.54538173414767,217.60000610351562],[151.0810222942382,-33.54548600502312,217.8000030517578],[151.0810143314302,-33.54549681767821,217.60000610351562],[151.0809712484479,-33.545594047755,217.8000030517578],[151.08091508969665,-33.54568490758538,217.1999969482422],[151.0808978229761,-33.54571801610291,217.39999389648438],[151.08089019544423,-33.545771073549986,216.39999389648438],[151.08088709414005,-33.5457859095186,216.1999969482422],[151.08088818378747,-33.545886324718595,216.1999969482422],[151.08089187182486,-33.54590660892427,216.60000610351562],[151.0809067916125,-33.5459500271827,216.60000610351562],[151.08090444467962,-33.546009538695216,216.39999389648438],[151.08089866116643,-33.54610953480005,216.1999969482422],[151.08089681714773,-33.546134093776345,216],[151.0809104796499,-33.54626971296966,215.60000610351562],[151.08091115020216,-33.54628270491958,215.1999969482422],[151.0808912012726,-33.54635126888752,215.39999389648438],[151.08084778301418,-33.5464281309396,214.60000610351562],[151.08082892373204,-33.54645101353526,214.1999969482422],[151.08075063675642,-33.54652217589319,213.60000610351562],[151.080617364496,-33.54660582728684,214.60000610351562],[151.08055307529867,-33.54663994163275,214.60000610351562],[151.0805203858763,-33.546655029058456,214.39999389648438],[151.08046372421086,-33.546688221395016,215.1999969482422],[151.08039574697614,-33.54672409594059,214.8000030517578],[151.08034612610936,-33.5467547737062,214.1999969482422],[151.08029642142355,-33.54678972624242,215],[151.080273790285,-33.5468028858304,215.60000610351562],[151.08020631596446,-33.54688050225377,215.8000030517578],[151.08018360100687,-33.54689919389784,216.39999389648438],[151.08016197569668,-33.546924674883485,216.8000030517578],[151.08011160045862,-33.546975553035736,217.1999969482422],[151.08006298542023,-33.547018971294165,217],[151.07998000457883,-33.54709063656628,216.8000030517578],[151.07995477505028,-33.547109831124544,217.39999389648438],[151.07988118194044,-33.54717009700835,217.1999969482422],[151.07976098544896,-33.547250563278794,216.8000030517578],[151.0796331614256,-33.547343434765935,217.60000610351562],[151.0795192513615,-33.54739582166076,218],[151.0794743243605,-33.54741065762937,218.39999389648438],[151.0793649405241,-33.54746044613421,219],[151.07932512648404,-33.54748534038663,219],[151.07931724749506,-33.547492045909166,219],[151.0792539641261,-33.54754753410816,219.1999969482422],[151.07923342846334,-33.547575110569596,218.60000610351562],[151.0791854839772,-33.54762263596058,218.39999389648438],[151.0791735816747,-33.54764074087143,218.1999969482422],[151.0791497770697,-33.547686422243714,217.8000030517578],[151.07914038933814,-33.54771357960999,217.39999389648438],[151.07912672683597,-33.547766553238034,216],[151.0791220329702,-33.5477786231786,215.8000030517578],[151.0790573246777,-33.54788985103369,215],[151.07900200411677,-33.54798574000597,214],[151.07899169437587,-33.54799906723201,214],[151.07897744514048,-33.54802580550313,213.8000030517578],[151.07895799912512,-33.54807802475989,212.8000030517578],[151.07892975211143,-33.54812018573284,212.8000030517578],[151.0789106413722,-33.5481517855078,212.60000610351562],[151.07887610793114,-33.548190677538514,211.8000030517578],[151.07882204465568,-33.5482466686517,211],[151.0787962283939,-33.548269383609295,210.8000030517578],[151.07872582040727,-33.54833249934018,209.60000610351562],[151.07867108657956,-33.54835806414485,209.60000610351562],[151.0785768739879,-33.54841321706772,208.60000610351562],[151.07854954898357,-33.54844347573817,208.39999389648438],[151.07844871468842,-33.548534251749516,208],[151.07838928699493,-33.54860834777355,208.39999389648438],[151.07838199473917,-33.54862284846604,208.39999389648438],[151.07828895561397,-33.54875670745969,207.8000030517578],[151.0782670788467,-33.54878135025501,207.60000610351562],[151.07823137193918,-33.54884563945234,206.8000030517578],[151.07821729034185,-33.54886366054416,206.8000030517578],[151.07817412354052,-33.548953095451,207.1999969482422],[151.0781249217689,-33.54906843043864,206.39999389648438],[151.07812341302633,-33.549099527299404,206.39999389648438],[151.07811218127608,-33.549199188128114,206.39999389648438],[151.07810975052416,-33.54920815676451,206.39999389648438],[151.07808250933886,-33.549265656620264,206.1999969482422],[151.07805585488677,-33.54934721253812,205.8000030517578],[151.07804504223168,-33.54939239099622,205.60000610351562],[151.07803867198527,-33.54944586753845,206],[151.0780316311866,-33.54946615174413,206],[151.07798712328076,-33.54958165436983,205.8000030517578],[151.07798678800464,-33.54967243038118,205.60000610351562],[151.0779835190624,-33.54970176704228,205.39999389648438],[151.0779758915305,-33.54975767433643,205.39999389648438],[151.07794001698494,-33.54984157718718,205.39999389648438],[151.07794244773686,-33.54985465295613,205.39999389648438],[151.07793247327209,-33.54997267015278,205.1999969482422],[151.07792736031115,-33.55000192299485,205.1999969482422],[151.07791948132217,-33.55006922967732,205.60000610351562],[151.07793607749045,-33.55018179863691,205.8000030517578],[151.07794906944036,-33.55024080723524,206],[151.07796465978026,-33.5503397975117,205.8000030517578],[151.077966587618,-33.55036527849734,206],[151.07798125594854,-33.550415989011526,206.1999969482422],[151.07801805250347,-33.550488743931055,206.60000610351562],[151.07802651822567,-33.550515566021204,206.8000030517578],[151.07803087681532,-33.55052704922855,206.8000030517578],[151.07803087681532,-33.550578681752086,207.39999389648438],[151.07803456485271,-33.55060977861285,207.1999969482422],[151.07805904000998,-33.550700806081295,207.39999389648438],[151.07806733809412,-33.55073433369398,207.60000610351562],[151.07806272804737,-33.55076014995575,207.60000610351562],[151.0780633147806,-33.55078655295074,207.8000030517578],[151.0780691821128,-33.55081387795508,207.8000030517578],[151.0780659969896,-33.55091504752636,207.60000610351562],[151.07802442274988,-33.551042871549726,207.60000610351562],[151.07797656208277,-33.55110850185156,207.39999389648438],[151.0779475606978,-33.551162565127015,207],[151.0779156256467,-33.551194248721,206.60000610351562],[151.0779047291726,-33.55120724067092,206.60000610351562],[151.0778788290918,-33.551230039447546,206.39999389648438],[151.0778492409736,-33.55126742273569,206.1999969482422],[151.0778019670397,-33.55130782350898,206.1999969482422],[151.07778252102435,-33.551324838772416,206.39999389648438],[151.07771990820765,-33.55139792896807,206.1999969482422],[151.07769895344973,-33.55141435749829,206.1999969482422],[151.0776660963893,-33.551460625603795,206.1999969482422],[151.07761077582836,-33.55152650736272,206.1999969482422],[151.07752544805408,-33.55165005661547,206.39999389648438],[151.07748915441334,-33.55172147043049,206.60000610351562],[151.07745118439198,-33.55177410878241,206.8000030517578],[151.07743148691952,-33.551836805418134,207.8000030517578],[151.07741304673254,-33.55190268717706,208],[151.07741036452353,-33.5519109852612,208],[151.07739594765007,-33.55197192169726,207.8000030517578],[151.07739695347846,-33.55203537270427,207.60000610351562],[151.0774160642177,-33.552139308303595,208.1999969482422],[151.07743970118463,-33.55224274098873,208.39999389648438],[151.07745956629515,-33.552340138703585,208],[151.07747322879732,-33.55247475206852,207.60000610351562],[151.07749259099364,-33.55256309732795,207.39999389648438],[151.07750684022903,-33.55267549864948,207.60000610351562],[151.0775255318731,-33.55277591384947,207.39999389648438],[151.07752427458763,-33.55280164629221,207.1999969482422],[151.07752301730216,-33.552846405655146,207.1999969482422],[151.0775231011212,-33.55289611034095,207.1999969482422],[151.07752854935825,-33.552923519164324,207.39999389648438],[151.07754204422235,-33.55303223244846,207],[151.07754598371685,-33.55308394879103,207],[151.0775445587933,-33.55312024243176,207],[151.07754397206008,-33.5531544405967,207.1999969482422],[151.07753944583237,-33.55327530764043,207.39999389648438],[151.07753776945174,-33.55329894460738,207.1999969482422],[151.07752477750182,-33.55346960015595,208],[151.07751488685608,-33.55359381996095,208.1999969482422],[151.07748714275658,-33.55372189544141,209.1999969482422],[151.07748169451952,-33.553733713924885,209.39999389648438],[151.0774528607726,-33.55379641056061,209.60000610351562],[151.07742821797729,-33.55383756570518,209.39999389648438],[151.07736493460834,-33.553923731669784,210.39999389648438],[151.0772802773863,-33.55402506887913,211],[151.07727583497763,-33.55403143912554,211.1999969482422],[151.07727055437863,-33.55403705500066,211.1999969482422],[151.07724691741168,-33.55404996313155,211.1999969482422],[151.07722495682538,-33.55406823568046,211],[151.07715941034257,-33.55414015240967,210.39999389648438],[151.07707827351987,-33.55423201806843,211],[151.07703678309917,-33.55428013019264,211.39999389648438],[151.07703284360468,-33.55429102666676,211.60000610351562],[151.07702027074993,-33.55431013740599,211.8000030517578],[151.07694609090686,-33.554418766871095,211.60000610351562],[151.0768893454224,-33.55456905439496,212.1999969482422],[151.07688372954726,-33.55459017679095,212.60000610351562],[151.07686704955995,-33.554653879255056,213.1999969482422],[151.07686311006546,-33.554685059934855,213.39999389648438],[151.0768544767052,-33.55472210794687,213.60000610351562],[151.07683938927948,-33.554742308333516,214],[151.0768241342157,-33.55476292781532,214],[151.07678188942373,-33.554858481511474,214],[151.07675766572356,-33.55491103604436,213.8000030517578],[151.076698070392,-33.555022682994604,214],[151.07666856609285,-33.55506652034819,214],[151.07662674039602,-33.55511588975787,214.1999969482422],[151.07661911286414,-33.55512351728976,214.1999969482422],[151.0765828192234,-33.55517783202231,214.60000610351562],[151.07656412757933,-33.55522133409977,214.60000610351562],[151.07654409483075,-33.5552629083395,214.60000610351562],[151.07650101184845,-33.55535393580794,215.39999389648438],[151.07645415700972,-33.55541596189141,215.8000030517578],[151.07644611038268,-33.555433647707105,215.8000030517578],[151.07639640569687,-33.55553263798356,215.8000030517578],[151.07635541819036,-33.55561142787337,216.8000030517578],[151.07634720392525,-33.55563623830676,216.8000030517578],[151.07631652615964,-33.55574578978121,217.60000610351562],[151.07622809708118,-33.55590554885566,217.8000030517578],[151.0762051306665,-33.55592248030007,217.8000030517578],[151.07614813372493,-33.555969167500734,218],[151.07613631524146,-33.55597394518554,218.1999969482422],[151.07603036798537,-33.556029349565506,219],[151.0760153643787,-33.556035719811916,219.1999969482422],[151.0759107582271,-33.55608802288771,219.1999969482422],[151.07586801052094,-33.55610135011375,219.1999969482422],[151.07572644017637,-33.55614149942994,218.8000030517578],[151.07563407160342,-33.556169075891376,217.8000030517578],[151.07561546377838,-33.55617335066199,217.60000610351562],[151.0754794254899,-33.55622112751007,217.1999969482422],[151.07540667057037,-33.5562436748296,217.39999389648438],[151.075376579538,-33.556250715628266,217.60000610351562],[151.07532989233732,-33.556264378130436,218],[151.07527188956738,-33.55628114193678,218],[151.07514942996204,-33.55630461126566,217.8000030517578],[151.07498975470662,-33.55633989907801,217.39999389648438],[151.07489076443017,-33.55636144056916,218.39999389648438],[151.0748747549951,-33.556365547701716,218.60000610351562],[151.07483209110796,-33.5563750192523,219],[151.07476310804486,-33.556388514116406,219],[151.07469722628593,-33.556404523551464,219.39999389648438],[151.0746453423053,-33.556417766958475,220.1999969482422],[151.07457417994738,-33.556423634290695,221],[151.07456068508327,-33.556426987051964,221.1999969482422],[151.0745195299387,-33.556442242115736,221.8000030517578],[151.07447083108127,-33.556450959295034,221.8000030517578],[151.07437661848962,-33.55646210722625,222.1999969482422],[151.0743295121938,-33.55647233314812,222.8000030517578],[151.07428877614439,-33.55648800730705,223.1999969482422],[151.07425357215106,-33.556497395038605,223.39999389648438],[151.0742311924696,-33.556502759456635,224.1999969482422],[151.07421602122486,-33.55650703422725,224.60000610351562],[151.07411686331034,-33.55652941390872,225.39999389648438],[151.0740916337818,-33.55653662234545,226],[151.0740776360035,-33.556537544354796,226.1999969482422],[151.0740097425878,-33.55653905309737,226.60000610351562],[151.07392684556544,-33.55655388906598,226.8000030517578],[151.07389750890434,-33.556553637608886,227],[151.07382249087095,-33.55653930455446,227.8000030517578],[151.07374110259116,-33.55652849189937,227.60000610351562],[151.07369491830468,-33.55651717633009,227.1999969482422],[151.0736373346299,-33.556516002863646,227],[151.07352468185127,-33.55650435201824,228.1999969482422],[151.07350590638816,-33.556506196036935,228.39999389648438],[151.0733910743147,-33.556525725871325,228.1999969482422],[151.0732737276703,-33.55654374696314,229.1999969482422],[151.07325964607298,-33.55654709972441,229.1999969482422],[151.07312419451773,-33.55656553991139,229],[151.0729911737144,-33.55656864121556,229.1999969482422],[151.07297466136515,-33.556566797196865,229],[151.07293928973377,-33.5565684735775,228.1999969482422],[151.0728545486927,-33.55657978914678,228],[151.07278866693377,-33.55658423155546,228.39999389648438],[151.0727289877832,-33.556600492447615,228.1999969482422],[151.07260862365365,-33.55661440640688,227.8000030517578],[151.0724729206413,-33.55663737282157,227.8000030517578],[151.07245766557753,-33.55663988739252,227.8000030517578],[151.07240318320692,-33.55665354989469,227.39999389648438],[151.07230301946402,-33.556653214618564,227.8000030517578],[151.07216882519424,-33.55665740557015,227.60000610351562],[151.07201300561428,-33.556658159941435,227.8000030517578],[151.07199515216053,-33.55665891431272,227.8000030517578],[151.07194100506604,-33.556663021445274,227],[151.07187260873616,-33.5566670447588,227],[151.0717207286507,-33.556679701432586,227],[151.0715592931956,-33.55672529898584,226],[151.07152685523033,-33.55674147605896,225.8000030517578],[151.0714691877365,-33.556761257350445,225.8000030517578],[151.07141437008977,-33.55678506195545,225.1999969482422],[151.07137748971581,-33.55681146495044,224.8000030517578],[151.07137179002166,-33.55681230314076,224.8000030517578],[151.07141755521297,-33.55678020045161,224.8000030517578],[151.07143515720963,-33.55676972307265,224.8000030517578],[151.07144068926573,-33.55676787905395,225.1999969482422],[151.07144068926573,-33.55676787905395,224.8000030517578],[151.0714506637305,-33.55676402337849,225],[151.07145468704402,-33.556762179359794,225.1999969482422],[151.07145468704402,-33.556762179359794,225.39999389648438],[151.07145468704402,-33.556762179359794,225.39999389648438],[151.07145468704402,-33.556762179359794,225.39999389648438],[151.07145468704402,-33.55676201172173,225.39999389648438],[151.07145468704402,-33.55676201172173,225.39999389648438],[151.07145468704402,-33.55676201172173,224.8000030517578],[151.0714451316744,-33.55676544830203,224.8000030517578],[151.07139500789344,-33.55679763481021,224.8000030517578],[151.07134035788476,-33.55683661065996,224.60000610351562],[151.07125092297792,-33.55690022930503,224.8000030517578],[151.0711525194347,-33.55697927065194,223.8000030517578],[151.07112879864872,-33.55699754320085,223.8000030517578],[151.0710415430367,-33.5570521093905,224],[151.07099695131183,-33.55708287097514,224],[151.07090902514756,-33.55717255733907,223.60000610351562],[151.07081129215658,-33.557253275066614,224.1999969482422],[151.07072051614523,-33.557330556213856,224.60000610351562],[151.07063300907612,-33.55740004219115,224],[151.07059872709215,-33.557443460449576,224.1999969482422],[151.070545502007,-33.557493751868606,224.1999969482422],[151.07046084478498,-33.55756768025458,225],[151.07043720781803,-33.557583605870605,225.39999389648438],[151.0704273171723,-33.55758687481284,225.39999389648438],[151.07038591057062,-33.557611517608166,225],[151.07025724835694,-33.55771386064589,225],[151.07014576904476,-33.557798182591796,225.1999969482422],[151.0701334476471,-33.557805474847555,225],[151.0701025184244,-33.55783615261316,225],[151.07006412930787,-33.55787940323353,224.8000030517578],[151.06993529945612,-33.557989122346044,225],[151.06981585733593,-33.55810957029462,225.39999389648438],[151.06973262503743,-33.558199340477586,225.60000610351562],[151.06966615654528,-33.55826446786523,225.60000610351562],[151.0696564335376,-33.558272598311305,225.60000610351562],[151.06960614211857,-33.558339988812804,225.8000030517578],[151.06957982294261,-33.55837971903384,225.60000610351562],[151.06950413435698,-33.55848298408091,224.8000030517578],[151.06942743994296,-33.55855531990528,225],[151.06939357705414,-33.55859572067857,225],[151.06936591677368,-33.558646431192756,225],[151.06933515518904,-33.558709463104606,224.8000030517578],[151.06932677328587,-33.55872731655836,224.8000030517578],[151.06931109912694,-33.558820858597755,224],[151.06925804167986,-33.55895111337304,223.8000030517578],[151.06922585517168,-33.5590292327106,224],[151.06920481659472,-33.55905815027654,223.8000030517578],[151.06920171529055,-33.55906980112195,223.60000610351562],[151.0691611468792,-33.55914356186986,223.60000610351562],[151.06914496980608,-33.55918471701443,223.60000610351562],[151.06910180300474,-33.559310864657164,224.1999969482422],[151.06908227317035,-33.5594021435827,223.39999389648438],[151.06907162815332,-33.559446316212416,222.8000030517578],[151.0690691974014,-33.55945645831525,222.60000610351562],[151.06906500644982,-33.559487806633115,222.39999389648438],[151.06906249187887,-33.559498535469174,222.39999389648438],[151.06904371641576,-33.559555700048804,222.60000610351562],[151.0690396092832,-33.559635495767,221.8000030517578],[151.06906483881176,-33.55972199700773,221.1999969482422],[151.06906844303012,-33.559742448851466,221.1999969482422],[151.06905654072762,-33.55984906665981,220.60000610351562],[151.0690261144191,-33.55997781269252,219.8000030517578],[151.06902393512428,-33.559991139918566,219.8000030517578],[151.06902142055333,-33.56000170111656,219.60000610351562],[151.0690234322101,-33.56001419015229,219.39999389648438],[151.06904178857803,-33.56009549461305,218.60000610351562],[151.0690427944064,-33.56010949239135,218.60000610351562],[151.06904212385416,-33.560207560658455,218.39999389648438],[151.0690501704812,-33.56024477630854,218.1999969482422],[151.06905419379473,-33.56029883958399,218],[151.06906215660274,-33.560361033305526,217.8000030517578],[151.0690792556852,-33.56042565777898,217.8000030517578],[151.06909367255867,-33.56045273132622,217.60000610351562],[151.06910138390958,-33.56048634275794,217.60000610351562],[151.06915175914764,-33.560603773221374,217.60000610351562],[151.06918352656066,-33.56070418842137,217.8000030517578],[151.06919107027352,-33.56077887117863,218.39999389648438],[151.0691920761019,-33.560796305537224,218.60000610351562],[151.0691941715777,-33.56080837547779,218.60000610351562],[151.0691960155964,-33.560847686603665,218.60000610351562],[151.06920297257602,-33.56090258806944,218.8000030517578],[151.06920515187085,-33.56091767549515,218.8000030517578],[151.0692058224231,-33.56094667688012,218.8000030517578],[151.06920615769923,-33.56096134521067,218.8000030517578],[151.06921604834497,-33.561074919998646,218.60000610351562],[151.06922199949622,-33.561120769008994,218.60000610351562],[151.06922702863812,-33.56113283894956,218.39999389648438],[151.06923054903746,-33.561176508665085,218.39999389648438],[151.06923893094063,-33.56127206236124,217.8000030517578],[151.0692422837019,-33.56129938736558,217.60000610351562],[151.06924806721509,-33.56131464242935,217.60000610351562],[151.06928410939872,-33.56143509037793,217.1999969482422],[151.06929006054997,-33.56155411340296,217.1999969482422],[151.06931160204113,-33.56164782308042,216.60000610351562],[151.06931302696466,-33.56167372316122,216.60000610351562],[151.06931084766984,-33.56168629601598,216.8000030517578],[151.06931537389755,-33.56177388690412,217],[151.0693181399256,-33.56191026046872,217],[151.06931570917368,-33.56191847473383,217.1999969482422],[151.0692996159196,-33.561963234096766,217.60000610351562],[151.0693078301847,-33.56209541670978,217.1999969482422],[151.0693025495857,-33.56228266842663,217.39999389648438],[151.0693411063403,-33.56246782466769,217.1999969482422],[151.06934546492994,-33.562481151893735,217.1999969482422],[151.06936130672693,-33.56253462843597,217],[151.0693628154695,-33.562546614557505,217],[151.06937848962843,-33.562599336728454,217],[151.06939257122576,-33.56262766756117,216.8000030517578],[151.0694127716124,-33.56267049908638,216.60000610351562],[151.0694262664765,-33.562752893194556,216.60000610351562],[151.06943146325648,-33.56277644634247,216.39999389648438],[151.06944965198636,-33.56282774358988,216.1999969482422],[151.06949516572058,-33.56293444521725,215.60000610351562],[151.06951092369854,-33.56295917183161,215.1999969482422],[151.06952601112425,-33.56299605220556,215.1999969482422],[151.06958485208452,-33.56307442300022,215.60000610351562],[151.0695980116725,-33.56308615766466,215.60000610351562],[151.06961477547884,-33.563103675842285,215.60000610351562],[151.06964939273894,-33.56314198113978,216],[151.06972231529653,-33.563190596178174,215.60000610351562],[151.0698287654668,-33.56325278989971,215],[151.06990369968116,-33.563306014984846,214.60000610351562],[151.0699156858027,-33.56331112794578,214.60000610351562],[151.07002708129585,-33.563353875651956,214.39999389648438],[151.07012087479234,-33.56339025311172,214.8000030517578],[151.07022791169584,-33.56342545710504,214.60000610351562],[151.07025842182338,-33.56344456784427,214.60000610351562],[151.07027401216328,-33.56345236301422,214.39999389648438],[151.07038465328515,-33.56350734829903,214.39999389648438],[151.0705143213272,-33.56356669217348,215],[151.07054214924574,-33.56358228251338,215.39999389648438],[151.07056888751686,-33.563600638881326,215.60000610351562],[151.07061641290784,-33.563626538962126,216.39999389648438],[151.0706440731883,-33.56363961473107,216.60000610351562],[151.070656478405,-33.56364690698683,216.8000030517578],[151.07066821306944,-33.563650427386165,216.8000030517578],[151.07070676982403,-33.56367104686797,216.60000610351562],[151.07077877037227,-33.563712537288666,216.60000610351562],[151.07081070542336,-33.563727624714375,216.60000610351562],[151.07094733044505,-33.56379082426429,217.1999969482422],[151.0709897428751,-33.5638109408319,217.39999389648438],[151.07101472094655,-33.56382418423891,217.60000610351562],[151.0710386093706,-33.563835164532065,217.8000030517578],[151.07106383889914,-33.56384564191103,218],[151.07108714058995,-33.56386047787964,218.1999969482422],[151.07115763239563,-33.56390641070902,218.8000030517578],[151.0711733903736,-33.56391403824091,218.8000030517578],[151.071267016232,-33.563949493691325,219.60000610351562],[151.07128134928644,-33.563958713784814,219.8000030517578],[151.07134186662734,-33.56398360803723,220.1999969482422],[151.07137522660196,-33.56399802491069,220.39999389648438],[151.0714667569846,-33.56404496356845,220.8000030517578],[151.07150648720562,-33.56405183672905,221],[151.0716224089265,-33.56408444233239,221.60000610351562],[151.07173380441964,-33.56413942761719,221.60000610351562],[151.0717461258173,-33.56414873152971,221.60000610351562],[151.07179909944534,-33.56416993774474,221.60000610351562],[151.07182080857456,-33.56418276205659,221.8000030517578],[151.07185307890177,-33.56420463882387,221.8000030517578],[151.07187529094517,-33.56421696022153,222],[151.07198509387672,-33.56428678147495,221.8000030517578],[151.07209280133247,-33.56431033462286,221.60000610351562],[151.07211115770042,-33.5643136035651,221.60000610351562],[151.07219413854182,-33.56435735709965,221.39999389648438],[151.07221718877554,-33.56437034904957,221.1999969482422],[151.07230871915817,-33.564425921067595,221.1999969482422],[151.072321459651,-33.56443388387561,221],[151.07233612798154,-33.56444092467427,221],[151.0724573303014,-33.56447554193437,220.8000030517578],[151.07255992479622,-33.56453061103821,220.60000610351562],[151.07259563170373,-33.564560702070594,220.60000610351562],[151.0726399719715,-33.564579393714666,220.39999389648438],[151.07267123647034,-33.564591547474265,220.39999389648438],[151.0726856533438,-33.5646000970155,220.39999389648438],[151.07274214737117,-33.56463387608528,220],[151.07276754453778,-33.56464401818812,219.8000030517578],[151.0727921873331,-33.56465977616608,219.8000030517578],[151.07288924977183,-33.564705876633525,219.8000030517578],[151.0729015711695,-33.56471434235573,219.60000610351562],[151.07298991642892,-33.564771842211485,219.1999969482422],[151.07300902716815,-33.56478131376207,219.39999389648438],[151.07314271852374,-33.56486655771732,218.8000030517578],[151.0731727257371,-33.564891619607806,218.8000030517578],[151.07319535687566,-33.56490955688059,218.60000610351562],[151.07324824668467,-33.56494300067425,218.39999389648438],[151.07328806072474,-33.564980048686266,218.1999969482422],[151.07336031273007,-33.56503268703818,217.60000610351562],[151.0734293796122,-33.56508431956172,217.39999389648438],[151.07352895662189,-33.56517375446856,217.39999389648438],[151.07361503876746,-33.565269308164716,217],[151.07369952835143,-33.56534508056939,217.39999389648438],[151.0737826768309,-33.56541842222214,217.1999969482422],[151.07388015836477,-33.565508276224136,216.8000030517578],[151.07395970262587,-33.56558212079108,216.60000610351562],[151.07403388246894,-33.56566811911762,216.1999969482422],[151.07407512143254,-33.565731989219785,216.60000610351562],[151.0741286817938,-33.56582963839173,217],[151.0741574317217,-33.56589443050325,217],[151.0741894505918,-33.56594237498939,217],[151.07426547445357,-33.56602309271693,216.60000610351562],[151.07429372146726,-33.56604740023613,216.8000030517578],[151.07435977086425,-33.56611688621342,217.39999389648438],[151.0743712540716,-33.56614513322711,217.39999389648438],[151.07437871396542,-33.566157538443804,217.1999969482422],[151.07444937340915,-33.566250493749976,216.8000030517578],[151.07448709197342,-33.56631268747151,217],[151.07450653798878,-33.566351160407066,217.39999389648438],[151.0745274927467,-33.56638066470623,217.39999389648438],[151.07452631928027,-33.5664027929306,217.39999389648438],[151.07454006560147,-33.56643246486783,217.39999389648438],[151.07454090379179,-33.56645970605314,217.1999969482422],[151.07455196790397,-33.56651125475764,216.8000030517578],[151.07455641031265,-33.566576298326254,216.60000610351562],[151.0745681449771,-33.56662122532725,216.39999389648438],[151.07457283884287,-33.56664410792291,216.39999389648438],[151.07458541169763,-33.56669691391289,216.60000610351562],[151.0745845735073,-33.56671099551022,216.60000610351562],[151.07460829429328,-33.5668259114027,215.60000610351562],[151.07460737228394,-33.566838316619396,215.60000610351562],[151.07462413609028,-33.56696312315762,216.1999969482422],[151.0746540594846,-33.56704425998032,216.39999389648438],[151.07465347275138,-33.56709857471287,216.39999389648438],[151.07465649023652,-33.567134868353605,216.1999969482422],[151.07465548440814,-33.56716395355761,216.1999969482422],[151.07466009445488,-33.567185662686825,216],[151.07464542612433,-33.56725221499801,216],[151.07463075779378,-33.567352630198,215.8000030517578],[151.07462572865188,-33.56740375980735,216]]},"properties":{"name":"Fiddletown Hiking"}}]}
