{"type":"FeatureCollection","features":[{"type":"Feature","geometry":{"type":"LineString","coordinates":[[151.13362837582827,-33.7736373860389,17.600000381469727],[151.13363575190306,-33.77362565137446,17.600000381469727],[151.13364706747234,-33.773559518158436,17.600000381469727],[151.1336903180927,-33.77348533831537,17.799999237060547],[151.13370439969003,-33.773398166522384,18.200000762939453],[151.13369828090072,-33.77331686206162,18.200000762939453],[151.13368403166533,-33.773288279771805,18.200000762939453],[151.13366609439254,-33.77320756204426,18.200000762939453],[151.13366609439254,-33.77310203388333,18.399999618530273],[151.13370674662292,-33.77302626147866,18.600000381469727],[151.1337349936366,-33.77297253347933,19.200000762939453],[151.13378645852208,-33.7729087471962,19.399999618530273],[151.13382099196315,-33.77283548936248,19.600000381469727],[151.1338361632079,-33.77278377301991,19.799999237060547],[151.13384027034044,-33.77271487377584,19.799999237060547],[151.13383633084595,-33.77260087989271,19.799999237060547],[151.1338136997074,-33.772463919594884,20.200000762939453],[151.13381093367934,-33.772453777492046,20.200000762939453],[151.13373742438853,-33.772429805248976,19.799999237060547],[151.13368093036115,-33.77242251299322,19],[151.13365469500422,-33.77242745831609,18.600000381469727],[151.13364094868302,-33.772429805248976,18.399999618530273],[151.13362594507635,-33.772432152181864,18.200000762939453],[151.13358546048403,-33.772427374497056,17.600000381469727],[151.13357196561992,-33.7724269554019,17.399999618530273],[151.1335565429181,-33.77242418937385,17.200000762939453],[151.1335447244346,-33.77241723239422,17],[151.13345973193645,-33.772394601255655,16.399999618530273],[151.13344363868237,-33.77239468507469,16.399999618530273],[151.13339678384364,-33.77240030094981,16.399999618530273],[151.13337893038988,-33.77239351160824,16.399999618530273],[151.13331304863095,-33.77235813997686,16.799999237060547],[151.13326384685934,-33.772334503009915,17.600000381469727],[151.13323090597987,-33.772331569343805,18.399999618530273],[151.133220680058,-33.772330060601234,18.600000381469727],[151.1331237014383,-33.77229921519756,19.600000381469727],[151.13311121240258,-33.77229820936918,19.799999237060547],[151.13305807113647,-33.77228697761893,20.799999237060547],[151.13304248079658,-33.77228789962828,20.799999237060547],[151.13300216384232,-33.77230105921626,21],[151.13298087380826,-33.77230156213045,21],[151.13291256129742,-33.77231363207102,21.799999237060547],[151.13284927792847,-33.77230944111943,22.799999237060547],[151.13283284939826,-33.77231405116618,23],[151.13279722630978,-33.772324696183205,23.200000762939453],[151.13271793350577,-33.77235906198621,23.600000381469727],[151.13270309753716,-33.77236853353679,23.600000381469727],[151.13268985413015,-33.772377921268344,23.799999237060547],[151.1325858347118,-33.77246190793812,24.399999618530273],[151.1325564980507,-33.77247448079288,24.399999618530273],[151.13248181529343,-33.7725202459842,24],[151.1324180290103,-33.77253851853311,23.200000762939453],[151.13237352110445,-33.77255083993077,23],[151.1323308572173,-33.7725598923862,22.799999237060547],[151.1322697531432,-33.77257380634546,22.799999237060547],[151.13225198350847,-33.77257070504129,23],[151.13219507038593,-33.77255553379655,23],[151.13215835765004,-33.772537764161825,23],[151.13209784030914,-33.77249736338854,23.399999618530273],[151.13204905763268,-33.77245411276817,23.600000381469727],[151.13202173262835,-33.77241404727101,23.799999237060547],[151.13200329244137,-33.77240172587335,24],[151.13199239596725,-33.77239820547402,24.200000762939453],[151.13195174373686,-33.77240021713078,24.200000762939453],[151.13192894496024,-33.772416645660996,23.799999237060547],[151.13186851143837,-33.772458052262664,23],[151.13184194080532,-33.77246777527034,22.799999237060547],[151.1317890509963,-33.77248143777251,22.200000762939453],[151.1317237559706,-33.77247355878353,22],[151.1316912341863,-33.77245193347335,22],[151.13167706876993,-33.77245050854981,22.200000762939453],[151.13165351562202,-33.77245503477752,22.200000762939453],[151.13162250258029,-33.7724544480443,22.399999618530273],[151.1315889749676,-33.772443383932114,22.600000381469727],[151.1315282061696,-33.772419076412916,23.200000762939453],[151.13148973323405,-33.772403905168176,23.200000762939453],[151.13142418675125,-33.77239426597953,23],[151.13140138797462,-33.77238068729639,22.799999237060547],[151.13138856366277,-33.77237658016384,22.799999237060547],[151.13135805353522,-33.77237054519355,22.799999237060547],[151.13133248873055,-33.772373059764504,22.799999237060547],[151.13126006908715,-33.77235277555883,23.399999618530273],[151.13123944960535,-33.77235830761492,24],[151.13122620619833,-33.77236006781459,24.600000381469727],[151.13120617344975,-33.772352021187544,25.200000762939453],[151.13117951899767,-33.772331988438964,26],[151.13116786815226,-33.77232888713479,26.200000762939453],[151.13115202635527,-33.77233282662928,26.399999618530273],[151.13109880127013,-33.772342298179865,26.799999237060547],[151.13107516430318,-33.77234464511275,27],[151.1310585681349,-33.77233911305666,27],[151.1310294829309,-33.77233332954347,27],[151.13100081682205,-33.77231371589005,27.200000762939453],[151.1309946142137,-33.77230793237686,27.600000381469727],[151.13097550347447,-33.77229611389339,28.200000762939453],[151.13092445768416,-33.7722678668797,28.799999237060547],[151.1308827996254,-33.77224448136985,29.799999237060547],[151.130865868181,-33.772245068103075,30],[151.13085237331688,-33.772244146093726,30],[151.13081272691488,-33.7722506839782,31.200000762939453],[151.13079286180437,-33.77225319854915,31.799999237060547],[151.13078598864377,-33.772244565188885,32],[151.13077651709318,-33.772238781675696,32.400001525878906],[151.13073804415762,-33.77222486771643,33.20000076293945],[151.13072773441672,-33.772221095860004,33.599998474121094],[151.13069311715662,-33.77220617607236,34.400001525878906],[151.1306833103299,-33.772203577682376,34.79999923706055],[151.13066487014294,-33.77218605950475,35.400001525878906],[151.13063184544444,-33.772166948765516,35.79999923706055],[151.13057803362608,-33.77215638756752,36],[151.13054676912725,-33.77213400788605,35.79999923706055],[151.13040721043944,-33.772119423374534,35.599998474121094],[151.13032146357,-33.772085225209594,35.400001525878906],[151.13031098619103,-33.772081872448325,35.400001525878906],[151.1302144266665,-33.77203015610576,35.20000076293945],[151.13019824959338,-33.77201816998422,35.20000076293945],[151.13020193763077,-33.77202110365033,35],[151.13020260818303,-33.77204264514148,34.400001525878906],[151.13019707612693,-33.77205295488238,34],[151.13018869422376,-33.772057481110096,33.79999923706055],[151.13017763011158,-33.77205731347203,33.599998474121094],[151.1301700025797,-33.77205555327237,33.400001525878906],[151.13013898953795,-33.77205329015851,32.79999923706055],[151.13011987879872,-33.77206695266068,32.400001525878906],[151.13011526875198,-33.77208514139056,31.799999237060547],[151.1301163583994,-33.772083381190896,31.600000381469727],[151.13011023961008,-33.7720815371722,31.200000762939453],[151.13007972948253,-33.7720934394747,30.399999618530273],[151.13006581552327,-33.77209436148405,30],[151.13000311888754,-33.77206854522228,29],[151.12998275086284,-33.77205873839557,29],[151.12994176335633,-33.772057984024286,28.399999618530273],[151.12991955131292,-33.77205186523497,27.799999237060547],[151.12988107837737,-33.77204197458923,27.200000762939453],[151.12986699678004,-33.77204289659858,26.799999237060547],[151.12985190935433,-33.772042309865355,26.399999618530273],[151.1298089940101,-33.77203091047704,25.600000381469727],[151.1297931522131,-33.772021774202585,25.399999618530273],[151.1297775618732,-33.77201993018389,25],[151.12975241616368,-33.772019762545824,24.600000381469727],[151.12973481416702,-33.772020768374205,24.200000762939453],[151.12971763126552,-33.772016325965524,23.200000762939453],[151.12969080917537,-33.77200425602496,22.600000381469727],[151.12967957742512,-33.77199914306402,22.399999618530273],[151.1296544317156,-33.77198145724833,22.200000762939453],[151.1296292860061,-33.77196595072746,22],[151.12961595878005,-33.77196134068072,22],[151.1295870412141,-33.77195538952947,22],[151.12956013530493,-33.771940721198916,22.200000762939453],[151.1295529268682,-33.77193544059992,22.600000381469727],[151.1295143701136,-33.771932842209935,23],[151.12948779948056,-33.77192999236286,23],[151.12945703789592,-33.77192764542997,23.600000381469727],[151.12936802208424,-33.771919598802924,24.200000762939453],[151.1293427925557,-33.771933261305094,24.600000381469727],[151.12932837568223,-33.77193887718022,24.799999237060547],[151.1292806826532,-33.77195840701461,25.200000762939453],[151.1292659305036,-33.771960670128465,25.399999618530273],[151.12923516891897,-33.771959664300084,25.600000381469727],[151.129179764539,-33.77196628600359,25.799999237060547],[151.1291607376188,-33.77197366207838,25.799999237060547],[151.12909527495503,-33.771994868293405,26.200000762939453],[151.12901464104652,-33.772011967375875,26.399999618530273],[151.12890634685755,-33.77199939452112,26.799999237060547],[151.12878154031932,-33.77197751775384,27.799999237060547],[151.12876662053168,-33.77197508700192,27.799999237060547],[151.12875019200146,-33.77197223715484,28],[151.1287064384669,-33.77195572480559,28.600000381469727],[151.1286633554846,-33.77193418331444,29.200000762939453],[151.12863502465189,-33.77192764542997,29.399999618530273],[151.12848398275673,-33.77191104926169,29.600000381469727],[151.1283850762993,-33.771897135302424,29.600000381469727],[151.1282579228282,-33.77187701873481,29.200000762939453],[151.1281738523394,-33.77185866236687,29.200000762939453],[151.1281482875347,-33.771862434223294,29.200000762939453],[151.12805860117078,-33.77186209894717,29.399999618530273],[151.12795642577112,-33.77183485776186,29.399999618530273],[151.12792608328164,-33.771830666810274,29.200000762939453],[151.1278646439314,-33.77182178199291,29.200000762939453],[151.12775810994208,-33.77182454802096,28.799999237060547],[151.12770698033273,-33.77182262018323,28.200000762939453],[151.1276823375374,-33.771830163896084,28],[151.1276709381491,-33.77183133736253,27.799999237060547],[151.1276564374566,-33.77183334901929,27.799999237060547],[151.1276408471167,-33.77183343283832,27.600000381469727],[151.12759650684893,-33.771830666810274,27],[151.12756901420653,-33.7718291580677,26.600000381469727],[151.1275441199541,-33.77183385193348,26.399999618530273],[151.1274836026132,-33.771851789206266,26],[151.1274611391127,-33.77185790799558,25.799999237060547],[151.12738402560353,-33.771893782541156,25.399999618530273],[151.12729785963893,-33.771933345124125,24.799999237060547],[151.1272877175361,-33.77193879336119,24.600000381469727],[151.12727707251906,-33.7719398830086,24.600000381469727],[151.12720733508468,-33.77195513807237,23.799999237060547],[151.12719610333443,-33.77195606008172,23.600000381469727],[151.12716525793076,-33.77195991575718,23.399999618530273],[151.12710398621857,-33.771946504712105,22.600000381469727],[151.12700147554278,-33.77195212058723,22.200000762939453],[151.1269874777645,-33.7719570659101,22.200000762939453],[151.12691095098853,-33.771983636543155,22],[151.12689728848636,-33.771991431713104,22],[151.12682143226266,-33.77200668677688,22],[151.12670064903796,-33.77201959490776,22.399999618530273],[151.1266159079969,-33.771990509703755,22.399999618530273],[151.12652018666267,-33.77193409949541,21.799999237060547],[151.1264607589692,-33.771846340969205,21.799999237060547],[151.1264457553625,-33.77180552110076,21.600000381469727],[151.12643192522228,-33.77177199348807,21.600000381469727],[151.12641918472946,-33.77172539010644,21.399999618530273],[151.12640996463597,-33.771661100909114,20.600000381469727],[151.12640745006502,-33.77165699377656,20.200000762939453],[151.12642077729106,-33.77162857912481,19.399999618530273],[151.12642421387136,-33.771616760641336,19],[151.12642287276685,-33.771607456728816,18.600000381469727],[151.12641935236752,-33.77160770818591,18.200000762939453],[151.12639068625867,-33.77159773372114,17.799999237060547],[151.1263775266707,-33.77158381976187,18.799999237060547],[151.1263621877879,-33.771578120067716,19.399999618530273],[151.1263030115515,-33.77155205234885,20.200000762939453],[151.1262932047248,-33.77155280672014,20.200000762939453],[151.12624760717154,-33.771568816155195,20.399999618530273],[151.12623553723097,-33.77157309092581,20.399999618530273],[151.1261367984116,-33.771620113402605,21.399999618530273],[151.12611450254917,-33.771643498912454,21.399999618530273],[151.12609882839024,-33.77165372483432,21.600000381469727],[151.12606999464333,-33.77168331295252,21.799999237060547],[151.1259903665632,-33.771718936041,22.799999237060547],[151.1259496305138,-33.7717377115041,23.399999618530273],[151.1259293463081,-33.771750116720796,24],[151.1259039491415,-33.77176210284233,24.399999618530273],[151.12589288502932,-33.77177719026804,24.799999237060547],[151.12588986754417,-33.771787751466036,24.799999237060547],[151.12588685005903,-33.77179856412113,24.799999237060547],[151.12589690834284,-33.77182949334383,24.799999237060547],[151.12590537406504,-33.77185396850109,24.600000381469727],[151.12591677345335,-33.77186997793615,24.600000381469727],[151.1259240657091,-33.771884394809604,24.399999618530273],[151.1259218864143,-33.77192043699324,24.200000762939453],[151.1258970759809,-33.77194784581661,24],[151.12584175541997,-33.771992940455675,23.600000381469727],[151.1258378997445,-33.772003250196576,23.399999618530273],[151.1258304398507,-33.77202579751611,22.799999237060547],[151.12583270296454,-33.77204063348472,22.799999237060547],[151.1258143465966,-33.772076424211264,22.200000762939453],[151.12574712373316,-33.77208891324699,21.799999237060547],[151.12568149343133,-33.772105760872364,21.399999618530273],[151.12565215677023,-33.77210064791143,21.200000762939453],[151.12560429610312,-33.77209905534983,20.600000381469727],[151.1255870293826,-33.772096959874034,20.600000381469727],[151.1255307868123,-33.77206242643297,20.200000762939453],[151.12552667967975,-33.77205127850175,20.200000762939453],[151.1255450360477,-33.77197617664933,20.799999237060547],[151.12554009072483,-33.77197223715484,21],[151.12551352009177,-33.77193686552346,21.600000381469727],[151.12549759447575,-33.77188816666603,22.200000762939453],[151.12548703327775,-33.77187634818256,22.399999618530273],[151.12546406686306,-33.771854219958186,22.799999237060547],[151.1254372447729,-33.771842988207936,23],[151.1254086624831,-33.77182379364967,23],[151.12537253648043,-33.771785320714116,22.600000381469727],[151.12536599859595,-33.77178356051445,22.200000762939453],[151.12534487619996,-33.7717895116657,21.799999237060547],[151.12533540464938,-33.771794037893414,21.399999618530273],[151.12528913654387,-33.771779956296086,20.799999237060547],[151.12528083845973,-33.771768137812614,20.799999237060547],[151.1252490710467,-33.77172974869609,20.399999618530273],[151.12521596252918,-33.771719774231315,20.399999618530273],[151.1251422856003,-33.77172153443098,20.399999618530273],[151.12508168444037,-33.77173628658056,20.399999618530273],[151.12506835721433,-33.771736370399594,20.399999618530273],[151.12500834278762,-33.77173486165702,20.200000762939453],[151.1249842029065,-33.77172572538257,20],[151.1249763239175,-33.771719271317124,19.799999237060547],[151.124924775213,-33.77170577645302,18.799999237060547],[151.12491488456726,-33.7716962210834,18.600000381469727],[151.1248977854848,-33.77164634875953,18.200000762939453],[151.12487314268947,-33.771613826975226,18.600000381469727],[151.12484648823738,-33.771592788398266,19.200000762939453],[151.12482712604105,-33.77155532129109,19.600000381469727],[151.124819079414,-33.77154819667339,19.600000381469727],[151.12478488124907,-33.77149983309209,19.600000381469727],[151.1247574724257,-33.77146890386939,19.600000381469727],[151.12468882463872,-33.77138474956155,20.200000762939453],[151.12468170002103,-33.771375780925155,20.200000762939453],[151.12465797923505,-33.77132439985871,20.399999618530273],[151.12462210468948,-33.771233623847365,20.399999618530273],[151.12460936419666,-33.771220883354545,20.399999618530273],[151.12455831840634,-33.77116589806974,20.399999618530273],[151.12455496564507,-33.77114997245371,20.399999618530273],[151.12454323098063,-33.77109515480697,20.200000762939453],[151.12452956847847,-33.771059112623334,19.799999237060547],[151.1244498565793,-33.77099448814988,19.799999237060547],[151.12441850826144,-33.77097085118294,20.799999237060547],[151.12439076416194,-33.770932126790285,21.399999618530273],[151.12438581883907,-33.77091930247843,21.399999618530273],[151.12438397482038,-33.770876973867416,21.399999618530273],[151.12437458708882,-33.77084922976792,21.399999618530273],[151.12436913885176,-33.77083850093186,21.399999618530273],[151.12427710555494,-33.770741522312164,21.399999618530273],[151.12420611083508,-33.770661978051066,21.200000762939453],[151.12415607087314,-33.77055812627077,20.200000762939453],[151.12415380775928,-33.7705444637686,20.200000762939453],[151.12414190545678,-33.77047095447779,20.200000762939453],[151.12413670867682,-33.77046818844974,20.200000762939453],[151.1241200286895,-33.77045502886176,20.200000762939453],[151.12409505061805,-33.77044044435024,19.799999237060547],[151.12408390268683,-33.770417058840394,19.399999618530273],[151.1240730062127,-33.77040565945208,19.200000762939453],[151.12405557185411,-33.770383866503835,18.799999237060547],[151.12405020743608,-33.77037741243839,18.600000381469727],[151.12401927821338,-33.77035075798631,18.399999618530273],[151.1239749379456,-33.77031488344073,18.399999618530273],[151.12394643947482,-33.77027364447713,18.399999618530273],[151.12387804314494,-33.77024405635893,19],[151.12382289022207,-33.7702130433172,18.799999237060547],[151.12381752580404,-33.77020633779466,18.799999237060547],[151.1238062940538,-33.77019887790084,18.799999237060547],[151.12376027740538,-33.770159147679806,18.799999237060547],[151.1237476207316,-33.77011866308749,19.600000381469727],[151.1237244028598,-33.77010173164308,20],[151.12369045615196,-33.770072143524885,20],[151.12365583889186,-33.77004590816796,19.799999237060547],[151.1236234009266,-33.76999746076763,19.399999618530273],[151.12360454164445,-33.76999117434025,18.600000381469727],[151.12359071150422,-33.76998773775995,18.200000762939453],[151.1235665716231,-33.769961670041084,17.600000381469727],[151.12354452721775,-33.76994968391955,17.200000762939453],[151.12353606149554,-33.76995261758566,17.200000762939453],[151.12349004484713,-33.76994934864342,18],[151.1234640609473,-33.76995010301471,18.399999618530273],[151.1234370712191,-33.769930908456445,18.399999618530273],[151.12339633516967,-33.76989402808249,18.600000381469727],[151.123386612162,-33.76989075914025,18.600000381469727],[151.12331586889923,-33.769861003383994,19],[151.1232721991837,-33.76986896619201,19.200000762939453],[151.1232407670468,-33.76985949464142,19.399999618530273],[151.1232151184231,-33.76983921043575,19.600000381469727],[151.1232066527009,-33.76982362009585,19.799999237060547],[151.12320631742477,-33.769787745550275,20.200000762939453],[151.12320858053863,-33.76978565007448,20.399999618530273],[151.12320732325315,-33.76975622959435,20.799999237060547],[151.12320832908154,-33.76971046440303,21.200000762939453],[151.1232219915837,-33.76968297176063,21.399999618530273],[151.12323540262878,-33.769639721140265,21.399999618530273],[151.1232362408191,-33.76963494345546,21.399999618530273],[151.1232251767069,-33.76962756738067,21.399999618530273],[151.12320363521576,-33.7695999071002,21.399999618530273],[151.12318796105683,-33.7695222068578,21],[151.12317765131593,-33.76950896345079,21],[151.12316004931927,-33.76948591321707,20.600000381469727],[151.12313565798104,-33.76944433897734,20.200000762939453],[151.1231300421059,-33.769431514665484,20],[151.12311646342278,-33.769406452775,19.799999237060547],[151.123106488958,-33.769405614584684,19.799999237060547],[151.12308578565717,-33.76942506060004,19.799999237060547],[151.12307363189757,-33.76945029012859,19.799999237060547],[151.12306592054665,-33.769451547414064,19.600000381469727],[151.12303029745817,-33.769475100561976,18.799999237060547],[151.12302124500275,-33.76947577111423,18.399999618530273],[151.12297480925918,-33.76947577111423,18.799999237060547],[151.12295812927186,-33.76949965953827,19.399999618530273],[151.12295368686318,-33.76950695179403,19.600000381469727],[151.12293851561844,-33.76951156184077,20],[151.12291663885117,-33.76957249827683,20.200000762939453],[151.12289409153163,-33.76960527151823,20.399999618530273],[151.12288537435234,-33.76961273141205,20.399999618530273],[151.12285863608122,-33.76963301561773,20.399999618530273],[151.1228110268712,-33.76963804475963,20.399999618530273],[151.1227970290929,-33.76963745802641,20.399999618530273],[151.12273232080042,-33.769615329802036,20.600000381469727],[151.12269275821745,-33.769606444984674,21],[151.12260977737606,-33.769589345902205,21.600000381469727],[151.1225942708552,-33.76958750188351,21.600000381469727],[151.12247214652598,-33.76953335478902,22.200000762939453],[151.12242135219276,-33.76944542862475,22.799999237060547],[151.12240391783416,-33.76930067315698,23.799999237060547],[151.12241464667022,-33.76921207644045,24.799999237060547],[151.12242361530662,-33.769184332340956,25.200000762939453],[151.1223923508078,-33.76913311891258,26],[151.12234968692064,-33.7690679077059,26.200000762939453],[151.12234390340745,-33.76906036399305,26.200000762939453],[151.12229151651263,-33.76901493407786,25.600000381469727],[151.1222639400512,-33.768986435607076,25.600000381469727],[151.122181462124,-33.76882391050458,26.200000762939453],[151.12213904969394,-33.76878468319774,27],[151.12212169915438,-33.768765488639474,27.399999618530273],[151.1221175082028,-33.76875291578472,27.399999618530273],[151.1220974754542,-33.76870069652796,27.799999237060547],[151.12208230420947,-33.76863473095,28],[151.12208230420947,-33.76859097741544,28.399999618530273],[151.1220842320472,-33.76856951974332,28.600000381469727],[151.1220514588058,-33.76852341927588,28.600000381469727],[151.12200376577675,-33.76843490637839,28.799999237060547],[151.12199773080647,-33.76841235905886,29.200000762939453],[151.1220028437674,-33.76834698021412,30.200000762939453],[151.12200879491866,-33.76831412315369,30.600000381469727],[151.12200183793902,-33.768301885575056,31],[151.12197275273502,-33.76829031854868,31.399999618530273],[151.12195875495672,-33.76829165965319,31.600000381469727],[151.1219460144639,-33.768310602754354,32.400001525878906],[151.12193478271365,-33.768318397924304,32.79999923706055],[151.12192288041115,-33.768320409581065,33],[151.12188105471432,-33.76831035129726,33.79999923706055],[151.12185624428093,-33.76830498687923,34],[151.12184274941683,-33.768304232507944,34.20000076293945],[151.12181802280247,-33.768305741250515,34.400001525878906],[151.12173847854137,-33.76832066103816,34.20000076293945],[151.12159824930131,-33.76830599270761,33.79999923706055],[151.12156363204122,-33.76828394830227,33.79999923706055],[151.12152490764856,-33.76826433464885,34],[151.1214974988252,-33.768253438174725,34],[151.1214665696025,-33.76823415979743,34],[151.12144418992102,-33.768232483416796,33.79999923706055],[151.12138878554106,-33.76821253448725,32.79999923706055],[151.12137931399047,-33.768206583335996,32.599998474121094],[151.12135408446193,-33.76819468103349,31.799999237060547],[151.1213249154389,-33.76818856224418,31],[151.12129884772003,-33.7681822758168,30.600000381469727],[151.12128904089332,-33.76818093471229,30.399999618530273],[151.12124159932137,-33.76817649230361,29.399999618530273],[151.12122869119048,-33.76817313954234,29.200000762939453],[151.1212099995464,-33.76813843846321,28.799999237060547],[151.12120421603322,-33.76813299022615,28.799999237060547],[151.12114931456745,-33.76809443347156,28.399999618530273],[151.12114344723523,-33.768088314682245,28.399999618530273],[151.1210683453828,-33.76803886145353,28.399999618530273],[151.12105954438448,-33.768033999949694,28.399999618530273],[151.12100372090936,-33.768015056848526,27.200000762939453],[151.12095535732806,-33.76800650730729,26.399999618530273],[151.1209232546389,-33.76800290308893,26.200000762939453],[151.12084094434977,-33.76798605546355,26.399999618530273],[151.1208148766309,-33.76798253506422,26.399999618530273],[151.12078721635044,-33.767980858683586,26.200000762939453],[151.12073776312172,-33.76795479096472,25.799999237060547],[151.1207289621234,-33.76794674433768,25.799999237060547],[151.12069166265428,-33.767885472625494,25.399999618530273],[151.12068965099752,-33.76787155866623,25.399999618530273],[151.12070742063224,-33.767834259197116,25.200000762939453],[151.1207204964012,-33.76781724393368,25.399999618530273],[151.12072728574276,-33.767798552289605,25.600000381469727],[151.12072384916246,-33.76776007935405,26.200000762939453],[151.1207112763077,-33.767697466537356,26.600000381469727],[151.12071211449802,-33.76768212765455,26.799999237060547],[151.12070079892874,-33.767629908397794,27.399999618530273],[151.1206869687885,-33.767604008316994,27.600000381469727],[151.12065955996513,-33.76755438745022,27.799999237060547],[151.12063215114176,-33.767512645572424,27.799999237060547],[151.12062267959118,-33.76748858951032,27.799999237060547],[151.12059518694878,-33.767436956986785,27.399999618530273],[151.12054673954844,-33.767304606735706,27.200000762939453],[151.12051639705896,-33.767194049432874,27.799999237060547],[151.1204985436052,-33.76710704527795,28],[151.1204948555678,-33.767083743587136,28],[151.1205106973648,-33.766980143263936,28.200000762939453],[151.1205130442977,-33.766969833523035,28.399999618530273],[151.12051262520254,-33.76691191457212,29],[151.1205212585628,-33.76689280383289,29.200000762939453],[151.12053081393242,-33.766856929287314,29.399999618530273],[151.12054154276848,-33.76676078885794,29.399999618530273],[151.12055889330804,-33.76666573807597,29.600000381469727],[151.1205593124032,-33.76665341667831,29.799999237060547],[151.12054808065295,-33.76659885048866,30.399999618530273],[151.12052503041923,-33.76649156212807,30.799999237060547],[151.1205011419952,-33.766461219638586,30.799999237060547],[151.12041916698217,-33.76634672284126,29.600000381469727],[151.12040827050805,-33.76632057130337,29.399999618530273],[151.12036854028702,-33.76620138064027,29.200000762939453],[151.12033249810338,-33.76612963154912,28.799999237060547],[151.12032889388502,-33.76610088162124,28.200000762939453],[151.12031003460288,-33.766042459756136,27.399999618530273],[151.12030634656549,-33.7660323176533,27.399999618530273],[151.120294528082,-33.7658906634897,27.399999618530273],[151.12030575983226,-33.76581338234246,27.799999237060547],[151.12030684947968,-33.76576568931341,27.799999237060547],[151.12028882838786,-33.76568463630974,28.200000762939453],[151.12023937515914,-33.765587070956826,28.200000762939453],[151.12019704654813,-33.765480956062675,28],[151.12014851532876,-33.76538095995784,29],[151.12014750950038,-33.76535581424832,29.399999618530273],[151.12014633603394,-33.76532714813948,30],[151.12014130689204,-33.76530485227704,30.200000762939453],[151.12014264799654,-33.7652912735939,30.399999618530273],[151.12014046870172,-33.76527694053948,30.600000381469727],[151.1201401334256,-33.76521340571344,31.399999618530273],[151.1201139818877,-33.76508843153715,31.399999618530273],[151.12009436823428,-33.764989441260695,31.200000762939453],[151.12006419338286,-33.76488550566137,30.799999237060547],[151.12006947398186,-33.76487075351179,30.799999237060547],[151.1200642772019,-33.764786180108786,30.799999237060547],[151.12005421891809,-33.76468626782298,30.600000381469727],[151.11998171545565,-33.76465056091547,29.600000381469727],[151.1199702322483,-33.764646453782916,29.399999618530273],[151.11991516314447,-33.764572106301785,28.600000381469727],[151.11988046206534,-33.76453422009945,28.399999618530273],[151.11986520700157,-33.76448116265237,28.399999618530273],[151.11981751397252,-33.764356691390276,28.200000762939453],[151.11981525085866,-33.76434462144971,28.200000762939453],[151.1197865009308,-33.764223670586944,28.399999618530273],[151.11979379318655,-33.76416717655957,28.399999618530273],[151.1197926197201,-33.76413884572685,28.200000762939453],[151.11977560445666,-33.764063995331526,28.200000762939453],[151.11979119479656,-33.76402359455824,27.600000381469727],[151.11979295499623,-33.76400540582836,27.399999618530273],[151.11980410292745,-33.76398017629981,26.799999237060547],[151.11981357447803,-33.76395436003804,26.399999618530273],[151.11981776542962,-33.76392452046275,26],[151.11981156282127,-33.76390432007611,25.799999237060547],[151.1198261473328,-33.76384531147778,25.200000762939453],[151.1198417376727,-33.76380734145641,25],[151.11986587755382,-33.76371681690216,24.600000381469727],[151.1198737565428,-33.76371094956994,24.600000381469727],[151.11987912096083,-33.76369711942971,24.600000381469727],[151.11989479511976,-33.76362235285342,24.399999618530273],[151.1198957171291,-33.763571977615356,24.200000762939453],[151.1198914423585,-33.763506012037396,23.600000381469727],[151.11985757946968,-33.763481536880136,23],[151.11980678513646,-33.763448763638735,22.600000381469727],[151.11978960223496,-33.763441471382976,22],[151.11973855644464,-33.76338053494692,21.200000762939453],[151.1197352875024,-33.763369638472795,21],[151.11971022561193,-33.763315826654434,20.600000381469727],[151.11968155950308,-33.76324726268649,20.200000762939453],[151.11967150121927,-33.76320795156062,20],[151.11967150121927,-33.76319244503975,19.799999237060547],[151.1196570005268,-33.76308205537498,19.399999618530273],[151.11960880458355,-33.7629637029022,19],[151.11960017122328,-33.762945933267474,18.799999237060547],[151.11956412903965,-33.76290067099035,18.799999237060547],[151.11951341852546,-33.76284903846681,18.799999237060547],[151.1195079702884,-33.762833531945944,18.600000381469727],[151.11950076185167,-33.76282615587115,18.600000381469727],[151.1194667313248,-33.76278407871723,18.600000381469727],[151.11946321092546,-33.76277376897633,18.600000381469727],[151.11939766444266,-33.76270109787583,18.799999237060547],[151.11937738023698,-33.76268098130822,18.799999237060547],[151.11935474909842,-33.76267109066248,19],[151.11934536136687,-33.762664552778006,19],[151.11929087899625,-33.76261065714061,19],[151.11927579157054,-33.76260185614228,19],[151.1192601174116,-33.76259598881006,19],[151.1191998515278,-33.76255667768419,19.200000762939453],[151.11917847767472,-33.762533543631434,19.399999618530273],[151.1190988495946,-33.762458777055144,20],[151.11907202750444,-33.7624332960695,20.200000762939453],[151.11902475357056,-33.762401109561324,20.600000381469727],[151.11900405026972,-33.762383591383696,21],[151.11896582879126,-33.76235844567418,21.600000381469727],[151.11891478300095,-33.76233539544046,22],[151.11890497617424,-33.76233891583979,22],[151.11884261481464,-33.76236230134964,21.600000381469727],[151.1188081651926,-33.762359200045466,21],[151.11878838390112,-33.76235945150256,20.399999618530273],[151.1187888868153,-33.762370347976685,20],[151.11877555958927,-33.76240446232259,19],[151.11877187155187,-33.76240815035999,18.799999237060547],[151.11874295398593,-33.76242675818503,18.200000762939453],[151.11873297952116,-33.76242390833795,17.799999237060547],[151.11867371946573,-33.76239985227585,17.600000381469727],[151.11866902559996,-33.76239507459104,17.600000381469727],[151.11866081133485,-33.76238962635398,17.799999237060547],[151.11861739307642,-33.762392895296216,18.399999618530273],[151.11860683187842,-33.762356182560325,19],[151.11860775388777,-33.7623159494251,19.600000381469727],[151.11858822405338,-33.762298012152314,20],[151.11854765564203,-33.76226817257702,21],[151.11854061484337,-33.76226121559739,21.200000762939453],[151.1185248568654,-33.76224487088621,21.399999618530273],[151.1185113620013,-33.76222416758537,22.200000762939453],[151.1185002978891,-33.76220153644681,22.600000381469727],[151.1184989567846,-33.762185694649816,22.799999237060547],[151.1184981185943,-33.7621639855206,23],[151.11848110333085,-33.762132888659835,23],[151.11847263760865,-33.762086536735296,22.799999237060547],[151.1184712126851,-33.762066503986716,22.799999237060547],[151.11844983883202,-33.76198067329824,23],[151.11843148246408,-33.761955024674535,23.200000762939453],[151.11841111443937,-33.7619446311146,23.399999618530273],[151.1183977033943,-33.76193817704916,23.399999618530273],[151.11829267814755,-33.76187765970826,24],[151.11827365122736,-33.76186734996736,24.399999618530273],[151.11819536425173,-33.761847903952,25.399999618530273],[151.1181693803519,-33.761851927265525,25.799999237060547],[151.11814700067043,-33.76185201108456,26],[151.11812353134155,-33.761848574504256,26.600000381469727],[151.1181070189923,-33.76184388063848,26.799999237060547],[151.1180779337883,-33.7618444673717,27.600000381469727],[151.1180208530277,-33.76185108907521,28.200000762939453],[151.11800668761134,-33.761851927265525,28.399999618530273],[151.11799185164273,-33.761852430179715,28.600000381469727],[151.11797072924674,-33.761861650273204,29],[151.1179074458778,-33.76186592504382,29.600000381469727],[151.11789143644273,-33.76186818815768,29.600000381469727],[151.11787861213088,-33.76186927780509,30],[151.1178159993142,-33.761811861768365,30.200000762939453],[151.1178091261536,-33.76179317012429,30.200000762939453],[151.11780619248748,-33.76174313016236,30.399999618530273],[151.11780527047813,-33.76173692755401,30.399999618530273],[151.117802252993,-33.76173282042146,30.600000381469727],[151.1177866626531,-33.76172033138573,30.600000381469727],[151.11775112338364,-33.7617062497884,30.600000381469727],[151.11773896962404,-33.76170021481812,30.799999237060547],[151.11768691800535,-33.76166853122413,31],[151.1176804639399,-33.76166366972029,31],[151.1176725011319,-33.76165771856904,31],[151.11759882420301,-33.761618407443166,31],[151.11754694022238,-33.761583119630814,31],[151.1175255663693,-33.761567613109946,31],[151.117382068187,-33.761487901210785,31],[151.11732666380703,-33.76137684099376,31.200000762939453],[151.11731409095228,-33.76136594451964,31.200000762939453],[151.1172702535987,-33.761335518211126,31.600000381469727],[151.11726832576096,-33.76132001169026,31.600000381469727],[151.1172615364194,-33.76129176467657,31.799999237060547],[151.11724770627916,-33.761264607310295,32],[151.11723714508116,-33.76124759204686,32.400001525878906],[151.1172277573496,-33.76123786903918,32.400001525878906],[151.1171851772815,-33.76119646243751,32.79999923706055],[151.1171560920775,-33.76117257401347,33],[151.11713186837733,-33.76115187071264,33],[151.11710412427783,-33.761110128834844,33.20000076293945],[151.1170577723533,-33.761062854900956,33.79999923706055],[151.11704980954528,-33.76105564646423,34],[151.1170091573149,-33.76104609109461,34.20000076293945],[151.11695987172425,-33.761030584573746,34.400001525878906],[151.11688158474863,-33.76101214438677,34.79999923706055],[151.11685652285814,-33.761007031425834,35],[151.11679675988853,-33.76099546439946,36],[151.1167765595019,-33.76099378801882,36.599998474121094],[151.11675426363945,-33.76099261455238,37.20000076293945],[151.1167245078832,-33.76099227927625,37.400001525878906],[151.11661797389388,-33.76094768755138,38.20000076293945],[151.11652619205415,-33.76092463731766,39.400001525878906],[151.1165144573897,-33.76091994345188,39.599998474121094],[151.11648478545249,-33.76090804114938,40.400001525878906],[151.11646969802678,-33.76089940778911,40.79999923706055],[151.11643717624247,-33.760876692831516,41.400001525878906],[151.11643005162477,-33.760874178260565,41.599998474121094],[151.11640281043947,-33.76086227595806,42.400001525878906],[151.116375150159,-33.76084182411432,42.79999923706055],[151.11633650958538,-33.76081097871065,44],[151.11632770858705,-33.760806787759066,44],[151.1163172312081,-33.760800920426846,44.20000076293945],[151.11626953817904,-33.760762279853225,44.79999923706055],[151.1162083502859,-33.76071475446224,44.79999923706055],[151.11611212603748,-33.760644514113665,44.79999923706055],[151.1160875670612,-33.76062464900315,45],[151.11602889373899,-33.760577626526356,46],[151.116015734151,-33.76057016663253,46.20000076293945],[151.1159974616021,-33.76055784523487,46.400001525878906],[151.11597642302513,-33.760545272380114,46.400001525878906],[151.1159509420395,-33.7605389021337,46.599998474121094],[151.11588564701378,-33.76050604507327,47],[151.11587349325418,-33.76050252467394,47.20000076293945],[151.11579285934567,-33.76045566983521,47.79999923706055],[151.1157789453864,-33.76043521799147,48],[151.11575874499977,-33.76042641699314,48],[151.1157517042011,-33.76042591407895,48.20000076293945],[151.115746172145,-33.76042138785124,48.400001525878906],[151.11572253517807,-33.7603993434459,49.20000076293945],[151.11569336615503,-33.76038425602019,49.79999923706055],[151.11566914245486,-33.76036933623254,50.400001525878906],[151.11562941223383,-33.76035307534039,51],[151.11560787074268,-33.76034284941852,51.400001525878906],[151.11555942334235,-33.76034561544657,52.20000076293945],[151.1155341938138,-33.76035357825458,52.599998474121094],[151.11547795124352,-33.760365564376116,53.599998474121094],[151.11546621657908,-33.7603697553277,53.599998474121094],[151.115397317335,-33.760408563539386,54.599998474121094],[151.11536546610296,-33.76042398624122,55.20000076293945],[151.11533830873668,-33.760431949049234,55.79999923706055],[151.11529891379178,-33.7604284286499,56.599998474121094],[151.1152923759073,-33.76042591407895,56.79999923706055],[151.11526899039745,-33.760394314303994,58],[151.11525423824787,-33.76036665402353,59.20000076293945],[151.1152513884008,-33.760344525799155,59.599998474121094],[151.1152482032776,-33.760328348726034,59.79999923706055],[151.11522800289094,-33.76030563376844,60.20000076293945],[151.11522372812033,-33.76030110754073,60.20000076293945],[151.11522305756807,-33.76029339618981,60.79999923706055],[151.1152022704482,-33.76028476282954,61.20000076293945],[151.11519824713469,-33.760282499715686,61.599998474121094],[151.11517989076674,-33.76026330515742,62.400001525878906],[151.11515516415238,-33.76025668345392,63.400001525878906],[151.11514837481081,-33.76025299541652,63.599998474121094],[151.11510830931365,-33.76022751443088,64.80000305175781],[151.1150943953544,-33.760225838050246,65],[151.1150212213397,-33.760211169719696,65.5999984741211],[151.11502348445356,-33.76021049916744,65.4000015258789],[151.11503991298378,-33.76020991243422,65.80000305175781],[151.1150407511741,-33.760211672633886,65.80000305175781],[151.11504251137376,-33.760219467803836,66],[151.1150296870619,-33.76021200791001,65.80000305175781],[151.11503035761416,-33.76019801013172,65.80000305175781],[151.11503119580448,-33.760198848322034,66],[151.11503119580448,-33.760199435055256,65.80000305175781],[151.11503119580448,-33.76020044088364,66],[151.1150312796235,-33.76020111143589,66],[151.11503136344254,-33.76020069234073,65.80000305175781],[151.11503136344254,-33.76020052470267,65.80000305175781],[151.1150322854519,-33.760199351236224,66],[151.1150233168155,-33.76019516028464,66.19999694824219],[151.11502323299646,-33.76019541174173,66.19999694824219],[151.11502314917743,-33.7601955793798,66.19999694824219],[151.11502373591065,-33.760194489732385,66.19999694824219],[151.1150230653584,-33.760192980989814,66.19999694824219],[151.11502298153937,-33.7601902987808,66.19999694824219],[151.11502398736775,-33.76017378643155,66.19999694824219],[151.11502407118678,-33.76017135567963,66.19999694824219],[151.1150296870619,-33.760163225233555,65.5999984741211],[151.11503136344254,-33.760158782824874,65.4000015258789],[151.11495483666658,-33.76016884110868,65.19999694824219],[151.11491032876074,-33.76017915084958,65],[151.11483019776642,-33.76021075062454,65],[151.1148161161691,-33.76021510921419,65],[151.11482399515808,-33.76021385192871,65.19999694824219],[151.11479884944856,-33.76021292991936,65],[151.11480547115207,-33.76023229211569,65],[151.11481251195073,-33.76025190576911,65],[151.1148142721504,-33.76025391742587,65],[151.11481544561684,-33.76025391742587,64.5999984741211],[151.1148161161691,-33.76025140285492,64.19999694824219],[151.11481552943587,-33.76025140285492,63.79999923706055],[151.11481871455908,-33.76025257632136,63.79999923706055],[151.1148187983781,-33.76024855300784,63.599998474121094],[151.114821145311,-33.760246289893985,63.599998474121094],[151.114821145311,-33.760246289893985,63.599998474121094],[151.114821145311,-33.760246289893985,63.599998474121094],[151.1148147750646,-33.76024059019983,64.80000305175781],[151.11483681946993,-33.76022357493639,65.19999694824219],[151.11493061296642,-33.76018837094307,65.80000305175781],[151.1149736121297,-33.7601678352803,66],[151.11498945392668,-33.760155849158764,66],[151.11500236205757,-33.76014302484691,66.19999694824219],[151.11500713974237,-33.76012584194541,66.4000015258789],[151.11499121412635,-33.7601057253778,66.5999984741211],[151.1149918846786,-33.76010304316878,66.4000015258789],[151.1149913817644,-33.760104635730386,66.5999984741211],[151.1149783898145,-33.76010145060718,66.5999984741211],[151.11497688107193,-33.76009994186461,66.5999984741211],[151.1149767972529,-33.760096253827214,66.5999984741211],[151.11497621051967,-33.7600954156369,66.5999984741211],[151.1149976681918,-33.760099187493324,66.4000015258789],[151.11498987302184,-33.76010488718748,66.4000015258789],[151.11498408950865,-33.76010865904391,66.4000015258789],[151.1149554233998,-33.76016087830067,66.19999694824219],[151.11489532515407,-33.76020069234073,65.80000305175781],[151.1148644797504,-33.76021385192871,65.5999984741211],[151.11480563879013,-33.76023564487696,63.599998474121094],[151.11474285833538,-33.76025886274874,63.79999923706055],[151.11461427994072,-33.76028618775308,64.19999694824219],[151.11460078507662,-33.76029406674206,64.19999694824219],[151.11455954611301,-33.760331785306334,64.19999694824219],[151.11450179480016,-33.76036925241351,63.79999923706055],[151.1144778225571,-33.76036925241351,63.599998474121094],[151.1143993679434,-33.760413844138384,62.79999923706055],[151.11437933519483,-33.76043513417244,62.599998474121094],[151.11431881785393,-33.760474529117346,61.400001525878906],[151.11429668962955,-33.760488191619515,61.20000076293945],[151.11424564383924,-33.76052155159414,60.400001525878906],[151.11421085894108,-33.76053714193404,59.79999923706055],[151.11418470740318,-33.760543344542384,59.599998474121094],[151.11417112872005,-33.760546781122684,59.400001525878906],[151.11408395692706,-33.76053923740983,59],[151.11397633329034,-33.760512666776776,58.400001525878906],[151.11395261250436,-33.76050780527294,58.20000076293945],[151.1138612497598,-33.76050545834005,57.599998474121094],[151.11382923088968,-33.760510655120015,57.400001525878906],[151.11378078348935,-33.76051174476743,56.20000076293945],[151.11375966109335,-33.76051962375641,55.599998474121094],[151.11373568885028,-33.760523395612836,55],[151.11370174214244,-33.76052079722285,54],[151.11368732526898,-33.7605217192322,53.79999923706055],[151.11365916207433,-33.76052984967828,53.20000076293945],[151.11363359726965,-33.76054007560015,52.599998474121094],[151.11354215070605,-33.76055826433003,51.400001525878906],[151.11352739855647,-33.76056253910065,51.400001525878906],[151.11344944685698,-33.76056463457644,50.400001525878906],[151.11340183764696,-33.76058416441083,50],[151.11326697282493,-33.76065105199814,49.79999923706055],[151.11314711160958,-33.760702181607485,50.20000076293945],[151.11302171833813,-33.760712994262576,50.79999923706055],[151.1129597760737,-33.760704696178436,51.20000076293945],[151.11287268809974,-33.760689524933696,51.20000076293945],[151.1127343866974,-33.760641664266586,51.400001525878906],[151.11271594651043,-33.76063353382051,51.400001525878906],[151.1125998571515,-33.76055935397744,52],[151.11250463873148,-33.76050654798746,52],[151.1123984400183,-33.76044871285558,52.20000076293945],[151.11232669092715,-33.76044351607561,52.400001525878906],[151.11229819245636,-33.76045340672135,52.400001525878906],[151.1122324783355,-33.760494561865926,52.20000076293945],[151.11219702288508,-33.7605166900903,52],[151.11207833513618,-33.76061006449163,51.599998474121094],[151.11199719831347,-33.760658763349056,51],[151.1119560431689,-33.76067603006959,50.599998474121094],[151.11189167015254,-33.760695308446884,50.400001525878906],[151.11186032183468,-33.76070109196007,50.400001525878906],[151.11182964406908,-33.76071215607226,50.20000076293945],[151.11165831796825,-33.7606908660382,50],[151.11152504570782,-33.76066077500582,50],[151.1115107126534,-33.76065784133971,50],[151.1114444117993,-33.760658260434866,50],[151.11132346093655,-33.76067217439413,50],[151.11127853393555,-33.7606702465564,50],[151.11123050563037,-33.760669492185116,50],[151.1111409869045,-33.760660691186786,49.79999923706055],[151.11111550591886,-33.760647531598806,49.79999923706055],[151.1111018434167,-33.760642083361745,49.79999923706055],[151.11098575405777,-33.76060143113136,50.20000076293945],[151.11097200773656,-33.76059288159013,50.400001525878906],[151.11094845458865,-33.76057360321283,50.400001525878906],[151.11089749261737,-33.76054770313203,50.599998474121094],[151.1108737718314,-33.7605389021337,50.599998474121094],[151.11082297749817,-33.76053244806826,50.599998474121094],[151.11074544489384,-33.76054300926626,50.599998474121094],[151.11067989841104,-33.76056840643287,50.400001525878906],[151.11055467277765,-33.76064912416041,50.400001525878906],[151.1104855220765,-33.76076990738511,50.20000076293945],[151.11041301861405,-33.76088239252567,50.20000076293945],[151.11036339774728,-33.76095556654036,50],[151.11033632420003,-33.76098490320146,49.79999923706055],[151.11030807718635,-33.761018346995115,49.400001525878906],[151.110204057768,-33.76112865284085,48.599998474121094],[151.11015527509153,-33.761191349476576,48.20000076293945],[151.1101303808391,-33.761227894574404,48],[151.11010850407183,-33.761248011142015,48],[151.11006885766983,-33.76129302196205,47.599998474121094],[151.1100354976952,-33.761350102722645,47.20000076293945],[151.11003298312426,-33.76137047074735,46.79999923706055],[151.11004035919905,-33.76139595173299,46.20000076293945],[151.11002921126783,-33.76144121401012,45],[151.11002661287785,-33.76145202666521,44.79999923706055],[151.11002367921174,-33.76146367751062,44.599998474121094],[151.1100185662508,-33.761493768543005,44],[151.1100162193179,-33.761503994464874,43.79999923706055],[151.1100116930902,-33.76151455566287,43.400001525878906],[151.10999912023544,-33.76154087483883,43.20000076293945],[151.10997925512493,-33.7615698762238,42.79999923706055],[151.10993675887585,-33.76160491257906,42.20000076293945],[151.10990717075765,-33.76161119900644,42],[151.10987314023077,-33.76162544824183,41.79999923706055],[151.10978663899004,-33.761633830145,41.599998474121094],[151.10976953990757,-33.76162989065051,41.599998474121094],[151.10962755046785,-33.76159745268524,42.400001525878906],[151.10961095429957,-33.76159066334367,42.400001525878906],[151.10944381915033,-33.76155696809292,42.79999923706055],[151.10932840034366,-33.76154540106654,43.20000076293945],[151.10929420217872,-33.761563170701265,43],[151.1092727445066,-33.76157104969025,42.79999923706055],[151.1092161666602,-33.76162561587989,41.79999923706055],[151.10917978920043,-33.76166559755802,40.599998474121094],[151.10914450138807,-33.761691665276885,40.20000076293945],[151.10911541618407,-33.76170918345451,39.79999923706055],[151.10910451970994,-33.761715050786734,39.599998474121094],[151.10909387469292,-33.7617168109864,39.599998474121094],[151.10897267237306,-33.761750338599086,38.79999923706055],[151.1089231353253,-33.76175008714199,38.599998474121094],[151.10880847088993,-33.761758049950004,38.599998474121094],[151.1087751109153,-33.76175880432129,38.79999923706055],[151.10870864242315,-33.76175285317004,38.79999923706055],[151.10855014063418,-33.761728378012776,39.20000076293945],[151.1084732785821,-33.76171203330159,39.599998474121094],[151.10845433548093,-33.76171102747321,39.599998474121094],[151.10843648202717,-33.76171111129224,39.599998474121094],[151.10838325694203,-33.76169485040009,39.79999923706055],[151.1082970071584,-33.76165369525552,40.20000076293945],[151.10825291834772,-33.76162486150861,40.400001525878906],[151.10821939073503,-33.76159703359008,40.79999923706055],[151.10818929970264,-33.76156191341579,42],[151.10817563720047,-33.76155034638941,42.79999923706055],[151.10816281288862,-33.76153358258307,43.20000076293945],[151.10810556448996,-33.761467868462205,43.79999923706055],[151.10805275849998,-33.76138907857239,43.599998474121094],[151.1080506630242,-33.761369129642844,43.599998474121094],[151.10800858587027,-33.76123946160078,43.400001525878906],[151.10797706991434,-33.7611401360482,43.79999923706055],[151.10796784982085,-33.76108749769628,44.20000076293945],[151.1079547740519,-33.76098766922951,45],[151.1079328134656,-33.76093905419111,45.400001525878906],[151.1078955978155,-33.76089194789529,45.79999923706055],[151.10782292671502,-33.76081768423319,46],[151.10780457034707,-33.760811146348715,46],[151.10775570385158,-33.76077686436474,46.599998474121094],[151.10774639993906,-33.76076999120414,46.599998474121094],[151.10770558007061,-33.76070695929229,47.599998474121094],[151.10769216902554,-33.76068390905857,47.79999923706055],[151.10766895115376,-33.76064979471266,48],[151.10764799639583,-33.76063118688762,48],[151.10763961449265,-33.76061299815774,48],[151.1076365970075,-33.76060117967427,48.20000076293945],[151.1076341662556,-33.76059791073203,48.599998474121094],[151.1076389439404,-33.76059036701918,49.400001525878906],[151.10763877630234,-33.76059338450432,48.79999923706055],[151.10760583542287,-33.76062087714672,48.79999923706055],[151.10748295672238,-33.76068877056241,48.79999923706055],[151.10738430172205,-33.76074383966625,49],[151.1073167435825,-33.76077979803085,49],[151.10726955346763,-33.76080016605556,49],[151.10719302669168,-33.76083134673536,48.599998474121094],[151.10711582936347,-33.76086520962417,48.20000076293945],[151.10700208693743,-33.76092086546123,47.599998474121094],[151.10698792152107,-33.7609292473644,47.599998474121094],[151.1068839021027,-33.76095313578844,47.400001525878906],[151.10676320269704,-33.76095422543585,47.20000076293945],[151.10662624239922,-33.76093905419111,46.79999923706055],[151.10654183663428,-33.760918183252215,46.400001525878906],[151.10651534982026,-33.76090829260647,46.400001525878906],[151.10644946806133,-33.76087451353669,45.400001525878906],[151.106422143057,-33.76083344221115,45],[151.10636380501091,-33.76078750938177,44.400001525878906],[151.10631812363863,-33.76074258238077,43.79999923706055],[151.10628761351109,-33.76071282662451,43.20000076293945],[151.1062244977802,-33.7606514710933,41.79999923706055],[151.10621226020157,-33.76064317300916,41.599998474121094],[151.10614109784365,-33.76061693765223,40.79999923706055],[151.10610254108906,-33.76061853021383,40.400001525878906],[151.10607370734215,-33.760644095018506,39.79999923706055],[151.1060381680727,-33.76069078221917,39],[151.10602886416018,-33.760719783604145,38.79999923706055],[151.1060167942196,-33.76078641973436,37.79999923706055],[151.10598435625434,-33.76085632480681,36.599998474121094],[151.10594848170877,-33.760901503264904,36],[151.10593993216753,-33.760910304263234,35.599998474121094],[151.1058912333101,-33.76096243970096,34.20000076293945],[151.1058816779405,-33.76097249798477,34],[151.1058642435819,-33.760983645915985,33.400001525878906],[151.10586013644934,-33.76098574139178,33.20000076293945],[151.10583457164466,-33.760985573753715,33],[151.10573734156787,-33.76095263287425,32.400001525878906],[151.1057157162577,-33.760945005342364,32.20000076293945],[151.1056961864233,-33.760935701429844,32],[151.10563491471112,-33.76091214828193,31.200000762939453],[151.10559803433716,-33.76085330732167,30.200000762939453],[151.1055928375572,-33.760840483009815,30],[151.10553089529276,-33.76077141612768,29.200000762939453],[151.1055256985128,-33.76074492931366,29],[151.10552527941763,-33.76068541780114,28.399999618530273],[151.10550306737423,-33.76053781248629,29.399999618530273],[151.1055132932961,-33.760462710633874,30],[151.1055151373148,-33.76043848693371,30],[151.10551639460027,-33.76034134067595,30.200000762939453],[151.1055201664567,-33.7602748721838,30.399999618530273],[151.10552829690278,-33.76025810837746,30.200000762939453],[151.10552980564535,-33.76024360768497,30.200000762939453],[151.10549711622298,-33.76017848029733,30.399999618530273],[151.10549024306238,-33.76016389578581,30.399999618530273],[151.10549049451947,-33.76015207730234,30.399999618530273],[151.10550097189844,-33.76012827269733,30.600000381469727],[151.1055032350123,-33.760113855823874,30.600000381469727],[151.10551614314318,-33.760019140318036,30.799999237060547],[151.10552452504635,-33.75999231822789,30.799999237060547],[151.1055286321789,-33.75997823663056,30.799999237060547],[151.10552896745503,-33.759896429255605,31],[151.1055299732834,-33.75988251529634,31],[151.10553315840662,-33.75987161882222,31],[151.10553743317723,-33.759858794510365,31.200000762939453],[151.10554430633783,-33.759743459522724,31],[151.10553609207273,-33.75966064631939,30.799999237060547],[151.10552159138024,-33.75962158665061,30.399999618530273],[151.10549803823233,-33.75954447314143,30],[151.10549049451947,-33.7595322355628,29.799999237060547],[151.1054569669068,-33.759455205872655,29.399999618530273],[151.10542243346572,-33.75937675125897,29.200000762939453],[151.10540173016489,-33.759336015209556,29],[151.10539234243333,-33.759306678548455,28.799999237060547],[151.1053877323866,-33.75929905101657,28.799999237060547],[151.1053494270891,-33.75919117592275,28.799999237060547],[151.10533945262432,-33.759129820391536,28.799999237060547],[151.1053143069148,-33.75909813679755,28.799999237060547],[151.10530156642199,-33.75906846486032,28.799999237060547],[151.1052899993956,-33.759009120985866,28.799999237060547],[151.10527373850346,-33.75892572104931,29.799999237060547],[151.105275163427,-33.75891658477485,30],[151.105272565037,-33.75886662863195,30.200000762939453],[151.105269882828,-33.758836621418595,30.399999618530273],[151.1052574776113,-33.75877006910741,31],[151.10526083037257,-33.75873385928571,31.200000762939453],[151.1052553821355,-33.75870485790074,31.200000762939453],[151.10523015260696,-33.758607963100076,31.200000762939453],[151.10520576126873,-33.758478965610266,31],[151.10520240850747,-33.75836882740259,30.799999237060547],[151.1052059289068,-33.758357679471374,30.600000381469727],[151.10522411763668,-33.758319625630975,30.600000381469727],[151.10524364747107,-33.75826765783131,30.399999618530273],[151.10528966411948,-33.75818006694317,30.200000762939453],[151.1053407099098,-33.75808593817055,30.399999618530273],[151.10536593943834,-33.75801142305136,30.399999618530273],[151.10540768131614,-33.757935147732496,30.399999618530273],[151.10544783063233,-33.75781796872616,30.600000381469727],[151.1054683662951,-33.75772241503,31.200000762939453],[151.10545210540295,-33.75763038173318,32],[151.10543131828308,-33.75756827183068,31.799999237060547],[151.1054321564734,-33.75753164291382,32],[151.10543936491013,-33.75751504674554,32],[151.10544623807073,-33.7574996240437,32],[151.1054511833936,-33.757485123351216,32],[151.1054202541709,-33.75744388438761,32.20000076293945],[151.10539921559393,-33.75742611475289,32],[151.10538798384368,-33.75739526934922,32],[151.10534330829978,-33.757337937131524,32.20000076293945],[151.10525865107775,-33.7572630867362,32.599998474121094],[151.10519662499428,-33.75723475590348,32.599998474121094],[151.10516360029578,-33.7572250328958,32.400001525878906],[151.1050972994417,-33.7571888230741,32.20000076293945],[151.10509034246206,-33.75717893242836,32.20000076293945],[151.10505279153585,-33.75711003318429,32.400001525878906],[151.1050248797983,-33.75706938095391,32.599998474121094],[151.10501289367676,-33.757062340155244,32.79999923706055],[151.10499009490013,-33.75702604651451,33],[151.10497056506574,-33.75701230019331,33.400001525878906],[151.10494868829846,-33.75697575509548,34.20000076293945],[151.1049374565482,-33.756946083158255,34.599998474121094],[151.10489579848945,-33.75686419196427,35],[151.10486327670515,-33.75682177953422,35.20000076293945],[151.1048605106771,-33.75681490637362,35.20000076293945],[151.1048600077629,-33.75679445452988,35.20000076293945],[151.1048502009362,-33.75675095245242,35.20000076293945],[151.10482228919864,-33.75666344538331,34.79999923706055],[151.10482019372284,-33.756654812023044,34.79999923706055],[151.10480141825974,-33.75661843456328,34.599998474121094],[151.10479303635657,-33.756616255268455,34.599998474121094],[151.1047907732427,-33.75661172904074,34.599998474121094],[151.1047745961696,-33.75656126998365,34.20000076293945],[151.1047133244574,-33.75654618255794,33.79999923706055],[151.10469354316592,-33.75654961913824,33.20000076293945],[151.10468809492886,-33.756548361852765,33],[151.10459639690816,-33.75654467381537,32.400001525878906],[151.10455968417227,-33.756536124274135,32.400001525878906],[151.10449623316526,-33.756536627188325,33.20000076293945],[151.10441316850483,-33.756538135930896,34.400001525878906],[151.10438332892954,-33.7565450090915,34.79999923706055],[151.10436480492353,-33.7565518822521,35.599998474121094],[151.10434326343238,-33.756557665765285,36],[151.1042645573616,-33.75655448064208,36.599998474121094],[151.10425231978297,-33.75655489973724,36.599998474121094],[151.10414016991854,-33.75651634298265,36.599998474121094],[151.10413153655827,-33.75650821253657,36.599998474121094],[151.1040671635419,-33.756445264443755,36.599998474121094],[151.10402542166412,-33.75641902908683,36.79999923706055],[151.1039587855339,-33.75637661665678,37],[151.1039463803172,-33.756361696869135,37],[151.1039384175092,-33.75635415315628,37],[151.10388150438666,-33.75631702132523,37],[151.10381780192256,-33.75625650398433,37.20000076293945],[151.1038052290678,-33.75623102299869,37.400001525878906],[151.10380095429718,-33.756218031048775,37.599998474121094],[151.1037779878825,-33.75617972575128,38],[151.10376725904644,-33.75616019591689,38.20000076293945],[151.10373532399535,-33.756105210632086,38.79999923706055],[151.103731719777,-33.756090961396694,38.79999923706055],[151.10372610390186,-33.75607964582741,39],[151.1037206556648,-33.75605693086982,39],[151.103631304577,-33.75597948208451,39.20000076293945],[151.1035697814077,-33.75592667609453,39],[151.10355293378234,-33.75590513460338,38.79999923706055],[151.10353684052825,-33.75588124617934,38.599998474121094],[151.10353105701506,-33.75587034970522,38.400001525878906],[151.10349107533693,-33.7558245845139,37.599998474121094],[151.1034666839987,-33.75579516403377,37.400001525878906],[151.10345779918134,-33.7557867821306,37.400001525878906],[151.1033931747079,-33.75572928227484,36.599998474121094],[151.1033852957189,-33.755721570923924,36.400001525878906],[151.10332653857768,-33.75565476715565,36],[151.10330583527684,-33.755603302270174,35.599998474121094],[151.10329627990723,-33.7555933278054,35.599998474121094],[151.10328420996666,-33.75558469444513,35.599998474121094],[151.10327205620706,-33.755576480180025,35.599998474121094],[151.10325017943978,-33.75556206330657,35.400001525878906],[151.10319008119404,-33.75551604665816,35.400001525878906],[151.10317256301641,-33.75550380907953,35.400001525878906],[151.10310894437134,-33.75542149879038,35.20000076293945],[151.1030932702124,-33.755399538204074,35],[151.10309050418437,-33.75538813881576,35],[151.10304264351726,-33.75534069724381,35],[151.1030361894518,-33.75533382408321,35],[151.10301414504647,-33.755304738879204,35.20000076293945],[151.10298656858504,-33.75527531839907,35.20000076293945],[151.10297131352127,-33.755248580127954,35],[151.10294356942177,-33.75521128065884,34.79999923706055],[151.10290677286685,-33.75517255626619,34.400001525878906],[151.10289403237402,-33.75516392290592,34.20000076293945],[151.10286134295166,-33.755153780803084,34.20000076293945],[151.1028196848929,-33.75512268394232,34.20000076293945],[151.10277526080608,-33.75508672557771,33.400001525878906],[151.10276017338037,-33.75507440418005,33.20000076293945],[151.10268222168088,-33.7549733184278,32.599998474121094],[151.10265204682946,-33.75490986742079,32.79999923706055],[151.10263645648956,-33.754844488576055,33],[151.10260100103915,-33.754728063941,33.400001525878906],[151.10252682119608,-33.75462052412331,34],[151.10251667909324,-33.7546022515744,34.20000076293945],[151.10250636935234,-33.754576183855534,34.20000076293945],[151.10249631106853,-33.75455791130662,34.400001525878906],[151.10248818062246,-33.75450451858342,34.599998474121094],[151.10248549841344,-33.754489766433835,34.79999923706055],[151.10246060416102,-33.754450120031834,35],[151.10243814066052,-33.754412569105625,35.400001525878906],[151.10242757946253,-33.75440267845988,35.400001525878906],[151.10235381871462,-33.75433025881648,35.599998474121094],[151.102288775146,-33.75427049584687,35.400001525878906],[151.10224309377372,-33.754227831959724,34.400001525878906],[151.10222071409225,-33.754215594381094,34],[151.10215122811496,-33.75419396907091,33.400001525878906],[151.1021198797971,-33.75418013893068,33],[151.1020353063941,-33.75412565656006,32.400001525878906],[151.10198920592666,-33.75409699045122,32.20000076293945],[151.10187957063317,-33.75401560217142,32.79999923706055],[151.10184755176306,-33.75398802570999,33.599998474121094],[151.10180312767625,-33.753999173641205,34.20000076293945],[151.10178938135505,-33.754004621878266,34.400001525878906],[151.10177094116807,-33.75401375815272,34.79999923706055],[151.10174160450697,-33.75404971651733,35.20000076293945],[151.10169072635472,-33.7540824059397,35.79999923706055],[151.10167974606156,-33.7540892791003,36],[151.1016394291073,-33.754104785621166,36.400001525878906],[151.10160447657108,-33.754133619368076,36.79999923706055],[151.1015780735761,-33.754146276041865,37],[151.1015292070806,-33.75417594797909,37.20000076293945],[151.10149601474404,-33.75420377589762,37.400001525878906],[151.1014758143574,-33.754235124215484,37.599998474121094],[151.10140959732234,-33.75425725243986,38],[151.10132049769163,-33.75431785359979,39],[151.1013077571988,-33.754318691790104,39.20000076293945],[151.10119636170566,-33.754379879683256,40.20000076293945],[151.10118144191802,-33.754381807520986,40.400001525878906],[151.10112335532904,-33.75439714640379,41],[151.10110139474273,-33.75440251082182,41.400001525878906],[151.10109091736376,-33.75440779142082,41.599998474121094],[151.10103408806026,-33.75444391742349,42.400001525878906],[151.1009438149631,-33.75445674173534,43.20000076293945],[151.10091456212103,-33.75445330515504,43.400001525878906],[151.10082630068064,-33.754413072019815,44.20000076293945],[151.10077550634742,-33.754383735358715,44.599998474121094],[151.1007535457611,-33.754370072856545,44.599998474121094],[151.10074264928699,-33.75436135567725,44.79999923706055],[151.1006472632289,-33.754232274368405,44.79999923706055],[151.10060904175043,-33.754137475043535,45],[151.1005785316229,-33.754052482545376,45],[151.10056922771037,-33.754027504473925,45],[151.10052664764225,-33.75393253751099,44.599998474121094],[151.1005111411214,-33.75388224609196,44],[151.10048943199217,-33.7538474611938,43.599998474121094],[151.10048549249768,-33.753834972158074,43.400001525878906],[151.1004702374339,-33.753788117319345,43],[151.10043469816446,-33.75373346731067,42.79999923706055],[151.10041776672006,-33.75372030772269,42.599998474121094],[151.10040930099785,-33.75368996523321,42.400001525878906],[151.10039111226797,-33.75361838378012,41.400001525878906],[151.1003777012229,-33.7535332236439,40.20000076293945],[151.10037091188133,-33.75349416397512,39.599998474121094],[151.1003441736102,-33.7534227501601,39],[151.10033746808767,-33.75341118313372,39],[151.10030620358884,-33.75332719646394,38],[151.10029388219118,-33.75328989699483,37.400001525878906],[151.10025792382658,-33.75317992642522,36.79999923706055],[151.1002344544977,-33.75315017066896,36.599998474121094],[151.1002254858613,-33.75312871299684,36.400001525878906],[151.10020679421723,-33.75305738300085,36],[151.10020888969302,-33.75304313376546,35.79999923706055],[151.1002149246633,-33.75300860032439,35.400001525878906],[151.10023487359285,-33.752948669716716,34.79999923706055],[151.10025289468467,-33.75291857868433,34.400001525878906],[151.10024048946798,-33.75278480350971,34.20000076293945],[151.10023143701255,-33.752711629495025,33.79999923706055],[151.1002217978239,-33.75269771553576,33.599998474121094],[151.10022590495646,-33.75268983654678,33.599998474121094],[151.10025742091238,-33.75266435556114,33.400001525878906],[151.10025649890304,-33.7526542134583,33.400001525878906],[151.10027024522424,-33.75259847380221,33.599998474121094],[151.1002759449184,-33.752531837671995,34],[151.10030100680888,-33.75244609080255,34.20000076293945],[151.10032506287098,-33.75232824124396,34.20000076293945],[151.10036806203425,-33.75225305557251,34.20000076293945],[151.10036546364427,-33.75222715549171,34.20000076293945],[151.1003660503775,-33.75217325985432,34],[151.10037753358483,-33.75214518047869,34],[151.10037443228066,-33.7520513869822,33.400001525878906],[151.10032145865262,-33.751957258209586,33],[151.10029773786664,-33.75187972560525,33],[151.1002711672336,-33.75184980221093,33.20000076293945],[151.10025046393275,-33.7518322840333,33.20000076293945],[151.10023462213576,-33.75179976224899,33],[151.10018810257316,-33.75176087021828,33],[151.10012867487967,-33.751733964309096,32.79999923706055],[151.10010780394077,-33.751710997894406,32.79999923706055],[151.1000854242593,-33.75169733539224,32.79999923706055],[151.10005960799754,-33.75167981721461,32.599998474121094],[151.1000534053892,-33.75167076475918,32.599998474121094],[151.10000370070338,-33.75162801705301,32.79999923706055],[151.09992993995547,-33.751589208841324,33],[151.09992910176516,-33.75158577226102,33],[151.09989314340055,-33.75156934373081,33.20000076293945],[151.09982047230005,-33.7515421025455,33.20000076293945],[151.0997716896236,-33.75150119885802,32.79999923706055],[151.09974805265665,-33.75149164348841,33],[151.09971033409238,-33.751490134745836,33],[151.09964948147535,-33.7514366582036,33],[151.09957178123295,-33.75135728158057,33.20000076293945],[151.09952132217586,-33.75132165849209,33.20000076293945],[151.09949600882828,-33.751305816695094,33.400001525878906],[151.09948083758354,-33.75129911117256,33.400001525878906],[151.09945267438889,-33.75128955580294,33.400001525878906],[151.09939701855183,-33.75128645449877,33.400001525878906],[151.0993345733732,-33.75122216530144,33.400001525878906],[151.09928453341126,-33.751178830862045,33.400001525878906],[151.09925704076886,-33.75114714726806,33.400001525878906],[151.09922099858522,-33.75110657885671,33.400001525878906],[151.09918520785868,-33.751061987131834,33.400001525878906],[151.0991593915969,-33.751033153384924,33.599998474121094],[151.0991461481899,-33.75102234072983,33.599998474121094],[151.09913491643965,-33.75101211480796,33.79999923706055],[151.09912837855518,-33.75097179785371,34],[151.09910717234015,-33.75093441456556,34.20000076293945],[151.09906241297722,-33.750882279127836,33.599998474121094],[151.09900382347405,-33.75078245066106,33.400001525878906],[151.09900189563632,-33.7507563829422,33.400001525878906],[151.09900541603565,-33.75072067603469,33.400001525878906],[151.09901178628206,-33.750650100409985,33.599998474121094],[151.09901254065335,-33.7505869846791,33.79999923706055],[151.0990311484784,-33.75052965246141,34],[151.09903324395418,-33.75043619424105,33.79999923706055],[151.09903072938323,-33.750331085175276,34],[151.0990237724036,-33.75021994113922,34],[151.0990258678794,-33.750141989439726,34.20000076293945],[151.09901966527104,-33.7500948831439,34.20000076293945],[151.09901840798557,-33.750066217035055,34.20000076293945],[151.09901195392013,-33.75005699694157,34.20000076293945],[151.09904749318957,-33.74994375742972,34.599998474121094],[151.0990536119789,-33.74990704469383,34.79999923706055],[151.09904179349542,-33.74986119568348,35],[151.0990367643535,-33.749813083559275,35.20000076293945],[151.09903416596353,-33.749774442985654,35.20000076293945],[151.09904321841896,-33.74974736943841,35.400001525878906],[151.09905067831278,-33.74966983683407,35.79999923706055],[151.09903693199158,-33.749628933146596,36],[151.09905025921762,-33.74960018321872,36],[151.09907934442163,-33.749537989497185,36.20000076293945],[151.09907590784132,-33.749529691413045,36.20000076293945],[151.09907406382263,-33.74952466227114,36.20000076293945],[151.09903290867805,-33.749450566247106,36.20000076293945],[151.09901203773916,-33.749397257342935,35.79999923706055],[151.09901094809175,-33.749392144382,35.599998474121094],[151.0990029014647,-33.74938904307783,35.400001525878906],[151.0989804379642,-33.74936884269118,35],[151.0989320743829,-33.749333722516894,34.79999923706055],[151.09892964363098,-33.74932416714728,34.79999923706055],[151.09892620705068,-33.749320982024074,34.599998474121094],[151.09890340827405,-33.74929332174361,34.599998474121094],[151.09888429753482,-33.74925836920738,34.599998474121094],[151.09883886761963,-33.749210089445114,34.599998474121094],[151.0987962037325,-33.74918016605079,34.79999923706055],[151.09877550043166,-33.749163737520576,34.79999923706055],[151.09873987734318,-33.749109422788024,34.79999923706055],[151.09869117848575,-33.74906441196799,34.400001525878906],[151.0986606683582,-33.74904823489487,34.400001525878906],[151.09865102916956,-33.74902719631791,34.400001525878906],[151.09864625148475,-33.74899098649621,34.400001525878906],[151.09860660508275,-33.74891026876867,34.79999923706055],[151.0985610075295,-33.74881572090089,35],[151.0985050164163,-33.74875000678003,35],[151.09844542108476,-33.74864783138037,35],[151.0983971413225,-33.748570550233126,35.20000076293945],[151.09839420765638,-33.7485630903393,35.400001525878906],[151.09838909469545,-33.74854624271393,35.400001525878906],[151.09836872667074,-33.748538782820106,35.20000076293945],[151.0983657091856,-33.74852864071727,35.20000076293945],[151.0983657091856,-33.74852864071727,35],[151.09829613938928,-33.74847826547921,35],[151.0981999989599,-33.748418083414435,35.400001525878906],[151.0981814749539,-33.74840576201677,35.400001525878906],[151.09808248467743,-33.74837575480342,35.400001525878906],[151.0980358812958,-33.748376509174705,35.599998474121094],[151.0979238152504,-33.74838120304048,35.599998474121094],[151.09791451133788,-33.74837684445083,35.599998474121094],[151.09790596179664,-33.748374078422785,35.599998474121094],[151.09784678556025,-33.74836343340576,35.79999923706055],[151.0978384874761,-33.74835781753063,35.79999923706055],[151.0977805685252,-33.74833216890693,36.400001525878906],[151.09771837480366,-33.74831565655768,36.599998474121094],[151.09767747111619,-33.74830836430192,36.599998474121094],[151.09766447916627,-33.7483040895313,36.599998474121094],[151.09763321466744,-33.7482853140682,36.599998474121094],[151.09760764986277,-33.74827332794666,36.599998474121094],[151.09757269732654,-33.748262682929635,36.599998474121094],[151.0975529998541,-33.74824843369424,36.599998474121094],[151.09754386357963,-33.74824373982847,36.599998474121094],[151.09751905314624,-33.748242650181055,36.599998474121094],[151.0974924825132,-33.74823175370693,36.400001525878906],[151.09743062406778,-33.74823158606887,36.400001525878906],[151.0973716992885,-33.74825371429324,36.400001525878906],[151.09726818278432,-33.74824935570359,36.599998474121094],[151.09725695103407,-33.748251870274544,36.599998474121094],[151.09721093438566,-33.74827022664249,36.599998474121094],[151.09705972485244,-33.74832605011761,36.79999923706055],[151.09701136127114,-33.74835471622646,37],[151.09694933518767,-33.748382879421115,37],[151.09689191915095,-33.74838983640075,37],[151.09685009345412,-33.74839696101844,37],[151.09682972542942,-33.7483992241323,37],[151.09675948508084,-33.74840802513063,37],[151.0966946091503,-33.7484042532742,37],[151.0966026596725,-33.74839134514332,37],[151.09655815176666,-33.74838790856302,37],[151.09651825390756,-33.74839151278138,37],[151.09643242321908,-33.7483992241323,37.20000076293945],[151.09632505103946,-33.74842135235667,37.20000076293945],[151.09625447541475,-33.74841934069991,37.20000076293945],[151.09622488729656,-33.7484060972929,37.20000076293945],[151.09621264971793,-33.74840592965484,37.20000076293945],[151.09614207409322,-33.74843090772629,37.400001525878906],[151.09608960337937,-33.7484370265156,37.400001525878906],[151.09604140743613,-33.7484232801944,37.599998474121094],[151.09602657146752,-33.748422944918275,37.599998474121094],[151.09596529975533,-33.74841548502445,38],[151.0958835761994,-33.74842319637537,38],[151.09577637165785,-33.748428393155336,38],[151.09574628062546,-33.748427890241146,37.79999923706055],[151.09570680186152,-33.7484267167747,37.79999923706055],[151.0956945642829,-33.74842797406018,37.79999923706055],[151.09560001641512,-33.7484026607126,38],[151.09545970335603,-33.748398050665855,38],[151.09531788155437,-33.748396122828126,38.20000076293945],[151.09516323544085,-33.748389165848494,38.400001525878906],[151.0951086692512,-33.74837424606085,38.400001525878906],[151.09508209861815,-33.748341891914606,38.400001525878906],[151.0950484033674,-33.748336443677545,38.599998474121094],[151.0949894785881,-33.74833879061043,38.400001525878906],[151.0949722956866,-33.74833074398339,38.400001525878906],[151.09488621354103,-33.74829662963748,38.20000076293945],[151.09487255103886,-33.748293528333306,38.20000076293945],[151.09484086744487,-33.74828598462045,38.400001525878906],[151.09481278806925,-33.74828992411494,38.400001525878906],[151.09474464319646,-33.748265616595745,38.400001525878906],[151.094719665125,-33.74825472012162,38.400001525878906],[151.0946992971003,-33.74824633821845,38.599998474121094],[151.09465604647994,-33.748218761757016,38.599998474121094],[151.09453903511167,-33.748186491429806,38.599998474121094],[151.0944524500519,-33.74814474955201,39],[151.0943802818656,-33.74812086112797,39.400001525878906],[151.09433845616877,-33.74811029992998,39.400001525878906],[151.09426603652537,-33.748077023774385,39.79999923706055],[151.094225384295,-33.748064786195755,39.79999923706055],[151.09413142316043,-33.74806118197739,40],[151.09408331103623,-33.74803125858307,40.20000076293945],[151.0940504539758,-33.74802237376571,40.400001525878906],[151.09402371570468,-33.74802111648023,40.400001525878906],[151.09401298686862,-33.74802002683282,40.400001525878906],[151.09391475096345,-33.74795012176037,40.400001525878906],[151.09374141320586,-33.74791592359543,40.20000076293945],[151.09360638074577,-33.74788147397339,40.20000076293945],[151.09354267828166,-33.7478709127754,40.20000076293945],[151.09349557198584,-33.74786420725286,40.20000076293945],[151.09337856061757,-33.74785817228258,40.400001525878906],[151.09332189895213,-33.74787401407957,40.400001525878906],[151.0932597052306,-33.747856076806784,40.599998474121094],[151.09325174242258,-33.747856663540006,40.599998474121094],[151.09324973076582,-33.747849287465215,40.79999923706055],[151.09325149096549,-33.74784694053233,41.20000076293945],[151.0932552628219,-33.74785431660712,41.20000076293945],[151.09324788674712,-33.74783939681947,40.79999923706055],[151.0932509880513,-33.7478257343173,40.599998474121094],[151.0932684224099,-33.74781860969961,41],[151.09326909296215,-33.74781810678542,40.79999923706055],[151.09327412210405,-33.74781534075737,41],[151.09328392893076,-33.747814167290926,41],[151.09328451566398,-33.74781257472932,41],[151.0932835098356,-33.74780938960612,41],[151.09327781014144,-33.747800001874566,41.20000076293945],[151.0932298656553,-33.74779187142849,41.400001525878906],[151.09320111572742,-33.74778985977173,41.400001525878906],[151.09320354647934,-33.747779885306954,41.20000076293945],[151.0932092461735,-33.74777225777507,41.20000076293945],[151.09322307631373,-33.747770162299275,41.20000076293945],[151.09323254786432,-33.7477601878345,41.20000076293945],[151.09326205216348,-33.74773210845888,41.400001525878906],[151.09326163306832,-33.74772481620312,41.400001525878906],[151.09330086037517,-33.74772003851831,41.20000076293945],[151.09330262057483,-33.74772406183183,41.400001525878906],[151.09328971244395,-33.74773311428726,41.20000076293945],[151.0932903829962,-33.747734036296606,41],[151.0932919755578,-33.74773906543851,41],[151.09331619925797,-33.74772431328893,41],[151.09332256950438,-33.74772062525153,41],[151.09330748207867,-33.747717859223485,40.79999923706055],[151.09330664388835,-33.747717356309295,40.79999923706055],[151.09322793781757,-33.747679218649864,41],[151.09323154203594,-33.74768005684018,41.20000076293945],[151.0932330507785,-33.74771215952933,41.400001525878906],[151.0932330507785,-33.74771215952933,41.400001525878906],[151.09323430806398,-33.74771484173834,41.20000076293945],[151.09323497861624,-33.74771484173834,40.79999923706055],[151.09323103912175,-33.747715428471565,40.599998474121094],[151.09323103912175,-33.7477152608335,40.599998474121094],[151.093255514279,-33.74770645983517,41.20000076293945],[151.09319005161524,-33.747706627473235,41],[151.0932068992406,-33.74770889058709,41],[151.09322064556181,-33.74771132133901,41.400001525878906],[151.09322081319988,-33.747712913900614,41.599998474121094],[151.09322106465697,-33.747712997719646,41.599998474121094],[151.0932203102857,-33.74771065078676,41.20000076293945],[151.09321896918118,-33.74771039932966,41],[151.0932193044573,-33.74771224334836,40.79999923706055],[151.09321871772408,-33.747713500633836,41],[151.09321352094412,-33.74772598966956,41.400001525878906],[151.09321352094412,-33.74772598966956,41.20000076293945],[151.09321352094412,-33.74773328192532,41],[151.09321486204863,-33.747734455391765,41.20000076293945],[151.09321494586766,-33.74773412011564,41.20000076293945],[151.09321972355247,-33.74773420393467,40.79999923706055],[151.0932224895805,-33.74772607348859,40],[151.0932330507785,-33.74769313260913,39.20000076293945],[151.0932245850563,-33.747685169801116,39.20000076293945],[151.09316901303828,-33.747644098475575,40],[151.0930630657822,-33.74759690836072,41],[151.09305133111775,-33.747590286657214,41.20000076293945],[151.09304236248136,-33.74758274294436,41.400001525878906],[151.09302015043795,-33.74755189754069,41.599998474121094],[151.09301378019154,-33.7475392408669,41.79999923706055],[151.0929988604039,-33.74747377820313,41.79999923706055],[151.09299374744296,-33.74746112152934,41.79999923706055],[151.0929729603231,-33.747405633330345,42],[151.09297840856016,-33.74738484621048,42],[151.09297497197986,-33.747372357174754,42],[151.09297539107502,-33.747349223122,42],[151.09300950542092,-33.747292812913656,41.79999923706055],[151.09302752651274,-33.747217543423176,42],[151.09306289814413,-33.74711184762418,42],[151.09306851401925,-33.747040014714,42],[151.09312559477985,-33.74692736193538,41.79999923706055],[151.0931302048266,-33.746888134628534,41.79999923706055],[151.09314219094813,-33.746831053867936,41.599998474121094],[151.0932044684887,-33.74671529978514,41.79999923706055],[151.09323154203594,-33.74663533642888,42],[151.0932271834463,-33.746610609814525,42],[151.09321620315313,-33.746509440243244,42.20000076293945],[151.09322223812342,-33.74642126262188,42.20000076293945],[151.0932227410376,-33.74641237780452,42.20000076293945],[151.0932081565261,-33.746341383084655,42.20000076293945],[151.09319910407066,-33.7463354319334,42.20000076293945],[151.0931659117341,-33.74630852602422,42.400001525878906],[151.09315157867968,-33.74629846774042,42.400001525878906],[151.09314470551908,-33.74628983438015,42.400001525878906],[151.09311126172543,-33.74621691182256,42.20000076293945],[151.09303766861558,-33.74614717438817,41.79999923706055],[151.09294898808002,-33.74612647108734,42],[151.09289534389973,-33.74608841724694,42.400001525878906],[151.0928149614483,-33.74603234231472,42.400001525878906],[151.0927935037762,-33.746020859107375,42.400001525878906],[151.09275276772678,-33.74598984606564,42.400001525878906],[151.09274220652878,-33.74598138034344,42.400001525878906],[151.0926867183298,-33.74595858156681,42.400001525878906],[151.09266609884799,-33.74593938700855,42.400001525878906],[151.09266266226768,-33.745932849124074,42.400001525878906],[151.09263508580625,-33.745889430865645,42.599998474121094],[151.09256953932345,-33.745835116133094,42.599998474121094],[151.0925638396293,-33.74582841061056,42.599998474121094],[151.09256266616285,-33.745820950716734,42.599998474121094],[151.09254498034716,-33.74581843614578,42.599998474121094],[151.09251958318055,-33.74582480639219,42.599998474121094],[151.09248521737754,-33.74581650830805,42.599998474121094],[151.0924533661455,-33.74580267816782,42.599998474121094],[151.0924454871565,-33.7457865010947,42.599998474121094],[151.09239645302296,-33.74572154134512,42.79999923706055],[151.09233291819692,-33.74569312669337,42.79999923706055],[151.09231640584767,-33.74569094739854,42.79999923706055],[151.09225102700293,-33.74562640674412,42.79999923706055],[151.09224205836654,-33.74561500735581,42.79999923706055],[151.092224791646,-33.74558047391474,42.79999923706055],[151.09220635145903,-33.745552813634276,42.79999923706055],[151.09212714247406,-33.74550914391875,42.79999923706055],[151.09210283495486,-33.74547326937318,42.79999923706055],[151.09207031317055,-33.74542540870607,42.79999923706055],[151.09201172366738,-33.74538140371442,43],[151.09193083830178,-33.74531166628003,43],[151.09189873561263,-33.74524855054915,43],[151.09185623936355,-33.745225919410586,43],[151.09179605729878,-33.745142435655,43],[151.09172464348376,-33.74511234462261,43],[151.09166563488543,-33.74507554806769,43.20000076293945],[151.09165214002132,-33.74505165964365,43.20000076293945],[151.09161291271448,-33.7449904717505,43.20000076293945],[151.0915672313422,-33.744900450110435,43.400001525878906],[151.09151484444737,-33.74483238905668,43.599998474121094],[151.09146673232317,-33.74473641626537,43.599998474121094],[151.0914216376841,-33.74470037408173,43.79999923706055],[151.0913602821529,-33.74458780512214,43.79999923706055],[151.09132876619697,-33.744557462632656,43.79999923706055],[151.09132298268378,-33.744531981647015,43.79999923706055],[151.09131678007543,-33.744513876736164,43.79999923706055],[151.0913029499352,-33.74448688700795,43.79999923706055],[151.09127487055957,-33.74446174129844,43.79999923706055],[151.0912664886564,-33.74445612542331,43.79999923706055],[151.09119180589914,-33.7444206699729,43.79999923706055],[151.0911766346544,-33.74441555701196,43.79999923706055],[151.09114905819297,-33.74441111460328,43.79999923706055],[151.09112240374088,-33.744382532313466,44],[151.09111888334155,-33.744371216744184,44],[151.09108921140432,-33.74428538605571,44],[151.09107362106442,-33.7442462425679,44],[151.09106716699898,-33.74423576518893,44],[151.09103665687144,-33.744196370244026,44],[151.0910058952868,-33.7441423907876,44.20000076293945],[151.09095476567745,-33.74405630864203,44.599998474121094],[151.0909343138337,-33.74398120678961,44.79999923706055],[151.09093012288213,-33.74396989122033,44.79999923706055],[151.0909266024828,-33.74394927173853,44.79999923706055],[151.09093490056694,-33.74393653124571,44.79999923706055],[151.09092048369348,-33.74378842301667,44.79999923706055],[151.09091822057962,-33.74371005222201,45],[151.0909197293222,-33.743687672540545,45],[151.09091964550316,-33.74356538057327,44.599998474121094],[151.09089793637395,-33.74343051575124,44.79999923706055],[151.09093992970884,-33.74332792125642,45],[151.09094026498497,-33.743206802755594,45.20000076293945],[151.0909398458898,-33.743192721158266,45.400001525878906],[151.09094948507845,-33.74308350495994,46],[151.090948311612,-33.743052408099174,46],[151.0909472219646,-33.74302625656128,46],[151.0909432824701,-33.74298778362572,46.20000076293945],[151.09093909151852,-33.74296515248716,46.20000076293945],[151.0909390076995,-33.742953669279814,46.400001525878906],[151.09093892388046,-33.742865240201354,46.599998474121094],[151.09094001352787,-33.74285384081304,46.599998474121094],[151.09091428108513,-33.742722161114216,46.79999923706055],[151.0908930748701,-33.74261939898133,47],[151.090876897797,-33.74254781752825,47.20000076293945],[151.09086147509515,-33.74246450141072,47.400001525878906],[151.0908534284681,-33.74240381643176,47.400001525878906],[151.0908695217222,-33.742297533899546,47.79999923706055],[151.09089768491685,-33.74222293496132,48.20000076293945],[151.09090246260166,-33.742211451753974,48.599998474121094],[151.09095124527812,-33.74215881340206,49.599998474121094],[151.09096239320934,-33.74214825220406,49.79999923706055],[151.0910008661449,-33.74211363494396,50.400001525878906],[151.0910122655332,-33.742098128423095,50.599998474121094],[151.09103623777628,-33.74206015840173,51.20000076293945],[151.09105417504907,-33.742039538919926,51.400001525878906],[151.0910664126277,-33.74197977595031,51.20000076293945],[151.0910746268928,-33.741952534765005,51],[151.09110455028713,-33.74191724695265,50.79999923706055],[151.09124184586108,-33.741788668558,50.79999923706055],[151.09138576313853,-33.74168590642512,50.599998474121094],[151.0913938935846,-33.74167618341744,50.599998474121094],[151.0914533212781,-33.74157216399908,49.599998474121094],[151.0914567578584,-33.74156344681978,49.599998474121094],[151.09153663739562,-33.741466887295246,48.400001525878906],[151.091553485021,-33.741419864818454,48.20000076293945],[151.09156337566674,-33.7414072919637,48.20000076293945],[151.09158156439662,-33.74137678183615,48.20000076293945],[151.09161383472383,-33.741342667490244,48],[151.09169396571815,-33.74128592200577,47.79999923706055],[151.09170586802065,-33.74128516763449,47.79999923706055],[151.09171274118125,-33.74127703718841,47.79999923706055],[151.09173302538693,-33.74126044102013,47.79999923706055],[151.09175456687808,-33.7412326131016,48],[151.09180569648743,-33.74119942076504,48.20000076293945],[151.091796644032,-33.74121266417205,47.79999923706055],[151.09183142893016,-33.74116036109626,47.79999923706055],[151.0918841511011,-33.74111375771463,48.400001525878906],[151.09192128293216,-33.74104376882315,48.599998474121094],[151.09192673116922,-33.74103471636772,48.599998474121094],[151.09194089658558,-33.74102239497006,48.400001525878906],[151.09196503646672,-33.7410135101527,48.400001525878906],[151.09199043363333,-33.740990962833166,48.400001525878906],[151.0919855721295,-33.74098241329193,48.400001525878906],[151.0920128133148,-33.74097897671163,48.400001525878906],[151.0919853206724,-33.74097763560712,48.400001525878906],[151.09195958822966,-33.74097294174135,48.400001525878906],[151.09194986522198,-33.74098492786288,48.400001525878906],[151.09196109697223,-33.74099691398442,48.599998474121094],[151.09195933677256,-33.74099942855537,48.599998474121094],[151.09196570701897,-33.74099322594702,48.599998474121094],[151.09194642864168,-33.740921057760715,48.79999923706055],[151.09199026599526,-33.740820391103625,49],[151.0919940378517,-33.74081091955304,49.20000076293945],[151.09200476668775,-33.74071067199111,49.20000076293945],[151.09207039698958,-33.740668091923,49],[151.09209981746972,-33.74062375165522,48.79999923706055],[151.09210627153516,-33.74055610969663,49.400001525878906],[151.09209805727005,-33.74054487794638,49.599998474121094],[151.09208271838725,-33.74051998369396,49.599998474121094],[151.09208372421563,-33.7405005376786,49.79999923706055],[151.09207039698958,-33.7404418643564,50.20000076293945],[151.09206520020962,-33.740407498553395,50.400001525878906],[151.09206209890544,-33.74039568006992,50.599998474121094],[151.0920519568026,-33.740374222397804,50.599998474121094],[151.09204223379493,-33.74035284854472,50.79999923706055],[151.09200954437256,-33.74032133258879,51],[151.09200309030712,-33.74031781218946,51],[151.09198465012014,-33.7402793392539,51.400001525878906],[151.09197484329343,-33.740263329818845,51.400001525878906],[151.0919623542577,-33.74023759737611,51.599998474121094],[151.09195615164936,-33.740229383111,51.599998474121094],[151.09192782081664,-33.74020406976342,51.79999923706055],[151.0918854083866,-33.74015989713371,51.79999923706055],[151.09185741283,-33.740103570744395,52.20000076293945],[151.09185297042131,-33.740090830251575,52.400001525878906],[151.09184676781297,-33.7400758266449,52.400001525878906],[151.09184173867106,-33.7400565482676,52.599998474121094],[151.09183553606272,-33.73992998152971,52.79999923706055],[151.09183830209076,-33.73990148305893,53],[151.0918159224093,-33.739836271852255,53.400001525878906],[151.09176931902766,-33.73975194990635,53.400001525878906],[151.09175691381097,-33.73974507674575,53.400001525878906],[151.09174023382366,-33.73971230350435,53.400001525878906],[151.09172045253217,-33.73969981446862,53.599998474121094],[151.09169874340296,-33.73967282474041,53.599998474121094],[151.09166990965605,-33.73964189551771,53.599998474121094],[151.0916332807392,-33.739607110619545,53.400001525878906],[151.09161308035254,-33.73958934098482,53.599998474121094],[151.0915777925402,-33.739582635462284,53.599998474121094],[151.0915653873235,-33.73957701958716,53.599998474121094],[151.09154409728944,-33.739561680704355,53.599998474121094],[151.09149020165205,-33.73945942148566,54],[151.0914858430624,-33.73944626189768,54],[151.09147167764604,-33.73942572623491,54.20000076293945],[151.0914599429816,-33.73941642232239,54.20000076293945],[151.09144946560264,-33.739407286047935,54.20000076293945],[151.0914382338524,-33.739395551383495,54.400001525878906],[151.09142658300698,-33.739376524463296,54.400001525878906],[151.0914083942771,-33.73934341594577,54.400001525878906],[151.09138660132885,-33.739301171153784,54.400001525878906],[151.09137897379696,-33.73928097076714,54.400001525878906],[151.09133488498628,-33.73920704238117,54.400001525878906],[151.0913087334484,-33.73919011093676,54.400001525878906],[151.09125701710582,-33.739134538918734,54.599998474121094],[151.09122533351183,-33.73909120447934,54.599998474121094],[151.09121737070382,-33.739080810919404,54.599998474121094],[151.09118887223303,-33.73905122280121,54.599998474121094],[151.09117864631116,-33.7390448525548,54.599998474121094],[151.0911576077342,-33.73902993276715,54.79999923706055],[151.09111921861768,-33.738980730995536,55],[151.09104277566075,-33.738888278603554,55.20000076293945],[151.09101452864707,-33.738868832588196,55.20000076293945],[151.09091863967478,-33.73874058946967,55.400001525878906],[151.09088385477662,-33.73871410265565,55.599998474121094],[151.09086834825575,-33.7387081515044,55.79999923706055],[151.0908298753202,-33.73868057504296,55.79999923706055],[151.09081889502704,-33.738665068522096,55.79999923706055],[151.09080623835325,-33.738659117370844,55.79999923706055],[151.0907888878137,-33.73865299858153,56],[151.09075494110584,-33.73861553147435,56.20000076293945],[151.0907455533743,-33.73861041851342,56.400001525878906],[151.09071739017963,-33.738611256703734,56.599998474121094],[151.09070322476327,-33.73860999941826,56.79999923706055],[151.0906895622611,-33.7386061437428,56.79999923706055],[151.0905711259693,-33.73852643184364,56.79999923706055],[151.09055427834392,-33.73853514902294,57],[151.09052075073123,-33.73851804994047,57.20000076293945],[151.09045210294425,-33.73847949318588,57.400001525878906],[151.09040449373424,-33.73845677822828,57.400001525878906],[151.09036945737898,-33.73842618428171,57.599998474121094],[151.09035403467715,-33.738413862884045,57.599998474121094],[151.09032469801605,-33.73840288259089,57.79999923706055],[151.09031153842807,-33.738402212038636,57.79999923706055],[151.09028873965144,-33.73839441686869,58],[151.09026418067515,-33.73836558312178,58.400001525878906],[151.09023953787982,-33.73835175298154,58.400001525878906],[151.09019737690687,-33.73830028809607,58.599998474121094],[151.09017985872924,-33.7382712867111,58.79999923706055],[151.0901797749102,-33.73825184069574,58.79999923706055],[151.09017164446414,-33.73821957036853,59],[151.09014423564076,-33.73818394728005,59],[151.0901144798845,-33.738152515143156,59.20000076293945],[151.09009503386915,-33.738096775487065,59.20000076293945],[151.0900874901563,-33.7380588054657,59.20000076293945],[151.09008715488017,-33.73804363422096,59.20000076293945],[151.09007081016898,-33.73799049295485,59.400001525878906],[151.0900531243533,-33.73797968029976,59.400001525878906],[151.09003778547049,-33.73799728229642,58.79999923706055],[151.09003183431923,-33.73798856511712,58.79999923706055],[151.09001766890287,-33.737969705834985,58.599998474121094],[151.08998330309987,-33.73797666281462,59],[151.08997802250087,-33.73797968029976,59.20000076293945],[151.08997274190187,-33.73797498643398,59.20000076293945],[151.08989629894495,-33.7379774171859,59.400001525878906],[151.08987324871123,-33.73799426481128,59.79999923706055],[151.08986461535096,-33.73800113797188,60.20000076293945],[151.08981692232192,-33.738015219569206,60.79999923706055],[151.08979957178235,-33.73802376911044,61.400001525878906],[151.08978632837534,-33.73803550377488,62],[151.08975221402943,-33.73805989511311,62.79999923706055],[151.08973905444145,-33.738074228167534,63],[151.08973109163344,-33.73807883821428,63],[151.08970410190523,-33.738100128248334,63.599998474121094],[151.08969563618302,-33.73809509910643,63.599998474121094],[151.0896720830351,-33.738045394420624,64.4000015258789],[151.0896755196154,-33.738029384985566,64.80000305175781],[151.08966403640807,-33.73800080269575,65.19999694824219],[151.08966026455164,-33.73798915185034,65.4000015258789],[151.08965758234262,-33.73797867447138,65.80000305175781],[151.0896487813443,-33.737950176000595,66.4000015258789],[151.08964542858303,-33.73794053681195,66.5999984741211],[151.08965397812426,-33.73791329562664,67.19999694824219],[151.08965213410556,-33.737900303676724,67.4000015258789],[151.0896414052695,-33.73789862729609,67.5999984741211],[151.08963704667985,-33.73789804056287,68],[151.0896361246705,-33.73787624761462,68.80000305175781],[151.08963092789054,-33.73787323012948,69.4000015258789],[151.08962405472994,-33.73787473887205,69.80000305175781],[151.08960896730423,-33.73790239915252,70.80000305175781],[151.08958574943244,-33.73790508136153,72],[151.08958390541375,-33.73789560981095,72.19999694824219],[151.0895829834044,-33.73789066448808,72.4000015258789],[151.08959773555398,-33.737854957580566,73],[151.08960771001875,-33.737842720001936,73.4000015258789],[151.08959580771625,-33.73781413771212,74],[151.0895834863186,-33.73780491761863,74.19999694824219],[151.08958742581308,-33.73780131340027,75.19999694824219],[151.08958080410957,-33.737812377512455,75.5999984741211],[151.08956865034997,-33.73781464062631,76.19999694824219],[151.0895623639226,-33.73781413771212,76.80000305175781],[151.08956747688353,-33.73782050795853,77.4000015258789],[151.08955381438136,-33.73783014714718,78.19999694824219],[151.08954065479338,-33.737847581505775,78.5999984741211],[151.08948818407953,-33.7378894072026,79.4000015258789],[151.08945314772427,-33.73790977522731,79.80000305175781],[151.0894209612161,-33.737928215414286,80.5999984741211],[151.08941559679806,-33.73792972415686,80.80000305175781],[151.08936907723546,-33.7379515171051,81.80000305175781],[151.08936538919806,-33.737956546247005,82],[151.08935248106718,-33.73798026703298,82.19999694824219],[151.0892430972308,-33.7380241882056,81.19999694824219],[151.08921476639807,-33.73804413713515,81],[151.08920462429523,-33.738053273409605,81],[151.08919917605817,-33.73805838637054,80.80000305175781],[151.0891772992909,-33.73807213269174,80.80000305175781],[151.08915584161878,-33.738078251481056,81],[151.08908995985985,-33.73808084987104,81.4000015258789],[151.08907629735768,-33.738086465746164,81.4000015258789],[151.0889809112996,-33.73815360479057,82.4000015258789],[151.08895685523748,-33.73816592618823,82.5999984741211],[151.08893556520343,-33.73817900195718,83],[151.08891016803682,-33.73819325119257,83.4000015258789],[151.0888969246298,-33.738189646974206,83.5999984741211],[151.08887488022447,-33.73818931169808,84],[151.08886775560677,-33.738180762156844,84.80000305175781],[151.08886683359742,-33.738178918138146,85.19999694824219],[151.088839257136,-33.73818151652813,86.4000015258789],[151.0888139437884,-33.73817665502429,87.5999984741211],[151.088802292943,-33.73817355372012,87.80000305175781],[151.08874772675335,-33.738138768821955,88.80000305175781],[151.08873213641346,-33.73813449405134,89.4000015258789],[151.08872392214835,-33.73813373968005,90],[151.08870313502848,-33.73814254067838,91],[151.0886450484395,-33.73816299252212,92.19999694824219],[151.08859869651496,-33.73817866668105,93.19999694824219],[151.08859023079276,-33.73817858286202,93.4000015258789],[151.08855217695236,-33.73818235471845,94.4000015258789],[151.08854790218174,-33.73818210326135,94.5999984741211],[151.08852912671864,-33.73817673884332,95.4000015258789],[151.088514206931,-33.738183779641986,95.80000305175781],[151.08847028575838,-33.7382229231298,96.5999984741211],[151.08845083974302,-33.73824077658355,97],[151.08838906511664,-33.738243374973536,97.4000015258789],[151.08835914172232,-33.738238429650664,97.5999984741211],[151.0883381869644,-33.73823398724198,98.19999694824219],[151.08832779340446,-33.73823583126068,98.19999694824219],[151.08830633573234,-33.73822652734816,98.80000305175781],[151.08828068710864,-33.738202303647995,99.4000015258789],[151.08827280811965,-33.73819467611611,99.80000305175781],[151.08824020251632,-33.73815419152379,101],[151.08822922222316,-33.73815134167671,101.5999984741211],[151.0882158111781,-33.73814765363932,102],[151.08819225803018,-33.738152431324124,102.5999984741211],[151.0881862230599,-33.73814446851611,103],[151.08817423693836,-33.738140277564526,103.5999984741211],[151.0881719738245,-33.73813549987972,104.4000015258789],[151.0881302319467,-33.738127034157515,105.4000015258789],[151.08809310011566,-33.738129967823625,106.5999984741211],[151.08808304183185,-33.73813080601394,107],[151.08804004266858,-33.73812401667237,107.80000305175781],[151.08797223307192,-33.7381277885288,108.19999694824219],[151.08793300576508,-33.73815427534282,108],[151.0878886654973,-33.73816441744566,107.5999984741211],[151.0878778528422,-33.73816642910242,107.5999984741211],[151.08786905184388,-33.738171039149165,107.4000015258789],[151.08782429248095,-33.73818059451878,108.19999694824219],[151.0877866577357,-33.738164165988564,109],[151.08778313733637,-33.738168524578214,109.19999694824219],[151.08775371685624,-33.73814547434449,110.4000015258789],[151.08772102743387,-33.7381243519485,111.4000015258789],[151.0876986477524,-33.73812762089074,112],[151.08767811208963,-33.73812577687204,112.5999984741211],[151.08764274045825,-33.738108007237315,113.19999694824219],[151.0876331012696,-33.73810641467571,113.5999984741211],[151.08761097304523,-33.738086549565196,114.4000015258789],[151.08760418370366,-33.738085543736815,114.5999984741211],[151.08755179680884,-33.73807548545301,115.80000305175781],[151.08750234358013,-33.738078167662024,117],[151.08749815262854,-33.738082610070705,117],[151.0874689836055,-33.73808437027037,117.80000305175781],[151.08745632693172,-33.738076742738485,118],[151.08745029196143,-33.73807397671044,118.19999694824219],[151.0873997490853,-33.738092333078384,119],[151.08732632361352,-33.738098200410604,120.19999694824219],[151.08726555481553,-33.73805704526603,121],[151.08724795281887,-33.738037683069706,121.19999694824219],[151.08717368915677,-33.73805109411478,122.4000015258789],[151.087079141289,-33.73801781795919,123.19999694824219],[151.08702851459384,-33.738002395257354,123.4000015258789],[151.08702306635678,-33.73800465837121,123.5999984741211],[151.08701460063457,-33.738003401085734,123.80000305175781],[151.08698618598282,-33.73800080269575,124.19999694824219],[151.08695710077882,-33.737990744411945,124.5999984741211],[151.08690010383725,-33.73799275606871,125.5999984741211],[151.08686238527298,-33.73799149878323,126.5999984741211],[151.08685517683625,-33.73799392953515,126.80000305175781],[151.08679046854377,-33.73799292370677,128],[151.08677940443158,-33.73799049295485,128.1999969482422],[151.08673389069736,-33.73800407163799,129],[151.08671293593943,-33.73800122179091,129.39999389648438],[151.0866993572563,-33.73799376189709,130],[151.08669290319085,-33.73799133114517,130.39999389648438],[151.08667739666998,-33.73798169195652,131],[151.0866649914533,-33.73797540552914,131.1999969482422],[151.08661696314812,-33.737956043332815,132.1999969482422],[151.08660673722625,-33.73795830644667,132.60000610351562],[151.08656927011907,-33.737957971170545,133.39999389648438],[151.0865629836917,-33.73795595951378,133.60000610351562],[151.08653984963894,-33.73795277439058,134.1999969482422],[151.08651353046298,-33.7379464879632,134.60000610351562],[151.0864731296897,-33.73790256679058,134.8000030517578],[151.08642384409904,-33.73789167031646,135.8000030517578],[151.0864123608917,-33.7378965318203,135.8000030517578],[151.08640012331307,-33.7378962803632,136.1999969482422],[151.08634010888636,-33.73789225704968,136.8000030517578],[151.0863238479942,-33.737886222079396,136.8000030517578],[151.08630130067468,-33.73789116740227,137.1999969482422],[151.08628797344863,-33.73788496479392,137.60000610351562],[151.08627053909004,-33.73788261786103,137.8000030517578],[151.086254613474,-33.73787649907172,138.1999969482422],[151.0862376820296,-33.7378722243011,138.8000030517578],[151.0862421244383,-33.73784146271646,138.8000030517578],[151.0862402804196,-33.737840708345175,139],[151.08624178916216,-33.73783852905035,139],[151.08624178916216,-33.737840708345175,139],[151.08624044805765,-33.73784196563065,139.39999389648438],[151.08623516745865,-33.73784012161195,138.8000030517578],[151.086230808869,-33.73782662674785,139],[151.08622812666,-33.73782520182431,139],[151.08622645027936,-33.737825118005276,139],[151.08622586354613,-33.73781983740628,138.8000030517578],[151.0862289648503,-33.737812377512455,138.8000030517578],[151.08623374253511,-33.73780877329409,139],[151.08623374253511,-33.73780768364668,139],[151.08623382635415,-33.73780391179025,139],[151.08623416163027,-33.73779938556254,139],[151.08623491600156,-33.737791841849685,138.39999389648438],[151.0862342454493,-33.73778999783099,138.8000030517578],[151.086217565462,-33.73785772360861,137.8000030517578],[151.08621136285365,-33.73788731172681,137.8000030517578],[151.08619342558086,-33.737970627844334,137],[151.08618923462927,-33.737979512661695,136.8000030517578],[151.08615855686367,-33.73801505193114,136.1999969482422],[151.0861361771822,-33.738041035830975,136],[151.0861359257251,-33.73804966919124,135.8000030517578],[151.08610994182527,-33.73817380517721,136],[151.08613894321024,-33.73831923119724,136],[151.0861512646079,-33.73840522952378,136.1999969482422],[151.08615369535983,-33.73850556090474,136.39999389648438],[151.0861499235034,-33.738536071032286,136.39999389648438],[151.0861168988049,-33.738611843436956,136.1999969482422],[151.08612251468003,-33.738647969439626,136.1999969482422],[151.08612461015582,-33.73866423033178,136.1999969482422],[151.08611790463328,-33.73874687589705,136.39999389648438],[151.0861189942807,-33.73877755366266,136.39999389648438],[151.08611069619656,-33.73884167522192,136.8000030517578],[151.08610927127302,-33.73889934271574,137.1999969482422],[151.08611103147268,-33.73891602270305,137.1999969482422],[151.08614078722894,-33.73898643068969,137.39999389648438],[151.08616492711008,-33.73907192610204,137.8000030517578],[151.08618152327836,-33.73910654336214,138],[151.08623173087835,-33.73918483033776,139],[151.08624195680022,-33.73921064659953,139.1999969482422],[151.08626366592944,-33.73926186002791,139.39999389648438],[151.0863018874079,-33.739312319085,139.39999389648438],[151.0863325651735,-33.73934676870704,139.1999969482422],[151.0863782465458,-33.739390606060624,139],[151.08652241528034,-33.73945355415344,138.8000030517578],[151.08659299090505,-33.73947350308299,138.8000030517578],[151.08662760816514,-33.73947702348232,138.8000030517578],[151.08675518073142,-33.73953293077648,139],[151.08686808496714,-33.739584144204855,139],[151.08694972470403,-33.739612055942416,138.8000030517578],[151.08703337609768,-33.739632507786155,138.8000030517578],[151.08721174299717,-33.739689253270626,138.60000610351562],[151.08724309131503,-33.739696964621544,138.60000610351562],[151.0873392317444,-33.73972026631236,138.60000610351562],[151.08746722340584,-33.739755637943745,139.1999969482422],[151.08747828751802,-33.73976116999984,139.39999389648438],[151.08764056116343,-33.73983275145292,139.60000610351562],[151.08771197497845,-33.73985555022955,139.8000030517578],[151.08775329776108,-33.73986879363656,139.8000030517578],[151.08778657391667,-33.73989712446928,140],[151.0877932794392,-33.73990818858147,140],[151.08781565912068,-33.73994800262153,140.1999969482422],[151.08789067715406,-33.740095188841224,140.60000610351562],[151.0878997296095,-33.74022334814072,140.8000030517578],[151.08789671212435,-33.74037061817944,140.39999389648438],[151.08791171573102,-33.7404640763998,140.1999969482422],[151.08789327554405,-33.74059047549963,139.1999969482422],[151.08788749203086,-33.74064856208861,139],[151.08787734992802,-33.740712432190776,138.60000610351562],[151.0878788586706,-33.74072399921715,138.39999389648438],[151.0878807026893,-33.74073908664286,138.39999389648438],[151.08789495192468,-33.74085484072566,138.1999969482422],[151.08789931051433,-33.74089490622282,137.8000030517578],[151.08790685422719,-33.740988532081246,137.39999389648438],[151.08793694525957,-33.741098921746016,136.8000030517578],[151.08794658444822,-33.74118944630027,136.1999969482422],[151.08792764134705,-33.74124459922314,135.8000030517578],[151.08792152255774,-33.74125700443983,135.8000030517578],[151.0879132244736,-33.741269409656525,135.60000610351562],[151.087901070714,-33.7412949744612,135.39999389648438],[151.08787776902318,-33.74134258367121,135],[151.0878749191761,-33.74135079793632,135],[151.08786310069263,-33.74139723367989,134.8000030517578],[151.08786603435874,-33.74140989035368,134.60000610351562],[151.08789402991533,-33.74155322089791,134.1999969482422],[151.08792889863253,-33.74164240434766,133.8000030517578],[151.08793216757476,-33.74166092835367,133.60000610351562],[151.0879568103701,-33.74169093556702,133.39999389648438],[151.08799343928695,-33.74172848649323,133.1999969482422],[151.0880546271801,-33.74183074571192,132.60000610351562],[151.0880681220442,-33.74185882508755,132.39999389648438],[151.08806896023452,-33.74186963774264,132.39999389648438],[151.0880620032549,-33.74194256030023,132],[151.08807080425322,-33.742000395432115,131.8000030517578],[151.08807348646224,-33.74202302657068,131.8000030517578],[151.08808547258377,-33.742067869752645,131.60000610351562],[151.08808547258377,-33.74208454973996,131.60000610351562],[151.08808957971632,-33.74209796078503,131.60000610351562],[151.08810491859913,-33.742112796753645,131.39999389648438],[151.08817373402417,-33.74219183810055,131],[151.08820751309395,-33.74226953834295,130.60000610351562],[151.08823995105922,-33.742308765649796,130.39999389648438],[151.0882663540542,-33.74235092662275,130.1999969482422],[151.0882795136422,-33.74237095937133,130],[151.08836157247424,-33.74242963269353,129.60000610351562],[151.08837238512933,-33.742437260225415,129.60000610351562],[151.0884103551507,-33.742461651563644,129.60000610351562],[151.08851755969226,-33.74252191744745,129.39999389648438],[151.0886265244335,-33.742598947137594,129],[151.0887005366385,-33.74267388135195,129],[151.08876918442547,-33.7427266035229,128.60000610351562],[151.08877865597606,-33.74273171648383,128.60000610351562],[151.0887877922505,-33.74273909255862,128.39999389648438],[151.08880137093365,-33.742756862193346,128.1999969482422],[151.08882039785385,-33.742800867185,127.80000305175781],[151.0888453759253,-33.74283313751221,127.4000015258789],[151.08885652385652,-33.74290723353624,126.4000015258789],[151.08887194655836,-33.74291033484042,126.19999694824219],[151.08888678252697,-33.74291301704943,126],[151.08892877586186,-33.74292617663741,125.5999984741211],[151.08897311612964,-33.74294436536729,125.19999694824219],[151.08902525156736,-33.74296573922038,124.5999984741211],[151.08902843669057,-33.74297403730452,124.5999984741211],[151.08903321437538,-33.742994824424386,124.19999694824219],[151.08903598040342,-33.74299809336662,124.19999694824219],[151.089042769745,-33.74300488270819,124],[151.08904209919274,-33.743009492754936,124],[151.08904159627855,-33.743009492754936,123.80000305175781],[151.08904268592596,-33.743009408935905,124],[151.08905274420977,-33.74300924129784,124.4000015258789],[151.08906640671194,-33.74300915747881,124],[151.08908937312663,-33.74301108531654,124.80000305175781],[151.08908836729825,-33.74301175586879,124.80000305175781],[151.08908819966018,-33.743011923506856,125],[151.08908979222178,-33.74301116913557,124.4000015258789],[151.08909079805017,-33.74301753938198,124.5999984741211],[151.0890549235046,-33.7430337164551,124.19999694824219],[151.0890544205904,-33.74303455464542,124.19999694824219],[151.08905341476202,-33.743036733940244,124.4000015258789],[151.0890514869243,-33.74303656630218,124.19999694824219],[151.08904855325818,-33.74303807504475,124.5999984741211],[151.0890477988869,-33.743038242682815,124.5999984741211],[151.08904469758272,-33.74303908087313,125],[151.08904427848756,-33.74304000288248,124.80000305175781],[151.0890438593924,-33.74304050579667,124.4000015258789],[151.08904394321144,-33.74304033815861,124.4000015258789],[151.08904310502112,-33.74304008670151,124.19999694824219],[151.08904327265918,-33.743041176348925,124.5999984741211],[151.0890425182879,-33.7430442776531,124.19999694824219],[151.08904193155468,-33.7430442776531,124.19999694824219],[151.08904168009758,-33.74304436147213,124.19999694824219],[151.08904100954533,-33.74304503202438,124.4000015258789],[151.0890395846218,-33.74304385855794,125.19999694824219],[151.08903891406953,-33.74304276891053,124.19999694824219],[151.08903841115534,-33.7430424336344,124.4000015258789],[151.0890393331647,-33.74304251745343,124.80000305175781],[151.0890393331647,-33.74304234981537,124.5999984741211],[151.08903924934566,-33.743042685091496,124.5999984741211],[151.08903924934566,-33.74304226599634,125],[151.08903924934566,-33.74304226599634,125.19999694824219],[151.08904000371695,-33.74304209835827,125.19999694824219],[151.08903732150793,-33.7430408410728,125.80000305175781],[151.08903665095568,-33.74304050579667,126],[151.0890361480415,-33.74304000288248,126.19999694824219],[151.0890361480415,-33.74304000288248,126.19999694824219],[151.088982000947,-33.74302005395293,127.4000015258789],[151.08895073644817,-33.742998680099845,127.5999984741211],[151.088847219944,-33.742926428094506,128.39999389648438],[151.0888488125056,-33.742918549105525,128.39999389648438],[151.08883833512664,-33.742874544113874,129.39999389648438],[151.08883623965085,-33.74286683276296,129.60000610351562],[151.08883095905185,-33.742860462516546,129.8000030517578],[151.08876759186387,-33.74280044808984,130.39999389648438],[151.08875937759876,-33.742794496938586,130.60000610351562],[151.08871604315937,-33.74277027323842,131.1999969482422],[151.08865368179977,-33.7427041400224,131.60000610351562],[151.08858486637473,-33.74266432598233,131.39999389648438],[151.0885755624622,-33.74265535734594,131.39999389648438],[151.08851512894034,-33.74261923134327,131.60000610351562],[151.08848403207958,-33.74260406009853,131.60000610351562],[151.08839962631464,-33.742565335705876,132],[151.0883588064462,-33.74255586415529,132.1999969482422],[151.08830667100847,-33.7425138708204,132.39999389648438],[151.0882478300482,-33.742447067052126,132.60000610351562],[151.088226120919,-33.74241152778268,132.60000610351562],[151.08817742206156,-33.742359979078174,133.39999389648438],[151.0881518572569,-33.742307340726256,133.60000610351562],[151.0881444811821,-33.7423016410321,133.60000610351562],[151.08813291415572,-33.742283284664154,133.60000610351562],[151.08811480924487,-33.74224003404379,133.8000030517578],[151.08809511177242,-33.742220755666494,134],[151.0880557168275,-33.74214171431959,134.60000610351562],[151.08805052004755,-33.742117742076516,134.8000030517578],[151.0880369413644,-33.74202470295131,135],[151.08801095746458,-33.74194105155766,135.39999389648438],[151.08796351589262,-33.74186879955232,135.60000610351562],[151.0879533737898,-33.74185832217336,135.60000610351562],[151.08793082647026,-33.741837199777365,135.8000030517578],[151.08791791833937,-33.74182915315032,135.8000030517578],[151.08787198551,-33.741748770698905,136.60000610351562],[151.0878563951701,-33.74169780872762,136.8000030517578],[151.08784826472402,-33.74162245541811,137.1999969482422],[151.0878173355013,-33.74153025448322,137.60000610351562],[151.08782211318612,-33.74144610017538,137.8000030517578],[151.0878247115761,-33.741406705230474,137.8000030517578],[151.08783007599413,-33.74139279127121,137.8000030517578],[151.08787450008094,-33.741287514567375,138.39999389648438],[151.08789495192468,-33.741266978904605,138.39999389648438],[151.0879074409604,-33.741236217319965,138.8000030517578],[151.08790727332234,-33.741227416321635,139],[151.08790014870465,-33.74118659645319,139.1999969482422],[151.08791154809296,-33.74112490564585,139.39999389648438],[151.08789620921016,-33.741068076342344,139.8000030517578],[151.08788958750665,-33.74104049988091,140],[151.0878873243928,-33.74102641828358,140.1999969482422],[151.08787483535707,-33.74088861979544,140.8000030517578],[151.08787416480482,-33.74087152071297,141],[151.08786385506392,-33.74077563174069,141.8000030517578],[151.08786125667393,-33.74069759622216,142],[151.0878725722432,-33.7406715285033,142.39999389648438],[151.08788631856441,-33.74058159068227,142.8000030517578],[151.08788992278278,-33.74051998369396,143.1999969482422],[151.08788648620248,-33.740465585142374,143.60000610351562],[151.08786519616842,-33.74042384326458,143.8000030517578],[151.08785119839013,-33.740391824394464,144.1999969482422],[151.08784826472402,-33.74037841334939,144.1999969482422],[151.08784968964756,-33.74027196317911,144.1999969482422],[151.0878609213978,-33.74020901508629,144.39999389648438],[151.0878656990826,-33.74018428847194,144.39999389648438],[151.0878703929484,-33.74014531262219,144.39999389648438],[151.08783954754472,-33.74004875309765,144.39999389648438],[151.08779964968562,-33.739977004006505,144.1999969482422],[151.08776545152068,-33.739933585748076,144.1999969482422],[151.08772739768028,-33.73991388827562,144],[151.08763620257378,-33.73987700790167,143.60000610351562],[151.08762212097645,-33.7398702185601,143.39999389648438],[151.087525812909,-33.73982571065426,143.1999969482422],[151.0874843224883,-33.73981598764658,143.1999969482422],[151.08744752593338,-33.739801067858934,143.1999969482422],[151.08743285760283,-33.73979880474508,143.1999969482422],[151.0873580072075,-33.739786399528384,143],[151.08731257729232,-33.73977701179683,143],[151.087182238698,-33.73973501846194,143.1999969482422],[151.08710143715143,-33.73970995657146,143.1999969482422],[151.08707369305193,-33.739689672365785,143],[151.08696280047297,-33.7396458350122,143],[151.0867860261351,-33.739578276872635,143.1999969482422],[151.08660883270204,-33.739510299637914,143.1999969482422],[151.0865460522473,-33.739496720954776,143.1999969482422],[151.0865146201104,-33.73949806205928,143.1999969482422],[151.08637145720422,-33.73945103958249,143.1999969482422],[151.0863296315074,-33.73942614533007,143.1999969482422],[151.08627171255648,-33.7393831461668,143.1999969482422],[151.08621949329972,-33.7393125705421,143.60000610351562],[151.0862038191408,-33.7392898555845,143.60000610351562],[151.0861602332443,-33.739187931641936,143.39999389648438],[151.0861419606954,-33.73917192220688,143.39999389648438],[151.08610700815916,-33.739070082083344,142.8000030517578],[151.08609560877085,-33.73902104794979,142.8000030517578],[151.08608580194414,-33.73899229802191,142.60000610351562],[151.08607901260257,-33.73897369019687,142.60000610351562],[151.08607213944197,-33.73892473988235,142.39999389648438],[151.08607096597552,-33.738908898085356,142.1999969482422],[151.086072223261,-33.73889506794512,142],[151.0860935971141,-33.73879733495414,141.39999389648438],[151.08609108254313,-33.738740254193544,141],[151.08609116636217,-33.738725585862994,141],[151.08610415831208,-33.73859650455415,140.60000610351562],[151.08608177863061,-33.738458370789886,140.39999389648438],[151.08608311973512,-33.7383780721575,140.39999389648438],[151.08607817441225,-33.73827405273914,140.1999969482422],[151.08606635592878,-33.738174475729465,140.39999389648438],[151.08607264235616,-33.73812384903431,140.60000610351562],[151.086080186069,-33.7381053250283,140.60000610351562],[151.08609342947602,-33.73805847018957,140.8000030517578],[151.08611882664263,-33.73800482600927,141],[151.08613584190607,-33.73792804777622,141.60000610351562],[151.08616643585265,-33.73786300420761,142],[151.08617322519422,-33.737848503515124,142.1999969482422],[151.08617590740323,-33.73784238472581,142.1999969482422],[151.08619292266667,-33.73778723180294,143.1999969482422],[151.0861906595528,-33.73775504529476,143.39999389648438],[151.08620591461658,-33.737715650349855,144.1999969482422],[151.08621136285365,-33.73770575970411,144.39999389648438],[151.08621815219522,-33.73766988515854,144.8000030517578],[151.0862315632403,-33.737639458850026,145.1999969482422],[151.0862484946847,-33.73761456459761,145.60000610351562],[151.08625779859722,-33.73760676942766,145.8000030517578],[151.08629350550473,-33.737564189359546,146.1999969482422],[151.0862976964563,-33.73755010776222,146.1999969482422],[151.08632083050907,-33.73750526458025,147],[151.08634136617184,-33.737480621784925,147.39999389648438],[151.08640791848302,-33.73740652576089,148.39999389648438],[151.0864171385765,-33.73739956878126,148.60000610351562],[151.0864689387381,-33.73735338449478,149.60000610351562],[151.08651344664395,-33.737314911559224,150.8000030517578],[151.08652216382325,-33.73731315135956,151],[151.08652895316482,-33.73730795457959,151],[151.08656784519553,-33.737247521057725,151.8000030517578],[151.086598187685,-33.7372279074043,152],[151.08660195954144,-33.737219609320164,152.1999969482422],[151.08663758262992,-33.73720661737025,152.39999389648438],[151.08669206500053,-33.737189350649714,152.39999389648438],[151.08672064729035,-33.737172251567245,152.1999969482422],[151.0867337230593,-33.73716185800731,152.1999969482422],[151.08684939332306,-33.737101843580604,152.60000610351562],[151.08688241802156,-33.73709253966808,152.8000030517578],[151.08690773136914,-33.73707854188979,153],[151.08692340552807,-33.73705926351249,153],[151.08700286597013,-33.73699371702969,153.1999969482422],[151.08703061006963,-33.73697653412819,153.39999389648438],[151.08709146268666,-33.736909897997975,153.60000610351562],[151.08709188178182,-33.73689388856292,153.8000030517578],[151.08711266890168,-33.73681861907244,154.8000030517578],[151.08711736276746,-33.73680939897895,155],[151.08712348155677,-33.73680705204606,156],[151.0871235653758,-33.73680068179965,156.1999969482422],[151.0871156025678,-33.73675558716059,157.39999389648438],[151.08712683431804,-33.73675089329481,157.60000610351562],[151.08714217320085,-33.736729519441724,158.1999969482422],[151.08714326284826,-33.736714934930205,158.39999389648438],[151.0871492139995,-33.73664679005742,158.8000030517578],[151.0871497169137,-33.73663857579231,158.8000030517578],[151.08710017986596,-33.736581075936556,159.39999389648438],[151.08706246130168,-33.73654084280133,160.39999389648438],[151.08705382794142,-33.73653111979365,160.60000610351562],[151.0870358068496,-33.73652743175626,161],[151.0870278440416,-33.73652064241469,161.1999969482422],[151.0870133433491,-33.73650991357863,161.39999389648438],[151.08699691481888,-33.73650706373155,161.8000030517578],[151.08697545714676,-33.73647035099566,162.60000610351562],[151.08697671443224,-33.73645576648414,163],[151.08697193674743,-33.736451072618365,163],[151.0869747865945,-33.73643464408815,163],[151.0869633872062,-33.736387118697166,163],[151.08693731948733,-33.73625719919801,163.1999969482422],[151.0869274288416,-33.736212104558945,163],[151.08691703528166,-33.73612937517464,163.39999389648438],[151.08691049739718,-33.736080257222056,163.39999389648438],[151.08688845299184,-33.73600062914193,163.60000610351562],[151.08688501641154,-33.73598277568817,163.60000610351562],[151.08684461563826,-33.73592343181372,163.60000610351562],[151.0868180450052,-33.73586450703442,164],[151.086814859882,-33.73586140573025,164],[151.08681268058717,-33.73585620895028,164],[151.08681343495846,-33.73585285618901,164]]},"properties":{"name":"Sydney Hiking"}}]}
