{"type":"FeatureCollection","features":[{"type":"Feature","geometry":{"type":"LineString","coordinates":[[151.12382221966982,-33.678836887702346,199],[151.12382221966982,-33.678836887702346,199],[151.12382221966982,-33.678836887702346,199],[151.1238356307149,-33.678802605718374,198.60000610351562],[151.12383822910488,-33.678785590454936,198.60000610351562],[151.12383915111423,-33.67876052856445,198.39999389648438],[151.12383915111423,-33.678758684545755,198.39999389648438],[151.12383655272424,-33.67874862626195,198],[151.12383227795362,-33.67873881943524,198.39999389648438],[151.12383127212524,-33.67873588576913,198.39999389648438],[151.1238303501159,-33.67872063070536,198.39999389648438],[151.12384233623743,-33.67876128293574,198.1999969482422],[151.1238768696785,-33.67881987243891,198.39999389648438],[151.12387058325112,-33.67880679666996,198.39999389648438],[151.12391802482307,-33.67879858240485,198.39999389648438],[151.12403512001038,-33.67877444252372,198.60000610351562],[151.1240441724658,-33.67876865901053,198.60000610351562],[151.12412413582206,-33.6787477042526,198.39999389648438],[151.12412983551621,-33.67874661460519,198.39999389648438],[151.1241641175002,-33.67873462848365,198.39999389648438],[151.12421021796763,-33.67871878668666,198.60000610351562],[151.1243219487369,-33.67869925685227,198.60000610351562],[151.12435773946345,-33.678691210225224,198.60000610351562],[151.1244281474501,-33.6786821577698,198.60000610351562],[151.12456343136728,-33.67866748943925,198.60000610351562],[151.1246435623616,-33.67866254411638,198.60000610351562],[151.12470131367445,-33.67866748943925,198.60000610351562],[151.12470986321568,-33.6786750331521,198.39999389648438],[151.1247249506414,-33.67873705923557,198.60000610351562],[151.12474380992353,-33.67880713194609,198.60000610351562],[151.12472754903138,-33.678874522447586,198.39999389648438],[151.1247252020985,-33.67894786410034,198],[151.12470600754023,-33.679049955680966,197.60000610351562],[151.12470290623605,-33.67910628207028,197.39999389648438],[151.1246639303863,-33.67923578247428,197.1999969482422],[151.12464389763772,-33.67930308915675,196.8000030517578],[151.1246380303055,-33.67933024652302,196.60000610351562],[151.12462889403105,-33.67942186072469,196.1999969482422],[151.12461757846177,-33.679437870159745,196.1999969482422],[151.12459427677095,-33.679514061659575,196],[151.12459008581936,-33.67952202446759,195.8000030517578],[151.12458111718297,-33.67959871888161,194.8000030517578],[151.124575920403,-33.67960902862251,194.8000030517578],[151.12453434616327,-33.67965613491833,194.39999389648438],[151.12451557070017,-33.679681196808815,194.39999389648438],[151.1244643572718,-33.67972830310464,194.1999969482422],[151.12442839890718,-33.67976116016507,194.1999969482422],[151.12440928816795,-33.679786305874586,194.1999969482422],[151.12439386546612,-33.679805835708976,194.1999969482422],[151.12435514107347,-33.67984405718744,194],[151.12433661706746,-33.67986115626991,193.8000030517578],[151.12427995540202,-33.67990926839411,193.60000610351562],[151.1242087930441,-33.67996299639344,193.39999389648438],[151.12418280914426,-33.6799874715507,193.1999969482422],[151.1241456773132,-33.680026112124324,192.8000030517578],[151.1241120658815,-33.68006416596472,192.39999389648438],[151.1241067852825,-33.680073050782084,192.39999389648438],[151.12405456602573,-33.68014857172966,191.60000610351562],[151.12403947860003,-33.680169861763716,191.60000610351562],[151.12402615137398,-33.680190313607454,191.39999389648438],[151.12398508004844,-33.680261224508286,191],[151.12397963181138,-33.680269941687584,191],[151.12396546639502,-33.68030942045152,190.60000610351562],[151.1239334475249,-33.68036792613566,190.1999969482422],[151.123920455575,-33.68044093251228,189.60000610351562],[151.12393361516297,-33.68047529831529,189.39999389648438],[151.12399731762707,-33.68053807877004,189.1999969482422],[151.1240068729967,-33.680542688816786,189],[151.12403118051589,-33.680558782070875,189],[151.1240471061319,-33.68057562969625,188.8000030517578],[151.12405624240637,-33.680583760142326,188.8000030517578],[151.1240877583623,-33.68060555309057,188.60000610351562],[151.12409932538867,-33.68062499910593,188.60000610351562],[151.1241411510855,-33.68067042902112,188.39999389648438],[151.12414634786546,-33.680677553638816,188.39999389648438],[151.1242000758648,-33.680715104565024,188],[151.12421692349017,-33.68072499521077,187.8000030517578],[151.1242468468845,-33.68074653670192,187.39999389648438],[151.12430040724576,-33.68080579675734,187],[151.12436033785343,-33.680888107046485,186.39999389648438],[151.12441649660468,-33.681001430377364,185.60000610351562],[151.12441850826144,-33.68100947700441,185.39999389648438],[151.1244765110314,-33.68111366406083,184.60000610351562],[151.1244902573526,-33.68114777840674,184.39999389648438],[151.1244971305132,-33.68115741759539,184.39999389648438],[151.1245048418641,-33.681170493364334,184.39999389648438],[151.12450869753957,-33.681176863610744,184.1999969482422],[151.12455831840634,-33.681253138929605,183.39999389648438],[151.1246258765459,-33.6813553981483,182.8000030517578],[151.1246850527823,-33.681482300162315,182.39999389648438],[151.12473567947745,-33.68154365569353,181.8000030517578],[151.12475101836026,-33.6815641913563,181.60000610351562],[151.1247558798641,-33.68160023353994,181.60000610351562],[151.12478504888713,-33.68167198263109,181.60000610351562],[151.124805836007,-33.68171414360404,181.39999389648438],[151.1248301435262,-33.68173962458968,181.39999389648438],[151.12485906109214,-33.68176787160337,181.1999969482422],[151.1249477416277,-33.68186334148049,180.8000030517578],[151.1249562073499,-33.68187298066914,180.8000030517578],[151.12496484071016,-33.68188236840069,180.8000030517578],[151.125027872622,-33.6819423828274,180.39999389648438],[151.12504539079964,-33.68196392431855,180.1999969482422],[151.1250971071422,-33.6820063367486,180],[151.12515083514154,-33.68204556405544,179.8000030517578],[151.1251629050821,-33.682052521035075,179.8000030517578],[151.12528226338327,-33.68213634006679,179.39999389648438],[151.12529575824738,-33.682140028104186,179.1999969482422],[151.12537203356624,-33.682161904871464,178.8000030517578],[151.12542861141264,-33.68217875249684,178.60000610351562],[151.12547337077558,-33.68220096454024,178.1999969482422],[151.12549868412316,-33.682220159098506,178],[151.1255495622754,-33.68224488571286,177.8000030517578],[151.12560681067407,-33.68229945190251,177.39999389648438],[151.1256573535502,-33.68234203197062,177.1999969482422],[151.12568702548742,-33.68236256763339,177],[151.12577017396688,-33.682406321167946,176.8000030517578],[151.12590503878891,-33.68242811411619,176.1999969482422],[151.12596320919693,-33.68245149962604,175.60000610351562],[151.1259869299829,-33.682472286745906,175.1999969482422],[151.12603998742998,-33.68250539526343,174.60000610351562],[151.12609983421862,-33.68254512548447,174.1999969482422],[151.12618113867939,-33.68257379159331,173.1999969482422],[151.12620402127504,-33.682573456317186,173],[151.1262438353151,-33.68260522373021,172.39999389648438],[151.12626487389207,-33.68265023455024,172.39999389648438],[151.12626277841628,-33.68265459313989,172.39999389648438],[151.1262591741979,-33.68266062811017,172.39999389648438],[151.12625196576118,-33.682679487392306,172],[151.12626772373915,-33.68269767612219,171.39999389648438],[151.1262704897672,-33.682714104652405,170.8000030517578],[151.1262800451368,-33.6827436927706,169.8000030517578],[151.12626772373915,-33.68277017958462,169.1999969482422],[151.12626579590142,-33.68282021954656,168.60000610351562],[151.12626462243497,-33.6828420124948,168.1999969482422],[151.12624375149608,-33.68290638551116,167.60000610351562],[151.1262377165258,-33.68294100277126,167.39999389648438],[151.12622883170843,-33.68299137800932,166.39999389648438],[151.12622464075685,-33.68301250040531,166.1999969482422],[151.12621248699725,-33.68306438438594,166.39999389648438],[151.12618625164032,-33.68310587480664,165.60000610351562],[151.12616814672947,-33.683137223124504,165.39999389648438],[151.12615725025535,-33.68317938409746,164.60000610351562],[151.1261478625238,-33.68320310488343,164.1999969482422],[151.12610813230276,-33.68325465358794,163.60000610351562],[151.12610570155084,-33.683266807347536,163.60000610351562],[151.12608960829675,-33.6832825653255,163.39999389648438],[151.12607007846236,-33.68329597637057,163.1999969482422],[151.12597913481295,-33.68335942737758,162.60000610351562],[151.12596832215786,-33.68336319923401,162.60000610351562],[151.12593454308808,-33.68335674516857,162.60000610351562],[151.12590797245502,-33.68338490836322,162.39999389648438],[151.12588416785002,-33.68341013789177,162.1999969482422],[151.12586975097656,-33.683415334671736,162.1999969482422],[151.12583848647773,-33.68342329747975,162.1999969482422],[151.12579154781997,-33.6834308411926,162.1999969482422],[151.1257617920637,-33.68343134410679,162.1999969482422],[151.12572046928108,-33.68343394249678,162],[151.12569230608642,-33.68343452923,162],[151.125667411834,-33.68342966772616,162],[151.12564184702933,-33.68343654088676,162],[151.1256007757038,-33.68344014510512,162.1999969482422],[151.1255794018507,-33.683446096256375,162.1999969482422],[151.12546063028276,-33.683488592505455,161.8000030517578],[151.1254274379462,-33.6834984831512,161.60000610351562],[151.12540271133184,-33.683507703244686,161.60000610351562],[151.12537144683301,-33.683527735993266,161.39999389648438],[151.12529668025672,-33.68356511928141,161.1999969482422],[151.1252622306347,-33.68358951061964,161],[151.12522409297526,-33.68361490778625,161],[151.1251959297806,-33.68363510817289,160.8000030517578],[151.12513231113553,-33.683681627735496,160.39999389648438],[151.1251113563776,-33.683739798143506,160.1999969482422],[151.12511043436825,-33.68374633602798,160.1999969482422],[151.12510347738862,-33.68377718143165,159.8000030517578],[151.12509375438094,-33.683817498385906,159.60000610351562],[151.1250978615135,-33.68390626274049,159.1999969482422],[151.12510599195957,-33.6839247867465,159],[151.12509903497994,-33.68397415615618,158.8000030517578],[151.12507707439363,-33.68403065018356,158.1999969482422],[151.1250918265432,-33.68405655026436,158],[151.12510565668344,-33.684072559699416,157.8000030517578],[151.12512015737593,-33.68408203125,157.60000610351562],[151.1251367535442,-33.68409720249474,157.60000610351562],[151.12518461421132,-33.68413969874382,157.1999969482422],[151.12518922425807,-33.68416668847203,157.1999969482422],[151.1251906491816,-33.68417926132679,156.8000030517578],[151.1251998692751,-33.68418957106769,156.8000030517578],[151.12526851706207,-33.684206334874034,156],[151.12532869912684,-33.684204909950495,156],[151.12537639215589,-33.684219075366855,155.8000030517578],[151.12538695335388,-33.6842252779752,155.8000030517578],[151.12544336356223,-33.68423894047737,155.60000610351562],[151.12548770383,-33.68428344838321,155.1999969482422],[151.12552248872817,-33.68431756272912,154.8000030517578],[151.12553564831614,-33.68433130905032,154.60000610351562],[151.12556364387274,-33.68437129072845,154.1999969482422],[151.12558929249644,-33.68439769372344,154],[151.12560018897057,-33.68440012447536,154.1999969482422],[151.12560865469277,-33.68444689549506,154],[151.12560915760696,-33.68445108644664,153.8000030517578],[151.12559541128576,-33.684524511918426,153],[151.12560915760696,-33.68454345501959,153],[151.12563296221197,-33.684572875499725,153],[151.12566414289176,-33.68459550663829,153],[151.12567923031747,-33.684614868834615,153],[151.12569130025804,-33.68463473394513,152.8000030517578],[151.12576589919627,-33.684682762250304,151.8000030517578],[151.12577009014785,-33.684687623754144,151.8000030517578],[151.1257752031088,-33.68469340726733,151.60000610351562],[151.12583421170712,-33.68470690213144,151.1999969482422],[151.12586815841496,-33.68472157046199,151.1999969482422],[151.12587628886104,-33.68472903035581,151],[151.12588877789676,-33.68473623879254,151],[151.12589238211513,-33.684741016477346,151],[151.1259200423956,-33.68475685827434,150.60000610351562],[151.1259374767542,-33.6847763042897,150.1999969482422],[151.12596027553082,-33.6848262604326,150.1999969482422],[151.12596589140594,-33.6848471313715,150],[151.1259972397238,-33.68489423766732,149.60000610351562],[151.1260389816016,-33.68494628928602,149],[151.12605515867472,-33.68497587740421,148.60000610351562],[151.12606027163565,-33.684981325641274,148.39999389648438],[151.12608541734517,-33.68501041084528,148],[151.12610511481762,-33.68506958708167,147.60000610351562],[151.12610653974116,-33.68507788516581,147.39999389648438],[151.1261056177318,-33.685088949278,147.39999389648438],[151.12614593468606,-33.685156255960464,146.60000610351562],[151.1261489521712,-33.685159273445606,146.39999389648438],[151.1261624470353,-33.685189951211214,145.8000030517578],[151.12615725025535,-33.685217779129744,145.39999389648438],[151.12615389749408,-33.685232447460294,145],[151.1261523887515,-33.68523085489869,144.39999389648438],[151.12615247257054,-33.685226663947105,144.60000610351562],[151.12614844925702,-33.68522733449936,144.60000610351562],[151.12614434212446,-33.68522917851806,144.39999389648438],[151.12611047923565,-33.68528047576547,143.39999389648438],[151.12610025331378,-33.68532900698483,142.1999969482422],[151.12610025331378,-33.68534510023892,141.8000030517578],[151.12610025331378,-33.685370748862624,141.1999969482422],[151.12609488889575,-33.68550963699818,140],[151.1260710004717,-33.68564031086862,138.8000030517578],[151.12606404349208,-33.685649363324046,138.8000030517578],[151.12602305598557,-33.68569931946695,138],[151.12600972875953,-33.68571683764458,137.8000030517578],[151.12598064355552,-33.68576092645526,137.1999969482422],[151.1259393207729,-33.68578925728798,136.8000030517578],[151.12590277567506,-33.68580979295075,136.60000610351562],[151.12587042152882,-33.685846254229546,136],[151.12586447037756,-33.685860335826874,135.60000610351562],[151.12586975097656,-33.68587567470968,135.39999389648438],[151.125865643844,-33.68589662946761,135.1999969482422],[151.12584619782865,-33.685927810147405,134.39999389648438],[151.12583806738257,-33.6859314981848,134.39999389648438],[151.12580202519894,-33.685949351638556,133.8000030517578],[151.1257852613926,-33.68596812710166,133.39999389648438],[151.12578668631613,-33.685998218134046,132.8000030517578],[151.1257728561759,-33.68602185510099,132.39999389648438],[151.12573195248842,-33.686036355793476,132],[151.1257187090814,-33.68607566691935,131.60000610351562],[151.12570471130311,-33.68610215373337,131.1999969482422],[151.1256840918213,-33.686113553121686,130.8000030517578],[151.12568928860128,-33.68615370243788,130.1999969482422],[151.12574452534318,-33.68615378625691,130],[151.1257860995829,-33.68619334883988,130],[151.12579020671546,-33.686205837875605,129.8000030517578],[151.1258090659976,-33.68622402660549,129.1999969482422],[151.12581334076822,-33.68623064830899,129.1999969482422],[151.12581954337656,-33.6862562969327,128.8000030517578],[151.12582130357623,-33.68626367300749,128.8000030517578],[151.12582222558558,-33.68627339601517,128.8000030517578],[151.12582691945136,-33.68632142432034,128],[151.1258425936103,-33.68633022531867,127.80000305175781],[151.1258830782026,-33.68635511957109,127.19999694824219],[151.12588374875486,-33.68635939434171,127],[151.12589221447706,-33.686398873105645,126],[151.12588609568775,-33.68644061498344,125],[151.12589623779058,-33.686482440680265,124.19999694824219],[151.12591417506337,-33.68650373071432,123.80000305175781],[151.12593311816454,-33.68652611039579,123],[151.12594108097255,-33.686528792604804,122.5999984741211],[151.1259639635682,-33.68653549812734,121.80000305175781],[151.12597678788006,-33.686542036011815,121.5999984741211],[151.1260207928717,-33.686535246670246,121],[151.12602850422263,-33.686527367681265,121],[151.1260554101318,-33.68650666438043,120.5999984741211],[151.12605842761695,-33.686500461772084,120.5999984741211],[151.12608013674617,-33.68651898577809,120.5999984741211],[151.12608273513615,-33.6865877173841,120.80000305175781],[151.12613210454583,-33.686645552515984,120.4000015258789],[151.12615599296987,-33.68673272430897,121],[151.1261840723455,-33.68675225414336,121],[151.1261917836964,-33.686782931908965,121],[151.12620703876019,-33.68681930936873,121],[151.12622438929975,-33.68688711896539,120.4000015258789],[151.1262480262667,-33.68693514727056,119.4000015258789],[151.12627090886235,-33.68697311729193,118.4000015258789],[151.1262704897672,-33.686982840299606,118.4000015258789],[151.12628197297454,-33.68703137151897,117.4000015258789],[151.12628381699324,-33.68703539483249,117.19999694824219],[151.1262797936797,-33.687048722058535,117],[151.1262734234333,-33.6870729457587,117],[151.12628138624132,-33.68709750473499,116.19999694824219],[151.12628281116486,-33.68711887858808,115.5999984741211],[151.12629278562963,-33.687148969620466,115.19999694824219],[151.12630183808506,-33.68718643672764,114.80000305175781],[151.12633083947003,-33.687263717874885,114.19999694824219],[151.12633243203163,-33.68727369233966,114.19999694824219],[151.1263275705278,-33.68731962516904,113.19999694824219],[151.1263268161565,-33.68732800707221,113],[151.1263109743595,-33.68736740201712,112.4000015258789],[151.1262988205999,-33.68738517165184,112],[151.12629211507738,-33.68739690631628,111.80000305175781],[151.1262702383101,-33.68744443170726,111],[151.1262475233525,-33.68747116997838,110.4000015258789],[151.12623997963965,-33.68748776614666,109.5999984741211],[151.12624098546803,-33.68750830180943,109],[151.12623629160225,-33.68753017857671,108.5999984741211],[151.12623478285968,-33.68757477030158,107.4000015258789],[151.12624492496252,-33.68763151578605,106.80000305175781],[151.12623872235417,-33.68765339255333,106.4000015258789],[151.1262237187475,-33.68772866204381,105.19999694824219],[151.12622070126235,-33.68774274364114,105],[151.12621936015785,-33.687759255990386,104.80000305175781],[151.1262284964323,-33.687783647328615,104.19999694824219],[151.1262332741171,-33.68779789656401,103.80000305175781],[151.12624559551477,-33.687822204083204,103],[151.1262543965131,-33.68788246996701,102.19999694824219],[151.12625531852245,-33.68789579719305,102],[151.1262530554086,-33.687905268743634,101.5999984741211],[151.12624190747738,-33.68794935755432,101.4000015258789],[151.12620670348406,-33.68801004253328,100.80000305175781],[151.12619454972446,-33.68806108832359,100.80000305175781],[151.12615247257054,-33.68815722875297,100.5999984741211],[151.12615674734116,-33.68818555958569,100.5999984741211],[151.1261285841465,-33.68824800476432,100.5999984741211],[151.1261256504804,-33.68831606581807,100.19999694824219],[151.12610570155084,-33.68834330700338,99.80000305175781],[151.12610343843699,-33.68835554458201,99.5999984741211],[151.12609757110476,-33.68838236667216,99.19999694824219],[151.12608290277421,-33.68840835057199,98.5999984741211],[151.1260307673365,-33.688421342521906,97.5999984741211],[151.12597385421395,-33.68845285847783,96.4000015258789],[151.12596941180527,-33.68845520541072,96.4000015258789],[151.12593957222998,-33.68848521262407,95.4000015258789],[151.125926412642,-33.688498539850116,95],[151.12589246593416,-33.68850910104811,94.4000015258789],[151.12586941570044,-33.68850222788751,94],[151.1258032824844,-33.68849837221205,93.19999694824219],[151.12578961998224,-33.68849887512624,93.19999694824219],[151.1257636360824,-33.68850155733526,92.80000305175781],[151.12571250647306,-33.688519997522235,92.19999694824219],[151.12570605240762,-33.68852871470153,91.80000305175781],[151.1257089022547,-33.6885666847229,91],[151.1257109977305,-33.688578587025404,91],[151.12570747733116,-33.68862661533058,90],[151.12568845041096,-33.68863122537732,89.80000305175781],[151.12566548399627,-33.68863608688116,89],[151.12564587034285,-33.68864321149886,88.5999984741211],[151.12563245929778,-33.68865746073425,88],[151.12562424503267,-33.68866441771388,87.80000305175781],[151.12559532746673,-33.68868629448116,87],[151.1255633085966,-33.688699286431074,86],[151.12555727362633,-33.688705153763294,85.80000305175781],[151.12552014179528,-33.688706662505865,85.4000015258789],[151.1255001090467,-33.68870699778199,84.80000305175781],[151.1254900507629,-33.688706159591675,84.5999984741211],[151.1254799924791,-33.68870238773525,84.4000015258789],[151.12545593641698,-33.68868486955762,83.19999694824219],[151.12545141018927,-33.68868201971054,83.19999694824219],[151.12542299553752,-33.688661148771644,82.4000015258789],[151.12540346570313,-33.68865519762039,82.19999694824219],[151.1254017893225,-33.688651006668806,82.19999694824219],[151.12536574713886,-33.68858604691923,81.4000015258789],[151.1253478936851,-33.68857640773058,81],[151.12535233609378,-33.68855436332524,80.4000015258789],[151.12536038272083,-33.688528798520565,79.80000305175781],[151.12535543739796,-33.68849443271756,79.4000015258789],[151.12534873187542,-33.688451601192355,79.19999694824219],[151.12530631944537,-33.68843567557633,79],[151.12529592588544,-33.68843383155763,78.80000305175781],[151.12524068914354,-33.688404746353626,77.80000305175781],[151.12523892894387,-33.68840432725847,77.80000305175781],[151.12524999305606,-33.68840382434428,77.5999984741211],[151.12523892894387,-33.68841027840972,77.5999984741211],[151.1252278648317,-33.68842553347349,78.19999694824219],[151.12521898001432,-33.68843819014728,78.80000305175781],[151.12521135248244,-33.6884424649179,78.80000305175781],[151.12519232556224,-33.68844154290855,79.80000305175781],[151.125178495422,-33.688436513766646,80.19999694824219],[151.12512518651783,-33.68847565725446,81],[151.1250537727028,-33.68852460756898,81.4000015258789],[151.12501395866275,-33.68855679407716,81.80000305175781],[151.1249683611095,-33.688565008342266,81.80000305175781],[151.12496391870081,-33.68856576271355,82],[151.1249548662454,-33.68856710381806,82],[151.1249403655529,-33.68857255205512,82],[151.12493231892586,-33.68857707828283,82.19999694824219],[151.12491195090115,-33.68859903886914,82.80000305175781],[151.1249046586454,-33.68861102499068,83],[151.12489870749414,-33.6886150483042,83.19999694824219],[151.12488605082035,-33.688632817938924,83.4000015258789],[151.1248827818781,-33.68863809853792,83.4000015258789],[151.1248795967549,-33.68864061310887,83.5999984741211],[151.12487238831818,-33.68864379823208,83.80000305175781],[151.12485361285508,-33.68865251541138,84],[151.12481924705207,-33.68865611962974,84.4000015258789],[151.12479913048446,-33.688665088266134,84.80000305175781],[151.12477716989815,-33.688661148771644,85.19999694824219],[151.12474439665675,-33.68866793811321,85.5999984741211],[151.12470081076026,-33.68866827338934,86.19999694824219],[151.12467323429883,-33.68865964002907,86.80000305175781],[151.12464599311352,-33.68868604302406,87.19999694824219],[151.1246306542307,-33.68871093727648,87.5999984741211],[151.12458773888648,-33.68872904218733,88],[151.12457214854658,-33.68873717263341,88.5999984741211],[151.1245629284531,-33.68874438107014,88.80000305175781],[151.12452344968915,-33.68877287954092,89.5999984741211],[151.12450182437897,-33.68877966888249,89.80000305175781],[151.12443703226745,-33.68880598805845,90.5999984741211],[151.12437986768782,-33.6888431198895,91.5999984741211],[151.1243774369359,-33.688848819583654,91.80000305175781],[151.12434659153223,-33.688905229792,92.80000305175781],[151.12431038171053,-33.68892685510218,93.4000015258789],[151.12430602312088,-33.68894780986011,93.80000305175781],[151.12428188323975,-33.689011009410024,94.4000015258789],[151.12425975501537,-33.689041435718536,94.80000305175781],[151.1242463439703,-33.689057528972626,95],[151.1242399737239,-33.68906691670418,95.19999694824219],[151.12423561513424,-33.68908376432955,95.4000015258789],[151.12420636229217,-33.689116621389985,95.5999984741211],[151.1242019198835,-33.68912332691252,95.80000305175781],[151.12418322823942,-33.689176216721535,96.19999694824219],[151.12417610362172,-33.68921393528581,96.80000305175781],[151.12418591044843,-33.689217204228044,96.80000305175781],[151.12416462041438,-33.68925232440233,97.80000305175781],[151.1241617705673,-33.689265148714185,98],[151.1241379659623,-33.68929624557495,98.4000015258789],[151.12413419410586,-33.689331617206335,98.5999984741211],[151.1241184361279,-33.68935969658196,99],[151.12408817745745,-33.689401438459754,100],[151.12408683635294,-33.68940512649715,100.19999694824219],[151.12407610751688,-33.6894541606307,101.19999694824219],[151.1240732576698,-33.689464051276445,101.19999694824219],[151.12405825406313,-33.68951501324773,102.19999694824219],[151.1240584217012,-33.68953177705407,102.80000305175781],[151.12405280582607,-33.68957209400833,103.4000015258789],[151.12404475919902,-33.68958349339664,103.5999984741211],[151.12403294071555,-33.68962850421667,104.4000015258789],[151.12402372062206,-33.689645770937204,104.80000305175781],[151.12399195320904,-33.68970570154488,105.4000015258789],[151.12398382276297,-33.68975213728845,105.4000015258789],[151.12397418357432,-33.68980678729713,105.19999694824219],[151.1239735968411,-33.68984391912818,105.5999984741211],[151.12395255826414,-33.68990519084036,105.80000305175781],[151.12394174560905,-33.68994399905205,106],[151.12393470481038,-33.68997442536056,106],[151.12395708449185,-33.69000845588744,106.4000015258789],[151.12396052107215,-33.69002195075154,106.4000015258789],[151.12397720105946,-33.690042067319155,106.5999984741211],[151.12398508004844,-33.69006235152483,106.80000305175781],[151.12398633733392,-33.690069895237684,106.80000305175781],[151.12398952245712,-33.69008154608309,107],[151.12399044446647,-33.69008808396757,107.19999694824219],[151.1240040231496,-33.69011817499995,107.4000015258789],[151.12401475198567,-33.69013552553952,107.5999984741211],[151.12402581609786,-33.690197886899114,108.19999694824219],[151.12404685467482,-33.69025278836489,108.5999984741211],[151.12405138090253,-33.69026108644903,108.5999984741211],[151.1240547336638,-33.69030115194619,108.80000305175781],[151.12405599094927,-33.69033065624535,109],[151.12404593266547,-33.69035127572715,109],[151.12405515275896,-33.69040098041296,109.4000015258789],[151.12405146472156,-33.690413888543844,109.5999984741211],[151.12404987215996,-33.69042478501797,109.5999984741211],[151.12403662875295,-33.690472058951855,110],[151.1240056157112,-33.690513549372554,110],[151.12396932207048,-33.690587896853685,109.80000305175781],[151.12394182942808,-33.690627459436655,110.19999694824219],[151.1239191982895,-33.690684624016285,110.19999694824219],[151.12386060878634,-33.69074346497655,110.5999984741211],[151.123835882172,-33.690773136913776,110.5999984741211],[151.12380889244378,-33.69079903699458,110.80000305175781],[151.12378181889653,-33.69085435755551,111.19999694824219],[151.123812161386,-33.6908701993525,111.5999984741211],[151.12381911836565,-33.69087589904666,111.80000305175781],[151.12386111170053,-33.69090582244098,112.4000015258789],[151.12387854605913,-33.69090833701193,112.4000015258789],[151.12390134483576,-33.6909100972116,112.5999984741211],[151.1239154264331,-33.69091269560158,112.80000305175781],[151.12396529875696,-33.69090875610709,113.19999694824219],[151.1239756923169,-33.690906409174204,113.4000015258789],[151.12400620244443,-33.69089534506202,113.5999984741211],[151.12403009086847,-33.69089710526168,113.80000305175781],[151.1240444239229,-33.69089894928038,113.80000305175781],[151.12410829402506,-33.69091646745801,114.19999694824219],[151.12414282746613,-33.69093666784465,114.80000305175781],[151.12416562624276,-33.690945049747825,115],[151.12421323545277,-33.690949995070696,115.5999984741211],[151.1242642812431,-33.690957287326455,115.80000305175781],[151.12428322434425,-33.690962148830295,116],[151.1243417300284,-33.69099517352879,117],[151.12434793263674,-33.691002717241645,117.19999694824219],[151.1243737488985,-33.69102283380926,117.80000305175781],[151.12438791431487,-33.69103473611176,118.4000015258789],[151.12439453601837,-33.69103909470141,118.5999984741211],[151.12439931370318,-33.691050074994564,119.5999984741211],[151.12443099729717,-33.691067257896066,120.5999984741211],[151.1244686320424,-33.69105736725032,121.80000305175781],[151.12449327483773,-33.69106323458254,122.4000015258789],[151.12450257875025,-33.691069604828954,122.80000305175781],[151.12454071640968,-33.69107689708471,123.4000015258789],[151.12458103336394,-33.691078405827284,124],[151.1245954502374,-33.69109634310007,124.4000015258789],[151.1246274691075,-33.69111495092511,124.80000305175781],[151.12463358789682,-33.691118555143476,125],[151.12465663813055,-33.69112450629473,125.5999984741211],[151.124679017812,-33.691136157140136,126],[151.12471262924373,-33.69113531894982,126.5999984741211],[151.12473936751485,-33.69113934226334,127],[151.12476660870016,-33.691145880147815,127.80000305175781],[151.12477582879364,-33.69115384295583,128],[151.12481195479631,-33.69118083268404,128.60000610351562],[151.12483366392553,-33.69119734503329,129.1999969482422],[151.1248489189893,-33.69122668169439,129.60000610351562],[151.1248589772731,-33.6912293639034,130.1999969482422],[151.1248702928424,-33.691226094961166,130.39999389648438],[151.12487515434623,-33.69121494702995,131.1999969482422],[151.12488160841167,-33.69121125899255,131.60000610351562],[151.1248949356377,-33.69121645577252,132.39999389648438],[151.12491002306342,-33.69121938943863,132.8000030517578],[151.1249387729913,-33.69122399948537,133.39999389648438],[151.12495126202703,-33.69120916351676,134.39999389648438],[151.12495603971183,-33.69120673276484,134.60000610351562],[151.12498537637293,-33.69120413437486,135.60000610351562],[151.1249921657145,-33.691204972565174,135.8000030517578],[151.1250162217766,-33.69118913076818,136.60000610351562],[151.1250412836671,-33.69117840193212,137],[151.1250878032297,-33.69117831811309,137.8000030517578],[151.12509216181934,-33.69118854403496,137.8000030517578],[151.125096520409,-33.691217210143805,138.8000030517578],[151.12510372884572,-33.691225508227944,139.39999389648438],[151.12512996420264,-33.6912293639034,140.1999969482422],[151.12514563836157,-33.691254844889045,140.8000030517578],[151.1251562833786,-33.691270938143134,141.1999969482422],[151.12516852095723,-33.69130874052644,142.1999969482422],[151.1251702811569,-33.69131720624864,142.39999389648438],[151.12519073300064,-33.69132877327502,143.39999389648438],[151.12521135248244,-33.69133531115949,143.60000610351562],[151.12523566000164,-33.69137152098119,144.1999969482422],[151.12523733638227,-33.691382333636284,144.39999389648438],[151.12523918040097,-33.69138551875949,144.39999389648438],[151.12526114098728,-33.691421058028936,144.8000030517578],[151.12528796307743,-33.691457686945796,145.39999389648438],[151.1253093369305,-33.69146263226867,145.60000610351562],[151.12532459199429,-33.69147688150406,146.60000610351562],[151.1253352370113,-33.69148241356015,147.1999969482422],[151.12533766776323,-33.6914780549705,147.8000030517578],[151.12534663639963,-33.69147880934179,148.1999969482422],[151.12536155618727,-33.691497668623924,148.8000030517578],[151.12536935135722,-33.69152616709471,149.8000030517578],[151.12539349123836,-33.69152222760022,151],[151.12543372437358,-33.69151753373444,152.1999969482422],[151.12546951510012,-33.691525580361485,153.1999969482422],[151.12547622062266,-33.69153069332242,153.1999969482422],[151.1255363188684,-33.69156489148736,154],[151.12556154839694,-33.691605208441615,154.39999389648438],[151.12559440545738,-33.69162255898118,154.39999389648438],[151.12567411735654,-33.691628593951464,154.60000610351562],[151.12568685784936,-33.691628593951464,154.60000610351562],[151.12575609236956,-33.69166471995413,155],[151.1258140951395,-33.69167913682759,155.1999969482422],[151.1258241534233,-33.69167779572308,155.39999389648438],[151.12585818395019,-33.69167771190405,155.8000030517578],[151.1258828267455,-33.69168349541724,156.60000610351562],[151.1259192880243,-33.69171157479286,157.39999389648438],[151.12592725083232,-33.69172121398151,157.60000610351562],[151.12594895996153,-33.69175599887967,158.1999969482422],[151.12596010789275,-33.69177997112274,158.39999389648438],[151.12597460858524,-33.691814336925745,158.8000030517578],[151.1259876843542,-33.691841159015894,159],[151.1260104831308,-33.69188575074077,159.1999969482422],[151.12602691166103,-33.69191139936447,159.60000610351562],[151.1260609421879,-33.69197443127632,159.8000030517578],[151.1261074617505,-33.69204584509134,160.39999389648438],[151.1261624470353,-33.692102674394846,160.8000030517578],[151.12618348561227,-33.69211650453508,161],[151.12623436376452,-33.692160258069634,161],[151.12624442204833,-33.692163275554776,161],[151.12630418501794,-33.692196384072304,161.1999969482422],[151.12633511424065,-33.69223494082689,161.39999389648438],[151.12634601071477,-33.69225430302322,161.39999389648438],[151.12638766877353,-33.69230560027063,161.39999389648438],[151.1264139879495,-33.69232554920018,161.39999389648438],[151.12646645866334,-33.69238045066595,161.39999389648438],[151.12647995352745,-33.692397214472294,161.39999389648438],[151.1265004053712,-33.69243216700852,161.60000610351562],[151.12650794908404,-33.69245370849967,161.8000030517578],[151.12650895491242,-33.69247608818114,161.8000030517578],[151.1265297420323,-33.69252813979983,162],[151.12653468735516,-33.69256652891636,162.39999389648438],[151.12652957439423,-33.6925869807601,162.39999389648438],[151.1265255510807,-33.69259896688163,162.39999389648438],[151.12650434486568,-33.692676750943065,163],[151.12650090828538,-33.692689407616854,163],[151.1264848150313,-33.692726120352745,163.39999389648438],[151.12646059133112,-33.69280440732837,163.8000030517578],[151.1264631897211,-33.69282863102853,164],[151.12647676840425,-33.6928666010499,164.1999969482422],[151.12651985138655,-33.692913791164756,164.39999389648438],[151.12652513198555,-33.69292611256242,164.39999389648438],[151.12656737677753,-33.69297422468662,164.39999389648438],[151.12658648751676,-33.69300574064255,164.39999389648438],[151.12663082778454,-33.69307782500982,164.60000610351562],[151.12663166597486,-33.69308494962752,164.60000610351562],[151.1266286484897,-33.69310540147126,164.8000030517578],[151.12662085331976,-33.69313716888428,164.8000030517578],[151.12659939564764,-33.69315829128027,165],[151.12661398015916,-33.69319676421583,165.1999969482422],[151.126642646268,-33.6932273581624,165.60000610351562],[151.1266502737999,-33.69323892518878,165.60000610351562],[151.12666443921626,-33.69325518608093,165.39999389648438],[151.12667583860457,-33.69330489076674,165.39999389648438],[151.12668816000223,-33.693321235477924,165.60000610351562],[151.12674188800156,-33.69339005090296,165.8000030517578],[151.12679519690573,-33.69347294792533,165.8000030517578],[151.12681472674012,-33.69351787492633,165.8000030517578],[151.12682034261525,-33.69352567009628,165.8000030517578],[151.12682696431875,-33.693533884361386,165.8000030517578],[151.12687021493912,-33.69361753575504,166],[151.12687163986266,-33.69363572448492,166],[151.12687532790005,-33.69364502839744,166],[151.12689385190606,-33.69367788545787,166.1999969482422],[151.12691631540656,-33.6937300208956,166.60000610351562],[151.12694104202092,-33.69378458708525,166.60000610351562],[151.12694221548736,-33.693818701431155,167],[151.12696543335915,-33.69384376332164,167.1999969482422],[151.12696702592075,-33.693927163258195,167.60000610351562],[151.12699292600155,-33.694009305909276,167.8000030517578],[151.12700139172375,-33.69401525706053,167.8000030517578],[151.1270075943321,-33.69402154348791,168],[151.1270131263882,-33.69402665644884,168],[151.12702737562358,-33.694075690582395,168.39999389648438],[151.12703332677484,-33.694086503237486,168.39999389648438],[151.12706325016916,-33.6941581685096,168.8000030517578],[151.12708101980388,-33.694201838225126,169],[151.12709803506732,-33.69424257427454,169.1999969482422],[151.12710230983794,-33.694262355566025,169.39999389648438],[151.12713248468935,-33.69432161562145,169.60000610351562],[151.12714204005897,-33.694381127133965,169.60000610351562],[151.12715369090438,-33.69442840106785,169.8000030517578],[151.1271634977311,-33.69450392201543,169.60000610351562],[151.12716735340655,-33.694511549547315,169.60000610351562],[151.12719191238284,-33.69456863030791,169],[151.1271955166012,-33.69457349181175,169],[151.12720205448568,-33.69459251873195,168.8000030517578],[151.12720507197082,-33.69460894726217,168.8000030517578],[151.12720616161823,-33.69464901275933,168.60000610351562],[151.12718420103192,-33.694733921438456,168.60000610351562],[151.12717590294778,-33.69478153064847,168.39999389648438],[151.1271458119154,-33.69484204798937,168.1999969482422],[151.12713533453643,-33.69491698220372,168],[151.12713558599353,-33.69492779485881,168],[151.12713608890772,-33.694975320249796,167.8000030517578],[151.12713743001223,-33.69497749954462,167.60000610351562],[151.12718026153743,-33.6949404515326,167.39999389648438],[151.12727749161422,-33.694895692169666,167],[151.1272895615548,-33.69489250704646,167],[151.1273672617972,-33.694847244769335,167],[151.12741822376847,-33.6948334146291,166.8000030517578],[151.12746122293174,-33.69481514208019,166.8000030517578],[151.12747312523425,-33.694812124595046,166.60000610351562],[151.12758594565094,-33.69477507658303,166.60000610351562],[151.12769558094442,-33.69475328363478,166.39999389648438],[151.12781250849366,-33.69474297389388,166.1999969482422],[151.1278895381838,-33.69472989812493,166.1999969482422],[151.1279638018459,-33.69472713209689,166.1999969482422],[151.12802582792938,-33.6947298143059,166.1999969482422],[151.12807888537645,-33.69474397972226,166],[151.1281098984182,-33.694746578112245,166],[151.12824727781117,-33.69477080181241,166.39999389648438],[151.12838918343186,-33.69477759115398,166.39999389648438],[151.1284328531474,-33.69478211738169,166.60000610351562],[151.12851181067526,-33.69478404521942,166.8000030517578],[151.12864416092634,-33.69476979598403,166.8000030517578],[151.12867358140647,-33.694765185937285,166.60000610351562],[151.12879352644086,-33.694758312776685,166.39999389648438],[151.12880542874336,-33.69475873187184,166.39999389648438],[151.12886477261782,-33.69476200081408,166.1999969482422],[151.12899427302182,-33.6947506852448,166],[151.12902997992933,-33.69474230334163,166],[151.12905512563884,-33.69473551400006,166],[151.12908630631864,-33.69472436606884,166],[151.12917901016772,-33.69466669857502,165.8000030517578],[151.12927347421646,-33.6946174968034,165.60000610351562],[151.12938662990928,-33.69457961060107,165],[151.1294112727046,-33.694565864279866,165],[151.1294926609844,-33.69454465806484,164.60000610351562],[151.12955049611628,-33.694519931450486,164.1999969482422],[151.1295870412141,-33.694506688043475,164],[151.12961218692362,-33.69449906051159,163.8000030517578],[151.12974227406085,-33.69444038718939,163.1999969482422],[151.12979206256568,-33.694419683888555,162.8000030517578],[151.12986565567553,-33.69438028894365,162.39999389648438],[151.12998861819506,-33.6943138204515,161.8000030517578],[151.12999767065048,-33.69430703110993,161.8000030517578],[151.1301142629236,-33.69423947297037,161.1999969482422],[151.13018576055765,-33.694187588989735,160.8000030517578],[151.1302041169256,-33.694172501564026,160.8000030517578],[151.13023999147117,-33.694158839061856,160.60000610351562],[151.13028491847217,-33.694130927324295,160.39999389648438],[151.13036471419036,-33.69406898505986,160],[151.1304739303887,-33.693995643407106,159.8000030517578],[151.13051382824779,-33.69395884685218,159.60000610351562],[151.1305511277169,-33.693928169086576,159.39999389648438],[151.1306166741997,-33.69387460872531,159.39999389648438],[151.1306671332568,-33.69385709054768,159.1999969482422],[151.13080233335495,-33.69378416799009,159],[151.13088866695762,-33.69371225126088,159],[151.1309919320047,-33.693639328703284,158.8000030517578],[151.13111891783774,-33.69359607808292,159],[151.1312123760581,-33.693558694794774,158.8000030517578],[151.13124271854758,-33.693537740036845,158.8000030517578],[151.1312855500728,-33.69350966066122,158.8000030517578],[151.13133651204407,-33.69347772561014,158.60000610351562],[151.13140323199332,-33.693417962640524,158.60000610351562],[151.13149484619498,-33.69334562681615,158.60000610351562],[151.13161051645875,-33.693256778642535,158.39999389648438],[151.13174479454756,-33.6931515019387,158],[151.1317771486938,-33.693128703162074,158],[151.1318347323686,-33.69309928268194,157.8000030517578],[151.13195358775556,-33.69305485859513,157.8000030517578],[151.13208166323602,-33.693001214414835,157.60000610351562],[151.1321410909295,-33.69296827353537,157.60000610351562],[151.13221644423902,-33.69291923940182,157.39999389648438],[151.13227880559862,-33.69286023080349,157.39999389648438],[151.1323118302971,-33.69283743202686,157.39999389648438],[151.13239095546305,-33.692778423428535,157.1999969482422],[151.13241258077323,-33.69276501238346,157.1999969482422],[151.13249975256622,-33.69265839457512,157],[151.1325858347118,-33.6925608292222,157],[151.13265188410878,-33.69245178066194,157],[151.13270988687873,-33.69237307459116,157.1999969482422],[151.13273050636053,-33.6923139821738,157],[151.13274584524333,-33.692280538380146,156.8000030517578],[151.13277627155185,-33.69220585562289,156.60000610351562],[151.1327798757702,-33.69219386950135,156.60000610351562],[151.13278440199792,-33.69218456558883,156.39999389648438],[151.13279588520527,-33.69215866550803,156.39999389648438],[151.13280401565135,-33.6921102181077,156.60000610351562],[151.1328009981662,-33.69210041128099,156.60000610351562],[151.1328025907278,-33.69209211319685,156.60000610351562],[151.13283175975084,-33.69201743043959,156.60000610351562],[151.1328628566116,-33.691894467920065,156.60000610351562],[151.13285824656487,-33.691707383841276,156],[151.1328709870577,-33.69161861948669,156],[151.1328966356814,-33.69158140383661,155.8000030517578],[151.13295447081327,-33.69143597781658,155.8000030517578],[151.13297140225768,-33.691387698054314,155.60000610351562],[151.13297550939023,-33.691375125199556,155.60000610351562],[151.132985483855,-33.69131242856383,155.60000610351562],[151.13300031982362,-33.691243194043636,155.60000610351562],[151.13300358876586,-33.69118929840624,155.39999389648438],[151.13300358876586,-33.69112266227603,155.39999389648438],[151.1330029182136,-33.691110759973526,155.39999389648438],[151.13300275057554,-33.691098019480705,155.39999389648438],[151.1330285668373,-33.69096281938255,155.39999389648438],[151.13303879275918,-33.69083943776786,155],[151.13306201063097,-33.69075729511678,155],[151.13306997343898,-33.69073022156954,155],[151.1330861505121,-33.69065880775452,154.60000610351562],[151.13309260457754,-33.69063215330243,154.39999389648438],[151.13311121240258,-33.69049678556621,154.1999969482422],[151.1331242043525,-33.69036384858191,154],[151.13314633257687,-33.69029461406171,153.39999389648438],[151.13315203227103,-33.6902485974133,153.1999969482422],[151.1331562232226,-33.690113397315145,152.39999389648438],[151.1331617552787,-33.68999185971916,151.8000030517578],[151.13318757154047,-33.68991659022868,151.39999389648438],[151.13320106640458,-33.689880799502134,151.1999969482422],[151.13323593512177,-33.68978683836758,150.60000610351562],[151.1332373600453,-33.68977468460798,150.60000610351562],[151.13324414938688,-33.689698996022344,150.39999389648438],[151.1332571413368,-33.68961241096258,150],[151.13329209387302,-33.68951325304806,150],[151.13330148160458,-33.689485508948565,149.8000030517578],[151.13332092761993,-33.68936003185809,149.8000030517578],[151.13335789181292,-33.68924327194691,149.60000610351562],[151.133366022259,-33.689232878386974,149.8000030517578],[151.1334577202797,-33.68914277292788,149.8000030517578],[151.13352980464697,-33.68902014568448,149.60000610351562],[151.13361706025898,-33.68889701552689,149.8000030517578],[151.1337251868099,-33.68880657479167,149.8000030517578],[151.13382652401924,-33.68871948681772,150.1999969482422],[151.1338406894356,-33.688708590343595,150.1999969482422],[151.13391461782157,-33.688648492097855,150.39999389648438],[151.13395920954645,-33.68861513212323,150.39999389648438],[151.1339860316366,-33.68860180489719,150.39999389648438],[151.13400556147099,-33.68859149515629,150.39999389648438],[151.1340304557234,-33.688576743006706,150.39999389648438],[151.13404562696815,-33.68856869637966,150.39999389648438],[151.13407370634377,-33.68854992091656,150.39999389648438],[151.13411041907966,-33.6885201651603,150.60000610351562],[151.1341200582683,-33.68850834667683,150.60000610351562],[151.13417747430503,-33.688462832942605,150.60000610351562],[151.1342722736299,-33.688386641442776,150.8000030517578],[151.1343092378229,-33.6883560474962,150.8000030517578],[151.13440529443324,-33.68828966282308,151.1999969482422],[151.13445734605193,-33.68826359510422,151.1999969482422],[151.13447645679116,-33.68825454264879,151.39999389648438],[151.1345106549561,-33.68822713382542,151.39999389648438],[151.13463361747563,-33.688137866556644,151.60000610351562],[151.1347643751651,-33.688054298982024,151.60000610351562],[151.13484911620617,-33.68801632896066,151.60000610351562],[151.13488465547562,-33.687996212393045,151.60000610351562],[151.1349895130843,-33.6879191827029,151.8000030517578],[151.13510761409998,-33.68787542916834,151.8000030517578],[151.1351320054382,-33.68787417188287,152],[151.13520165905356,-33.68784726597369,152],[151.1352778505534,-33.6877983994782,151.8000030517578],[151.13530592992902,-33.687788089737296,151.60000610351562],[151.13534591160715,-33.687772331759334,151.60000610351562],[151.13540852442384,-33.687755232676864,151.60000610351562],[151.13546929322183,-33.68773880414665,151.39999389648438],[151.13552662543952,-33.687747018411756,151.1999969482422],[151.13554590381682,-33.68774274364114,151],[151.13561161793768,-33.687704019248486,150.39999389648438],[151.13562678918242,-33.68770091794431,150.39999389648438],[151.13566936925054,-33.68769706226885,149.8000030517578],[151.13568998873234,-33.687686333432794,149.60000610351562],[151.13575612194836,-33.68764903396368,149.1999969482422],[151.13576827570796,-33.68764325045049,149.1999969482422],[151.13583826459944,-33.687604945153,148.60000610351562],[151.1358553636819,-33.68759723380208,148.39999389648438],[151.13587070256472,-33.68759145028889,148.1999969482422],[151.13591445609927,-33.687542751431465,147.1999969482422],[151.13592250272632,-33.687534453347325,147],[151.13596349023283,-33.687475780025125,146.1999969482422],[151.13597916439176,-33.68746094405651,145.8000030517578],[151.13600875250995,-33.68741744197905,145],[151.13601881079376,-33.68740872479975,144.8000030517578],[151.13606482744217,-33.68737008422613,144],[151.1360694374889,-33.68736606091261,144],[151.136072287336,-33.687362372875214,143.8000030517578],[151.13607689738274,-33.68734812363982,143.39999389648438],[151.13607647828758,-33.6873129196465,143],[151.13607765175402,-33.6872283462435,143.1999969482422],[151.13606709055603,-33.68715584278107,142.8000030517578],[151.13603641279042,-33.68708157911897,142.8000030517578],[151.13606298342347,-33.68700890801847,143],[151.13605870865285,-33.68697035126388,142.60000610351562],[151.13605946302414,-33.686966663226485,142.39999389648438],[151.13602853380144,-33.68694629520178,142.60000610351562],[151.13602627068758,-33.68694973178208,142.8000030517578],[151.1359523423016,-33.68692961521447,142.1999969482422],[151.1359037272632,-33.68693799711764,142.1999969482422],[151.13586173392832,-33.686924586072564,142],[151.13585519604385,-33.68691947311163,141.8000030517578],[151.1358545254916,-33.68691888637841,141.8000030517578],[151.135855615139,-33.68691989220679,141.8000030517578],[151.13585628569126,-33.6869193892926,141.8000030517578],[151.13585628569126,-33.6869193892926,141.8000030517578],[151.13585628569126,-33.686919221654534,141.8000030517578],[151.1358574591577,-33.68691695854068,141.8000030517578],[151.1359237600118,-33.68690027855337,142.1999969482422],[151.13596566952765,-33.686907486990094,142],[151.13599995151162,-33.686910504475236,142],[151.13602719269693,-33.686916287988424,142],[151.1360424477607,-33.68692592717707,142],[151.1360334791243,-33.68692835792899,142.39999389648438],[151.13603205420077,-33.68693020194769,142.1999969482422],[151.13602970726788,-33.686930956318974,142.1999969482422],[151.13602861762047,-33.686931459233165,142],[151.13602912053466,-33.686935398727655,142],[151.13603037782013,-33.68693263269961,142.1999969482422],[151.13603096455336,-33.686930537223816,141.8000030517578],[151.13603037782013,-33.686931040138006,141.60000610351562],[151.13602065481246,-33.68693958967924,141.39999389648438],[151.13601872697473,-33.68693741038442,141.1999969482422],[151.13601847551763,-33.686934392899275,141.39999389648438],[151.1360181402415,-33.68693380616605,141.39999389648438],[151.13602610304952,-33.68693070486188,141.39999389648438],[151.1360263545066,-33.68693078868091,141.60000610351562],[151.13602610304952,-33.686931459233165,141.1999969482422],[151.13602149300277,-33.68693179450929,141.39999389648438],[151.13602006807923,-33.686931962147355,141.39999389648438],[151.13602057099342,-33.686933470889926,141.1999969482422],[151.13602099008858,-33.686933387070894,141.1999969482422],[151.1360213253647,-33.68693355470896,140.8000030517578],[151.1360213253647,-33.686933470889926,140.60000610351562],[151.1360223311931,-33.68693372234702,140.60000610351562],[151.13602308556437,-33.68693372234702,140.60000610351562],[151.13602425903082,-33.686933470889926,141],[151.13602593541145,-33.686933973804116,140.60000610351562],[151.13602970726788,-33.686933470889926,140.8000030517578],[151.13603121601045,-33.68693355470896,141],[151.13603146746755,-33.68693363852799,141],[151.136032640934,-33.68693355470896,141],[151.13603331148624,-33.686933387070894,141],[151.13603549078107,-33.686932967975736,141],[151.1360369157046,-33.686932884156704,140.8000030517578],[151.1360376700759,-33.68693305179477,140.8000030517578],[151.1360387597233,-33.68693204596639,140.60000610351562],[151.13603859208524,-33.68693204596639,140.60000610351562],[151.13603859208524,-33.68693204596639,140.60000610351562],[151.13603959791362,-33.686931459233165,140.39999389648438],[151.1360532604158,-33.686952413991094,140.60000610351562],[151.13608066923916,-33.68699030019343,140.60000610351562],[151.13611662760377,-33.68705869652331,140.8000030517578],[151.13617890514433,-33.68713782168925,140.39999389648438],[151.13617848604918,-33.68721887469292,140.60000610351562],[151.13618292845786,-33.68728048168123,141],[151.1361880414188,-33.68733739480376,140.8000030517578],[151.13618812523782,-33.68735306896269,140.8000030517578],[151.13621301949024,-33.68735717609525,140.1999969482422],[151.13624076358974,-33.687349800020456,139.39999389648438],[151.1362544260919,-33.687347788363695,138.8000030517578],[151.1362623050809,-33.68733982555568,138.39999389648438],[151.13627864979208,-33.6873197928071,137.1999969482422],[151.13630480132997,-33.68729959242046,136.1999969482422],[151.13630530424416,-33.687290120869875,135.8000030517578],[151.13630899228156,-33.6872732732445,135],[151.1363223195076,-33.68724636733532,134.1999969482422],[151.13632349297404,-33.68723840452731,134],[151.13632424734533,-33.68722884915769,133.8000030517578],[151.13633589819074,-33.687194399535656,133.1999969482422],[151.1363514047116,-33.68716347031295,132.8000030517578],[151.13638593815267,-33.687094151973724,131.8000030517578],[151.13639046438038,-33.687086356803775,131.60000610351562],[151.13639507442713,-33.687044866383076,131],[151.13640169613063,-33.68701628409326,130.60000610351562],[151.13641661591828,-33.68696783669293,130],[151.13644486293197,-33.68690337985754,129.39999389648438],[151.13645617850125,-33.68688812479377,129.39999389648438],[151.1364695057273,-33.68686021305621,129],[151.13647872582078,-33.686832804232836,128.8000030517578],[151.13649448379874,-33.68677471764386,128.39999389648438],[151.13650110550225,-33.686761390417814,128.1999969482422],[151.13652465865016,-33.68672685697675,127.4000015258789],[151.13654016517103,-33.68671294301748,126.80000305175781],[151.13656153902411,-33.686699867248535,126.4000015258789],[151.13658827729523,-33.68668159469962,125.19999694824219],[151.13660235889256,-33.68665359914303,124.80000305175781],[151.136608812958,-33.68663817644119,124],[151.13664435222745,-33.686608504503965,123],[151.13666044548154,-33.6865409463644,121.80000305175781],[151.13666287623346,-33.68653214536607,121.5999984741211],[151.13667268306017,-33.68649643845856,120.80000305175781],[151.13666304387152,-33.68646182119846,119.80000305175781],[151.13666664808989,-33.68645385839045,119.80000305175781],[151.13669782876968,-33.68640742264688,118.80000305175781],[151.13670243881643,-33.68639878928661,118.5999984741211],[151.13671040162444,-33.68634715676308,117.4000015258789],[151.13670914433897,-33.68632058613002,117],[151.13668768666685,-33.686296278610826,116.4000015258789],[151.13668081350625,-33.68626032024622,115.5999984741211],[151.13667997531593,-33.68624137714505,115.19999694824219],[151.13666765391827,-33.68620022200048,114.19999694824219],[151.1366347130388,-33.686149595305324,113],[151.13659808412194,-33.686092514544725,111.80000305175781],[151.1365945637226,-33.68607231415808,111.4000015258789],[151.13657771609724,-33.68602856062353,110.5999984741211],[151.1365673225373,-33.6860107909888,110.4000015258789],[151.13656321540475,-33.685982041060925,109.5999984741211],[151.13654083572328,-33.68594826199114,108.80000305175781],[151.1365318670869,-33.68594566360116,108.5999984741211],[151.13648635335267,-33.68591372855008,107.5999984741211],[151.1364788096398,-33.685908280313015,107.4000015258789],[151.1364227347076,-33.685874501243234,106.4000015258789],[151.13641292788088,-33.68587274104357,106.19999694824219],[151.13637529313564,-33.6858849786222,105.19999694824219],[151.13636439666152,-33.68588372133672,105],[151.13632265478373,-33.6858709808439,104.19999694824219],[151.1362985149026,-33.685858910903335,103.80000305175781],[151.13628518767655,-33.685858910903335,103.5999984741211],[151.13626079633832,-33.68583535775542,102.80000305175781],[151.13623581826687,-33.685822281986475,102.4000015258789],[151.13616423681378,-33.685794873163104,101.5999984741211],[151.13612945191562,-33.68576981127262,101.19999694824219],[151.13609835505486,-33.685757825151086,100.80000305175781],[151.1360786575824,-33.685752376914024,100.5999984741211],[151.1360323894769,-33.685731841251254,99.80000305175781],[151.1360250134021,-33.68572664447129,99.5999984741211],[151.13601830787957,-33.685700073838234,99],[151.1360255163163,-33.68569462560117,98.5999984741211],[151.13606717437506,-33.68566763587296,97.5999984741211],[151.1360850278288,-33.68566554039717,97.4000015258789],[151.136111933738,-33.68565288372338,96.80000305175781],[151.13614328205585,-33.68562991730869,96.19999694824219],[151.13620279356837,-33.68561332114041,95.4000015258789],[151.1362214013934,-33.68561256676912,95.19999694824219],[151.13627387210727,-33.68558566085994,94],[151.13627999089658,-33.68558323010802,93.80000305175781],[151.1363223195076,-33.68557560257614,93],[151.13635500892997,-33.685553055256605,92.19999694824219],[151.13637655042112,-33.68553536944091,91.80000305175781],[151.13640245050192,-33.68551567196846,91.19999694824219],[151.13640890456736,-33.685509050264955,90.80000305175781],[151.1363928951323,-33.68550720624626,90],[151.13638803362846,-33.68550829589367,89.80000305175781],[151.13636523485184,-33.685503685846925,89.4000015258789],[151.13635358400643,-33.685496896505356,88.80000305175781],[151.13634201698005,-33.68549128063023,88.4000015258789],[151.13629968836904,-33.68548834696412,87.5999984741211],[151.13627219572663,-33.685492454096675,87.4000015258789],[151.1361692659557,-33.6854911968112,86.5999984741211],[151.13615652546287,-33.68549069389701,86.5999984741211],[151.1360736284405,-33.68548843078315,85.80000305175781],[151.13605217076838,-33.685471415519714,85.4000015258789],[151.13604043610394,-33.685444593429565,85],[151.1359980236739,-33.68543696589768,84.4000015258789],[151.1359856184572,-33.68542632088065,83.80000305175781],[151.13597882911563,-33.685412826016545,83.19999694824219],[151.13597623072565,-33.68536555208266,82.19999694824219],[151.13598184660077,-33.68536278605461,81.80000305175781],[151.1359977722168,-33.685354236513376,81.4000015258789],[151.13600707612932,-33.68535046465695,81],[151.1360630672425,-33.68531584739685,80],[151.13611335866153,-33.685302939265966,79],[151.1361338943243,-33.68526689708233,78],[151.13614361733198,-33.6852615326643,77.80000305175781],[151.1362033803016,-33.6852509714663,76.5999984741211],[151.13621804863214,-33.68524493649602,76.19999694824219],[151.1362438648939,-33.685233034193516,75.4000015258789],[151.13627940416336,-33.68521962314844,75],[151.13629700616002,-33.68521174415946,74.19999694824219],[151.13632475025952,-33.685198836028576,73.4000015258789],[151.13633061759174,-33.685192968696356,73.19999694824219],[151.13638828508556,-33.68517377413809,72.19999694824219],[151.13643983379006,-33.68515759706497,71.19999694824219],[151.13644553348422,-33.685152316465974,71.19999694824219],[151.1364850960672,-33.685136307030916,70],[151.13654611632228,-33.68511158041656,69],[151.13657453097403,-33.68509682826698,68.5999984741211],[151.1365923844278,-33.68508014827967,68],[151.13664678297937,-33.685068329796195,67],[151.1366548296064,-33.6850627977401,66.80000305175781],[151.1366989184171,-33.68504938669503,65.80000305175781],[151.1367222201079,-33.68503589183092,65.19999694824219],[151.13674669526517,-33.68503446690738,64.80000305175781],[151.13677938468754,-33.68502750992775,63.79999923706055],[151.13678357563913,-33.685017535462976,63.20000076293945],[151.13679757341743,-33.68501543998718,62.599998474121094],[151.13684928976,-33.68499691598117,61.400001525878906],[151.1369042750448,-33.68499758653343,60.20000076293945],[151.1369357071817,-33.68499465286732,59.400001525878906],[151.13694375380874,-33.684989623725414,59.20000076293945],[151.13698390312493,-33.68497814051807,58],[151.13700167275965,-33.684975542128086,57.599998474121094],[151.13703520037234,-33.68496925570071,56.79999923706055],[151.1370797920972,-33.68494695983827,56],[151.13708859309554,-33.68494436144829,55.79999923706055],[151.13712488673627,-33.68491628207266,55],[151.1371447518468,-33.684905553236604,54.400001525878906],[151.13717660307884,-33.68491318076849,53.400001525878906],[151.1371971387416,-33.684920221567154,53],[151.13721993751824,-33.6849161144346,52.400001525878906],[151.13726411014795,-33.68490379303694,51.599998474121094],[151.13727576099336,-33.68490203283727,51.400001525878906],[151.1373289860785,-33.68489935062826,50],[151.13734130747616,-33.684886526316404,49.400001525878906],[151.1373734101653,-33.68487361818552,48.79999923706055],[151.1374066863209,-33.684862134978175,48.20000076293945],[151.13743904046714,-33.68484193459153,47.79999923706055],[151.13748212344944,-33.68481117300689,47],[151.13750701770186,-33.684799103066325,46.599998474121094],[151.13758170045912,-33.684779489412904,45.599998474121094],[151.13758731633425,-33.684777645394206,45.599998474121094],[151.13761330023408,-33.6847588699311,44.79999923706055],[151.1376273818314,-33.68475920520723,44.20000076293945],[151.13767448812723,-33.68476037867367,43.599998474121094],[151.13771581090987,-33.68476163595915,43.20000076293945],[151.1377603188157,-33.68474462069571,42.599998474121094],[151.13777020946145,-33.68473288603127,42.20000076293945],[151.1377700418234,-33.68473372422159,42],[151.13777557387948,-33.6847313772887,42],[151.1377722211182,-33.684734813869,42],[151.13777289167047,-33.684733137488365,42],[151.13776174373925,-33.684728192165494,42],[151.13777540624142,-33.68473934009671,41.599998474121094],[151.13778227940202,-33.68474252521992,41.599998474121094],[151.13778663799167,-33.684743363410234,41.599998474121094],[151.1377922538668,-33.684745877981186,41.79999923706055],[151.13779233768582,-33.68474612943828,41.79999923706055],[151.13782544620335,-33.68475308641791,41],[151.137858889997,-33.6847623065114,40],[151.13787062466145,-33.68476314470172,39.599998474121094],[151.13791177980602,-33.684768341481686,38.599998474121094],[151.1379178147763,-33.68476909585297,38.400001525878906],[151.13793407566845,-33.6847588699311,37.599998474121094],[151.13793608732522,-33.68475627154112,37.400001525878906],[151.13795327022672,-33.68475032038987,36.400001525878906],[151.13795444369316,-33.68474210612476,35.79999923706055],[151.1379574611783,-33.684738082811236,35.20000076293945],[151.13798101432621,-33.68474260903895,34.20000076293945],[151.13798134960234,-33.684741016477346,34],[151.13798579201102,-33.684746380895376,34],[151.13800087943673,-33.68475090712309,34.20000076293945],[151.1380053218454,-33.684745794162154,34.400001525878906],[151.13800942897797,-33.68474688380957,34.400001525878906],[151.13802267238498,-33.684752248227596,34.20000076293945],[151.1380232591182,-33.68475593626499,33.79999923706055],[151.1380195710808,-33.684754092246294,33.400001525878906],[151.13799819722772,-33.68474462069571,34],[151.13800146616995,-33.68473146110773,35.20000076293945],[151.13800993189216,-33.68473866954446,36],[151.13800993189216,-33.68473866954446,36.20000076293945],[151.13800993189216,-33.684731125831604,37],[151.1379838641733,-33.68464747443795,37],[151.13795184530318,-33.68457547388971,36.79999923706055],[151.13793960772455,-33.684528367593884,36.79999923706055],[151.13793927244842,-33.684524009004235,36.79999923706055],[151.13794773817062,-33.68450422771275,36.599998474121094],[151.1379413679242,-33.68449936620891,36.599998474121094],[151.13794405013323,-33.684497186914086,36.599998474121094],[151.13796768710017,-33.6844396032393,37.20000076293945],[151.137977829203,-33.684415044263005,37.400001525878906],[151.13799459300935,-33.68428152054548,37.79999923706055],[151.13799626939,-33.68424673564732,37.79999923706055],[151.13799383863807,-33.684206418693066,37.79999923706055],[151.13799610175192,-33.68417431600392,37.599998474121094],[151.13800574094057,-33.68414958938956,37.599998474121094],[151.13803021609783,-33.684105752035975,37.599998474121094],[151.13804396241903,-33.684054370969534,37.400001525878906],[151.1380475666374,-33.68404456414282,37.400001525878906],[151.1380489077419,-33.684026040136814,37.400001525878906],[151.13805511035025,-33.68402453139424,37.400001525878906],[151.1380898952484,-33.683984046801925,37.599998474121094],[151.13809308037162,-33.68397021666169,37.599998474121094],[151.13809894770384,-33.683936605229974,37.599998474121094],[151.13810213282704,-33.683909364044666,37.599998474121094],[151.13810246810317,-33.683867789804935,37.400001525878906],[151.1381023004651,-33.68377366103232,37.20000076293945],[151.13810640759766,-33.68372923694551,37.20000076293945],[151.1381057370454,-33.68371373042464,37.20000076293945],[151.1380998697132,-33.68369780480862,36.79999923706055],[151.13809098489583,-33.683656146749854,36.599998474121094],[151.13810724578798,-33.68354206904769,37.20000076293945],[151.1381413601339,-33.68344106711447,37.79999923706055],[151.13814043812454,-33.68336864747107,38],[151.13816348835826,-33.683296563103795,38.20000076293945],[151.13819911144674,-33.683276027441025,38.400001525878906],[151.1382153723389,-33.68326370604336,38.400001525878906],[151.1382492352277,-33.683268651366234,38.599998474121094],[151.13829407840967,-33.68328566662967,38.79999923706055],[151.13832098431885,-33.683311231434345,39.400001525878906],[151.13837772980332,-33.683327408507466,40],[151.1384041327983,-33.683328749611974,40.400001525878906],[151.13843682222068,-33.68337007239461,41],[151.13844788633287,-33.68340812623501,41.599998474121094],[151.1384654045105,-33.68344391696155,42.20000076293945],[151.1385039612651,-33.68345372378826,42.79999923706055],[151.13856129348278,-33.683478366583586,43.400001525878906],[151.13856439478695,-33.68348440155387,43.79999923706055],[151.13856221549213,-33.68349513038993,44.20000076293945],[151.13856221549213,-33.683507619425654,44.400001525878906],[151.13855483941734,-33.68352706544101,45],[151.13855760544538,-33.6835553124547,45.79999923706055],[151.138556599617,-33.68356369435787,46.20000076293945],[151.13857101649046,-33.68359738960862,46.79999923706055],[151.1385891214013,-33.6836208589375,47],[151.1385972518474,-33.683627899736166,47.20000076293945],[151.1386125907302,-33.68363695219159,47.599998474121094],[151.13865902647376,-33.6836435738951,48.400001525878906],[151.13872800953686,-33.68368037045002,49.400001525878906],[151.13875516690314,-33.68370610289276,50.79999923706055],[151.13875818438828,-33.68371004238725,51],[151.1387825757265,-33.683728566393256,52],[151.13879908807576,-33.68373937904835,52.599998474121094],[151.13880361430347,-33.68374080397189,53],[151.13883295096457,-33.68375111371279,54.20000076293945],[151.13884376361966,-33.68376293219626,55],[151.13884300924838,-33.68377139791846,55.20000076293945],[151.13884074613452,-33.68379143066704,56.400001525878906],[151.13883337005973,-33.683799812570214,56.79999923706055],[151.13882021047175,-33.683818839490414,57.400001525878906],[151.13879565149546,-33.68384784087539,58],[151.13879531621933,-33.683875584974885,58.599998474121094],[151.1387949809432,-33.68391347117722,59.400001525878906],[151.13879171200097,-33.68392629548907,59.599998474121094],[151.13880956545472,-33.68393593467772,60.599998474121094],[151.1388663109392,-33.68393501266837,61.79999923706055],[151.1388906184584,-33.683946412056684,62],[151.13891241140664,-33.68396166712046,62.79999923706055],[151.13893604837358,-33.683999218046665,63.79999923706055],[151.13893806003034,-33.68400190025568,64.19999694824219],[151.13895809277892,-33.684010868892074,65],[151.13898248411715,-33.684018244966865,65.5999984741211],[151.13900528289378,-33.684025537222624,66],[151.13901257514954,-33.684042217209935,66.5999984741211],[151.1390074621886,-33.684056382626295,67.4000015258789],[151.13901894539595,-33.684069626033306,68.19999694824219],[151.139021711424,-33.68407406844199,68.4000015258789],[151.13902959041297,-33.684087228029966,69.5999984741211],[151.13903596065938,-33.68408119305968,69.80000305175781],[151.13905071280897,-33.684076834470034,70.5999984741211],[151.13906781189144,-33.68408353999257,71.4000015258789],[151.1390658840537,-33.68408982641995,71.80000305175781],[151.13906236365438,-33.68411715142429,73],[151.13907837308943,-33.684120839461684,74],[151.13910133950412,-33.68412586860359,74.5999984741211],[151.13911332562566,-33.68413483723998,75],[151.13913998007774,-33.68415688164532,76.19999694824219],[151.1391477752477,-33.68416174314916,76.5999984741211],[151.13916227594018,-33.684165766462684,77.19999694824219],[151.13918390125036,-33.68417104706168,78.4000015258789],[151.139193540439,-33.68419082835317,79.5999984741211],[151.1392101366073,-33.68420558050275,80.19999694824219],[151.1392165068537,-33.6842165607959,80.5999984741211],[151.13923989236355,-33.68423592299223,81.80000305175781],[151.13924643024802,-33.68424028158188,82.19999694824219],[151.13925875164568,-33.68424145504832,82.80000305175781],[151.139272833243,-33.68427095934749,84.19999694824219],[151.1392653733492,-33.684302140027285,85.4000015258789],[151.13926126621664,-33.68431027047336,85.5999984741211],[151.1392611823976,-33.68432108312845,86],[151.13925866782665,-33.68433801457286,86.4000015258789],[151.13926243968308,-33.684365674853325,87.5999984741211],[151.1392603442073,-33.684369111433625,87.80000305175781],[151.1392854899168,-33.68437673896551,88.80000305175781],[151.1392960511148,-33.68437757715583,89],[151.13932522013783,-33.684384282678366,89.5999984741211],[151.13934793509543,-33.684388222172856,90],[151.1393764335662,-33.68439341895282,90.5999984741211],[151.1394014954567,-33.68439735844731,91.19999694824219],[151.13944013603032,-33.68443381972611,92.19999694824219],[151.1394572351128,-33.684458965435624,92.80000305175781],[151.13946611993015,-33.68448754772544,93.5999984741211],[151.13947014324367,-33.684503976255655,94],[151.1394807882607,-33.68451973423362,94.19999694824219],[151.1395037546754,-33.68453239090741,94.5999984741211],[151.13952009938657,-33.6845413595438,95],[151.13954625092447,-33.68454756215215,95.80000305175781],[151.13955865614116,-33.68455074727535,95.80000305175781],[151.13958640024066,-33.684573378413916,96.80000305175781],[151.13959084264934,-33.6845878791064,97.19999694824219],[151.13959277048707,-33.68459810502827,97.80000305175781],[151.1396052595228,-33.68461227044463,98.5999984741211],[151.13961020484567,-33.68461478501558,98.80000305175781],[151.13961338996887,-33.684628112241626,100],[151.1396045051515,-33.68464990518987,100.5999984741211],[151.13960509188473,-33.68465820327401,101],[151.13964390009642,-33.684673542156816,102.19999694824219],[151.13968974910676,-33.68467077612877,103],[151.13973568193614,-33.68467999622226,103.4000015258789],[151.1397482547909,-33.6846949160099,103.5999984741211],[151.13978672772646,-33.68473623879254,104.4000015258789],[151.1398257035762,-33.68476356379688,105.5999984741211],[151.13982872106135,-33.68477588519454,106.19999694824219],[151.1398312356323,-33.684792313724756,106.80000305175781],[151.13985638134181,-33.68482324294746,107.80000305175781],[151.13985990174115,-33.68482148274779,108],[151.13988228142262,-33.684828858822584,109],[151.13989317789674,-33.684842102229595,109.80000305175781],[151.13989720121026,-33.68484285660088,110],[151.1399208381772,-33.684848891571164,111],[151.1399293038994,-33.68484914302826,111.19999694824219],[151.13995076157153,-33.68484914302826,112.19999694824219],[151.13996081985533,-33.684852411970496,112.4000015258789],[151.13995788618922,-33.68485752493143,113.19999694824219],[151.13995629362762,-33.684860626235604,113.4000015258789],[151.13994891755283,-33.68486967869103,114.4000015258789],[151.13994640298188,-33.68487169034779,114.5999984741211],[151.13996408879757,-33.68488937616348,115.4000015258789],[151.13996953703463,-33.68489557877183,115.5999984741211],[151.13999962806702,-33.68491577915847,116.80000305175781],[151.14000448957086,-33.68491653352976,117.19999694824219],[151.1400148831308,-33.68491963483393,117.80000305175781],[151.14003273658454,-33.68494846858084,119],[151.14003877155483,-33.68495559319854,119.19999694824219],[151.14006576128304,-33.68497034534812,120.19999694824219],[151.14006903022528,-33.684992641210556,121.4000015258789],[151.14007682539523,-33.68502072058618,122.19999694824219],[151.140076238662,-33.68502524681389,122.5999984741211],[151.14007523283362,-33.68506086990237,123.5999984741211],[151.14007850177586,-33.68506162427366,123.80000305175781],[151.1400992050767,-33.68506765924394,124.80000305175781],[151.140107922256,-33.68505827151239,125.5999984741211],[151.140123764053,-33.685057600960135,125.80000305175781],[151.1401399411261,-33.68508576415479,127],[151.14016441628337,-33.68511434644461,128.1999969482422],[151.14018025808036,-33.685118621215224,128.8000030517578],[151.14020632579923,-33.68512339890003,129.1999969482422],[151.14024505019188,-33.685150472447276,130.60000610351562],[151.14024831913412,-33.6851579323411,130.60000610351562],[151.14027396775782,-33.685212498530746,131.60000610351562],[151.14027271047235,-33.685235884040594,131.8000030517578],[151.14029894582927,-33.68527033366263,132.60000610351562],[151.1403481476009,-33.68530059233308,133.8000030517578],[151.14035250619054,-33.68531048297882,134.1999969482422],[151.14035937935114,-33.68533445522189,134.8000030517578],[151.1403841059655,-33.68535306304693,135.39999389648438],[151.14039382897317,-33.685368401929736,136],[151.1404271889478,-33.68541399948299,137],[151.14043096080422,-33.685429003089666,137.60000610351562],[151.14045551978052,-33.68543847464025,138],[151.14048628136516,-33.68546596728265,139],[151.1404890473932,-33.68547552265227,139.39999389648438],[151.1404988542199,-33.685509134083986,140.1999969482422],[151.14052567631006,-33.68552497588098,140.8000030517578],[151.14056155085564,-33.685544254258275,141.39999389648438],[151.14058166742325,-33.68555523455143,141.60000610351562],[151.14064386114478,-33.685570154339075,142.60000610351562],[151.14065593108535,-33.68557183071971,142.60000610351562],[151.14072114229202,-33.685584822669625,143.1999969482422],[151.14074343815446,-33.685594545677304,143.39999389648438],[151.14077093079686,-33.685604855418205,143.60000610351562],[151.14081258885562,-33.68564559146762,144.60000610351562],[151.1408228147775,-33.685649866238236,144.8000030517578],[151.14088006317616,-33.68568331003189,145.8000030517578],[151.14089347422123,-33.6856949608773,146.39999389648438],[151.1409089807421,-33.6857192683965,147.1999969482422],[151.14093529991806,-33.685748521238565,148],[151.14094477146864,-33.68575640022755,148.39999389648438],[151.14097922109067,-33.685789592564106,149],[151.14099891856313,-33.685804260894656,149.39999389648438],[151.141006546095,-33.68580769747496,149.60000610351562],[151.14106169901788,-33.685861341655254,150.60000610351562],[151.1410723440349,-33.68587173521519,150.8000030517578],[151.14115574397147,-33.68592328391969,151.60000610351562],[151.14116756245494,-33.68592697195709,151.60000610351562],[151.14124417304993,-33.68597743101418,152.39999389648438],[151.1412747669965,-33.68600685149431,152.60000610351562],[151.1413300037384,-33.68605957366526,153],[151.1413831450045,-33.686079774051905,153],[151.14141860045493,-33.68609159253538,153.1999969482422],[151.14145715720952,-33.68612486869097,153.39999389648438],[151.14147123880684,-33.686132496222854,153.39999389648438],[151.14147073589265,-33.68613559752703,153.39999389648438],[151.14147450774908,-33.686135010793805,153],[151.1414750944823,-33.68613492697477,153],[151.14147425629199,-33.68613383732736,153],[151.14147425629199,-33.68613383732736,153],[151.14147425629199,-33.68613383732736,153],[151.14147425629199,-33.68613383732736,153],[151.14147467538714,-33.68613383732736,152.8000030517578],[151.14147501066327,-33.68613383732736,153],[151.1414753459394,-33.68613333441317,153],[151.14147568121552,-33.68613333441317,152.8000030517578],[151.14147610031068,-33.68613325059414,152.8000030517578],[151.14147635176778,-33.68613333441317,152.8000030517578],[151.14147283136845,-33.68613668717444,152.8000030517578],[151.14146302454174,-33.68614314123988,152.8000030517578],[151.14146285690367,-33.68614314123988,152.8000030517578],[151.1414626892656,-33.68614322505891,152.8000030517578],[151.1414621025324,-33.68614339269698,152.8000030517578],[151.1414576601237,-33.68614548817277,152.60000610351562],[151.1414563190192,-33.68614649400115,152.60000610351562],[151.14145598374307,-33.68614657782018,152.60000610351562],[151.1414555646479,-33.686146242544055,152.60000610351562],[151.14145539700985,-33.686145823448896,152.60000610351562],[151.14144936203957,-33.68614464998245,152.39999389648438],[151.14144156686962,-33.686133082956076,152.1999969482422],[151.1414418183267,-33.68613283149898,152.1999969482422],[151.14143821410835,-33.68613325059414,152],[151.1414301674813,-33.68613316677511,152],[151.1414285749197,-33.68613584898412,152.1999969482422],[151.1414288263768,-33.68613727390766,152.1999969482422],[151.1414290778339,-33.686139453202486,152],[151.14143033511937,-33.68614272214472,152],[151.14143083803356,-33.68614305742085,152.1999969482422],[151.14143108949065,-33.68614364415407,152.1999969482422],[151.14143167622387,-33.68614414706826,152],[151.14143268205225,-33.68614464998245,152],[151.14143284969032,-33.68614641018212,151.8000030517578],[151.14143259823322,-33.68614682927728,152],[151.14143259823322,-33.686147164553404,152],[151.1414325144142,-33.686147164553404,152],[151.14143243059516,-33.686147164553404,152],[151.14143209531903,-33.68614942766726,152],[151.1414327658713,-33.686150098219514,152],[151.14143284969032,-33.68615076877177,152.1999969482422],[151.1414331011474,-33.68615169078112,152.1999969482422],[151.1414333526045,-33.68615470826626,152.1999969482422],[151.14143326878548,-33.68615512736142,152.1999969482422],[151.14143419079483,-33.686156468465924,152],[151.1414341069758,-33.686156468465924,152],[151.14143444225192,-33.68615671992302,152],[151.14143469370902,-33.68615722283721,152],[151.14143477752805,-33.68615739047527,152.60000610351562],[151.14143477752805,-33.686157977208495,152.60000610351562],[151.14143502898514,-33.68615831248462,152.60000610351562],[151.14143854938447,-33.68615856394172,152.1999969482422],[151.14143796265125,-33.686159988865256,152.1999969482422],[151.14143737591803,-33.68616065941751,152.1999969482422],[151.14143762737513,-33.6861611623317,152.60000610351562],[151.14143762737513,-33.686161329969764,152.39999389648438],[151.14143771119416,-33.686161329969764,152.60000610351562],[151.1414885893464,-33.68615638464689,153],[151.14150132983923,-33.68615387007594,153.1999969482422],[151.141622280702,-33.68614096194506,153.39999389648438],[151.14170467481017,-33.68609922006726,153.60000610351562],[151.14173837006092,-33.68608589284122,153.60000610351562],[151.1417721491307,-33.68607189506292,153.8000030517578],[151.1418141424656,-33.6860644351691,154],[151.14189058542252,-33.6860541254282,153.8000030517578],[151.14196627400815,-33.68603199720383,153.8000030517578],[151.14209493622184,-33.68603660725057,154],[151.14224220626056,-33.68604817427695,154],[151.14238092675805,-33.68605446070433,154.1999969482422],[151.14241336472332,-33.686048090457916,154.1999969482422],[151.14255015738308,-33.68602395057678,153.8000030517578],[151.1425634007901,-33.68602227419615,153.8000030517578],[151.14270857535303,-33.68602520786226,153.8000030517578],[151.14274369552732,-33.686027051880956,153.8000030517578],[151.14279314875603,-33.686027051880956,153.60000610351562],[151.14281930029392,-33.68602495640516,153.60000610351562],[151.14288048818707,-33.68601405993104,153.60000610351562],[151.14304611459374,-33.68600299581885,153],[151.14313144236803,-33.68600869551301,152.8000030517578],[151.1431377287954,-33.68601598776877,152.8000030517578],[151.14314602687955,-33.686047503724694,152.60000610351562],[151.14315524697304,-33.686057813465595,152.60000610351562],[151.1431689094752,-33.68607960641384,152.60000610351562],[151.1431879363954,-33.6861008964479,152.39999389648438],[151.14322347566485,-33.68616007268429,152.1999969482422],[151.1432709172368,-33.68622427806258,152],[151.14330201409757,-33.68629217147827,151.60000610351562],[151.14330964162946,-33.6863028164953,151.60000610351562],[151.14339186809957,-33.68642343208194,150.8000030517578],[151.14342556335032,-33.68647984229028,150.60000610351562],[151.143459090963,-33.68656282313168,150.1999969482422],[151.1435237992555,-33.68669073097408,150],[151.14358817227185,-33.686784859746695,150.1999969482422],[151.14367794245481,-33.686887957155704,150.1999969482422],[151.14376997575164,-33.686977392062545,150],[151.14377986639738,-33.68699088692665,150],[151.14389528520405,-33.68714100681245,149.8000030517578],[151.14393183030188,-33.687183586880565,149.60000610351562],[151.14400106482208,-33.68725273758173,149.39999389648438],[151.14408421330154,-33.687382489442825,149.1999969482422],[151.1441499274224,-33.687507547438145,148.60000610351562],[151.14415663294494,-33.68751701898873,148.60000610351562],[151.1441861372441,-33.68757024407387,148.1999969482422],[151.14422167651355,-33.68761567398906,148],[151.14423508755863,-33.68762950412929,147.8000030517578],[151.1442606523633,-33.68766278028488,147.39999389648438],[151.1443145480007,-33.6877188552171,147],[151.14433935843408,-33.687764033675194,146.39999389648438],[151.14439107477665,-33.687847182154655,145.60000610351562],[151.1444261111319,-33.68791809305549,145.39999389648438],[151.14444807171822,-33.687953213229775,145.1999969482422],[151.14446617662907,-33.687977185472846,145.1999969482422],[151.14447983913124,-33.68800099007785,145.1999969482422],[151.14452367648482,-33.68807156570256,145],[151.14459299482405,-33.68817198090255,144.8000030517578],[151.14467329345644,-33.68828966282308,144.8000030517578],[151.14475023932755,-33.68840038776398,144.60000610351562],[151.14484621211886,-33.688538521528244,145.1999969482422],[151.14491309970617,-33.688635751605034,145.8000030517578],[151.14493556320667,-33.68870096281171,146.39999389648438],[151.1449374910444,-33.68871328420937,146.60000610351562],[151.144957607612,-33.6887567024678,147],[151.14499306306243,-33.68879685178399,147.60000610351562],[151.14504653960466,-33.68884865194559,148],[151.1450992617756,-33.688919646665454,148.39999389648438],[151.145105548203,-33.68893280625343,148.60000610351562],[151.14517520181835,-33.68903825059533,149],[151.14518878050148,-33.6890640668571,149],[151.1452625412494,-33.68917806074023,149.1999969482422],[151.14534803666174,-33.68931443430483,149.60000610351562],[151.14541023038328,-33.68942474015057,150],[151.14549446851015,-33.689567567780614,150.1999969482422],[151.145552219823,-33.68963621556759,150.60000610351562],[151.1455875914544,-33.68967820890248,150.39999389648438],[151.14565866999328,-33.68978440761566,150.1999969482422],[151.14575581625104,-33.68990401737392,149.60000610351562],[151.14576092921197,-33.68991684168577,149.60000610351562],[151.14582060836256,-33.690007450059056,148.60000610351562],[151.14588120952249,-33.69009864516556,147.60000610351562],[151.14591239020228,-33.69014994241297,146.8000030517578],[151.1459299083799,-33.69018414057791,146.60000610351562],[151.14593711681664,-33.69019369594753,146.39999389648438],[151.1459766793996,-33.6902747489512,145.39999389648438],[151.14600400440395,-33.690330907702446,144.8000030517578],[151.14602403715253,-33.690391005948186,144.1999969482422],[151.14602940157056,-33.690418833866715,144],[151.1460889969021,-33.69054959155619,143.1999969482422],[151.14609695971012,-33.690558560192585,143.1999969482422],[151.1461465805769,-33.69068135507405,143.39999389648438],[151.14615119062364,-33.69078855961561,144.1999969482422],[151.14613803103566,-33.69085427373648,144.8000030517578],[151.14613199606538,-33.690874725580215,145],[151.1461293976754,-33.69089643470943,145.1999969482422],[151.14612788893282,-33.69090716354549,145.39999389648438],[151.14612638019025,-33.690913282334805,145.39999389648438],[151.14611975848675,-33.690967513248324,146.1999969482422],[151.14611690863967,-33.69100405834615,146.1999969482422],[151.1461103707552,-33.69102601893246,146.39999389648438],[151.1461066827178,-33.69106248021126,146.8000030517578],[151.14608681760728,-33.691151328384876,147.39999389648438],[151.14608891308308,-33.69118929840624,147.8000030517578],[151.14607533439994,-33.691263226792216,148.60000610351562],[151.14608388394117,-33.69131117127836,148.8000030517578],[151.14608271047473,-33.69135735556483,149.1999969482422],[151.14608824253082,-33.69140597060323,149.60000610351562],[151.1460831295699,-33.6914296913892,149.8000030517578],[151.1460839677602,-33.69145550765097,150],[151.14609025418758,-33.6915420088917,150.39999389648438],[151.14608338102698,-33.691633120179176,150.8000030517578],[151.14606871269643,-33.69167930446565,151.1999969482422],[151.14605840295553,-33.69177645072341,151.8000030517578],[151.14605471491814,-33.6917891073972,151.8000030517578],[151.14603049121797,-33.691897904500365,152.8000030517578],[151.1460223607719,-33.69192908518016,153],[151.145998891443,-33.691996643319726,153.39999389648438],[151.1459893360734,-33.69205020368099,154],[151.145985648036,-33.69211499579251,154.39999389648438],[151.1459652800113,-33.69218062609434,155],[151.14595438353717,-33.692238461226225,155.1999969482422],[151.1459066066891,-33.69235144928098,156.1999969482422],[151.1458656191826,-33.69248447008431,156.8000030517578],[151.1458625178784,-33.69250006042421,157.1999969482422],[151.14586235024035,-33.69249955751002,157.1999969482422],[151.14586771465838,-33.69250165298581,157.39999389648438],[151.14589252509177,-33.69251322001219,157.1999969482422],[151.14591599442065,-33.692519422620535,157.1999969482422],[151.14602244459093,-33.69256552308798,157.8000030517578],[151.14604490809143,-33.69257591664791,157.8000030517578],[151.1460585705936,-33.692577593028545,157.8000030517578],[151.14608732052147,-33.692572144791484,157.8000030517578],[151.14618740044534,-33.69258714839816,157.1999969482422],[151.1462361831218,-33.69260860607028,157],[151.14627758972347,-33.69262034073472,156.8000030517578],[151.14631975069642,-33.69263651780784,156.8000030517578],[151.14634858444333,-33.69264733046293,156.60000610351562],[151.14641421474516,-33.69267121888697,156.39999389648438],[151.14645428024232,-33.6926868930459,156],[151.1464703734964,-33.692689994350076,156],[151.1465879715979,-33.692719331011176,155.1999969482422],[151.14660155028105,-33.69272092357278,155],[151.1466656718403,-33.692766688764095,154.39999389648438],[151.14667447283864,-33.69277481921017,154.39999389648438],[151.14669718779624,-33.69279434904456,154],[151.1467484012246,-33.69281563907862,154],[151.14679022692144,-33.692822344601154,153.8000030517578],[151.14678813144565,-33.69282318279147,153.8000030517578],[151.1467787437141,-33.69282259605825,153.39999389648438],[151.14668712951243,-33.692781273275614,153.8000030517578],[151.1466547753662,-33.692767107859254,154],[151.14659358747303,-33.69273215532303,154.1999969482422],[151.14649157971144,-33.692709021270275,154.8000030517578],[151.1464619077742,-33.692697789520025,155],[151.14644422195852,-33.69269225746393,155],[151.14637565799057,-33.692673817276955,155.8000030517578],[151.14631690084934,-33.692666022107005,156],[151.14630156196654,-33.69266191497445,156.1999969482422],[151.14627624861896,-33.69264950975776,156.39999389648438],[151.14612696692348,-33.69261656887829,157],[151.14608480595052,-33.6926025711,157.1999969482422],[151.14607332274318,-33.69259527884424,157.1999969482422],[151.14606058225036,-33.69258069433272,157.1999969482422],[151.14603233523667,-33.69256359525025,157.1999969482422],[151.1459914315492,-33.69256250560284,157.39999389648438],[151.1459480971098,-33.69255839847028,157.39999389648438],[151.14589621312916,-33.69255127385259,157.1999969482422],[151.14587458781898,-33.692528642714024,157],[151.1458659544587,-33.69248799048364,157],[151.1458646133542,-33.692364022135735,156.39999389648438],[151.14586981013417,-33.692326471209526,156],[151.14589327946305,-33.69225966744125,155.60000610351562],[151.1459177546203,-33.692188588902354,155],[151.145922197029,-33.692179787904024,155],[151.14592001773417,-33.692134860903025,154.60000610351562],[151.14593711681664,-33.69207073934376,154.1999969482422],[151.14595689810812,-33.6920100543648,154],[151.14597248844802,-33.69196982122958,153.60000610351562],[151.14597131498158,-33.69191617704928,153.1999969482422],[151.14598304964602,-33.691808050498366,152.8000030517578],[151.14600207656622,-33.69170545600355,151.8000030517578],[151.1460271384567,-33.69161166250706,151.1999969482422],[151.1460376996547,-33.69155407883227,150.60000610351562],[151.14604867994785,-33.69148124009371,150.1999969482422],[151.1460509430617,-33.69145005941391,150.1999969482422],[151.14604013040662,-33.691402869299054,150],[151.14603124558926,-33.691358026117086,149.39999389648438],[151.1460329219699,-33.691267585381866,148.8000030517578],[151.1460335087031,-33.69121662341058,148.39999389648438],[151.14604155533016,-33.69114914909005,147.60000610351562],[151.14604976959527,-33.69112643413246,147.39999389648438],[151.14605152979493,-33.69111679494381,147.39999389648438],[151.1460594087839,-33.69108150713146,147.1999969482422],[151.14605412818491,-33.691027443856,146.8000030517578],[151.14605060778558,-33.69098628871143,146.39999389648438],[151.14605396054685,-33.69097572751343,146.39999389648438],[151.14607173018157,-33.6909341532737,146.1999969482422],[151.1460942775011,-33.69087355211377,145.8000030517578],[151.14609813317657,-33.690831726416945,145.39999389648438],[151.14609880372882,-33.6907615698874,144.60000610351562],[151.146096624434,-33.69073810055852,144.1999969482422],[151.1460810340941,-33.69067624211311,143.60000610351562],[151.1460734065622,-33.69065394625068,143.1999969482422],[151.14604583010077,-33.69056082330644,142.8000030517578],[151.14601397886872,-33.69045906700194,142.8000030517578],[151.14599310792983,-33.69035990908742,143.1999969482422],[151.14598690532148,-33.69030324742198,143.8000030517578],[151.14595983177423,-33.69024918414652,144.39999389648438],[151.14592982456088,-33.69017626158893,145.39999389648438],[151.14592311903834,-33.69016595184803,145.39999389648438],[151.14591071382165,-33.69014399126172,145.60000610351562],[151.14591993391514,-33.690158408135176,146],[151.14593921229243,-33.69017131626606,145.60000610351562],[151.14589688368142,-33.690127143636346,146],[151.14588632248342,-33.690114906057715,146],[151.1458284035325,-33.69004340842366,146.39999389648438],[151.14580677822232,-33.69001641869545,147],[151.1457805428654,-33.68997383862734,147.60000610351562],[151.14570619538426,-33.68989027105272,148.39999389648438],[151.14568901248276,-33.68987241759896,148.60000610351562],[151.14565640687943,-33.68983335793018,148.8000030517578],[151.14563897252083,-33.68977359496057,149.39999389648438],[151.1456941254437,-33.68971601128578,149.39999389648438],[151.14577258005738,-33.689619451761246,149.39999389648438],[151.1458506155759,-33.68954577483237,149.60000610351562],[151.14594139158726,-33.689473858103156,149.60000610351562],[151.14606427028775,-33.68941937573254,149.1999969482422],[151.1460871528834,-33.68940479122102,149.1999969482422],[151.14615806378424,-33.689349219202995,148.60000610351562],[151.1461635120213,-33.68933882564306,148.60000610351562],[151.14616619423032,-33.68932843208313,148.60000610351562],[151.1462123785168,-33.689260287210345,148.39999389648438],[151.14622578956187,-33.68924343958497,148.1999969482422],[151.14624842070043,-33.689198177307844,148],[151.14627222530544,-33.68917604908347,148],[151.1462765838951,-33.68914478458464,148],[151.14629502408206,-33.68906012736261,148],[151.14630424417555,-33.68905141018331,148.1999969482422],[151.14631354808807,-33.689088206738234,148.1999969482422],[151.14630583673716,-33.68912609294057,148.1999969482422],[151.14627867937088,-33.689210498705506,148],[151.14629745483398,-33.68925207294524,148],[151.14638253115118,-33.68930345401168,147.60000610351562],[151.1464029829949,-33.689306220039725,147.60000610351562],[151.14644489251077,-33.68932206183672,147.1999969482422],[151.14650985226035,-33.689326168969274,146.39999389648438],[151.14654472097754,-33.68933731690049,146.1999969482422],[151.14654103294015,-33.68933438323438,145.8000030517578],[151.14654103294015,-33.68933438323438,145.8000030517578],[151.14654103294015,-33.68933446705341,145.8000030517578],[151.14654103294015,-33.68933446705341,146],[151.1464914958924,-33.6893006041646,146.39999389648438],[151.14643055945635,-33.68924637325108,146.60000610351562],[151.14640046842396,-33.68918376043439,146.8000030517578],[151.14637909457088,-33.68915995582938,147],[151.14635109901428,-33.689144533127546,147.1999969482422],[151.1463086027652,-33.68912424892187,147.39999389648438],[151.1463024839759,-33.68911486119032,147.60000610351562],[151.14630189724267,-33.689087284728885,147.8000030517578],[151.146294856444,-33.68904554285109,147.8000030517578],[151.1462887376547,-33.68903581984341,147.8000030517578],[151.14623333327472,-33.688952419906855,148],[151.14620433188975,-33.688906989991665,148.1999969482422],[151.14620349369943,-33.68885166943073,148.39999389648438],[151.14619636908174,-33.688827864825726,148.39999389648438],[151.1462013144046,-33.68873231112957,148.1999969482422],[151.14620609208941,-33.688701298087835,148],[151.1462057568133,-33.68869920261204,148],[151.14620902575552,-33.688697442412376,147.8000030517578],[151.1462203413248,-33.688646564260125,147.8000030517578],[151.14623861387372,-33.688553273677826,147.8000030517578],[151.1462599877268,-33.688501976430416,147.60000610351562],[151.14627172239125,-33.688478423282504,147.39999389648438],[151.14628035575151,-33.68844925425947,147.1999969482422],[151.14629753865302,-33.688419833779335,147],[151.14635579288006,-33.68831841275096,147],[151.14637951366603,-33.688295194879174,147],[151.14640046842396,-33.68826795369387,146.8000030517578],[151.14641329273582,-33.68825873360038,146.8000030517578],[151.14644992165267,-33.688224870711565,146.60000610351562],[151.1464531905949,-33.68822252377868,146.39999389648438],[151.14648001268506,-33.68820123374462,146.1999969482422],[151.14648395217955,-33.68820215575397,146],[151.1464843712747,-33.68820165283978,146],[151.14648411981761,-33.688201904296875,146],[151.14648269489408,-33.68820215575397,146],[151.14648202434182,-33.68820265866816,146],[151.14647741429508,-33.68820902891457,146],[151.14647699519992,-33.6882091127336,146],[151.14647791720927,-33.68820425122976,146],[151.1464780010283,-33.688200898468494,146],[151.14642318338156,-33.68826761841774,146.60000610351562],[151.14637423306704,-33.688335763290524,146.60000610351562],[151.14635311067104,-33.68838395923376,146.8000030517578],[151.14630826748908,-33.68846794590354,147],[151.1462666094303,-33.68852301500738,147.1999969482422],[151.14625965245068,-33.68854313157499,147.1999969482422],[151.1462581437081,-33.688552686944604,147.1999969482422],[151.14624573849142,-33.688643127679825,147.39999389648438],[151.14624263718724,-33.68864933028817,147.39999389648438],[151.14621732383966,-33.68867497891188,147.39999389648438],[151.1462116241455,-33.68868336081505,147.39999389648438],[151.1462089419365,-33.68870548903942,147.39999389648438],[151.1462020687759,-33.68880573660135,147.60000610351562],[151.1462081875652,-33.68888142518699,147.60000610351562],[151.14621296525002,-33.688890812918544,147.60000610351562],[151.14625847898424,-33.688962645828724,147.39999389648438],[151.14626803435385,-33.68897362612188,147.1999969482422],[151.14631103351712,-33.6890104226768,147.1999969482422],[151.14631187170744,-33.6890106741339,146.8000030517578],[151.1463115364313,-33.6890122666955,146.8000030517578],[151.14631170406938,-33.689012601971626,146.8000030517578],[151.14631396718323,-33.68903196416795,146.60000610351562],[151.14631857722998,-33.68907714262605,146.60000610351562],[151.1463202536106,-33.68912475183606,146.39999389648438],[151.14632176235318,-33.689164482057095,146.39999389648438],[151.14630969241261,-33.68918124586344,146.1999969482422],[151.14628882147372,-33.68923857808113,146.39999389648438],[151.14628789946437,-33.689247546717525,146.39999389648438],[151.14627507515252,-33.68926380760968,146.39999389648438],[151.1462515220046,-33.68931141681969,146.60000610351562],[151.1462372727692,-33.68933195248246,146.60000610351562],[151.1462144739926,-33.68934519588947,146.60000610351562],[151.14618170075119,-33.689365815371275,147],[151.14617482759058,-33.689375622197986,147],[151.14614213816822,-33.68939775042236,147.1999969482422],[151.146099306643,-33.68943647481501,147.39999389648438],[151.146006770432,-33.689479138702154,147.39999389648438],[151.14594851620495,-33.689522640779614,147.60000610351562],[151.14583804272115,-33.68960017338395,148],[151.14582345820963,-33.68961785919964,148],[151.14575740881264,-33.68971735239029,148],[151.1457041837275,-33.689763620495796,148],[151.14567392505705,-33.689802093431354,148.1999969482422],[151.14567551761866,-33.689811900258064,148.1999969482422],[151.1457440815866,-33.68991139344871,147.60000610351562],[151.14582429639995,-33.6900173407048,146.39999389648438],[151.145858746022,-33.69006419554353,146],[151.1458910163492,-33.690116330981255,145.1999969482422],[151.1459441576153,-33.69021221995354,144.1999969482422],[151.1459920182824,-33.69029838591814,143.1999969482422],[151.14602277986705,-33.69036912918091,142.1999969482422],[151.14603124558926,-33.69039251469076,142],[151.14606242626905,-33.69047759100795,141.39999389648438],[151.14611816592515,-33.690603990107775,141.1999969482422],[151.14614482037723,-33.69070013053715,141.39999389648438],[151.14614758640528,-33.690709015354514,143.60000610351562],[151.14615068770945,-33.690795516595244,144],[151.14614624530077,-33.690817477181554,144.39999389648438],[151.14613484591246,-33.69085745885968,144.60000610351562],[151.14611456170678,-33.690939685329795,145.39999389648438],[151.146112466231,-33.69095594622195,145.60000610351562],[151.1461027432233,-33.691019313409925,146.1999969482422],[151.1461011506617,-33.691053511574864,146.39999389648438],[151.14609377458692,-33.691083351150155,146.8000030517578],[151.14608463831246,-33.691115118563175,147],[151.14608916454017,-33.69115920737386,147.39999389648438],[151.14609100855887,-33.69116851128638,147.39999389648438],[151.14608807489276,-33.69119902141392,147.8000030517578],[151.1460968758911,-33.69128049351275,148.60000610351562],[151.14609469659626,-33.69130538776517,148.8000030517578],[151.1460982169956,-33.6913157813251,149],[151.14609302021563,-33.69135760702193,149.1999969482422],[151.1460915952921,-33.69142617098987,149.8000030517578],[151.14609335549176,-33.69144746102393,149.8000030517578],[151.14609100855887,-33.69146070443094,150],[151.1460942775011,-33.69156229309738,150.60000610351562],[151.1460865661502,-33.691620295867324,151],[151.1460725683719,-33.69167528115213,151.1999969482422],[151.14604834467173,-33.691781563684344,152],[151.14604742266238,-33.69180050678551,152.1999969482422],[151.14604557864368,-33.69182053953409,152.39999389648438],[151.1460432317108,-33.69184836745262,152.60000610351562],[151.14604574628174,-33.691887678578496,153],[151.14604264497757,-33.6918977368623,153],[151.1460408847779,-33.69190444238484,153.1999969482422],[151.14601381123066,-33.691965881735086,153.60000610351562],[151.14600953646004,-33.69197786785662,153.60000610351562],[151.14599981345236,-33.69202530942857,154.1999969482422],[151.14598397165537,-33.692071912810206,154.39999389648438],[151.14597760140896,-33.69209395721555,154.60000610351562],[151.14597550593317,-33.69212538935244,155],[151.14597575739026,-33.69213653728366,155],[151.14597039297223,-33.69216721504927,155.1999969482422],[151.14596762694418,-33.69217811152339,155.1999969482422],[151.1459663696587,-33.69219948537648,155.39999389648438],[151.14595086313784,-33.69224692694843,155.60000610351562],[151.14594700746238,-33.692270647734404,155.8000030517578],[151.14594591781497,-33.69229621253908,156],[151.14594424143434,-33.69231943041086,156.1999969482422],[151.14593996666372,-33.692329907789826,156.1999969482422],[151.14591171965003,-33.69241800159216,156.8000030517578],[151.14590803161263,-33.69243107736111,157.1999969482422],[151.14589956589043,-33.69246041402221,157.39999389648438],[151.14590593613684,-33.692489666864276,157.39999389648438],[151.14591951481998,-33.69250936433673,157.60000610351562],[151.1459948681295,-33.692538449540734,158],[151.1460062675178,-33.69254305958748,158],[151.1460789386183,-33.69255345314741,158],[151.146160075441,-33.69260651059449,158],[151.1461896635592,-33.69261723943055,158],[151.14628840237856,-33.692649928852916,157.60000610351562],[151.14644925110042,-33.69269988499582,156.8000030517578],[151.14648973569274,-33.69271161966026,156.8000030517578],[151.14653055556118,-33.69272394105792,156.39999389648438],[151.14654396660626,-33.69272737763822,156.1999969482422],[151.14658537320793,-33.69273190386593,155.8000030517578],[151.14665913395584,-33.69278068654239,155],[151.14666223526,-33.692793510854244,154.8000030517578],[151.14665687084198,-33.69288319721818,154.60000610351562],[151.14662820473313,-33.69300783611834,156],[151.146625187248,-33.69301806204021,156.1999969482422],[151.14661403931677,-33.6930875480175,157],[151.146606747061,-33.69311051443219,157.1999969482422],[151.14659979008138,-33.69316139258444,157.8000030517578],[151.14660322666168,-33.69319743476808,158.1999969482422],[151.14659341983497,-33.693261723965406,158.8000030517578],[151.14658168517053,-33.69334395043552,159.39999389648438],[151.14657347090542,-33.693397426977754,159.60000610351562],[151.14659291692078,-33.693487364798784,160.1999969482422],[151.146617308259,-33.69352424517274,160.1999969482422],[151.14671168848872,-33.69362625293434,160.1999969482422],[151.1468059848994,-33.69370546191931,159.39999389648438],[151.1468463856727,-33.693728763610125,159.39999389648438],[151.14690539427102,-33.69376170448959,159.1999969482422],[151.14696264266968,-33.69379858486354,158.60000610351562],[151.14701880142093,-33.69383512996137,158.1999969482422],[151.1470432765782,-33.693854324519634,158.1999969482422],[151.14706506952643,-33.69387125596404,158.1999969482422],[151.14714880473912,-33.69395247660577,157.60000610351562],[151.14717219024897,-33.69398181326687,157.60000610351562],[151.14719540812075,-33.693995559588075,157.60000610351562],[151.14722239784896,-33.69401282630861,157.39999389648438],[151.1472348868847,-33.69402070529759,157.39999389648438],[151.14724595099688,-33.694028751924634,157.1999969482422],[151.14734561182559,-33.69409840553999,156.8000030517578],[151.1474756989628,-33.69420384988189,156.1999969482422],[151.14756957627833,-33.69427467696369,156],[151.14759556017816,-33.69428909383714,156],[151.14767686463892,-33.69433829560876,155.60000610351562],[151.14775096066296,-33.69436956010759,155.1999969482422],[151.1477899365127,-33.69439101777971,155],[151.1479447502643,-33.69440929032862,154.1999969482422],[151.14795916713774,-33.69441197253764,154],[151.14809537306428,-33.69442538358271,153.1999969482422],[151.14812596701086,-33.69442630559206,153],[151.14825404249132,-33.69445262476802,152.39999389648438],[151.14835060201585,-33.694476429373026,152],[151.14844037219882,-33.6944914329797,151.8000030517578],[151.1484661884606,-33.69449218735099,151.8000030517578],[151.1486031487584,-33.69446326978505,151.60000610351562],[151.14864556118846,-33.69446109049022,151.60000610351562],[151.14873256534338,-33.69447089731693,151.39999389648438],[151.14875888451934,-33.694476429373026,151.39999389648438],[151.14882543683052,-33.69449176825583,151],[151.14895661361516,-33.69450660422444,150.8000030517578],[151.14912995137274,-33.69453778490424,150.1999969482422],[151.14918091334403,-33.694545747712255,150],[151.14928836934268,-33.6945693846792,149.8000030517578],[151.1493785586208,-33.69457340799272,149.60000610351562],[151.1494234856218,-33.69457684457302,149.1999969482422],[151.14949439652264,-33.69457743130624,149],[151.14956078119576,-33.69457550346851,148.8000030517578],[151.14972020499408,-33.694580532610416,149],[151.14979974925518,-33.69456946849823,148.8000030517578],[151.1498354561627,-33.694567289203405,148.8000030517578],[151.14992279559374,-33.69456619955599,148.8000030517578],[151.15005028434098,-33.694555051624775,149.1999969482422],[151.15021515637636,-33.69452294893563,149.39999389648438],[151.150309368968,-33.69447173550725,149.60000610351562],[151.1503506079316,-33.69443477131426,150],[151.15039092488587,-33.69437559507787,150],[151.15044926293194,-33.694309797137976,150.1999969482422],[151.15052402950823,-33.69417870417237,150.8000030517578],[151.1505958624184,-33.69414475746453,151],[151.15062628872693,-33.69413981214166,151],[151.15075947716832,-33.69415691122413,151.39999389648438],[151.1508001293987,-33.694162694737315,151.39999389648438],[151.1508757341653,-33.69417820125818,151.8000030517578],[151.15091093815863,-33.694187588989735,152],[151.1510683503002,-33.694206699728966,152.60000610351562],[151.1511838529259,-33.69422145187855,153],[151.1512615531683,-33.69423461146653,153.39999389648438],[151.15128971636295,-33.694240897893906,153.60000610351562],[151.1513566877693,-33.694256572052836,154],[151.15136959590018,-33.69425665587187,154],[151.15139490924776,-33.69425665587187,154],[151.15148736163974,-33.69425078853965,154.60000610351562],[151.1515866033733,-33.69420845992863,155.1999969482422],[151.15159196779132,-33.69419555179775,155.39999389648438],[151.1516225617379,-33.69411064311862,155.8000030517578],[151.15162474103272,-33.694097651168704,155.8000030517578],[151.1516315303743,-33.69401550851762,156],[151.1516321171075,-33.69398667477071,156.1999969482422],[151.15165240131319,-33.6939218826592,156.60000610351562],[151.1516505572945,-33.69384678080678,156.60000610351562],[151.15165843628347,-33.693813756108284,156.60000610351562],[151.15165868774056,-33.693753238767385,157.1999969482422],[151.15166522562504,-33.69370621629059,157.1999969482422],[151.15167218260467,-33.693684255704284,157.1999969482422],[151.15170202217996,-33.693553414195776,157.8000030517578],[151.1517052911222,-33.693466326221824,158.1999969482422],[151.1517156008631,-33.69343489408493,158.1999969482422],[151.15174912847579,-33.69331679306924,158.60000610351562],[151.15176438353956,-33.69325736537576,159],[151.1517653055489,-33.693197686225176,159.1999969482422],[151.15176354534924,-33.69317002594471,159.1999969482422],[151.15176773630083,-33.69311822578311,159.39999389648438],[151.15176723338664,-33.69309475645423,159.60000610351562],[151.1517653055489,-33.69307187385857,159.8000030517578],[151.15176756866276,-33.69304505176842,160],[151.15176698192954,-33.69301957078278,160],[151.15177729167044,-33.69294782169163,160],[151.15179372020066,-33.69286207482219,160.1999969482422],[151.15179690532386,-33.69279317557812,160.1999969482422],[151.15179573185742,-33.69273232296109,160.39999389648438],[151.1517877690494,-33.69269695132971,160.60000610351562],[151.15180134773254,-33.69256284087896,160.60000610351562],[151.1518168542534,-33.69250995106995,160.60000610351562],[151.15182188339531,-33.692485224455595,160.39999389648438],[151.15183043293655,-33.69235840626061,161],[151.15185180678964,-33.6922796163708,161],[151.1518519744277,-33.69219537824392,160.39999389648438],[151.15185096859932,-33.692092867568135,160.8000030517578],[151.151855411008,-33.691984405741096,160.60000610351562],[151.1518622841686,-33.69195247069001,160.60000610351562],[151.15186957642436,-33.691909639164805,160.60000610351562],[151.15187720395625,-33.69187192060053,160.8000030517578],[151.15187133662403,-33.69181165471673,160.8000030517578],[151.1518773715943,-33.69177611544728,160.60000610351562],[151.15188298746943,-33.691682908684015,160.1999969482422],[151.15189078263938,-33.69164259172976,160.1999969482422],[151.15189388394356,-33.69162708520889,160.1999969482422],[151.15189631469548,-33.691619792953134,160.1999969482422],[151.15191710181534,-33.691549971699715,159.39999389648438],[151.15191810764372,-33.69152197614312,159.1999969482422],[151.15191400051117,-33.69150772690773,159.1999969482422],[151.15192850120366,-33.691393146291375,159.60000610351562],[151.1519257351756,-33.69131552986801,159.39999389648438],[151.1519209574908,-33.69130404666066,159.1999969482422],[151.15191953256726,-33.691293904557824,159],[151.15192699246109,-33.69124294258654,158.39999389648438],[151.15193084813654,-33.691229866817594,158.1999969482422],[151.15193294361234,-33.69119407609105,158.60000610351562],[151.15193302743137,-33.69116700254381,158.60000610351562],[151.15193277597427,-33.69112157262862,158.60000610351562],[151.15193394944072,-33.69097606278956,158.39999389648438],[151.15192506462336,-33.690888890996575,157.1999969482422],[151.15192581899464,-33.690875144675374,157.1999969482422],[151.15195909515023,-33.69079384021461,157.39999389648438],[151.1519592627883,-33.69075670838356,157.1999969482422],[151.1519846599549,-33.69066593237221,157],[151.1519952211529,-33.69064154103398,157],[151.1520025972277,-33.69054422713816,157],[151.15200268104672,-33.69053584523499,157],[151.15198935382068,-33.69049636647105,156.8000030517578],[151.1519751045853,-33.69040383026004,156.60000610351562],[151.15197443403304,-33.690390000119805,156.60000610351562],[151.1520036868751,-33.690288830548525,156.39999389648438],[151.15200955420732,-33.690249687060714,156.1999969482422],[151.15201039239764,-33.69018020108342,156.39999389648438],[151.15201114676893,-33.69009571149945,156.1999969482422],[151.15202397108078,-33.68998180143535,156],[151.1520367115736,-33.689856911078095,155.8000030517578],[151.15205221809447,-33.68975859135389,155.8000030517578],[151.1520481109619,-33.68967292830348,155.60000610351562],[151.1520552355796,-33.68964987806976,155.60000610351562],[151.15205858834088,-33.68958299048245,155.39999389648438],[151.1520657967776,-33.68952892720699,155.39999389648438],[151.15207308903337,-33.68943840265274,155.1999969482422],[151.15207753144205,-33.68942239321768,155.1999969482422],[151.1520901042968,-33.68931753560901,155.1999969482422],[151.15207208320498,-33.68922835215926,155.39999389648438],[151.15206412039697,-33.6892057210207,155.39999389648438],[151.15206135436893,-33.68919759057462,155.39999389648438],[151.15207409486175,-33.689164984971285,155.1999969482422],[151.1520892661065,-33.68915073573589,155.1999969482422],[151.15211566910148,-33.689102875068784,155.39999389648438],[151.15215078927577,-33.689054008573294,155.39999389648438],[151.1521772760898,-33.689043782651424,155.39999389648438],[151.15224936045706,-33.68894814513624,155],[151.1522737517953,-33.68892417289317,155.1999969482422],[151.1523097101599,-33.68883926421404,155],[151.15235614590347,-33.68879919871688,155.1999969482422],[151.1523800343275,-33.68877723813057,155.1999969482422],[151.1523921880871,-33.68877254426479,155.1999969482422],[151.15244616754353,-33.68878268636763,155.39999389648438],[151.15257835015655,-33.68879542686045,155.39999389648438],[151.1526728142053,-33.688812190666795,155.60000610351562],[151.1527986265719,-33.68882283568382,155.60000610351562],[151.15284271538258,-33.68883004412055,155.60000610351562],[151.15291488356888,-33.688827361911535,155.1999969482422],[151.152957463637,-33.68883155286312,155],[151.15298663266003,-33.68882258422673,155],[151.15301496349275,-33.68881923146546,154.8000030517578],[151.1531572882086,-33.68881621398032,154.39999389648438],[151.15317187272012,-33.68881277740002,154.1999969482422],[151.15320020355284,-33.688814118504524,154.1999969482422],[151.1532389279455,-33.688814118504524,154],[151.1533271893859,-33.68882501497865,153.8000030517578],[151.1534313764423,-33.68884848430753,153],[151.15348141640425,-33.68886575102806,152.8000030517578],[151.15360069088638,-33.68892886675894,152],[151.15372323431075,-33.689002292230725,150.8000030517578],[151.15374075248837,-33.68901830166578,150.8000030517578],[151.15385876968503,-33.68908745236695,149.8000030517578],[151.15393755957484,-33.68913095444441,148.8000030517578],[151.15395113825798,-33.68913824670017,148.60000610351562],[151.15398550406098,-33.689165990799665,148.1999969482422],[151.15402665920556,-33.6891866941005,147.8000030517578],[151.1540450155735,-33.68920253589749,147.39999389648438],[151.154064796865,-33.689236398786306,146.60000610351562],[151.1540759447962,-33.689244613051414,146.39999389648438],[151.15409304387867,-33.68926674127579,146.1999969482422],[151.15411969833076,-33.68929238989949,146],[151.15418105386198,-33.689329186454415,145.39999389648438],[151.15419111214578,-33.68933823890984,145.39999389648438],[151.1542495340109,-33.68935173377395,145],[151.15428767167032,-33.68934762664139,145],[151.15442949347198,-33.68935885839164,144.39999389648438],[151.15448858588934,-33.68935030885041,144.1999969482422],[151.1545476783067,-33.689330192282796,143.8000030517578],[151.15462160669267,-33.68929565884173,143.39999389648438],[151.15466468967497,-33.68928249925375,143],[151.15477030165493,-33.6892469599843,142.39999389648438],[151.15481388755143,-33.68923723697662,142.1999969482422],[151.15483961999416,-33.68923220783472,142],[151.15488002076745,-33.689212342724204,141.8000030517578],[151.15495713427663,-33.689181581139565,141.39999389648438],[151.15499024279416,-33.68917311541736,141.39999389648438],[151.15500901825726,-33.68917202576995,141.1999969482422],[151.15502678789198,-33.68916800245643,141.1999969482422],[151.15505998022854,-33.689152831211686,141.1999969482422],[151.155092921108,-33.689142018556595,141],[151.15521462634206,-33.68909348733723,140.60000610351562],[151.1552852857858,-33.68908158503473,140.1999969482422],[151.155317556113,-33.68907353840768,140.1999969482422],[151.1553582083434,-33.68905954062939,140],[151.1554058175534,-33.689045710489154,139.8000030517578],[151.1555176321417,-33.68898988701403,139.1999969482422],[151.15553498268127,-33.688985109329224,139.1999969482422],[151.15563858300447,-33.68892149068415,138.60000610351562],[151.15572893992066,-33.68889257311821,138.1999969482422],[151.155772106722,-33.68887681514025,138],[151.15578543394804,-33.68885829113424,137.8000030517578],[151.15578811615705,-33.68884856812656,137.60000610351562],[151.15582449361682,-33.68879836052656,137.1999969482422],[151.15582834929228,-33.688788218423724,137],[151.155822314322,-33.688750583678484,136],[151.15581208840013,-33.68870632722974,135],[151.1558202188462,-33.688685623928905,134.60000610351562],[151.15584368817508,-33.68866743519902,134],[151.15585315972567,-33.68865754455328,134],[151.15586204454303,-33.68865016847849,134],[151.1558633018285,-33.68864790536463,134],[151.15586363710463,-33.68864715099335,134],[151.15586950443685,-33.688648575916886,134.39999389648438],[151.15587143227458,-33.68865167722106,134.1999969482422],[151.1558231525123,-33.688627034425735,134.1999969482422],[151.15579599514604,-33.688622089102864,134],[151.15571594797075,-33.68861169554293,133.60000610351562],[151.15570195019245,-33.68861404247582,134.1999969482422],[151.1557012796402,-33.68860482238233,134.1999969482422],[151.15570044144988,-33.688601301983,134.1999969482422],[151.1556920595467,-33.688596691936255,134.1999969482422],[151.15569105371833,-33.68859685957432,134.1999969482422],[151.15569499321282,-33.68859685957432,134.1999969482422],[151.15569507703185,-33.68859711103141,134.1999969482422],[151.15569004788995,-33.68860088288784,134],[151.15568988025188,-33.68860138580203,134],[151.15568979643285,-33.688601637259126,134],[151.15568979643285,-33.68860188871622,134],[151.15568929351866,-33.68860272690654,133.8000030517578],[151.155687533319,-33.68860339745879,133.8000030517578],[151.15568736568093,-33.68860339745879,133.8000030517578],[151.1556872818619,-33.68860281072557,133.8000030517578],[151.15568661130965,-33.68860247544944,133.8000030517578],[151.15568501874804,-33.68860247544944,133.60000610351562],[151.15568501874804,-33.68860247544944,133.60000610351562],[151.15568443201482,-33.68859937414527,133.60000610351562],[151.15568309091032,-33.68859644047916,133.8000030517578],[151.15568325854838,-33.68859509937465,133.60000610351562],[151.1556845996529,-33.688593339174986,133.60000610351562],[151.15567973814905,-33.68859484791756,133.60000610351562],[151.15567848086357,-33.688594764098525,133.60000610351562],[151.1556809116155,-33.68859501555562,133.39999389648438],[151.1556806601584,-33.68859560228884,133.39999389648438],[151.15568049252033,-33.688596272841096,133.60000610351562],[151.1556806601584,-33.68859635666013,133.60000610351562],[151.15568074397743,-33.688596775755286,133.60000610351562],[151.15568099543452,-33.68859711103141,133.60000610351562],[151.15568258799613,-33.68859702721238,133.60000610351562],[151.15568292327225,-33.68859836831689,133.60000610351562],[151.15568292327225,-33.68859845213592,133.8000030517578],[151.15568309091032,-33.68859878741205,133.8000030517578],[151.15568510256708,-33.688601134344935,133.60000610351562],[151.1556854378432,-33.68860180489719,133.8000030517578],[151.1556856893003,-33.68860180489719,133.8000030517578],[151.15568585693836,-33.68860197253525,133.8000030517578],[151.1556859407574,-33.68860197253525,133.8000030517578],[151.15568485110998,-33.68860281072557,133.60000610351562],[151.15568485110998,-33.68860281072557,133.8000030517578],[151.15568451583385,-33.68860373273492,133.60000610351562],[151.15568476729095,-33.68860415183008,133.60000610351562],[151.15568501874804,-33.688604570925236,133.60000610351562],[151.155684934929,-33.68860515765846,133.60000610351562],[151.155684934929,-33.688606582582,133.60000610351562],[151.15568560548127,-33.68860683403909,133.60000610351562],[151.15568485110998,-33.688607923686504,133.60000610351562],[151.1556845996529,-33.68860775604844,133.60000610351562],[151.15568527020514,-33.68860859423876,133.60000610351562],[151.15568527020514,-33.68860859423876,133.60000610351562],[151.15568610839546,-33.68860934861004,133.60000610351562],[151.15568610839546,-33.68860934861004,133.60000610351562],[151.1556867789477,-33.68860934861004,133.39999389648438],[151.15568644367158,-33.68860834278166,133.60000610351562],[151.15568644367158,-33.6886081751436,133.60000610351562],[151.15568661130965,-33.688608426600695,133.60000610351562],[151.15568711422384,-33.68860859423876,133.60000610351562],[151.1556872818619,-33.68860876187682,133.60000610351562],[151.15568736568093,-33.688608929514885,133.60000610351562],[151.15568786859512,-33.688608929514885,133.39999389648438],[151.15568711422384,-33.688608510419726,133.60000610351562],[151.15568904206157,-33.68860733695328,133.8000030517578],[151.15569038316607,-33.68860675022006,133.60000610351562],[151.15569348447025,-33.688606582582,134],[151.15569507703185,-33.68860675022006,134.1999969482422],[151.1556957475841,-33.688606582582,134.1999969482422],[151.1556962504983,-33.68860666640103,134.1999969482422],[151.15569641813636,-33.688607420772314,134.39999389648438],[151.15569641813636,-33.68860775604844,134.39999389648438],[151.15569658577442,-33.68860783986747,134.39999389648438],[151.15569658577442,-33.68860783986747,134.39999389648438],[151.15569658577442,-33.68860775604844,134.39999389648438],[151.15569658577442,-33.68860758841038,134.39999389648438],[151.15569692105055,-33.68860716931522,134.39999389648438],[151.15569700486958,-33.688607001677155,134.39999389648438],[151.1556970886886,-33.68860683403909,134.60000610351562],[151.15569692105055,-33.688607001677155,134.60000610351562],[151.1556973401457,-33.68860683403909,135],[151.15569792687893,-33.68860683403909,135],[151.15572759881616,-33.688601134344935,133.60000610351562],[151.15576297044754,-33.68859468027949,133.60000610351562],[151.1557916365564,-33.6885582190007,133.39999389648438],[151.15579046308994,-33.68854430504143,133.39999389648438],[151.15582357160747,-33.68848454207182,133],[151.1558437719941,-33.68846056982875,132.60000610351562],[151.15584972314537,-33.68843819014728,132.1999969482422],[151.15587654523551,-33.68840248323977,131.8000030517578],[151.15588065236807,-33.68839502334595,131.8000030517578],[151.155885765329,-33.68838731199503,131.60000610351562],[151.15589138120413,-33.688372978940606,131.1999969482422],[151.15596413612366,-33.68830022402108,130.60000610351562],[151.1560731008649,-33.688251776620746,129.60000610351562],[151.15608416497707,-33.688255716115236,129.39999389648438],[151.15615834482014,-33.68827365338802,129],[151.15617468953133,-33.68827843107283,128.8000030517578],[151.15624870173633,-33.68828538805246,128.39999389648438],[151.15626647137105,-33.68828128091991,128.39999389648438],[151.15631986409426,-33.68824473582208,127.19999694824219],[151.1563524696976,-33.68823643773794,126.19999694824219],[151.1563622765243,-33.6882350128144,126],[151.15642296150327,-33.68822420015931,125],[151.156483059749,-33.68823551572859,123.80000305175781],[151.15654743276536,-33.688229732215405,123.19999694824219],[151.15657031536102,-33.68821891956031,122.80000305175781],[151.15660350769758,-33.68821523152292,122.4000015258789],[151.15665782243013,-33.68821590207517,122],[151.15667793899775,-33.68821682408452,121.80000305175781],[151.1566939484328,-33.68822084739804,121.5999984741211],[151.15679084323347,-33.68821145966649,121],[151.15681934170425,-33.68820475414395,121],[151.15689620375633,-33.68819327093661,120.5999984741211],[151.15701103582978,-33.68819955736399,120.19999694824219],[151.15702494978905,-33.68819620460272,120.19999694824219],[151.15708278492093,-33.6881953664124,119.5999984741211],[151.1571131274104,-33.688198970630765,119],[151.15712662227452,-33.688199976459146,118.80000305175781],[151.15715788677335,-33.68819343857467,118.4000015258789],[151.15721689537168,-33.68818455375731,117.80000305175781],[151.15722904913127,-33.68818019516766,117.5999984741211],[151.15724371746182,-33.68817592039704,117.4000015258789],[151.15725888870656,-33.6881747469306,117.4000015258789],[151.15728529170156,-33.68817709386349,117.19999694824219],[151.1572951823473,-33.68817483074963,117],[151.15732711739838,-33.68815924040973,116.4000015258789],[151.15734497085214,-33.688150607049465,116],[151.1573705356568,-33.68813409470022,115.19999694824219],[151.15741210989654,-33.688116827979684,114.4000015258789],[151.15742510184646,-33.68811313994229,113.80000305175781],[151.1574659217149,-33.68807014077902,112.4000015258789],[151.15750330500305,-33.68804231286049,111.4000015258789],[151.15753792226315,-33.68800761178136,110.4000015258789],[151.1575489025563,-33.68799981661141,110.4000015258789],[151.1575610563159,-33.68799839168787,110.19999694824219],[151.15759869106114,-33.68797584436834,109.4000015258789],[151.1576096713543,-33.68797047995031,109.19999694824219],[151.15763012319803,-33.687961511313915,108.80000305175781],[151.15767354145646,-33.687926810234785,108],[151.1577222403139,-33.6879191827029,107.19999694824219],[151.15774084813893,-33.68791909888387,106.80000305175781],[151.15780874155462,-33.687908789142966,105.80000305175781],[151.15781988948584,-33.68790367618203,105.5999984741211],[151.15783103741705,-33.687898982316256,105.4000015258789],[151.15787353366613,-33.687910716980696,104.80000305175781],[151.15788828581572,-33.687908789142966,104.5999984741211],[151.1579733621329,-33.68791532702744,103.5999984741211],[151.1579876113683,-33.68791398592293,103.4000015258789],[151.15807252004743,-33.68792396038771,102.5999984741211],[151.1581160221249,-33.687924798578024,102.19999694824219],[151.15818073041737,-33.687930749729276,101.5999984741211],[151.15819104015827,-33.68792706169188,101.4000015258789],[151.15825147368014,-33.68793401867151,101],[151.1583293415606,-33.68794550187886,100.4000015258789],[151.15835934877396,-33.68795262649655,100],[151.15839086472988,-33.68794751353562,99.5999984741211],[151.1584054492414,-33.68795002810657,99.19999694824219],[151.15843051113188,-33.68795296177268,98.80000305175781],[151.15846797823906,-33.687936533242464,98.19999694824219],[151.15850913338363,-33.68793921545148,97.5999984741211],[151.15855598822236,-33.687936114147305,97],[151.1585719138384,-33.6879416462034,96.80000305175781],[151.1585991550237,-33.6879450827837,96.4000015258789],[151.1586234625429,-33.68794013746083,96],[151.15863913670182,-33.68793988600373,96],[151.15864810533822,-33.687938544899225,95.80000305175781],[151.1587201897055,-33.68793519213796,95],[151.15874013863504,-33.68793644942343,94.80000305175781],[151.15887039341033,-33.687936030328274,93.80000305175781],[151.15890241228044,-33.6879313364625,93.80000305175781],[151.15901255048811,-33.68792412802577,93],[151.15902688354254,-33.68792697787285,93],[151.1590362712741,-33.68793502449989,92.80000305175781],[151.15910273976624,-33.687934102490544,91.5999984741211],[151.15911732427776,-33.687936030328274,91.4000015258789],[151.15912939421833,-33.68793770670891,91.19999694824219],[151.15917063318193,-33.68793846108019,90.5999984741211],[151.15920323878527,-33.68793443776667,90],[151.15926903672516,-33.68793921545148,89.80000305175781],[151.1593098565936,-33.68792597204447,89.5999984741211],[151.15933131426573,-33.68791298009455,89.4000015258789],[151.1593814380467,-33.6878827214241,88.80000305175781],[151.15941152907908,-33.68785615079105,88.4000015258789],[151.1594776622951,-33.687836369499564,88],[151.15952594205737,-33.68782840669155,87.5999984741211],[151.15953164175153,-33.68782354518771,87.19999694824219],[151.15956231951714,-33.687820276245475,87],[151.159588387236,-33.68781549856067,86.5999984741211],[151.15959936752915,-33.68781080469489,86.19999694824219],[151.1596486531198,-33.68780049495399,85.80000305175781],[151.15971168503165,-33.68779269978404,85.4000015258789],[151.15976482629776,-33.68778339587152,85.19999694824219],[151.1598038021475,-33.687775852158666,84.80000305175781],[151.15986214019358,-33.687761602923274,84.5999984741211],[151.15989005193114,-33.68776763789356,84.4000015258789],[151.15990178659558,-33.68776730261743,84.4000015258789],[151.15994788706303,-33.687761183828115,84.19999694824219],[151.15995693951845,-33.687760680913925,84],[151.15998459979892,-33.68776420131326,83.4000015258789],[151.15999767556787,-33.6877619381994,83],[151.16006246767938,-33.687750371173024,82],[151.160074705258,-33.6877481918782,81.80000305175781],[151.1600868590176,-33.687742576003075,81.4000015258789],[151.1601045448333,-33.68774249218404,80.80000305175781],[151.16014637053013,-33.687736289575696,79.80000305175781],[151.16015760228038,-33.68773452937603,79.4000015258789],[151.16020051762462,-33.68771977722645,78.80000305175781],[151.16022306494415,-33.68771005421877,78.4000015258789],[151.1602319497615,-33.68771550245583,78.19999694824219],[151.16024946793914,-33.687702007591724,77.19999694824219],[151.16026623174548,-33.68769949302077,76.80000305175781],[151.16028970107436,-33.68768960237503,76],[151.16032817400992,-33.68768515996635,75.4000015258789],[151.16034275852144,-33.6876826453954,75.19999694824219],[151.16035130806267,-33.687683986499906,75],[151.16035968996584,-33.687680047005415,74.80000305175781],[151.16041040048003,-33.68768457323313,74],[151.1604454368353,-33.687683399766684,73.5999984741211],[151.16048969328403,-33.68768943473697,73.4000015258789],[151.160526573658,-33.68767937645316,73.4000015258789],[151.16053755395114,-33.687678035348654,73.4000015258789],[151.1605895217508,-33.68764769285917,73.80000305175781],[151.16063746623695,-33.68765976279974,73.80000305175781],[151.1606830637902,-33.68764886632562,73.80000305175781],[151.16080150008202,-33.68762539699674,73.5999984741211],[151.16092639043927,-33.68761198595166,73.19999694824219],[151.16095639765263,-33.68760745972395,72.80000305175781],[151.16098422557116,-33.68757996708155,71.5999984741211],[151.16103116422892,-33.68756932206452,70.19999694824219],[151.1610670387745,-33.687563203275204,69.19999694824219],[151.1610697209835,-33.68755322881043,68.19999694824219],[151.1610773485154,-33.68753462098539,67.19999694824219],[151.16108313202858,-33.68750972673297,65.80000305175781],[151.16108179092407,-33.68750000372529,64.80000305175781],[151.1610813718289,-33.687480725347996,64.19999694824219],[151.16108883172274,-33.68746966123581,63.599998474121094],[151.16109654307365,-33.687452897429466,62.599998474121094],[151.1610993091017,-33.687441078945994,62.20000076293945],[151.1611006502062,-33.687428422272205,62],[151.1611167434603,-33.68740327656269,61.20000076293945],[151.16115152835846,-33.68736304342747,60.20000076293945],[151.16117055527866,-33.68732959963381,59.79999923706055],[151.16123140789568,-33.687295485287905,60],[151.16130189970136,-33.687248043715954,60.79999923706055],[151.1613324098289,-33.68722105398774,61],[151.16134925745428,-33.68721317499876,61.20000076293945],[151.16141438484192,-33.687157686799765,61.599998474121094],[151.1614325735718,-33.68714293465018,61.79999923706055],[151.16148613393307,-33.68710965849459,61.79999923706055],[151.1615412030369,-33.68708987720311,61.599998474121094],[151.1616704519838,-33.687035059556365,61],[151.16170045919716,-33.68702064268291,61],[151.16173189133406,-33.6869936529547,60.79999923706055],[151.16181302815676,-33.68696289137006,60.20000076293945],[151.16183859296143,-33.68694252334535,59.79999923706055],[151.16190204396844,-33.68690446950495,59.20000076293945],[151.16190447472036,-33.6868831794709,58.79999923706055],[151.16192433983088,-33.68686004541814,58],[151.1619944125414,-33.68681880645454,57.400001525878906],[151.16208527237177,-33.68678703904152,57],[151.1620996054262,-33.68678553029895,56.79999923706055],[151.16212282329798,-33.686786368489265,56.79999923706055],[151.16216347552836,-33.6867880448699,57],[151.16218459792435,-33.686785362660885,57.20000076293945],[151.1621960811317,-33.68678670376539,57.20000076293945],[151.1622293572873,-33.68678838014603,57.20000076293945],[151.16229540668428,-33.68676843121648,57.20000076293945],[151.16235743276775,-33.68676281534135,57],[151.16241510026157,-33.68675644509494,56.599998474121094],[151.16242323070765,-33.68675426580012,56.599998474121094],[151.16243756376207,-33.6867499910295,56.599998474121094],[151.16247293539345,-33.68671964854002,56.20000076293945],[151.16249011829495,-33.68671512231231,56.20000076293945],[151.16253839805722,-33.6867137812078,55.79999923706055],[151.16262942552567,-33.68669760413468,55.20000076293945],[151.1626771185547,-33.68667262606323,54.79999923706055],[151.16271902807057,-33.686659298837185,54.400001525878906],[151.16273369640112,-33.68665770627558,54.400001525878906],[151.16278180852532,-33.68665024638176,54],[151.16279781796038,-33.68665066547692,53.79999923706055],[151.1628362070769,-33.686637254431844,53.400001525878906],[151.16287786513567,-33.686619233340025,53.20000076293945],[151.1629286594689,-33.686606492847204,52.79999923706055],[151.16293880157173,-33.68660188280046,52.79999923706055],[151.1630085390061,-33.68659215979278,51.79999923706055],[151.16301415488124,-33.68659056723118,51.79999923706055],[151.16301340050995,-33.68658880703151,51.599998474121094],[151.16305011324584,-33.68657589890063,51.79999923706055],[151.16309344768524,-33.686572797596455,52],[151.16311943158507,-33.686572378501296,52.400001525878906],[151.16313024424016,-33.6865824367851,52.400001525878906],[151.16313636302948,-33.68659123778343,52.599998474121094],[151.1631411407143,-33.68659861385822,52.79999923706055],[151.16315379738808,-33.68660883978009,52.79999923706055],[151.16316536441445,-33.686605989933014,53],[151.16322085261345,-33.68661671876907,53.599998474121094],[151.16326452232897,-33.68662862107158,53.79999923706055],[151.16327793337405,-33.68663314729929,53.79999923706055],[151.16329000331461,-33.68663365021348,53.79999923706055],[151.1633219383657,-33.686634404584765,54],[151.16337700746953,-33.686640188097954,54.20000076293945],[151.1634017340839,-33.68664815090597,54.20000076293945],[151.16344632580876,-33.68666348978877,54.20000076293945],[151.1634842120111,-33.68666944094002,54],[151.1635087709874,-33.6866897251457,53.599998474121094],[151.16352260112762,-33.6866947542876,53.400001525878906],[151.16357138380408,-33.68669718503952,52.79999923706055],[151.16362486034632,-33.68669919669628,52.400001525878906],[151.16368537768722,-33.68670313619077,52.400001525878906],[151.16373701021075,-33.68669182062149,52.599998474121094],[151.163774644956,-33.68668536655605,52.79999923706055],[151.1638708692044,-33.686667680740356,53],[151.1639760620892,-33.68661026470363,53.20000076293945],[151.16398863494396,-33.68660087697208,53.20000076293945],[151.16406373679638,-33.68653558194637,53.79999923706055],[151.16412500850856,-33.68652761913836,54],[151.1641399282962,-33.68652225472033,54],[151.16415476426482,-33.68651387281716,54],[151.16424654610455,-33.686465257778764,53],[151.16431385278702,-33.686419324949384,52.79999923706055],[151.1643817462027,-33.68640189059079,52.20000076293945],[151.1644179560244,-33.68636920116842,51.599998474121094],[151.16443438455462,-33.68636668659747,51.400001525878906],[151.1644736956805,-33.68634841404855,50.599998474121094],[151.16451208479702,-33.686341624706984,50.20000076293945],[151.16454804316163,-33.686343217268586,49.400001525878906],[151.16458140313625,-33.68634992279112,48.599998474121094],[151.1645968258381,-33.68634941987693,48.400001525878906],[151.16462624631822,-33.68634112179279,47.79999923706055],[151.1646529007703,-33.68632963858545,47.400001525878906],[151.16466245613992,-33.68632486090064,47.20000076293945],[151.16467251442373,-33.6863131262362,47],[151.16469380445778,-33.68628295138478,46.599998474121094],[151.16470612585545,-33.68627096526325,46.20000076293945],[151.1647440958768,-33.68623835965991,45.20000076293945],[151.16474904119968,-33.686235677450895,45],[151.1647902801633,-33.68622209876776,44],[151.1648172698915,-33.68623844347894,43],[151.16483302786946,-33.686246909201145,42.599998474121094],[151.16485339589417,-33.68626040406525,42],[151.16488566622138,-33.6862853821367,40.79999923706055],[151.16490670479834,-33.686292339116335,40.599998474121094],[151.16493637673557,-33.686320250853896,40],[151.1649419926107,-33.68633458390832,39.79999923706055],[151.16495272144675,-33.68638353422284,39],[151.16494643501937,-33.68640314787626,38.79999923706055],[151.16493981331587,-33.686413541436195,38.79999923706055],[151.164924306795,-33.68644203990698,38.400001525878906],[151.16492028348148,-33.686451679095626,38.400001525878906],[151.16491567343473,-33.686471711844206,38.20000076293945],[151.16490444168448,-33.68649157695472,37.599998474121094],[151.16489807143807,-33.68650222197175,37.599998474121094],[151.16488239727914,-33.68655025027692,36.79999923706055],[151.1648653820157,-33.68656391277909,36.400001525878906],[151.16485197097063,-33.68657405488193,36],[151.1648455169052,-33.686577742919326,35.400001525878906],[151.16484191268682,-33.68657145649195,35.20000076293945],[151.16484886966646,-33.68659408763051,34.599998474121094],[151.16485549136996,-33.68659794330597,34.20000076293945],[151.16487585939467,-33.68661789223552,33],[151.16489228792489,-33.68663473986089,32.400001525878906],[151.16490511223674,-33.686643624678254,31.600000381469727],[151.16494182497263,-33.68667220696807,30.399999618530273],[151.16496755741537,-33.68668109178543,29.200000762939453],[151.1649843212217,-33.686703220009804,28.200000762939453],[151.16499798372388,-33.68669726885855,27.399999618530273],[151.16502027958632,-33.68669718503952,27.200000762939453],[151.1650577466935,-33.686688132584095,26],[151.16507719270885,-33.686687629669905,25.600000381469727],[151.16509328596294,-33.686691988259554,25],[151.16511574946344,-33.68669391609728,24],[151.1651248857379,-33.68669232353568,23.600000381469727],[151.1651447508484,-33.68669391609728,23],[151.1651706509292,-33.68668754585087,22],[151.1651986464858,-33.686681846156716,21.200000762939453],[151.1652126442641,-33.68667899630964,20.600000381469727],[151.1652475129813,-33.686680337414145,19.600000381469727],[151.16528087295592,-33.68667773902416,18.399999618530273],[151.1652876622975,-33.68668058887124,17.799999237060547],[151.16530258208513,-33.68668293580413,17.200000762939453],[151.1653360258788,-33.686664747074246,16],[151.16535681299865,-33.68665175512433,15.600000381469727],[151.1654010694474,-33.68663960136473,15],[151.16541515104473,-33.68663012981415,15],[151.16542973555624,-33.68661554530263,14.600000381469727],[151.16544473916292,-33.686591908335686,13.800000190734863],[151.1654721479863,-33.68655050173402,13],[151.16547256708145,-33.68654731661081,12.600000381469727],[151.16550425067544,-33.68650616146624,11.600000381469727],[151.16551464423537,-33.68648461997509,10.600000381469727],[151.16551397368312,-33.68648076429963,10.399999618530273],[151.16552956402302,-33.68643927387893,9.800000190734863],[151.16554515436292,-33.68640398606658,9.399999618530273],[151.1655461601913,-33.68635352700949,8.600000381469727],[151.16553786210716,-33.68632729165256,8.199999809265137],[151.16555018350482,-33.68629510514438,7.599999904632568],[151.16555269807577,-33.68627700023353,7.199999809265137],[151.16555705666542,-33.68623064830899,6.199999809265137],[151.16555261425674,-33.68622285313904,5.800000190734863],[151.16554674692452,-33.68620801717043,5],[151.1655580624938,-33.68618060834706,3.799999952316284],[151.16555898450315,-33.68617884814739,3.5999999046325684],[151.1655644327402,-33.68615294806659,2.799999952316284],[151.16556216962636,-33.68613459169865,2.799999952316284],[151.16552880965173,-33.68607382290065,2.799999952316284],[151.1655218526721,-33.686021100729704,2.799999952316284],[151.1655060108751,-33.685983549803495,3],[151.16550198756158,-33.685976676642895,3],[151.1654507741332,-33.68594809435308,2.799999952316284],[151.16544683463871,-33.68594164028764,2.799999952316284],[151.16543501615524,-33.6859246250242,3],[151.16540517657995,-33.68589227087796,3.200000047683716],[151.16539327427745,-33.685853043571115,3.4000000953674316],[151.16539193317294,-33.68582312017679,4],[151.16538950242102,-33.685787077993155,5],[151.1653857305646,-33.685780707746744,5],[151.16539084352553,-33.68576033972204,5.599999904632568],[151.16539461538196,-33.68575128726661,5.800000190734863],[151.1654008179903,-33.68572865612805,6.199999809265137],[151.16542437113822,-33.68568683043122,6.400000095367432],[151.16546259261668,-33.685615165159106,6.599999904632568],[151.16548237390816,-33.68554383516312,7],[151.16548530757427,-33.6855361238122,7.199999809265137],[151.16549771279097,-33.685496309772134,8.399999618530273],[151.16550316102803,-33.685488598421216,8.600000381469727],[151.1655149795115,-33.68545792065561,9.399999618530273],[151.165529480204,-33.685420118272305,10.399999618530273],[151.1655438132584,-33.685405952855945,11],[151.16556988097727,-33.68538139387965,11],[151.16560650989413,-33.68532406166196,11],[151.16561950184405,-33.685310734435916,11.199999809265137],[151.16566132754087,-33.685257425531745,11.600000381469727],[151.16568563506007,-33.6852097325027,12],[151.16572335362434,-33.68516044691205,12],[151.16574908606708,-33.685140665620565,11.600000381469727],[151.1657803505659,-33.68512390181422,10.800000190734863],[151.16579107940197,-33.6851148493588,10.600000381469727],[151.16579887457192,-33.68510898202658,10.399999618530273],[151.165854614228,-33.68506187573075,9.199999809265137],[151.16590674966574,-33.68503061123192,8.199999809265137],[151.16591521538794,-33.6850215587765,8],[151.16592602804303,-33.685003872960806,7.599999904632568],[151.1659370083362,-33.68495559319854,7.199999809265137],[151.16594916209579,-33.68493212386966,7.199999809265137],[151.16595829837024,-33.68491510860622,7.199999809265137],[151.16595720872283,-33.68488484993577,7.400000095367432],[151.16597372107208,-33.684858195483685,7.199999809265137],[151.16599299944937,-33.68484218604863,7],[151.16600280627608,-33.68481444194913,6.199999809265137],[151.16600356064737,-33.68481243029237,6],[151.16602325811982,-33.684799522161484,5.800000190734863],[151.16606961004436,-33.68477085605264,5.400000095367432],[151.1661260202527,-33.68469072505832,5.599999904632568],[151.16612744517624,-33.68466247804463,5.800000190734863],[151.16614856757224,-33.68464973755181,5.800000190734863],[151.1661608889699,-33.68464294821024,5.800000190734863],[151.16621629334986,-33.684593327343464,4.800000190734863],[151.1662269383669,-33.68458377197385,4.400000095367432],[151.16628200747073,-33.684526858851314,3.4000000953674316],[151.16630103439093,-33.68450582027435,3.200000047683716],[151.16632190532982,-33.68448402732611,3.200000047683716],[151.1663339752704,-33.684449745342135,3.200000047683716],[151.16635157726705,-33.684400375932455,3.200000047683716],[151.16637487895787,-33.684352431446314,3.200000047683716],[151.16640622727573,-33.68431127630174,3.200000047683716],[151.16642709821463,-33.684285124763846,3.200000047683716],[151.16645861417055,-33.68424966931343,3.5999999046325684],[151.16649088449776,-33.68421480059624,3.799999952316284],[151.166509995237,-33.68418990634382,4],[151.1665388289839,-33.68417632766068,4.199999809265137],[151.16662650369108,-33.684101812541485,3.5999999046325684],[151.1666337121278,-33.68409276008606,3.5999999046325684],[151.1666915472597,-33.68403760716319,3.4000000953674316],[151.166708227247,-33.684013886377215,3.5999999046325684],[151.16674167104065,-33.68398446589708,3.5999999046325684],[151.16680461913347,-33.68394289165735,3.799999952316284],[151.1668200418353,-33.68393610231578,3.799999952316284],[151.16685826331377,-33.68390793912113,3.799999952316284],[151.166877374053,-33.68387868627906,4],[151.1668860912323,-33.68387013673782,4.199999809265137],[151.16690386086702,-33.68385144509375,4.599999904632568],[151.16692037321627,-33.683833004906774,4.800000190734863],[151.16695281118155,-33.6838021595031,5.199999809265137],[151.16695499047637,-33.68379243649542,5.400000095367432],[151.1669658869505,-33.68377030827105,5.599999904632568],[151.1670145019889,-33.68372420780361,6.400000095367432],[151.16704266518354,-33.68369545787573,6.599999904632568],[151.16706957109272,-33.683675760403275,6.599999904632568],[151.16713042370975,-33.6836261395365,6],[151.16723142564297,-33.68356646038592,5.800000190734863],[151.1673789471388,-33.68350317701697,4.599999904632568],[151.16739202290773,-33.68350493721664,4.400000095367432],[151.167427059263,-33.68349211290479,4.199999809265137],[151.16748112253845,-33.683447018265724,4.199999809265137],[151.16758078336716,-33.68335607461631,3.5999999046325684],[151.1676158197224,-33.68333478458226,3.5999999046325684],[151.1677040811628,-33.68328616954386,3.799999952316284],[151.1677135527134,-33.68327820673585,3.5999999046325684],[151.16772268898785,-33.683271668851376,3.5999999046325684],[151.16775127127767,-33.68322447873652,3.5999999046325684],[151.16780483163893,-33.683167062699795,3.799999952316284],[151.16782394237816,-33.683120626956224,3.799999952316284],[151.16784154437482,-33.683095313608646,3.799999952316284],[151.16787825711071,-33.68305197916925,3.799999952316284],[151.16791832260787,-33.68300571106374,3.5999999046325684],[151.16797305643559,-33.6828871909529,3.5999999046325684],[151.16797406226397,-33.68284955620766,3.4000000953674316],[151.16799878887832,-33.682814771309495,3.200000047683716],[151.1680312268436,-33.68275190703571,2.5999999046325684],[151.16803801618516,-33.68271913379431,2.5999999046325684],[151.16806835867465,-33.68268250487745,2.799999952316284],[151.16807003505528,-33.68267118930817,3],[151.16808679886162,-33.68261955678463,3.5999999046325684],[151.16809752769768,-33.68261042051017,4],[151.16812619380653,-33.6825898848474,4.400000095367432],[151.16813465952873,-33.68257706053555,4.599999904632568],[151.16814044304192,-33.68256205692887,5],[151.16814924404025,-33.68255107663572,5.199999809265137],[151.16818386130035,-33.6825156211853,5.599999904632568],[151.16818738169968,-33.6825087480247,5.800000190734863],[151.16819727234542,-33.682495253160596,5.800000190734863],[151.1682466417551,-33.68247136473656,6.199999809265137],[151.16828050464392,-33.68245149962604,5.800000190734863],[151.16830363869667,-33.682416547089815,5.199999809265137],[151.16834479384124,-33.68238662369549,4.800000190734863],[151.16835828870535,-33.682368099689484,4.800000190734863],[151.16837362758815,-33.6823586281389,4.599999904632568],[151.16840556263924,-33.68231562897563,4.400000095367432],[151.1684271041304,-33.68226709775627,4.400000095367432],[151.16843649186194,-33.6822515912354,4.199999809265137],[151.1684408504516,-33.68224144913256,4.199999809265137],[151.16845895536244,-33.682188894599676,4],[151.168468343094,-33.682172717526555,4],[151.16848854348063,-33.682145811617374,4],[151.16851125843823,-33.682124270126224,4.199999809265137],[151.1685431934893,-33.68209711275995,4.199999809265137],[151.16857076995075,-33.682068195194006,4.400000095367432],[151.1686253361404,-33.682001642882824,4.800000190734863],[151.16868794895709,-33.68192117661238,5],[151.168769672513,-33.681834591552615,4.599999904632568],[151.16884452290833,-33.681742725893855,5],[151.16893127560616,-33.68168723769486,5.800000190734863],[151.1689734365791,-33.681666953489184,6.199999809265137],[151.1690014321357,-33.681646417826414,6.400000095367432],[151.16903110407293,-33.681605681777,6],[151.1690405756235,-33.68160308338702,6],[151.1691401526332,-33.68153954856098,5.199999809265137],[151.16923226974905,-33.68146411143243,5.199999809265137],[151.16931122727692,-33.68140049278736,5.400000095367432],[151.16935674101114,-33.681343579664826,5.800000190734863],[151.16936755366623,-33.681334191933274,6],[151.169374845922,-33.68132379837334,6.199999809265137],[151.1694100499153,-33.681254060938954,7],[151.16940854117274,-33.681235956028104,7.199999809265137],[151.1693983990699,-33.68122321553528,7.599999904632568],[151.16939504630864,-33.681216510012746,8],[151.16939898580313,-33.68118155747652,9],[151.16939487867057,-33.681172505021095,9.199999809265137],[151.1694009974599,-33.68111399933696,10.199999809265137],[151.1693970579654,-33.681101175025105,10.199999809265137],[151.16939303465188,-33.68108726106584,10.399999618530273],[151.16938850842416,-33.6810253188014,10.800000190734863],[151.1693885922432,-33.6810118239373,11],[151.1693894304335,-33.68097402155399,11.199999809265137],[151.16939881816506,-33.680934542790055,11],[151.1694031767547,-33.68090855889022,10.800000190734863],[151.16936964914203,-33.680868325755,10.399999618530273],[151.16935590282083,-33.6807855963707,10],[151.16934483870864,-33.68077780120075,10],[151.1692895181477,-33.680741088464856,9.800000190734863],[151.16926487535238,-33.680705381557345,9.199999809265137],[151.16924132220447,-33.68064955808222,8.600000381469727],[151.16923553869128,-33.68064293637872,8.399999618530273],[151.1692253127694,-33.68064125999808,8.199999809265137],[151.16920444183052,-33.680629106238484,8],[151.16918466053903,-33.68057646788657,7.199999809265137],[151.16918231360614,-33.68056573905051,7],[151.16917912848294,-33.68055157363415,7],[151.169179296121,-33.6805437784642,6.800000190734863],[151.16917158477008,-33.680503545328975,6.800000190734863],[151.1691719200462,-33.680468341335654,7],[151.16916839964688,-33.6804071534425,7.599999904632568],[151.16917015984654,-33.680366752669215,8.199999809265137],[151.169174015522,-33.68034789338708,8.600000381469727],[151.1691549886018,-33.680299781262875,9.199999809265137],[151.16915725171566,-33.680289555341005,9.399999618530273],[151.16917460225523,-33.6802586261183,9.800000190734863],[151.1691782064736,-33.68025217205286,10.199999809265137],[151.16917678155005,-33.68025451898575,10.399999618530273],[151.16917736828327,-33.68022191338241,11.399999618530273],[151.16917393170297,-33.68021470494568,11.600000381469727],[151.1691655497998,-33.68017983622849,12.800000190734863],[151.16915943101048,-33.680147901177406,13.600000381469727],[151.16915515623987,-33.6801378428936,14],[151.16913839243352,-33.680120995268226,14.199999809265137],[151.16912372410297,-33.68010255508125,14.600000381469727],[151.16911861114204,-33.680078499019146,15],[151.16910008713603,-33.68003373965621,16],[151.1690954770893,-33.680016892030835,16.600000381469727],[151.1690915375948,-33.68001135997474,16.799999237060547],[151.1690804734826,-33.679995853453875,17.399999618530273],[151.1690440122038,-33.67996333166957,18.399999618530273],[151.1690349597484,-33.67995277047157,18.600000381469727],[151.16902984678745,-33.67994187399745,18.799999237060547],[151.16900285705924,-33.6799150519073,19.600000381469727],[151.16898961365223,-33.67989216931164,19.799999237060547],[151.1689803097397,-33.67985428310931,20.200000762939453],[151.16897016763687,-33.679803321138024,20.600000381469727],[151.1689691618085,-33.67978152818978,21],[151.1689932178706,-33.67974070832133,21.799999237060547],[151.1690106522292,-33.67971916683018,22.200000762939453],[151.1690323613584,-33.6796941049397,23],[151.1690614465624,-33.679627887904644,24],[151.16909572854638,-33.67952805943787,24.600000381469727],[151.16911760531366,-33.67947433143854,25.200000762939453],[151.16913453675807,-33.67943074554205,25.600000381469727],[151.16918155923486,-33.67931339889765,25.600000381469727],[151.16919111460447,-33.67925053462386,26.200000762939453],[151.16920343600214,-33.67921818047762,26.200000762939453],[151.16925682872534,-33.67906386964023,26.399999618530273],[151.16928440518677,-33.67900720797479,26.399999618530273],[151.16930779069662,-33.67898625321686,26.200000762939453],[151.16937216371298,-33.678939482197165,25.600000381469727],[151.1694057751447,-33.67892649024725,25.399999618530273],[151.16946092806756,-33.67882691323757,25.200000762939453],[151.1694692261517,-33.678795732557774,25],[151.16949973627925,-33.67872515693307,25],[151.16951742209494,-33.67871803231537,25],[151.16962630301714,-33.678636979311705,24.200000762939453],[151.1696510296315,-33.67862155660987,24],[151.1696668714285,-33.67861149832606,24],[151.1696874909103,-33.67859716527164,24],[151.169763347134,-33.678534384816885,23.399999618530273],[151.16976963356137,-33.678526086732745,23],[151.16977483034134,-33.678514352068305,23],[151.16978128440678,-33.67850488051772,23],[151.16980768740177,-33.67847546003759,22.799999237060547],[151.16983819752932,-33.67845693603158,22.399999618530273],[151.16985278204083,-33.67844821885228,22],[151.16992201656103,-33.67843539454043,21.200000762939453],[151.1699544545263,-33.67843656800687,20.799999237060547],[151.1699956934899,-33.67841544561088,19.799999237060547],[151.16999736987054,-33.678407315164804,19.799999237060547],[151.17001086473465,-33.67839298211038,19.399999618530273],[151.1700459010899,-33.67837571538985,18.799999237060547],[151.17005998268723,-33.6783711053431,18.600000381469727],[151.17008982226253,-33.67836297489703,17.399999618530273],[151.17009208537638,-33.67836305871606,17.200000762939453],[151.17012737318873,-33.67835668846965,16.200000762939453],[151.17013340815902,-33.67834948003292,15.800000190734863],[151.17015545256436,-33.67833380587399,15.199999809265137],[151.17018126882613,-33.67833439260721,14.800000190734863],[151.17019375786185,-33.67833380587399,14.800000190734863],[151.1702121142298,-33.678330620750785,14.600000381469727],[151.17023441009223,-33.67832399904728,14],[151.1702607292682,-33.678307654336095,13.800000190734863],[151.17034764960408,-33.67829390801489,13.199999809265137],[151.17039039731026,-33.67827161215246,13.199999809265137],[151.17043917998672,-33.678251495584846,13.199999809265137],[151.1705009546131,-33.6782297026366,13],[151.17052274756134,-33.67822173982859,13.199999809265137],[151.17053255438805,-33.678213777020574,13.199999809265137],[151.1706317961216,-33.67818687111139,13.399999618530273],[151.17067077197134,-33.67817991413176,13.600000381469727],[151.1707406770438,-33.67813901044428,14],[151.17085341364145,-33.67804538458586,13.600000381469727],[151.17087797261775,-33.67802694439888,13.199999809265137],[151.17092004977167,-33.67799769155681,13],[151.17095600813627,-33.677956871688366,12.399999618530273],[151.17096053436399,-33.677944550290704,12.199999809265137],[151.17096380330622,-33.677939772605896,12],[151.17097838781774,-33.677921583876014,11.800000190734863],[151.17101702839136,-33.67788855917752,11.600000381469727],[151.17104209028184,-33.6778618209064,11.399999618530273],[151.17106874473393,-33.677819995209575,11.399999618530273],[151.17107033729553,-33.67780800908804,11.199999809265137],[151.17108307778835,-33.67776660248637,11],[151.17108047939837,-33.67776257917285,11],[151.17107142694294,-33.677755538374186,10.800000190734863],[151.17105667479336,-33.67773525416851,10.399999618530273],[151.17106824181974,-33.67771320976317,10],[151.17109782993793,-33.67767171934247,8.600000381469727],[151.17111937142909,-33.677639281377196,7.800000190734863],[151.17112616077065,-33.677625954151154,7.400000095367432],[151.1711342073977,-33.67761463858187,6.599999904632568],[151.17113982327282,-33.67760860361159,6.199999809265137],[151.17114711552858,-33.67758370935917,5.599999904632568],[151.17115759290755,-33.677509278059006,5.199999809265137],[151.17112062871456,-33.6774077732116,4.800000190734863],[151.17106396704912,-33.677290845662355,4.400000095367432],[151.17097964510322,-33.677234603092074,4.400000095367432],[151.17096589878201,-33.67722555063665,4.400000095367432],[151.17095047608018,-33.677206356078386,4.199999809265137],[151.17091217078269,-33.677170649170876,4.199999809265137],[151.1708969157189,-33.67716310545802,4],[151.17082650773227,-33.677107617259026,4.199999809265137],[151.17076305672526,-33.67706436663866,4],[151.1706701014191,-33.67703444324434,3.799999952316284],[151.17062157019973,-33.67701223120093,4],[151.1705604661256,-33.67700636386871,4],[151.17048729211092,-33.67697493173182,4.199999809265137],[151.1704766470939,-33.67696898058057,4.199999809265137],[151.1703402735293,-33.67697157897055,3.799999952316284],[151.1702816002071,-33.676964454352856,3.5999999046325684],[151.17016618140042,-33.67698264308274,3.5999999046325684],[151.17001329548657,-33.67695691064,3.5999999046325684],[151.16998521611094,-33.676947774365544,3.5999999046325684],[151.16985035128891,-33.6768982373178,3.799999952316284],[151.16976502351463,-33.67687904275954,4.199999809265137],[151.16964566521347,-33.67686320096254,4],[151.16949839517474,-33.676867224276066,5],[151.16948314011097,-33.67686588317156,5.199999809265137],[151.1694438289851,-33.67687778547406,5.599999904632568],[151.1694256402552,-33.67689220234752,5.800000190734863],[151.16941256448627,-33.676896560937166,6],[151.16939429193735,-33.67690293118358,6.199999809265137],[151.1693505384028,-33.67691684514284,6.599999904632568],[151.1693154182285,-33.676934111863375,6.599999904632568],[151.1692918650806,-33.67694903165102,6.599999904632568],[151.1691866721958,-33.67701776325703,6.800000190734863],[151.1691774521023,-33.67702027782798,6.800000190734863],[151.16910704411566,-33.677065037190914,7],[151.1690725106746,-33.67707551456988,7.199999809265137],[151.16897192783654,-33.67712153121829,7.800000190734863],[151.16895684041083,-33.67712773382664,7.800000190734863],[151.1688663996756,-33.67717048153281,7.599999904632568],[151.1688368115574,-33.6771677993238,7.400000095367432],[151.16877579130232,-33.67717584595084,7.199999809265137],[151.16873388178647,-33.67719721980393,7],[151.1687197163701,-33.677210211753845,7],[151.16868493147194,-33.67723384872079,6.599999904632568],[151.1686523258686,-33.67722521536052,6.400000095367432],[151.16862969473004,-33.67722420953214,6.199999809265137],[151.1685434449464,-33.67723099887371,5],[151.1685061454773,-33.67722135968506,4.599999904632568],[151.1684685945511,-33.67720258422196,5],[151.16846406832337,-33.67717760615051,4],[151.16850329563022,-33.67711306549609,3.4000000953674316],[151.16852374747396,-33.67705615237355,3],[151.16852500475943,-33.6770417355001,3],[151.16855300031602,-33.67697945795953,3.4000000953674316],[151.16857789456844,-33.67693939246237,4.400000095367432],[151.16860136389732,-33.676916593685746,4.800000190734863],[151.1686182115227,-33.676876528188586,5.400000095367432],[151.1686105839908,-33.67683369666338,5.800000190734863],[151.16855551488698,-33.676716182380915,6],[151.1685278546065,-33.676705453544855,5.599999904632568],[151.16847697645426,-33.67666790261865,5],[151.16842517629266,-33.67661300115287,4.800000190734863],[151.16841528564692,-33.67660227231681,4.800000190734863],[151.16840329952538,-33.67659439332783,4.599999904632568],[151.16839106194675,-33.676585676148534,4.400000095367432],[151.16833666339517,-33.67655818350613,4.199999809265137],[151.16827480494976,-33.67644435726106,4],[151.16822769865394,-33.6763820797205,4],[151.16821185685694,-33.67635332979262,4],[151.16818511858582,-33.6763075646013,4.199999809265137],[151.16818151436746,-33.676290046423674,4.400000095367432],[151.16816952824593,-33.67626557126641,4.400000095367432],[151.16815050132573,-33.6762420181185,4.599999904632568],[151.1681448854506,-33.67622341029346,4.599999904632568],[151.1681385152042,-33.676198683679104,4.800000190734863],[151.16812024265528,-33.676173789426684,4.599999904632568],[151.16810674779117,-33.67616582661867,4.599999904632568],[151.16803877055645,-33.676088377833366,4.800000190734863],[151.1680277902633,-33.67607681080699,4.800000190734863],[151.16801756434143,-33.6760522518307,4.599999904632568],[151.16800809279084,-33.67602257989347,4.599999904632568],[151.1679831147194,-33.67596591822803,4],[151.16792611777782,-33.67591545917094,4],[151.16791991516948,-33.67589886300266,4],[151.16791907697916,-33.67580532096326,3.799999952316284],[151.16792955435812,-33.67578520439565,3.5999999046325684],[151.16793718189,-33.6757430434227,3.5999999046325684],[151.1679646745324,-33.67568587884307,4.199999809265137],[151.16799074225128,-33.67563659325242,4.400000095367432],[151.16803432814777,-33.67551933042705,4.800000190734863],[151.16806861013174,-33.675442384555936,4.400000095367432],[151.16809132508934,-33.675429644063115,4.400000095367432],[151.16810750216246,-33.67541539482772,4.199999809265137],[151.168103646487,-33.67536451667547,3.4000000953674316],[151.1681261099875,-33.67528044618666,2.799999952316284],[151.1681467294693,-33.67523627355695,2.799999952316284],[151.1681861244142,-33.67515781894326,3],[151.16818889044225,-33.675121357664466,3.4000000953674316],[151.16819475777447,-33.67509420029819,3.4000000953674316],[151.16819199174643,-33.67506553418934,4],[151.16818553768098,-33.67504298686981,4.199999809265137],[151.16818235255778,-33.67502002045512,4.400000095367432],[151.1681932490319,-33.67499059997499,4.400000095367432],[151.1682099290192,-33.67494852282107,4.199999809265137],[151.1682136170566,-33.67489102296531,3.5999999046325684],[151.16821512579918,-33.67487836629152,3.5999999046325684],[151.16821504198015,-33.67486797273159,3.4000000953674316],[151.16821420378983,-33.67481969296932,3.4000000953674316],[151.1682143714279,-33.67478650063276,3.5999999046325684],[151.16821747273207,-33.67477644234896,3.799999952316284],[151.1682194005698,-33.67476345039904,4],[151.16821286268532,-33.67474861443043,4.199999809265137],[151.16818520240486,-33.674669321626425,5.199999809265137],[151.1681387666613,-33.6745997518301,5.400000095367432],[151.16811127401888,-33.67457586340606,5.599999904632568],[151.1681070830673,-33.674555998295546,5.800000190734863],[151.1680671852082,-33.6745238956064,6.199999809265137],[151.16804379969835,-33.67451467551291,6.400000095367432],[151.1680161394179,-33.674484081566334,6.400000095367432],[151.1680066678673,-33.67447134107351,6.400000095367432],[151.16798194125295,-33.67440956644714,6.199999809265137],[151.16796257905662,-33.674386935308576,6.199999809265137],[151.16784866899252,-33.674301439896226,6],[151.16778245195746,-33.67425181902945,5.800000190734863],[151.16777951829135,-33.67422348819673,5.800000190734863],[151.1676988005638,-33.67415953427553,5],[151.16767306812108,-33.6741507332772,5],[151.16762436926365,-33.67413262836635,4.800000190734863],[151.167606767267,-33.6741161160171,4.599999904632568],[151.1675946135074,-33.67410128004849,4.400000095367432],[151.1675814539194,-33.67409105412662,4.400000095367432],[151.16755857132375,-33.674073703587055,4.199999809265137],[151.16750970482826,-33.674034560099244,4],[151.16747776977718,-33.674002205953,3.799999952316284],[151.1674625147134,-33.674004804342985,3.5999999046325684],[151.1674286518246,-33.67400103248656,3.4000000953674316],[151.16740057244897,-33.67399172857404,3.200000047683716],[151.1673805397004,-33.67397722788155,3.200000047683716],[151.16731725633144,-33.673927523195744,3.200000047683716],[151.16721373982728,-33.67386717349291,3],[151.1672014184296,-33.67385694757104,3],[151.1671802122146,-33.673840183764696,3.200000047683716],[151.16715414449573,-33.673810260370374,3.200000047683716],[151.16712229326367,-33.67378335446119,3.200000047683716],[151.16709580644965,-33.67377388291061,3.200000047683716],[151.16699069738388,-33.67375385016203,3.5999999046325684],[151.16688550449908,-33.67367824539542,3.799999952316284],[151.1668781284243,-33.67367430590093,3.5999999046325684],[151.16682222113013,-33.673661313951015,3.200000047683716],[151.1667460296303,-33.6736464779824,2.799999952316284],[151.1667364742607,-33.67363700643182,2.799999952316284],[151.16672465577722,-33.67363164201379,2.799999952316284],[151.1666534934193,-33.67361856624484,3],[151.16661082953215,-33.673608005046844,3.4000000953674316],[151.16657788865268,-33.673590403050184,3.5999999046325684],[151.1665631365031,-33.67358545772731,3.5999999046325684],[151.16653027944267,-33.673582607880235,3.4000000953674316],[151.1664923094213,-33.67357020266354,3.4000000953674316],[151.16647579707205,-33.673568023368716,3.200000047683716],[151.16639273241162,-33.673559725284576,3.4000000953674316],[151.1662777327001,-33.67353022098541,3.5999999046325684],[151.16619106382132,-33.67350616492331,3.799999952316284],[151.1661856994033,-33.673504488542676,3.799999952316284],[151.16617111489177,-33.67348462343216,4],[151.1661489866674,-33.67345595732331,4],[151.16607983596623,-33.673437433317304,4],[151.16606164723635,-33.67343047633767,4],[151.16603759117424,-33.673381274566054,4.199999809265137],[151.1660414468497,-33.67331178858876,4.199999809265137],[151.1660219170153,-33.67328563705087,4.199999809265137],[151.16601269692183,-33.67325487546623,4.400000095367432],[151.16600423119962,-33.67325018160045,4.599999904632568],[151.1659933347255,-33.67322470061481,5.400000095367432],[151.16598771885037,-33.67318849079311,6.599999904632568],[151.16600800305605,-33.67315370589495,7.199999809265137],[151.166005237028,-33.673108695074916,7.800000190734863],[151.16602250374854,-33.67307810112834,8.199999809265137],[151.1660509184003,-33.67303024046123,8.399999618530273],[151.1661069933325,-33.67296997457743,8.199999809265137],[151.16615300998092,-33.67289185523987,8.199999809265137],[151.16617220453918,-33.67288053967059,8.199999809265137],[151.16618008352816,-33.672870732843876,8.399999618530273],[151.16617639549077,-33.672829577699304,8.399999618530273],[151.1661904770881,-33.67278481833637,8.600000381469727],[151.16620020009577,-33.67276730015874,8.800000190734863],[151.16621143184602,-33.672743579372764,9],[151.16619533859193,-33.67270887829363,9.600000381469727],[151.16619282402098,-33.67267836816609,9.800000190734863],[151.1662053130567,-33.672613659873605,10.399999618530273],[151.1662021279335,-33.6726088821888,10.600000381469727],[151.1662028823048,-33.672602009028196,10.600000381469727],[151.16620598360896,-33.67258423939347,11],[151.166203469038,-33.67256806232035,11.199999809265137],[151.166219310835,-33.67254107259214,11.800000190734863],[151.1662240885198,-33.6725277453661,12],[151.1662441212684,-33.6724688205868,12.399999618530273],[151.1662784870714,-33.672403106465936,13],[151.16634185425937,-33.672312246635556,14],[151.16634277626872,-33.672308139503,14],[151.16636021062732,-33.672282323241234,14.600000381469727],[151.16639935411513,-33.672242844477296,14.800000190734863],[151.16644637659192,-33.67216237820685,14.800000190734863],[151.16645123809576,-33.672133376821876,15],[151.16647001355886,-33.67210948839784,15.199999809265137],[151.16653069853783,-33.67209054529667,15],[151.16655701771379,-33.67208283394575,14.600000381469727],[151.1666022799909,-33.67207009345293,14],[151.16663781926036,-33.67206389084458,13.800000190734863],[151.1666715145111,-33.67205148562789,13],[151.1666984204203,-33.672042014077306,12.399999618530273],[151.1667140107602,-33.67204871959984,12],[151.1667296011001,-33.6720475461334,11.800000190734863],[151.16676866076887,-33.67203782312572,10.800000190734863],[151.16678894497454,-33.67203053086996,10.600000381469727],[151.16680026054382,-33.67203053086996,10.399999618530273],[151.16683253087103,-33.67202650755644,9.600000381469727],[151.16685692220926,-33.67201041430235,9.199999809265137],[151.1669016815722,-33.67197680287063,8.399999618530273],[151.16695884615183,-33.671943275257945,7.599999904632568],[151.16696622222662,-33.671935396268964,7.400000095367432],[151.16700754500926,-33.67192106321454,7],[151.16707711480558,-33.67187303490937,6.400000095367432],[151.16712044924498,-33.67182676680386,6.400000095367432],[151.16713101044297,-33.67182592861354,6.400000095367432],[151.167176021263,-33.671809919178486,6.199999809265137],[151.16727048531175,-33.67176189087331,5.599999904632568],[151.16730275563896,-33.67175451479852,5.199999809265137],[151.167363692075,-33.67172936908901,5],[151.16742236539721,-33.67172123864293,5.400000095367432],[151.16743284277618,-33.6717074085027,5.400000095367432],[151.16748782806098,-33.67166440933943,6],[151.16750350221992,-33.67167128250003,6],[151.16756192408502,-33.67167471908033,6.199999809265137],[151.16757634095848,-33.671667259186506,6.199999809265137],[151.16758438758552,-33.67166122421622,6.199999809265137],[151.16762260906398,-33.67163993418217,6.199999809265137],[151.16767357103527,-33.671619314700365,5.800000190734863],[151.16772696375847,-33.67155997082591,5],[151.167730987072,-33.67154865525663,4.800000190734863],[151.16772805340588,-33.671528873965144,4.599999904632568],[151.1677114572376,-33.67150532081723,4.400000095367432],[151.16770282387733,-33.6714930832386,4.400000095367432],[151.16767767816782,-33.671463411301374,4.400000095367432],[151.16767533123493,-33.67144765332341,4.400000095367432],[151.16767533123493,-33.67142904549837,4.400000095367432],[151.1676686257124,-33.67142217233777,4.400000095367432],[151.16763317026198,-33.671398954465985,4.199999809265137],[151.16760718636215,-33.671386297792196,4.199999809265137],[151.16758128628135,-33.67136953398585,4],[151.16754842922091,-33.67135947570205,4],[151.16753376089036,-33.67135335691273,4],[151.1675203498453,-33.67134287953377,4],[151.16745916195214,-33.67131505161524,3.799999952316284],[151.1673527956009,-33.671253276988864,4],[151.16728691384196,-33.671210277825594,4],[151.1672560684383,-33.67120508104563,3.799999952316284],[151.16724450141191,-33.67119527421892,3.799999952316284],[151.1672108899802,-33.671147329732776,3.799999952316284],[151.16715112701058,-33.67108874022961,4.199999809265137],[151.16712355054915,-33.671058397740126,4.199999809265137],[151.16707619279623,-33.67103794589639,4.199999809265137],[151.1670304276049,-33.671011961996555,4.400000095367432],[151.16703126579523,-33.670986983925104,4.599999904632568],[151.16702347062528,-33.67097457870841,4.599999904632568],[151.16696203127503,-33.67091976106167,5],[151.16692087613046,-33.67089352570474,5.199999809265137],[151.16686974652112,-33.67087776772678,5.199999809265137],[151.1668578442186,-33.670861925929785,5.199999809265137],[151.16684577427804,-33.670838708058,5.400000095367432],[151.16683462634683,-33.6708247102797,5.400000095367432],[151.1667864304036,-33.67080492898822,6],[151.16677469573915,-33.67078246548772,6],[151.16675030440092,-33.670734940096736,5.800000190734863],[151.16673555225134,-33.670717757195234,5.599999904632568],[151.16672482341528,-33.670708034187555,5.599999904632568],[151.16658886894584,-33.67060669697821,5.400000095367432],[151.1665395833552,-33.670554645359516,5.400000095367432],[151.1664555966854,-33.670484740287066,5.199999809265137],[151.16644017398357,-33.670475855469704,5],[151.16642240434885,-33.67045322433114,5],[151.1663950793445,-33.67044383659959,5.199999809265137],[151.16638275794685,-33.67043402977288,5.199999809265137],[151.16632534191012,-33.67039983160794,5.199999809265137],[151.16631352342665,-33.6703846603632,5],[151.16629793308675,-33.67037703283131,5],[151.16627144627273,-33.67035289295018,5],[151.166264237836,-33.67031282745302,5],[151.16626356728375,-33.67026605643332,4.800000190734863],[151.16625929251313,-33.67023739032447,4.800000190734863],[151.16625082679093,-33.670228254050016,4.800000190734863],[151.1662374995649,-33.67021509446204,5],[151.1662259325385,-33.67020688019693,5],[151.16617924533784,-33.67011442780495,5.400000095367432],[151.16618586704135,-33.67006371729076,5.599999904632568],[151.16621595807374,-33.67004418745637,5.800000190734863],[151.16626918315887,-33.6699908785522,6],[151.16630556061864,-33.66994561627507,6.199999809265137],[151.16634076461196,-33.66989314556122,6],[151.16636381484568,-33.66987579502165,6.199999809265137],[151.16637923754752,-33.66986154578626,6.199999809265137],[151.1664003599435,-33.66982416249812,6],[151.1664037965238,-33.66980094462633,6],[151.16641016677022,-33.66975300014019,6],[151.16639759391546,-33.66971779614687,6.400000095367432],[151.16640505380929,-33.66970614530146,6.800000190734863],[151.16640673018992,-33.66969776339829,7],[151.16641041822731,-33.669683346524835,7.199999809265137],[151.16642408072948,-33.66966197267175,7.599999904632568],[151.1664315406233,-33.66963129490614,8.399999618530273],[151.16643581539392,-33.66959961131215,9.199999809265137],[151.16643673740327,-33.66957748308778,9.800000190734863],[151.16643271408975,-33.669553427025676,10.399999618530273],[151.16643288172781,-33.66953959688544,10.800000190734863],[151.1664262600243,-33.66952719166875,11],[151.1664267629385,-33.6694985255599,11.800000190734863],[151.16642894223332,-33.669470781460404,12.600000381469727],[151.16642944514751,-33.669460974633694,13],[151.16643832996488,-33.669448401778936,13.399999618530273],[151.16646255366504,-33.669413197785616,14.199999809265137],[151.16647336632013,-33.669391656294465,14.600000381469727],[151.1664959974587,-33.66937120445073,15],[151.16652147844434,-33.66934899240732,15.199999809265137],[151.16659096442163,-33.66928034462035,14.800000190734863],[151.16660202853382,-33.669257713481784,14.399999618530273],[151.16661133244634,-33.669237261638045,14.199999809265137],[151.1666498053819,-33.669176660478115,14],[151.16672767326236,-33.669107761234045,13.800000190734863],[151.16675667464733,-33.66906836628914,13.600000381469727],[151.16676933132112,-33.669048082083464,13.800000190734863],[151.16678869351745,-33.66901824250817,14.399999618530273],[151.16682121530175,-33.668963173404336,14.600000381469727],[151.16682649590075,-33.668946493417025,14.600000381469727],[151.16684996522963,-33.66893174126744,14.600000381469727],[151.1668551620096,-33.668923527002335,14.399999618530273],[151.16688592359424,-33.66890232078731,14.199999809265137],[151.1669056210667,-33.66888664662838,14],[151.16691475734115,-33.668876672163606,13.800000190734863],[151.16694811731577,-33.668841468170285,13.199999809265137],[151.16698826663196,-33.66882059723139,12.800000190734863],[151.16700301878154,-33.66880995221436,12.600000381469727],[151.1670541483909,-33.66878095082939,11.800000190734863],[151.167083485052,-33.66877340711653,11],[151.16710008122027,-33.66877290420234,10.600000381469727],[151.16715204901993,-33.66876158863306,9.800000190734863],[151.16716369986534,-33.66875823587179,9.600000381469727],[151.1671792063862,-33.668757900595665,9.199999809265137],[151.16722321137786,-33.668748177587986,8.600000381469727],[151.1672386340797,-33.668739292770624,8.199999809265137],[151.1673353612423,-33.66869713179767,7.400000095367432],[151.1673570703715,-33.66869235411286,7.400000095367432],[151.16739294491708,-33.66867810487747,7.400000095367432],[151.16742010228336,-33.66866343654692,7.199999809265137],[151.16750207729638,-33.66860954090953,7.199999809265137],[151.16751238703728,-33.668599063530564,7.199999809265137],[151.16756678558886,-33.668535109609365,7.400000095367432],[151.1675832979381,-33.66850300692022,7.599999904632568],[151.16762596182525,-33.668466629460454,8],[151.16764465346932,-33.66845162585378,8.399999618530273],[151.16770123131573,-33.66839446127415,9.399999618530273],[151.16779142059386,-33.66835850290954,10.600000381469727],[151.16779804229736,-33.668345008045435,10.600000381469727],[151.1677989643067,-33.66832874715328,10.800000190734863],[151.16781941615045,-33.668306870386004,11.399999618530273],[151.16783341392875,-33.66829429753125,11.800000190734863],[151.1678985413164,-33.66823738440871,12.399999618530273],[151.1679464019835,-33.6681948043406,12.399999618530273],[151.16795503534377,-33.668180303648114,12.399999618530273],[151.16801228374243,-33.66812104359269,12.600000381469727],[151.1680238507688,-33.66810285486281,12.600000381469727],[151.1680246051401,-33.66808860562742,12.800000190734863],[151.16802996955812,-33.66806614212692,13.399999618530273],[151.1680261977017,-33.66805792786181,13.800000190734863],[151.1680193245411,-33.66806630976498,13.800000190734863],[151.16801999509335,-33.6680668964982,13.800000190734863],[151.168066682294,-33.667988777160645,13.399999618530273],[151.16810004226863,-33.66790353320539,13],[151.168098365888,-33.66789624094963,13],[151.16809752769768,-33.66788676939905,12.800000190734863],[151.16809568367898,-33.66785114631057,12.399999618530273],[151.16809367202222,-33.6678113322705,12.199999809265137],[151.1680875532329,-33.66776380687952,12],[151.16808311082423,-33.66775928065181,11.800000190734863],[151.16807866841555,-33.667754502967,11.600000381469727],[151.16807548329234,-33.66769876331091,10.800000190734863],[151.1680660955608,-33.6676974222064,10.800000190734863],[151.16804480552673,-33.667658027261496,10.199999809265137],[151.16801689378917,-33.667649142444134,10],[151.1679940111935,-33.667629612609744,9.600000381469727],[151.1679479945451,-33.667612094432116,9.199999809265137],[151.16787088103592,-33.667574962601066,9],[151.16785713471472,-33.66755551658571,9],[151.16784087382257,-33.667544201016426,8.800000190734863],[151.16781648248434,-33.667534813284874,8.800000190734863],[151.1677740700543,-33.66752349771559,8.600000381469727],[151.16770718246698,-33.66749340668321,8.600000381469727],[151.16766879335046,-33.6674714460969,8.600000381469727],[151.16762311197817,-33.6674696020782,8],[151.16757659241557,-33.66742065176368,7.599999904632568],[151.16754834540188,-33.66739047691226,7.599999904632568],[151.1675365269184,-33.66738351993263,7.599999904632568],[151.16749931126833,-33.667357536032796,7.599999904632568],[151.16744617000222,-33.66734714247286,7.599999904632568],[151.16735673509538,-33.66732995957136,8],[151.16731859743595,-33.66730850189924,8],[151.16726579144597,-33.66729416884482,8.399999618530273],[151.1672532185912,-33.66728201508522,8.800000190734863],[151.16721943952143,-33.66726189851761,8.800000190734863],[151.16721424274147,-33.66724982857704,8.800000190734863],[151.16716101765633,-33.66719978861511,7.599999904632568],[151.1671487800777,-33.66719241254032,7.599999904632568],[151.1671361234039,-33.66718394681811,7.400000095367432],[151.16709236986935,-33.66716081276536,7.400000095367432],[151.16704777814448,-33.66712669841945,7.400000095367432],[151.16703378036618,-33.6671138741076,7.400000095367432],[151.1670192796737,-33.667098535224795,7.199999809265137],[151.1669550742954,-33.66702787578106,7.199999809265137],[151.16692355833948,-33.66701723076403,7.199999809265137],[151.166887935251,-33.66700440645218,7],[151.16686119697988,-33.66697154939175,6.400000095367432],[151.1668216343969,-33.666950929909945,6],[151.16680830717087,-33.66694422438741,5.800000190734863],[151.1667473707348,-33.66684900596738,5.800000190734863],[151.16672557778656,-33.666826877743006,6],[151.16669506765902,-33.66679661907256,6.400000095367432],[151.16663119755685,-33.66670391522348,7.199999809265137],[151.16662776097655,-33.6666992213577,7.199999809265137],[151.1666207201779,-33.66667659021914,7.199999809265137],[151.16660680621862,-33.666671393439174,7.199999809265137],[151.16655902937055,-33.66664004512131,7.400000095367432],[151.16652633994818,-33.66663350723684,7.400000095367432],[151.1664975900203,-33.66663216613233,7.599999904632568],[151.1664640624076,-33.66661515086889,7.800000190734863],[151.16643900051713,-33.66661171428859,7.800000190734863],[151.16643078625202,-33.666597632691264,7.800000190734863],[151.16642952896655,-33.66656678728759,8],[151.16640849038959,-33.66654373705387,8.600000381469727],[151.1663781479001,-33.666508197784424,9.199999809265137],[151.16635526530445,-33.666485231369734,9.600000381469727],[151.1663112603128,-33.666409542784095,9.800000190734863],[151.16628041490912,-33.66633452475071,8.600000381469727],[151.16627362556756,-33.666320191696286,8.399999618530273],[151.1662740446627,-33.66630828939378,8.199999809265137],[151.16629692725837,-33.66623084060848,7.599999904632568],[151.1662988550961,-33.666211646050215,7.599999904632568],[151.16635970771313,-33.666039649397135,6.400000095367432],[151.16638585925102,-33.66598851978779,6.199999809265137],[151.16639700718224,-33.665944430977106,6],[151.16638954728842,-33.665901431813836,5.800000190734863],[151.16638770326972,-33.66588843986392,5.800000190734863],[151.16639466024935,-33.665791377425194,5.599999904632568],[151.16637278348207,-33.665717197582126,5.599999904632568],[151.16636607795954,-33.66570563055575,5.599999904632568],[151.16635710932314,-33.66565299220383,5.800000190734863],[151.16634570993483,-33.66560546681285,6.400000095367432],[151.16631226614118,-33.66553941741586,6.599999904632568],[151.16629390977323,-33.6655199714005,6.400000095367432],[151.1662681773305,-33.66548476740718,6.599999904632568],[151.16626381874084,-33.66546825505793,6.400000095367432],[151.16625032387674,-33.66541092284024,6.599999904632568],[151.16624621674418,-33.665320398285985,6.599999904632568],[151.16625644266605,-33.66520539857447,6.599999904632568],[151.16625334136188,-33.66519114933908,6.599999904632568],[151.16625200025737,-33.66515611298382,6.599999904632568],[151.16625610738993,-33.665129877626896,6.599999904632568],[151.16624931804836,-33.665113197639585,6.599999904632568],[151.16624772548676,-33.66509836167097,6.599999904632568],[151.16623875685036,-33.66507145576179,6.800000190734863],[151.16623481735587,-33.665046812966466,7],[151.16622576490045,-33.665008675307035,7.599999904632568],[151.16622786037624,-33.664998868480325,8],[151.16622844710946,-33.66497866809368,8.199999809265137],[151.1662296205759,-33.66496626287699,8.199999809265137],[151.16622056812048,-33.66494178771973,8.199999809265137],[151.1661640740931,-33.66488236002624,8],[151.16611881181598,-33.664851849898696,7.599999904632568],[151.16606743074954,-33.66481865756214,6.800000190734863],[151.1660551931709,-33.664813712239265,6.599999904632568],[151.1660187318921,-33.66480893455446,6.199999809265137],[151.1659724637866,-33.664781861007214,5.800000190734863],[151.16594647988677,-33.66476979106665,5.800000190734863],[151.16587665863335,-33.664743388071656,6],[151.16586190648377,-33.66474120877683,6],[151.16584623232484,-33.66472679190338,6],[151.16583047434688,-33.664702316746116,6],[151.16579183377326,-33.66469628177583,5.599999904632568],[151.16578630171716,-33.66469971835613,5.599999904632568],[151.16574640385807,-33.664698796346784,5.599999904632568],[151.16571379825473,-33.66468018852174,5.599999904632568],[151.1656724754721,-33.66465898230672,5.599999904632568],[151.1656415462494,-33.66464691236615,5.400000095367432],[151.1655828729272,-33.664552783593535,5.400000095367432],[151.16558438166976,-33.66454356350005,5.400000095367432],[151.16554699838161,-33.664499055594206,5],[151.16551489569247,-33.66448815912008,5.199999809265137],[151.16548413410783,-33.664478939026594,5.199999809265137],[151.16542948409915,-33.66444214247167,5.599999904632568],[151.16535077802837,-33.66438531316817,5.599999904632568],[151.16531666368246,-33.66431783884764,5.400000095367432],[151.1652605049312,-33.66427366621792,5.400000095367432],[151.16524994373322,-33.664263524115086,5.400000095367432],[151.16522538475692,-33.66424768231809,5.400000095367432],[151.16518951021135,-33.664243491366506,5.400000095367432],[151.16511574946344,-33.6642125621438,5.400000095367432],[151.16508691571653,-33.6641763523221,5.199999809265137],[151.16505791433156,-33.66415053606033,5.199999809265137],[151.1650297511369,-33.664143327623606,5.199999809265137],[151.16499840281904,-33.66413896903396,5.400000095367432],[151.16496194154024,-33.66410510614514,5.400000095367432],[151.16492833010852,-33.66408063098788,5.400000095367432],[151.1648362968117,-33.66405959241092,5.599999904632568],[151.16479950025678,-33.66404584608972,5.599999904632568],[151.16475113667548,-33.664023634046316,5.599999904632568],[151.1647279188037,-33.663994213566184,5.800000190734863],[151.164694391191,-33.66396177560091,5.800000190734863],[151.16468818858266,-33.66395532153547,5.800000190734863],[151.1646584328264,-33.66393101401627,5.800000190734863],[151.16464594379067,-33.66392330266535,6],[151.16461174562573,-33.66392405703664,6],[151.1645672377199,-33.66391089744866,6],[151.16454192437232,-33.663908801972866,6],[151.16447042673826,-33.66387762129307,6.599999904632568],[151.16442893631756,-33.66385465487838,6.800000190734863],[151.1644179560244,-33.66385130211711,6.800000190734863],[151.1643695924431,-33.66381500847638,6.400000095367432],[151.16436263546348,-33.66380101069808,6.400000095367432],[151.1642630584538,-33.66373848170042,6.199999809265137],[151.1641633976251,-33.6637032777071,6.199999809265137],[151.16414805874228,-33.66369850002229,6.199999809265137],[151.1641330551356,-33.66368634626269,6.199999809265137],[151.16410095244646,-33.663657596334815,6.400000095367432],[151.16408955305815,-33.66364133544266,6.400000095367432],[151.16398653946817,-33.66358601488173,6.800000190734863],[151.16396684199572,-33.66358215920627,6.800000190734863],[151.16394161246717,-33.66357168182731,7],[151.16391663439572,-33.663557851687074,7.199999809265137],[151.16390112787485,-33.66355374455452,7.199999809265137],[151.16385653614998,-33.66353966295719,7.199999809265137],[151.16381345316768,-33.66352491080761,7.199999809265137],[151.16378721781075,-33.66351602599025,7.199999809265137],[151.1637189052999,-33.663502195850015,7.199999809265137],[151.16361756809056,-33.663443606346846,7.599999904632568],[151.16359896026552,-33.66343245841563,7.599999904632568],[151.16354548372328,-33.66340228356421,7.800000190734863],[151.16351966746151,-33.66337059997022,7.800000190734863],[151.16350491531193,-33.663366828113794,7.800000190734863],[151.16347993724048,-33.6633544228971,8],[151.1634675320238,-33.663349309936166,8.199999809265137],[151.16345370188355,-33.66335081867874,8.199999809265137],[151.16341196000576,-33.66334956139326,8.600000381469727],[151.16332202218473,-33.66331385448575,8.600000381469727],[151.1633108742535,-33.663303377106786,8.600000381469727],[151.16327164694667,-33.66328250616789,8.600000381469727],[151.16325463168323,-33.66326549090445,8.800000190734863],[151.16322931833565,-33.66322048008442,8.399999618530273],[151.1631963774562,-33.66319022141397,8],[151.16314893588424,-33.66315325722098,7.800000190734863],[151.1630917713046,-33.66313515231013,7.599999904632568],[151.16303133778274,-33.66306415759027,7.199999809265137],[151.16301675327122,-33.66303222253919,7.199999809265137],[151.1629735864699,-33.66299190558493,7.199999809265137],[151.16292857564986,-33.66296198219061,7.199999809265137],[151.16291457787156,-33.662928119301796,7.199999809265137],[151.16291239857674,-33.66291948594153,7.199999809265137],[151.16290745325387,-33.66287665441632,7],[151.16289337165654,-33.66285947151482,7],[151.16288130171597,-33.66285268217325,7],[151.1628525517881,-33.66284270770848,7],[151.16282698698342,-33.66283005103469,7.199999809265137],[151.1628139950335,-33.66282133385539,7.199999809265137],[151.16278457455337,-33.66275494918227,7.400000095367432],[151.1627656314522,-33.662726702168584,7.199999809265137],[151.16274408996105,-33.662693509832025,7],[151.16270469501615,-33.662662748247385,7],[151.16262380965054,-33.66262586787343,6.800000190734863],[151.16256438195705,-33.66262201219797,6.599999904632568],[151.1625433433801,-33.6626170668751,6.599999904632568],[151.1625018529594,-33.66260181181133,6.400000095367432],[151.16247486323118,-33.66258471272886,6.400000095367432],[151.16245382465422,-33.662565937265754,6.199999809265137],[151.1624265834689,-33.66253685206175,5.800000190734863],[151.16240445524454,-33.66251640021801,5.400000095367432],[151.16236506029963,-33.662495110183954,5],[151.16235399618745,-33.66249552927911,5],[151.1623409204185,-33.66249158978462,4.800000190734863],[151.1623166128993,-33.662477089092135,4.599999904632568],[151.16228467784822,-33.662463342770934,4.599999904632568],[151.16227319464087,-33.662452613934875,4.400000095367432],[151.16224561817944,-33.662432581186295,4.599999904632568],[151.16223011165857,-33.66240366362035,4.800000190734863],[151.16220706142485,-33.662346079945564,4.599999904632568],[151.1621990147978,-33.66233459673822,4.599999904632568],[151.1621900461614,-33.66232126951218,4.400000095367432],[151.16216481663287,-33.66227801889181,4.400000095367432],[151.1621543392539,-33.66226678714156,4.400000095367432],[151.16213439032435,-33.66216603666544,4.199999809265137],[151.1621157824993,-33.66214759647846,4.199999809265137],[151.16207756102085,-33.6621215287596,4.400000095367432],[151.16203581914306,-33.66210929118097,4.400000095367432],[151.16199994459748,-33.662118930369616,4.400000095367432],[151.1619659140706,-33.66211415268481,4.400000095367432],[151.16195912472904,-33.662104262039065,4.599999904632568],[151.16199038922787,-33.66197409108281,4.599999904632568],[151.16198318079114,-33.661964032799006,4.800000190734863],[151.1619851924479,-33.661970822140574,4.800000190734863],[151.16201385855675,-33.66199839860201,4.800000190734863],[151.1620787344873,-33.66204055957496,4.800000190734863],[151.16207940503955,-33.662036368623376,4.599999904632568],[151.16206775419414,-33.66204190067947,4.599999904632568],[151.16202383302152,-33.66202438250184,4.599999904632568],[151.16201411001384,-33.66200979799032,4.599999904632568],[151.16201578639448,-33.661985574290156,4.599999904632568],[151.16201226599514,-33.66196721792221,4.400000095367432],[151.1619780678302,-33.66194047965109,4.400000095367432],[151.16196876391768,-33.66193117573857,4.400000095367432],[151.1619566101581,-33.66188549436629,4.400000095367432],[151.16192400455475,-33.661849116906524,4.400000095367432],[151.1618866212666,-33.66181315854192,4.400000095367432],[151.16182518191636,-33.661787593737245,4.400000095367432],[151.16181864403188,-33.66178256459534,4.400000095367432],[151.16174848750234,-33.661730010062456,4.599999904632568],[151.16167590022087,-33.661707043647766,4.599999904632568],[151.16164941340685,-33.66169882938266,4.599999904632568],[151.16156358271837,-33.66161098703742,4.599999904632568],[151.16155478172004,-33.66160226985812,4.599999904632568],[151.16148102097213,-33.661545775830746,4.599999904632568],[151.16140709258616,-33.66148207336664,4.400000095367432],[151.16136442869902,-33.66146036423743,4.599999904632568],[151.16134724579751,-33.66144619882107,4.400000095367432],[151.16128966212273,-33.66140428930521,4.400000095367432],[151.16118111647666,-33.661321811378,4.400000095367432],[151.16112118586898,-33.6612493917346,4.400000095367432],[151.16108816117048,-33.66122365929186,4.400000095367432],[151.16104633547366,-33.66120354272425,4.400000095367432],[151.1610223632306,-33.66119465790689,4.400000095367432],[151.16099579259753,-33.66117998957634,4.400000095367432],[151.16090945899487,-33.66111754439771,4.400000095367432],[151.16084625944495,-33.661044454202056,4.400000095367432],[151.16078171879053,-33.66097882390022,4.599999904632568],[151.1607607640326,-33.6609592102468,4.599999904632568],[151.16071407683194,-33.66089760325849,4.599999904632568],[151.1607052758336,-33.66088922135532,4.599999904632568],[151.1605870909989,-33.66079257801175,4.599999904632568],[151.16053051315248,-33.660739436745644,4.800000190734863],[151.16051492281258,-33.66073331795633,5],[151.16039221175015,-33.66068847477436,5],[151.1602871865034,-33.66066953167319,5],[151.16021443158388,-33.66063893772662,5],[151.16017336025834,-33.66062167100608,5.199999809265137],[151.1600532475859,-33.66059593856335,4.599999904632568],[151.1599623877555,-33.6606518458575,4.800000190734863],[151.1599221546203,-33.66068109869957,5],[151.1599044688046,-33.66069274954498,5.400000095367432],[151.15989474579692,-33.66069090552628,5.599999904632568],[151.15988485515118,-33.66068352945149,5.800000190734863],[151.15985736250877,-33.66064991801977,6.199999809265137],[151.15984244272113,-33.66062016226351,6.599999904632568],[151.15980489179492,-33.660573307424784,7],[151.15973087958992,-33.660458559170365,6.800000190734863],[151.15967195481062,-33.66036543622613,6.599999904632568],[151.15966348908842,-33.66035462357104,6.599999904632568],[151.1596145387739,-33.660287987440825,6.599999904632568],[151.159588387236,-33.660248005762696,6.400000095367432],[151.15957011468709,-33.6602271348238,6.400000095367432],[151.15954262204468,-33.660181453451514,6],[151.15952191874385,-33.66014214232564,5.400000095367432],[151.1595106869936,-33.660124372690916,5.199999809265137],[151.15947112441063,-33.660097885876894,5],[151.15943944081664,-33.660067208111286,4.400000095367432],[151.1594229284674,-33.66004348732531,4.199999809265137],[151.15940901450813,-33.6600164975971,4.199999809265137],[151.15935252048075,-33.65993075072765,4],[151.1593291349709,-33.65991918370128,4],[151.15921447053552,-33.65987442433834,4.199999809265137],[151.15914976224303,-33.65986444987357,4.199999809265137],[151.15912838838995,-33.65987308323383,4.400000095367432],[151.15904934704304,-33.65988942794502,4.400000095367432],[151.15903794765472,-33.65988741628826,4.400000095367432],[151.15896686911583,-33.65989236161113,4.400000095367432],[151.15892680361867,-33.65988448262215,4.800000190734863],[151.15890450775623,-33.659868221729994,5.599999904632568],[151.15890291519463,-33.65985640324652,6],[151.1589086148888,-33.65982497110963,6.199999809265137],[151.1589131411165,-33.659806698560715,6.400000095367432],[151.1589131411165,-33.659782810136676,6.400000095367432],[151.15888891741633,-33.65974668413401,6.800000190734863],[151.15888807922602,-33.659731429070234,7],[151.15886167623103,-33.65971106104553,7],[151.15885958075523,-33.659693375229836,7],[151.15886989049613,-33.65968105383217,7],[151.15892445668578,-33.65960259921849,7],[151.15894767455757,-33.659656243398786,7.199999809265137],[151.15899989381433,-33.659638138487935,7.199999809265137],[151.15900919772685,-33.65962967276573,7.199999809265137],[151.15907843224704,-33.65959228947759,6.800000190734863],[151.1590611655265,-33.65960259921849,6.400000095367432],[151.15903476253152,-33.65959991700947,6.599999904632568],[151.15899360738695,-33.659605365246534,6.599999904632568],[151.15897851996124,-33.65958214737475,6.800000190734863],[151.15896460600197,-33.659571167081594,6.800000190734863],[151.1589516978711,-33.659585919231176,6.800000190734863],[151.1589202657342,-33.659647442400455,7],[151.1589221097529,-33.65964618511498,7.199999809265137],[151.15892445668578,-33.65966286510229,7],[151.15892571397126,-33.65965540520847,7],[151.15893661044538,-33.65966026671231,7],[151.15897307172418,-33.65963436663151,7.400000095367432],[151.15894239395857,-33.65965012460947,6.800000190734863],[151.15892361849546,-33.65967535413802,6.800000190734863],[151.1589530389756,-33.659658674150705,7],[151.15897994488478,-33.65961165167391,7.400000095367432],[151.15893124602735,-33.65965540520847,6.800000190734863],[151.15892303176224,-33.65962380543351,6.800000190734863],[151.15891967900097,-33.65969119593501,7],[151.1589126382023,-33.65973704494536,7],[151.15892470814288,-33.659858079627156,9],[151.15891775116324,-33.6598608456552,8.800000190734863],[151.15884541533887,-33.65990376099944,8.199999809265137],[151.15876159630716,-33.65992379374802,8.800000190734863],[151.1587194353342,-33.659926978871226,8.800000190734863],[151.15870736539364,-33.659926392138004,8.800000190734863],[151.15869680419564,-33.65989252924919,9],[151.15869739092886,-33.65989395417273,8.800000190734863],[151.15870426408947,-33.65990283899009,8.800000190734863],[151.15868087857962,-33.659912813454866,9.399999618530273],[151.15865749306977,-33.659922536462545,10.199999809265137],[151.15864441730082,-33.65992563776672,10.399999618530273],[151.15861491300166,-33.65993150509894,11],[151.1586192715913,-33.65993385203183,11.199999809265137],[151.1586155835539,-33.659942988306284,12.199999809265137],[151.1586155835539,-33.659949358552694,12.600000381469727],[151.15860535763204,-33.65995245985687,13],[151.15860192105174,-33.65994801744819,13.399999618530273],[151.15859345532954,-33.65993594750762,14.399999618530273],[151.15859345532954,-33.65993594750762,14.399999618530273],[151.15859345532954,-33.65993594750762,15],[151.15859345532954,-33.65993594750762,15.600000381469727],[151.1585883423686,-33.65993988700211,16.600000381469727],[151.15857149474323,-33.65994072519243,17],[151.15856227464974,-33.659945921972394,17.600000381469727],[151.1585450079292,-33.659946424886584,18.200000762939453],[151.15853050723672,-33.659946424886584,18.799999237060547],[151.15847166627645,-33.66000928916037,20],[151.1584551539272,-33.660023706033826,20.200000762939453],[151.15836152806878,-33.660129737108946,21.200000762939453],[151.15835448727012,-33.66013811901212,21.399999618530273],[151.1583295930177,-33.66017977707088,22],[151.15832339040935,-33.66019260138273,22.200000762939453],[151.15831023082137,-33.660210371017456,22.399999618530273],[151.15829028189182,-33.660236271098256,22.600000381469727],[151.15826320834458,-33.66025010123849,22.600000381469727],[151.15824543870986,-33.66027005016804,22.799999237060547],[151.15822750143707,-33.660278683528304,23.399999618530273],[151.1582143418491,-33.66024540737271,24.399999618530273],[151.15821165964007,-33.66022864356637,24.600000381469727],[151.15820939652622,-33.66020182147622,25.799999237060547],[151.1581943091005,-33.6601909250021,26.799999237060547],[151.15817402489483,-33.66016561165452,27.799999237060547],[151.1581723485142,-33.66012261249125,29],[151.1581477895379,-33.66012739017606,30.399999618530273],[151.1581641342491,-33.66010274738073,31.399999618530273],[151.15816748701036,-33.66008405573666,31.600000381469727],[151.15816304460168,-33.660057317465544,32],[151.1581475380808,-33.66003619506955,32.400001525878906],[151.1581475380808,-33.660028483718634,32.79999923706055],[151.15816690027714,-33.660029489547014,33.400001525878906],[151.15818517282605,-33.66002722643316,33.599998474121094],[151.15823219530284,-33.660004595294595,34],[151.15828500129282,-33.65996461361647,34.400001525878906],[151.15828801877797,-33.65995396859944,34.400001525878906],[151.15827695466578,-33.65993301384151,34.599998474121094],[151.15826899185777,-33.65992471575737,34.79999923706055],[151.1582672316581,-33.65989554673433,35.400001525878906],[151.15826362743974,-33.65988565608859,35.79999923706055],[151.15825910121202,-33.65988280624151,36],[151.1582408286631,-33.659860426560044,36.79999923706055],[151.15823906846344,-33.659853553399444,37.400001525878906],[151.15823538042605,-33.65985372103751,38],[151.1582305189222,-33.65985296666622,38.400001525878906],[151.15822381339967,-33.659850703552365,38.599998474121094],[151.15821467712522,-33.65985380485654,39.20000076293945],[151.15820419974625,-33.6598436627537,40],[151.15819682367146,-33.65984424948692,40.400001525878906],[151.15816698409617,-33.65984835661948,41],[151.15814527496696,-33.659849781543016,41.400001525878906],[151.15813622251153,-33.659851709380746,41.599998474121094],[151.15812096744776,-33.659849781543016,41.599998474121094],[151.1581139266491,-33.65985254757106,41.79999923706055],[151.15809456445277,-33.65985003300011,42.20000076293945],[151.1580859310925,-33.65984944626689,42.400001525878906],[151.15802826359868,-33.6598539724946,43.599998474121094],[151.15800462663174,-33.659859420731664,44],[151.15797378122807,-33.65986646153033,44.599998474121094],[151.15794813260436,-33.65986763499677,45.20000076293945],[151.15792457945645,-33.65986327640712,45.20000076293945],[151.15790898911655,-33.6598626896739,45.599998474121094],[151.15789499133825,-33.659863946959376,46],[151.15788962692022,-33.65987568162382,46.599998474121094],[151.15789105184376,-33.65988599136472,46.79999923706055],[151.1578908842057,-33.65989252924919,47],[151.1579115036875,-33.65993728861213,47.79999923706055],[151.15791209042072,-33.659946005791426,48],[151.15790890529752,-33.66001666523516,48.79999923706055],[151.15790085867047,-33.660036865621805,49],[151.15788602270186,-33.66004725918174,49.400001525878906],[151.1578800715506,-33.66005748510361,49.400001525878906],[151.15783791057765,-33.66007709875703,49.79999923706055],[151.15782449953258,-33.66007123142481,50.20000076293945],[151.1577957496047,-33.660065615549684,50.79999923706055],[151.15779139101505,-33.66006192751229,51.20000076293945],[151.15774847567081,-33.6600474268198,52.400001525878906],[151.15773665718734,-33.66005404852331,52.599998474121094],[151.1577074881643,-33.66003904491663,52.79999923706055],[151.15768955089152,-33.66002940572798,53.599998474121094],[151.15766348317266,-33.66000685840845,54],[151.15764571353793,-33.6599993146956,54],[151.15762492641807,-33.659993866458535,54.400001525878906],[151.15760556422174,-33.65999277681112,54.599998474121094],[151.15759634412825,-33.65999269299209,54.79999923706055],[151.1575811728835,-33.659993866458535,55],[151.1575412750244,-33.65999420173466,55.79999923706055],[151.15748779848218,-33.659998225048184,56.599998474121094],[151.15747614763677,-33.660002164542675,56.79999923706055],[151.15747061558068,-33.66000786423683,56.79999923706055],[151.15745779126883,-33.66001767106354,57.20000076293945],[151.15745628252625,-33.660035859793425,57.400001525878906],[151.15746684372425,-33.66007374599576,58],[151.1574696097523,-33.66009084507823,58.400001525878906],[151.15747455507517,-33.66010316647589,58.599998474121094],[151.15748662501574,-33.66013786755502,59],[151.15750062279403,-33.66018128581345,59.79999923706055],[151.15750866942108,-33.66019972600043,60],[151.15753867663443,-33.66026929579675,60.599998474121094],[151.15754161030054,-33.66028103046119,60.599998474121094],[151.15754563361406,-33.660306092351675,60.599998474121094],[151.15754814818501,-33.66031765937805,60.79999923706055],[151.15753917954862,-33.660344649106264,61],[151.15752392448485,-33.660358395427465,61.20000076293945],[151.15744781680405,-33.66045445203781,62.20000076293945],[151.15740582346916,-33.66052217781544,63.599998474121094],[151.15740054287016,-33.66052821278572,63.79999923706055],[151.15736584179103,-33.66055813618004,64.5999984741211],[151.15735209546983,-33.66057272069156,65.19999694824219],[151.157334074378,-33.66059945896268,65.80000305175781],[151.15730163641274,-33.66059610620141,66.5999984741211],[151.15729593671858,-33.66058529354632,66.80000305175781],[151.15729107521474,-33.66057313978672,67.19999694824219],[151.15726701915264,-33.66052435711026,68],[151.15726458840072,-33.66051832213998,68],[151.15722167305648,-33.66041614674032,69.19999694824219],[151.15721915848553,-33.66041572764516,69.19999694824219],[151.15720708854496,-33.66042947396636,69.80000305175781],[151.1571950186044,-33.66044908761978,70.19999694824219],[151.15717347711325,-33.66047188639641,71.4000015258789],[151.15716325119138,-33.66049543954432,71.5999984741211],[151.1571466550231,-33.66055226884782,72.5999984741211],[151.1571443080902,-33.66055889055133,72.80000305175781],[151.15712561644614,-33.660607505589724,73.80000305175781],[151.15712511353195,-33.66062837652862,74],[151.15711430087686,-33.660657377913594,75],[151.15710549987853,-33.66068311035633,75.4000015258789],[151.15709787234664,-33.66070155054331,75.80000305175781],[151.15709426812828,-33.66071286611259,76],[151.15706291981041,-33.66075502708554,77],[151.15705696865916,-33.66076223552227,77.19999694824219],[151.15704372525215,-33.66080573759973,77.80000305175781],[151.15704288706183,-33.66081160493195,78],[151.15703467279673,-33.66082711145282,78.19999694824219],[151.15699561312795,-33.660860722884536,79.4000015258789],[151.15699083544314,-33.66086298599839,79.5999984741211],[151.1569814477116,-33.66084471344948,80.4000015258789],[151.1569738201797,-33.66082585416734,81],[151.15695261396468,-33.660779083147645,81.4000015258789],[151.1569339223206,-33.66073692217469,82],[151.15692989900708,-33.66072803735733,82],[151.1569069325924,-33.66071982309222,82.5999984741211],[151.1568913422525,-33.66071906872094,83.19999694824219],[151.15684188902378,-33.66072166711092,83.80000305175781],[151.15683627314866,-33.66072057746351,84.19999694824219],[151.156821353361,-33.66072937846184,84.4000015258789],[151.15679771639407,-33.6607366707176,84.80000305175781],[151.15678740665317,-33.66073885001242,85],[151.15676946938038,-33.66074547171593,85.19999694824219],[151.1567412223667,-33.66075779311359,85.80000305175781],[151.15673468448222,-33.66076223552227,86],[151.156694451347,-33.660767348483205,86.80000305175781],[151.156689170748,-33.66076609119773,87],[151.15663217380643,-33.66077070124447,88],[151.15662010386586,-33.660769443959,88.4000015258789],[151.15661021322012,-33.66076969541609,88.4000015258789],[151.1565855704248,-33.66077003069222,89.19999694824219],[151.15656830370426,-33.660770785063505,89.4000015258789],[151.1565316747874,-33.660783525556326,90.19999694824219],[151.1565192695707,-33.66078360937536,90.4000015258789],[151.15645271725953,-33.660783944651484,91.19999694824219],[151.15641105920076,-33.66080464795232,92.19999694824219],[151.1563987378031,-33.660806408151984,92.4000015258789],[151.15632782690227,-33.66080917418003,93],[151.1563152540475,-33.66081059910357,93.19999694824219],[151.15624342113733,-33.660822585225105,93.4000015258789],[151.15618818439543,-33.66082870401442,93.5999984741211],[151.15615616552532,-33.6608278658241,93.80000305175781],[151.15610394626856,-33.66084882058203,94],[151.15600269287825,-33.660890059545636,94.19999694824219],[151.15597092546523,-33.660901710391045,94.4000015258789],[151.15593320690095,-33.660925179719925,94.80000305175781],[151.15588987246156,-33.6609214078635,94.80000305175781],[151.1558664869517,-33.660926604643464,94.5999984741211],[151.15583706647158,-33.660935908555984,94.5999984741211],[151.1558270920068,-33.66093951277435,94.5999984741211],[151.155740423128,-33.660951498895884,94.80000305175781],[151.15570756606758,-33.66095912642777,94.80000305175781],[151.15562215447426,-33.660972537472844,94.80000305175781],[151.15560740232468,-33.660978488624096,94.80000305175781],[151.1555435322225,-33.66098955273628,95.4000015258789],[151.15553062409163,-33.66099181585014,95.5999984741211],[151.1554911453277,-33.66100212559104,96.4000015258789],[151.15548100322485,-33.66100740619004,96.5999984741211],[151.15542132407427,-33.66104135289788,97.5999984741211],[151.15540380589664,-33.66104914806783,97.80000305175781],[151.15535393357277,-33.66108016110957,99],[151.15530665963888,-33.66110195405781,99.4000015258789],[151.15526676177979,-33.66112240590155,100],[151.15522275678813,-33.66114914417267,100.5999984741211],[151.15518545731902,-33.66118091158569,101],[151.15514639765024,-33.66122106090188,101.5999984741211],[151.15509912371635,-33.66125425323844,102.19999694824219],[151.15506475791335,-33.66129423491657,102.4000015258789],[151.15504254586995,-33.66133631207049,102.5999984741211],[151.15500264801085,-33.66136925294995,102.80000305175781],[151.15495612844825,-33.66138651967049,103.19999694824219],[151.1549139674753,-33.66140286438167,103.4000015258789],[151.15487918257713,-33.66140420548618,103.5999984741211],[151.15485043264925,-33.661407977342606,104],[151.15483911707997,-33.66140923462808,104.19999694824219],[151.15479511208832,-33.66140613332391,104.5999984741211],[151.15475060418248,-33.661413844674826,104.80000305175781],[151.1546925175935,-33.66141702979803,105.19999694824219],[151.15466225892305,-33.661410911008716,105.4000015258789],[151.15463485009968,-33.661411833018064,106],[151.15461305715144,-33.66142331622541,106.19999694824219],[151.15460408851504,-33.6614256631583,106.4000015258789],[151.1545453313738,-33.66141996346414,107.4000015258789],[151.15453351289034,-33.66142247803509,107.5999984741211],[151.1545228678733,-33.661422645673156,107.80000305175781],[151.15450518205762,-33.66143153049052,108],[151.15447944961488,-33.66144184023142,108.4000015258789],[151.15445589646697,-33.66144712083042,108.5999984741211],[151.15438573993742,-33.66146329790354,109.5999984741211],[151.15436654537916,-33.6614705901593,109.80000305175781],[151.15430116653442,-33.66149288602173,110.4000015258789],[151.15428373217583,-33.661499256268144,110.5999984741211],[151.15427191369236,-33.66150428541005,110.80000305175781],[151.15424727089703,-33.66152063012123,110.80000305175781],[151.15415615960956,-33.661560947075486,111.4000015258789],[151.15414526313543,-33.66156606003642,111.4000015258789],[151.154093882069,-33.66157368756831,111.80000305175781],[151.15404535084963,-33.661593636497855,112.4000015258789],[151.15400779992342,-33.661596989259124,112.5999984741211],[151.15399673581123,-33.661597492173314,112.80000305175781],[151.15398600697517,-33.66159581579268,113],[151.15395105443895,-33.66160956211388,113.19999694824219],[151.15393714047968,-33.66160796955228,113.4000015258789],[151.15390218794346,-33.66159648634493,114],[151.15386807359755,-33.661588272079825,114.5999984741211],[151.15383027121425,-33.66156991571188,115],[151.1537963245064,-33.66156161762774,115.4000015258789],[151.1537534929812,-33.66154728457332,116.4000015258789],[151.1537408363074,-33.661544267088175,116.5999984741211],[151.1536810733378,-33.66152591072023,117],[151.15365659818053,-33.66150638088584,117.4000015258789],[151.1536491382867,-33.66150185465813,117.5999984741211],[151.15363203920424,-33.66149556823075,118],[151.1536113359034,-33.66147670894861,118.19999694824219],[151.15358895622194,-33.66146187298,118.5999984741211],[151.15357495844364,-33.66144770756364,119],[151.15354612469673,-33.66142859682441,119.5999984741211],[151.15353321656585,-33.661414263769984,120],[151.15350387990475,-33.66138878278434,120.80000305175781],[151.1534770578146,-33.66136430762708,121.5999984741211],[151.15346951410174,-33.66136179305613,121.80000305175781],[151.15343305282295,-33.66133639588952,122.80000305175781],[151.15342835895717,-33.66133279167116,123.19999694824219],[151.15342374891043,-33.661330696195364,123.4000015258789],[151.15340606309474,-33.661317033693194,123.80000305175781],[151.15339055657387,-33.66128652356565,124.19999694824219],[151.15338711999357,-33.6611994355917,125],[151.1533798277378,-33.66112785413861,125.5999984741211],[151.15339097566903,-33.66109994240105,126],[151.1533800791949,-33.66101302206516,126.5999984741211],[151.15335275419056,-33.660957450047135,127],[151.153359208256,-33.66095091216266,127.19999694824219],[151.15334973670542,-33.66091520525515,128.1999969482422],[151.15334445610642,-33.66089408285916,128.8000030517578],[151.15333347581327,-33.660875391215086,129.1999969482422],[151.15331964567304,-33.6608315538615,130.39999389648438],[151.15331537090242,-33.66082493215799,130.39999389648438],[151.1532883811742,-33.66076273843646,131.1999969482422],[151.1532841064036,-33.660751171410084,131.39999389648438],[151.1532730422914,-33.66066735237837,131.8000030517578],[151.15325099788606,-33.66054866462946,132.1999969482422],[151.15325041115284,-33.660507844761014,132.39999389648438],[151.15325493738055,-33.660444393754005,132.60000610351562],[151.15325124934316,-33.660413129255176,132.8000030517578],[151.15328326821327,-33.66035873070359,132.8000030517578],[151.15339080803096,-33.660281114280224,133.39999389648438],[151.1533975135535,-33.660272397100925,133.39999389648438],[151.1534667480737,-33.66020894609392,133.8000030517578],[151.1535058915615,-33.66016309708357,134.39999389648438],[151.15353321656585,-33.66014499217272,134.60000610351562],[151.15355509333313,-33.66012789309025,134.8000030517578],[151.15359297953546,-33.66010274738073,135.39999389648438],[151.1536459531635,-33.660083217546344,135.8000030517578],[151.15367495454848,-33.660064274445176,136],[151.15373203530908,-33.66003401577473,136.39999389648438],[151.1537944804877,-33.65998229943216,137.1999969482422],[151.15383471362293,-33.659949442371726,137.60000610351562],[151.15386815741658,-33.65992513485253,138],[151.15393211133778,-33.65989009849727,138.60000610351562],[151.15394359454513,-33.65988548845053,138.60000610351562],[151.15404308773577,-33.65986059419811,139],[151.15421684458852,-33.65984441712499,139],[151.15430803969502,-33.65984399802983,139.60000610351562],[151.1543341074139,-33.65983972325921,139.60000610351562],[151.1543610971421,-33.65983611904085,139.8000030517578],[151.1543851532042,-33.659833520650864,140],[151.15440082736313,-33.65982941351831,140],[151.1544395517558,-33.659812733531,140.39999389648438],[151.15448699332774,-33.659789599478245,140.60000610351562],[151.15449839271605,-33.659785157069564,140.60000610351562],[151.15456662140787,-33.65973905660212,141.60000610351562],[151.15457802079618,-33.65973260253668,141.8000030517578],[151.15458791144192,-33.65972346626222,141.8000030517578],[151.15460350178182,-33.65970418788493,142.1999969482422],[151.1546086985618,-33.65969555452466,142.39999389648438],[151.1546061001718,-33.65967309102416,142.8000030517578],[151.1546050105244,-33.65966328419745,143],[151.15458539687097,-33.65963939577341,143.60000610351562],[151.1545791104436,-33.6596243083477,144],[151.15451138466597,-33.65957686677575,144.60000610351562],[151.15448892116547,-33.65956127643585,145],[151.15440719760954,-33.659514086320996,145.8000030517578],[151.15438004024327,-33.65950847044587,146],[151.1543595045805,-33.659503776580095,146.1999969482422],[151.15432212129235,-33.6595053691417,146.60000610351562],[151.15430921316147,-33.6595051176846,146.60000610351562],[151.15429865196347,-33.65950461477041,146.8000030517578],[151.15424157120287,-33.659505285322666,147],[151.15421382710338,-33.659511068835855,147.1999969482422],[151.1541364621371,-33.65951777435839,148],[151.15412816405296,-33.65951433777809,148.1999969482422],[151.15406555123627,-33.65951660089195,148.8000030517578],[151.15404224954545,-33.65951173938811,149.1999969482422],[151.15398533642292,-33.659484749659896,150.39999389648438],[151.1539633758366,-33.65945206023753,151.39999389648438],[151.153956502676,-33.659427082166076,151.60000610351562],[151.1539503838867,-33.65939414128661,152],[151.15393839776516,-33.65937251597643,152.39999389648438],[151.15393051877618,-33.65932582877576,153],[151.15392222069204,-33.659283332526684,153.60000610351562],[151.15390478633344,-33.65925785154104,154],[151.1538607813418,-33.65920546464622,154.8000030517578],[151.15384753793478,-33.659188533201814,155.1999969482422],[151.15379984490573,-33.65918015129864,155.8000030517578],[151.15379012189806,-33.65917696617544,155.8000030517578],[151.15375424735248,-33.659180738031864,156.39999389648438],[151.15374200977385,-33.65918819792569,156.60000610351562],[151.15374117158353,-33.65919222123921,157],[151.15372424013913,-33.659214014187455,157.60000610351562],[151.15371761843562,-33.65921828895807,158],[151.15368140861392,-33.65925097838044,159],[151.1536599509418,-33.65927235223353,159.60000610351562],[151.15363664925098,-33.659281488507986,160.1999969482422],[151.15363254211843,-33.65928350016475,160.39999389648438],[151.15359473973513,-33.659315183758736,161.1999969482422],[151.15356783382595,-33.65932817570865,161.8000030517578],[151.1535320430994,-33.65933379158378,162.39999389648438],[151.15348703227937,-33.659329852089286,163],[151.1534538399428,-33.659326415508986,163.60000610351562],[151.1534027941525,-33.65933739580214,164],[151.1533628962934,-33.659351728856564,164.8000030517578],[151.15333917550743,-33.65935935638845,165.1999969482422],[151.1533235013485,-33.65936337970197,165.39999389648438],[151.15329165011644,-33.65935449488461,166],[151.15323096513748,-33.65935633890331,166.60000610351562],[151.1531818471849,-33.65936086513102,167],[151.15315351635218,-33.65936321206391,167.60000610351562],[151.15311353467405,-33.65938366390765,168.1999969482422],[151.15306248888373,-33.659398248419166,168.8000030517578],[151.15303717553616,-33.65939749404788,169.1999969482422],[151.15302242338657,-33.65939699113369,169.1999969482422],[151.15294229239225,-33.659386932849884,170.1999969482422],[151.15292930044234,-33.65938173606992,170.39999389648438],[151.1529017239809,-33.659369414672256,170.60000610351562],[151.15286031737924,-33.659354243427515,171],[151.15281379781663,-33.65934854373336,171.39999389648438],[151.1527891550213,-33.65935851819813,171.60000610351562],[151.15275864489377,-33.659364050254226,171.60000610351562],[151.1527349241078,-33.65937176160514,171.8000030517578],[151.15267926827073,-33.659375198185444,172.1999969482422],[151.15266158245504,-33.65936966612935,172.1999969482422],[151.15262637846172,-33.659361619502306,172.39999389648438],[151.15260391496122,-33.65935306996107,172.60000610351562],[151.15259100683033,-33.65935097448528,172.60000610351562],[151.15247718058527,-33.65934485569596,173],[151.1523321736604,-33.659354662522674,173.39999389648438],[151.15227911621332,-33.65934778936207,173.60000610351562],[151.1522230412811,-33.65936094895005,173.8000030517578],[151.1521664634347,-33.6593790538609,174],[151.15215045399964,-33.65938173606992,174],[151.1520964745432,-33.65939204581082,174.1999969482422],[151.15205649286509,-33.65940302610397,174.39999389648438],[151.1520348675549,-33.65940721705556,174.39999389648438],[151.1519915331155,-33.65942548960447,174.60000610351562],[151.15196680650115,-33.65943378768861,174.60000610351562],[151.1519595142454,-33.65944351069629,174.8000030517578],[151.1519177723676,-33.65945574827492,175],[151.15190704353154,-33.65945952013135,175],[151.1518440116197,-33.65947117097676,175.1999969482422],[151.15174954757094,-33.65950360894203,175.39999389648438],[151.15173823200166,-33.65951098501682,175.39999389648438],[151.1516989208758,-33.65952900610864,175.60000610351562],[151.15168727003038,-33.65953193977475,175.60000610351562],[151.1516466178,-33.659544764086604,175.8000030517578],[151.15163957700133,-33.659554151818156,175.8000030517578],[151.1516323685646,-33.6595606058836,175.8000030517578],[151.15162650123239,-33.659567730501294,175.60000610351562],[151.15159196779132,-33.65958407521248,175.60000610351562],[151.15158249624074,-33.65959103219211,175.60000610351562],[151.151480153203,-33.65968935191631,175.60000610351562],[151.15141469053924,-33.65973469801247,175.8000030517578],[151.15138459950686,-33.65975850261748,176],[151.15133807994425,-33.65979831665754,176.1999969482422],[151.15132441744208,-33.6598211992532,176.39999389648438],[151.1512457113713,-33.659885907545686,176.60000610351562],[151.15119718015194,-33.65995991975069,176.8000030517578],[151.15116340108216,-33.66003946401179,177],[151.1511328909546,-33.66007626056671,177.1999969482422],[151.1510738823563,-33.660120349377394,177.60000610351562],[151.151052005589,-33.66013476625085,177.8000030517578],[151.15103708580136,-33.660147842019796,177.8000030517578],[151.1510168015957,-33.66017298772931,177.8000030517578],[151.15096391178668,-33.66025504656136,178.60000610351562],[151.1509422864765,-33.66028203628957,178.8000030517578],[151.150906663388,-33.660332914441824,179],[151.15089970640838,-33.660339368507266,179],[151.15087246522307,-33.66036149673164,179.1999969482422],[151.15084731951356,-33.660370549187064,179.1999969482422],[151.150824688375,-33.66038370877504,179.1999969482422],[151.15077020600438,-33.6604118719697,179.1999969482422],[151.15073106251657,-33.660430731251836,179],[151.1506676953286,-33.66045009344816,178.8000030517578],[151.15064271725714,-33.66046258248389,178.60000610351562],[151.15056099370122,-33.6604930087924,177.8000030517578],[151.15055026486516,-33.66049535572529,177.8000030517578],[151.1504951119423,-33.66051949560642,176.60000610351562],[151.15048890933394,-33.660524943843484,176.39999389648438],[151.15048019215465,-33.660527961328626,176.39999389648438],[151.1504444014281,-33.6605638358742,175.60000610351562],[151.15042394958436,-33.660568026825786,175.1999969482422],[151.15037072449923,-33.66057984530926,174.39999389648438],[151.15034859627485,-33.66057406179607,173.8000030517578],[151.15031791850924,-33.66056693717837,173.39999389648438],[151.15027064457536,-33.660549921914935,172.60000610351562],[151.15026301704347,-33.660547994077206,172.39999389648438],[151.15020643919706,-33.660542126744986,171.39999389648438],[151.15018649026752,-33.66054682061076,171.1999969482422],[151.1501436587423,-33.66059300489724,170.39999389648438],[151.15008582361042,-33.6606639996171,170.1999969482422],[151.15007685497403,-33.66067179478705,170.1999969482422],[151.15005095489323,-33.66068596020341,170.1999969482422],[151.14999203011394,-33.66072803735733,170],[151.14997560158372,-33.66073717363179,169.8000030517578],[151.14993771538138,-33.660763911902905,169.60000610351562],[151.14989823661745,-33.6607815977186,169.60000610351562],[151.1498434189707,-33.66080322302878,169.39999389648438],[151.14981207065284,-33.660821663215756,169],[151.14979254081845,-33.66083540953696,168.8000030517578],[151.149746440351,-33.66085083223879,168.60000610351562],[151.14972665905952,-33.660854352638125,168.60000610351562],[151.14969103597105,-33.660868015140295,168.1999969482422],[151.14967435598373,-33.66087321192026,168],[151.14964870736003,-33.66087907925248,167.8000030517578],[151.1495912913233,-33.66089701652527,167.60000610351562],[151.14957855083048,-33.66090388968587,167.60000610351562],[151.14955072291195,-33.660916378721595,167.60000610351562],[151.1494303587824,-33.66096901707351,167.39999389648438],[151.1494166124612,-33.66097438149154,167.39999389648438],[151.14940504543483,-33.66098125465214,167.39999389648438],[151.14935743622482,-33.6610007006675,167.39999389648438],[151.14927001297474,-33.661008244380355,167.1999969482422],[151.1492553446442,-33.66100832819939,167.1999969482422],[151.14923933520913,-33.66101033985615,167.1999969482422],[151.14916414953768,-33.66102861240506,167],[151.1491528339684,-33.66103632375598,167],[151.14912944845855,-33.66104864515364,166.8000030517578],[151.14911327138543,-33.66105526685715,166.8000030517578],[151.1489710304886,-33.66104261018336,166.60000610351562],[151.1488949228078,-33.661059038713574,166.60000610351562],[151.14886441268027,-33.661073371768,166.60000610351562],[151.1488034762442,-33.66114771924913,166.60000610351562],[151.14876969717443,-33.66122307255864,167],[151.14876391366124,-33.66123128682375,167],[151.1487567052245,-33.661241848021746,167.1999969482422],[151.14873784594238,-33.66128501482308,167.1999969482422],[151.14873298443854,-33.661299012601376,167.39999389648438],[151.14869467914104,-33.661370761692524,167.39999389648438],[151.14869493059814,-33.661382580175996,167.39999389648438],[151.14869962446392,-33.661432871595025,167.60000610351562],[151.14869442768395,-33.661451898515224,168],[151.14869174547493,-33.66146245971322,168.1999969482422],[151.14868168719113,-33.66148115135729,168.39999389648438],[151.1486781667918,-33.661526162177324,168.60000610351562],[151.1486705392599,-33.66156111471355,168.60000610351562],[151.14865947514772,-33.661595564335585,168.8000030517578],[151.14865687675774,-33.661617524921894,168.8000030517578],[151.14865218289196,-33.66165733896196,168.8000030517578],[151.14864656701684,-33.6616862565279,168.8000030517578],[151.14865930750966,-33.66173763759434,168.8000030517578],[151.1486665159464,-33.66174912080169,168.8000030517578],[151.14867146126926,-33.66177275776863,168.60000610351562],[151.14870683290064,-33.661853056401014,168.39999389648438],[151.1487215012312,-33.66188893094659,168.39999389648438],[151.14872728474438,-33.661900581792,168.39999389648438],[151.1487278714776,-33.661931762471795,168.39999389648438],[151.14874597638845,-33.66197157651186,168.60000610351562],[151.1487505864352,-33.66197836585343,168.60000610351562],[151.1487638298422,-33.66199982352555,169],[151.14877212792635,-33.66201759316027,169],[151.14878243766725,-33.662040727213025,169.39999389648438],[151.14878964610398,-33.66204894147813,169.39999389648438],[151.14880699664354,-33.66207894869149,169.8000030517578],[151.1488156300038,-33.66211364977062,170.1999969482422],[151.1488354112953,-33.6621664557606,170.60000610351562],[151.1488074157387,-33.662216160446405,170.60000610351562],[151.14879081957042,-33.66224474273622,170.39999389648438],[151.1487389355898,-33.66231112740934,169.8000030517578],[151.1486673541367,-33.66236887872219,169.39999389648438],[151.14864212460816,-33.66244984790683,170],[151.14863256923854,-33.66249158978462,170.60000610351562],[151.1486332397908,-33.662498127669096,170.8000030517578],[151.1486308928579,-33.662511790171266,171.1999969482422],[151.14863407798111,-33.66251623257995,171.1999969482422],[151.14861823618412,-33.66254732944071,172],[151.14860113710165,-33.66256266832352,172.39999389648438],[151.14859116263688,-33.6625705473125,172.39999389648438],[151.14856593310833,-33.66259376518428,172.8000030517578],[151.14856274798512,-33.662613378837705,173],[151.148549169302,-33.66262989118695,173.1999969482422],[151.14854070357978,-33.66263852454722,173.1999969482422],[151.14851103164256,-33.6626844573766,173.60000610351562],[151.14847909659147,-33.662718990817666,173.8000030517578],[151.14847356453538,-33.662756541743875,174],[151.1484271287918,-33.66280239075422,174.1999969482422],[151.14840248599648,-33.662832733243704,174.39999389648438],[151.148382704705,-33.662847988307476,174.60000610351562],[151.14837708882987,-33.66285762749612,174.60000610351562],[151.14837960340083,-33.66287204436958,174.60000610351562],[151.14835328422487,-33.662917809560895,174.8000030517578],[151.1483164038509,-33.6629743874073,175],[151.1482951976359,-33.66299810819328,175],[151.14828036166728,-33.66301629692316,175.1999969482422],[151.14827994257212,-33.663050662726164,175.1999969482422],[151.14827306941152,-33.66306323558092,175.1999969482422],[151.14826686680317,-33.663104893639684,175.39999389648438],[151.14825538359582,-33.66313515231013,175.60000610351562],[151.14825990982354,-33.66316029801965,175.8000030517578],[151.1482555512339,-33.663237830623984,176.1999969482422],[151.1482545454055,-33.66326364688575,176.1999969482422],[151.14825496450067,-33.66327362135053,176.1999969482422],[151.14824750460684,-33.6633475497365,176.60000610351562],[151.14824700169265,-33.663357524201274,176.60000610351562],[151.14826259203255,-33.663461627438664,176.8000030517578],[151.14824364893138,-33.663491886109114,176.8000030517578],[151.14825789816678,-33.66357025690377,177.1999969482422],[151.148261167109,-33.66358618251979,177.1999969482422],[151.14827281795442,-33.66368617862463,177.60000610351562],[151.1482917610556,-33.66378692910075,177.60000610351562],[151.14829637110233,-33.6638103146106,177.8000030517578],[151.1482994724065,-33.66387569345534,177.8000030517578],[151.14830383099616,-33.66389589384198,178],[151.1483224388212,-33.663984909653664,178.1999969482422],[151.14834381267428,-33.664046097546816,178.39999389648438],[151.14837155677378,-33.664112063124776,178.8000030517578],[151.14838077686727,-33.6641488596797,179.1999969482422],[151.14839259535074,-33.664232175797224,179.8000030517578],[151.14839628338814,-33.66424466483295,180],[151.1484305653721,-33.664359329268336,180.8000030517578],[151.1484340019524,-33.66437567397952,180.8000030517578],[151.14846501499414,-33.664444740861654,181.39999389648438],[151.14848479628563,-33.66452260874212,182],[151.14853424951434,-33.66459410637617,182.60000610351562],[151.14857573993504,-33.66464816965163,182.8000030517578],[151.1486031487584,-33.66465797647834,182.8000030517578],[151.14861756563187,-33.66466543637216,183],[151.14869811572134,-33.66472930647433,183.60000610351562],[151.1487297154963,-33.66474707610905,183.8000030517578],[151.14875016734004,-33.66476375609636,184],[151.1487759836018,-33.664786303415895,184],[151.14881512708962,-33.66482016630471,184.1999969482422],[151.14885938353837,-33.66484858095646,184.60000610351562],[151.14887204021215,-33.664865009486675,184.60000610351562],[151.1489763110876,-33.66494581103325,184.8000030517578],[151.14902760833502,-33.664983697235584,185],[151.14904965274036,-33.665028205141425,185],[151.14906834438443,-33.665058799088,185],[151.14911310374737,-33.665163572877645,185.39999389648438],[151.1491372436285,-33.665271028876305,185.60000610351562],[151.14913757890463,-33.66528511047363,185.60000610351562],[151.14914009347558,-33.66539063863456,186],[151.14909885451198,-33.665502201765776,185.8000030517578],[151.149090975523,-33.665514858439565,185.8000030517578],[151.14908318035305,-33.66553774103522,185.8000030517578],[151.14906197413802,-33.66557671688497,185.8000030517578],[151.14901562221348,-33.66564511321485,186],[151.14899475127459,-33.66570336744189,185.8000030517578],[151.14895652979612,-33.66577788256109,185.60000610351562],[151.14894320257008,-33.66580881178379,185.60000610351562],[151.14891168661416,-33.66586941294372,185.8000030517578],[151.148861059919,-33.66592741571367,185.8000030517578],[151.1488182283938,-33.666007965803146,185.8000030517578],[151.14883289672434,-33.66601509042084,185.8000030517578],[151.14889048039913,-33.666045013815165,185.8000030517578],[151.14894764497876,-33.66609647870064,186.1999969482422],[151.14897991530597,-33.66611366160214,186.1999969482422],[151.1489924043417,-33.666125647723675,186.1999969482422],[151.14903246983886,-33.6661587562412,186.1999969482422],[151.1490405164659,-33.666164204478264,186.1999969482422],[151.14911570213735,-33.6661986541003,185.1999969482422],[151.14914512261748,-33.66619379259646,185],[151.1491528339684,-33.66619446314871,185],[151.14916071295738,-33.66620175540447,185],[151.14916917867959,-33.666186248883605,184.8000030517578],[151.14923137240112,-33.666156409308314,184.1999969482422],[151.14924000576138,-33.666151128709316,184],[151.1493034567684,-33.66612531244755,183.1999969482422],[151.14929180592299,-33.6661399807781,183.1999969482422],[151.1492355633527,-33.666159929707646,183.1999969482422],[151.1491615511477,-33.66619446314871,183.8000030517578],[151.14913078956306,-33.66619463078678,184.1999969482422],[151.149101536721,-33.666172586381435,184.60000610351562],[151.14907253533602,-33.666167221963406,185],[151.14901453256607,-33.6661571636796,185.60000610351562],[151.14894647151232,-33.66612900048494,186],[151.148935072124,-33.666123216971755,186],[151.14891017787158,-33.66611173376441,186.1999969482422],[151.14889416843653,-33.666093377396464,186],[151.14885502494872,-33.666075272485614,186],[151.14882158115506,-33.6660689022392,185.8000030517578],[151.1487978603691,-33.66605314426124,185.8000030517578],[151.14881169050932,-33.665970833972096,185.60000610351562],[151.14884144626558,-33.6658722627908,186],[151.1488420329988,-33.66576715372503,186.1999969482422],[151.1488245986402,-33.66575055755675,186.1999969482422],[151.14878947846591,-33.665770422667265,186.1999969482422],[151.14878537133336,-33.66578224115074,186],[151.14876718260348,-33.66581090725958,186],[151.14876869134605,-33.66582138463855,186],[151.14876768551767,-33.66583169437945,186],[151.14877506159246,-33.665867233648896,185.8000030517578],[151.14876097999513,-33.66595599800348,185.60000610351562],[151.14870130084455,-33.666075356304646,185.1999969482422],[151.14867531694472,-33.666097316890955,185.1999969482422],[151.14865134470165,-33.666127575561404,185.1999969482422],[151.14859585650265,-33.66619421169162,185],[151.14856551401317,-33.66621918976307,185],[151.14848781377077,-33.6662813834846,185],[151.14841849543154,-33.66637157276273,184.8000030517578],[151.1483361851424,-33.66645572707057,184.39999389648438],[151.14832679741085,-33.66646838374436,184.39999389648438],[151.14832302555442,-33.66648933850229,184.39999389648438],[151.14832989871502,-33.66649721749127,184.39999389648438],[151.14836216904223,-33.666546838358045,184.60000610351562],[151.14836635999382,-33.666563015431166,184.60000610351562],[151.1483583971858,-33.66663744673133,184.8000030517578],[151.14835185930133,-33.666658820584416,184.8000030517578],[151.14832386374474,-33.666693940758705,184.8000030517578],[151.14830257371068,-33.66672310978174,184.8000030517578],[151.14825303666294,-33.666743729263544,184.60000610351562],[151.14813736639917,-33.66677868179977,184.1999969482422],[151.14803317934275,-33.66678521968424,184],[151.14802471362054,-33.66678689606488,184],[151.14796687848866,-33.66680944338441,183.8000030517578],[151.14793812856078,-33.66681422106922,183.8000030517578],[151.1478985659778,-33.66680525243282,183.8000030517578],[151.14779856987298,-33.666812125593424,183.60000610351562],[151.1477269884199,-33.66684464737773,183.39999389648438],[151.1477063689381,-33.666839534416795,183.39999389648438],[151.14767979830503,-33.66683936677873,183.1999969482422],[151.14760586991906,-33.666840959340334,183],[151.14759623073041,-33.66684330627322,182.8000030517578],[151.14749715663493,-33.666892256587744,183.1999969482422],[151.14743345417082,-33.666936848312616,183.39999389648438],[151.14732524380088,-33.66700700484216,183.39999389648438],[151.14728417247534,-33.66701748222113,183.39999389648438],[151.14724645391107,-33.66702728904784,183.39999389648438],[151.14718912169337,-33.667062828317285,184],[151.1471654009074,-33.66707196459174,184.1999969482422],[151.14711879752576,-33.66709576919675,184.39999389648438],[151.14708811976016,-33.667104821652174,184.39999389648438],[151.1470689252019,-33.66712275892496,184.39999389648438],[151.14698602817953,-33.66715989075601,184.60000610351562],[151.14692928269506,-33.66718562319875,184.60000610351562],[151.14690707065165,-33.6671934183687,184.60000610351562],[151.14689541980624,-33.667199201881886,184.8000030517578],[151.14683859050274,-33.66723717190325,184.8000030517578],[151.1468027997762,-33.667256785556674,184.8000030517578],[151.14678804762661,-33.66727421991527,184.8000030517578],[151.14674211479723,-33.667311519384384,184.8000030517578],[151.1467285361141,-33.66731269285083,184.8000030517578],[151.1467060726136,-33.66732358932495,184.8000030517578],[151.14668780006468,-33.66734362207353,184.8000030517578],[151.14668134599924,-33.66734764538705,184.8000030517578],[151.14667573012412,-33.66736055351794,184.60000610351562],[151.14667774178088,-33.66737195290625,184.60000610351562],[151.1466455552727,-33.66745661012828,184.39999389648438],[151.1466643307358,-33.6675956659019,183.60000610351562],[151.1465958505869,-33.66762550547719,183.39999389648438],[151.14656617864966,-33.667626762762666,183.39999389648438],[151.14655075594783,-33.66763170808554,183.39999389648438],[151.14649686031044,-33.667680490761995,183.60000610351562],[151.1464129574597,-33.6677510663867,183.60000610351562],[151.14631011150777,-33.66779264062643,183.39999389648438],[151.1462911684066,-33.66779272444546,183.39999389648438],[151.14620441570878,-33.66781451739371,183.39999389648438],[151.14609335549176,-33.66785039193928,183.8000030517578],[151.1460707243532,-33.66786430589855,183.8000030517578],[151.14602831192315,-33.66788785904646,183.8000030517578],[151.1459864024073,-33.66790152154863,183.8000030517578],[151.14590828306973,-33.6679151840508,183.39999389648438],[151.14586343988776,-33.66794074885547,183.1999969482422],[151.14583821035922,-33.667950639501214,183.1999969482422],[151.1457786988467,-33.66795835085213,183.39999389648438],[151.14576939493418,-33.66796111688018,183.39999389648438],[151.14575682207942,-33.66796572692692,183.39999389648438],[151.1457261443138,-33.66798207163811,183.39999389648438],[151.1456362903118,-33.668013168498874,183],[151.1456259805709,-33.66800713352859,183],[151.14561608992517,-33.66800797171891,183],[151.14555808715522,-33.66798911243677,183],[151.1455347854644,-33.667991710826755,183],[151.1454964801669,-33.66799045354128,182.8000030517578],[151.1454554926604,-33.66798751987517,182.8000030517578],[151.14540436305106,-33.66801149211824,182.60000610351562],[151.1453035287559,-33.668064549565315,182.1999969482422],[151.14526086486876,-33.66809103637934,182.1999969482422],[151.14521359093487,-33.668116768822074,182.1999969482422],[151.1451692506671,-33.6681342869997,182],[151.14515651017427,-33.66813898086548,182],[151.14514385350049,-33.6681445967406,181.8000030517578],[151.1450773011893,-33.668190613389015,181.1999969482422],[151.14505441859365,-33.66820394061506,180.8000030517578],[151.14500756375492,-33.66822120733559,180.39999389648438],[151.144978730008,-33.66823621094227,180],[151.1449731979519,-33.6682431679219,179.8000030517578],[151.14489885047078,-33.6683052778244,179],[151.14486699923873,-33.66831642575562,178.60000610351562],[151.1448349803686,-33.66835146211088,178],[151.14480723626912,-33.668372416868806,177.8000030517578],[151.14477924071252,-33.668389013037086,177.60000610351562],[151.14476683549583,-33.668399238958955,177.39999389648438],[151.14473112858832,-33.66841407492757,177.1999969482422],[151.1447096709162,-33.66842337884009,177],[151.14469181746244,-33.66844114847481,176.8000030517578],[151.14466742612422,-33.66846109740436,176.60000610351562],[151.14465988241136,-33.66850711405277,176.1999969482422],[151.14459852688015,-33.66856075823307,175.39999389648438],[151.14459693431854,-33.66856696084142,175.39999389648438],[151.14456206560135,-33.66863602772355,174.60000610351562],[151.14455997012556,-33.66864474490285,174.39999389648438],[151.14448151551187,-33.66868925280869,173.60000610351562],[151.14447455853224,-33.66869696415961,173.60000610351562],[151.14443549886346,-33.66874482482672,174.1999969482422],[151.14438244141638,-33.668795954436064,174.39999389648438],[151.14436307922006,-33.66882403381169,175],[151.1443584691733,-33.66883585229516,175.39999389648438],[151.14435276947916,-33.66884448565543,175.39999389648438],[151.14433617331088,-33.668880024924874,176],[151.1443044897169,-33.668907433748245,176.39999389648438],[151.14430147223175,-33.6689115408808,176.60000610351562],[151.144291581586,-33.668962586671114,177.1999969482422],[151.14427372813225,-33.6689873971045,177.60000610351562],[151.14424305036664,-33.669012961909175,177.8000030517578],[151.1442164797336,-33.66903902962804,178.60000610351562],[151.14420440979302,-33.66904900409281,178.8000030517578],[151.14418496377766,-33.669070629402995,179],[151.1441575549543,-33.66909384727478,179.8000030517578],[151.14412260241807,-33.669123435392976,180.1999969482422],[151.1440873146057,-33.66917381063104,180.8000030517578],[151.14408262073994,-33.66921488195658,181],[151.1440674494952,-33.66930012591183,181.1999969482422],[151.14404196850955,-33.66935117170215,181.60000610351562],[151.14401640370488,-33.669372042641044,182],[151.14397223107517,-33.66939182393253,182.1999969482422],[151.14395638927817,-33.66939920000732,182.1999969482422],[151.14391305483878,-33.66943163797259,182.60000610351562],[151.1438618414104,-33.66948343813419,183],[151.14384901709855,-33.66949215531349,183],[151.14374524913728,-33.669576393440366,183.39999389648438],[151.14370660856366,-33.66965560242534,184],[151.14369789138436,-33.66966465488076,184],[151.14369302988052,-33.66967488080263,184],[151.1437080334872,-33.66971595212817,184],[151.1437011603266,-33.66972911171615,184],[151.14369202405214,-33.66974168457091,184.1999969482422],[151.1436644475907,-33.669786946848035,184.39999389648438],[151.14366344176233,-33.66979700513184,184.60000610351562],[151.1436636094004,-33.66982525214553,185.1999969482422],[151.14369470626116,-33.66985618136823,185.39999389648438],[151.14374784752727,-33.669918878003955,185.60000610351562],[151.14381674677134,-33.66997671313584,186],[151.14383367821574,-33.66998610086739,185.8000030517578],[151.14388371817768,-33.670011498034,185.39999389648438],[151.1439643520862,-33.67006044834852,185.39999389648438],[151.14399838261306,-33.670076206326485,185.1999969482422],[151.14401799626648,-33.67009640671313,185.1999969482422],[151.14408161491156,-33.67015575058758,185.39999389648438],[151.14408882334828,-33.670170083642006,185.39999389648438],[151.14411832764745,-33.67021920159459,185.1999969482422],[151.14413861185312,-33.67025398649275,185],[151.14418990910053,-33.670309307053685,184.8000030517578],[151.1442535277456,-33.670340571552515,184.39999389648438],[151.1442767456174,-33.670387426391244,184.1999969482422],[151.1442698724568,-33.67038977332413,183.60000610351562],[151.14427037537098,-33.67038826458156,183.1999969482422],[151.14427247084677,-33.67038524709642,183.1999969482422],[151.14427481777966,-33.6703812237829,183.1999969482422],[151.14428797736764,-33.67037292569876,183.1999969482422],[151.14429485052824,-33.67037074640393,183],[151.14429543726146,-33.67037074640393,182.8000030517578],[151.14429853856564,-33.67036898620427,182.8000030517578],[151.14429937675595,-33.67036873474717,182.8000030517578],[151.14429946057498,-33.67036873474717,183.1999969482422],[151.14429954439402,-33.670368483290076,183.39999389648438],[151.14429962821305,-33.670368399471045,183.39999389648438],[151.14430021494627,-33.670368399471045,183.39999389648438],[151.14430650137365,-33.670367477461696,184.1999969482422],[151.14430616609752,-33.67036680690944,184.1999969482422],[151.14430541172624,-33.67036638781428,184.1999969482422],[151.14430415444076,-33.670365633443,184],[151.14430314861238,-33.6703653819859,184],[151.14429099485278,-33.67036613635719,183.8000030517578],[151.1442910786718,-33.67036613635719,184],[151.14429057575762,-33.670365465804935,184.1999969482422],[151.14429116249084,-33.670360604301095,183.8000030517578],[151.1442931741476,-33.67036119103432,183.60000610351562],[151.14429384469986,-33.67036177776754,183.60000610351562],[151.1442945152521,-33.670361023396254,183.8000030517578],[151.14429560489953,-33.67036320269108,183.8000030517578],[151.14429535344243,-33.670363537967205,183.8000030517578],[151.14429518580437,-33.6703637894243,183.8000030517578],[151.14429518580437,-33.670364040881395,183.8000030517578],[151.1442966107279,-33.670367477461696,183.1999969482422],[151.14429652690887,-33.67036772891879,183.60000610351562],[151.1442966107279,-33.67036806419492,183.8000030517578],[151.1442966107279,-33.67036806419492,184],[151.1442963592708,-33.67036856710911,184.1999969482422],[151.14429568871856,-33.670369405299425,184.8000030517578],[151.1442955210805,-33.67036948911846,184.8000030517578],[151.14429510198534,-33.670369824394584,185.39999389648438],[151.14424598403275,-33.67042967118323,185.60000610351562],[151.14417339675128,-33.67050368338823,186.1999969482422],[151.14417146891356,-33.67052371613681,186.39999389648438],[151.1441713012755,-33.67056369781494,186.60000610351562],[151.14416962489486,-33.67059135809541,187],[151.14416660740972,-33.670604936778545,187],[151.1441681161523,-33.6706124804914,187],[151.14417892880738,-33.67062748409808,186.8000030517578],[151.1441980395466,-33.67066050879657,186.39999389648438],[151.14420155994594,-33.670672411099076,186.39999389648438],[151.1442035716027,-33.67068221792579,186.1999969482422],[151.14422829821706,-33.6708022467792,185.8000030517578],[151.14421153441072,-33.670863853767514,185.8000030517578],[151.14421664737165,-33.67087877355516,185.8000030517578],[151.14422360435128,-33.670962173491716,186],[151.1442749015987,-33.67105923593044,186.39999389648438],[151.14430591464043,-33.67116132751107,187.1999969482422],[151.1443058308214,-33.67117054760456,187.1999969482422],[151.1443071719259,-33.671195190399885,187.39999389648438],[151.14432184025645,-33.67126442492008,188],[151.14435805007815,-33.67135846987367,188.39999389648438],[151.1443608161062,-33.671370120719075,188.60000610351562],[151.14437992684543,-33.67148973047733,188.8000030517578],[151.14437900483608,-33.671600706875324,189.1999969482422],[151.14431991241872,-33.67165996693075,189.60000610351562],[151.14427749998868,-33.671678407117724,190.1999969482422],[151.14427029155195,-33.67168511264026,190.39999389648438],[151.14424439147115,-33.67171369493008,191],[151.14424078725278,-33.671729201450944,191],[151.14423408173025,-33.67181855253875,191.39999389648438],[151.14423039369285,-33.67191335186362,191.60000610351562],[151.1442299745977,-33.67202910594642,191.1999969482422],[151.14422477781773,-33.67214192636311,190.8000030517578],[151.14418337121606,-33.67223865352571,189.8000030517578],[151.14413794130087,-33.67227528244257,189.39999389648438],[151.1441029049456,-33.672290202230215,189.39999389648438],[151.1440476682037,-33.67235943675041,189],[151.14403853192925,-33.67236907593906,189],[151.1440209299326,-33.67239078506827,189],[151.14401808008552,-33.67242246866226,188.8000030517578],[151.14400844089687,-33.672462198883295,188.60000610351562],[151.14396711811423,-33.67254903540015,187.60000610351562],[151.14390693604946,-33.67256814613938,187.39999389648438],[151.14387751556933,-33.67257627658546,187.39999389648438],[151.14376578480005,-33.67261743173003,187],[151.14373242482543,-33.67262254469097,187],[151.14365363493562,-33.6726086307317,186.8000030517578],[151.1435666307807,-33.67264517582953,186.8000030517578],[151.14351315423846,-33.672650288790464,186.60000610351562],[151.14348080009222,-33.67265607230365,186.60000610351562],[151.14346269518137,-33.67265506647527,186.60000610351562],[151.1434442549944,-33.672656156122684,186.60000610351562],[151.1433314345777,-33.67267660796642,186.60000610351562],[151.14324434660375,-33.67265800014138,186.8000030517578],[151.14322959445417,-33.67265255190432,186.8000030517578],[151.14317729137838,-33.67263344116509,186.8000030517578],[151.1431490443647,-33.672627406194806,186.8000030517578],[151.1431192047894,-33.672543335705996,187.1999969482422],[151.14312607795,-33.672493463382125,187.39999389648438],[151.14311350509524,-33.672458259388804,187.60000610351562],[151.14307620562613,-33.67240226827562,188.1999969482422],[151.1430637165904,-33.672398244962096,188.39999389648438],[151.14301526919007,-33.67237837985158,188.39999389648438],[151.1430023610592,-33.67236714810133,188.1999969482422],[151.14297738298774,-33.67235113866627,188],[151.14296137355268,-33.6723411642015,188],[151.14289540797472,-33.67228508926928,187.60000610351562],[151.1428633891046,-33.6722460296005,187.8000030517578],[151.1428602039814,-33.67224359884858,187.8000030517578],[151.14284478127956,-33.67220554500818,188.39999389648438],[151.14283338189125,-33.672184171155095,188.8000030517578],[151.14280622452497,-33.67214301601052,189.1999969482422],[151.14279901608825,-33.67213471792638,189.39999389648438],[151.14277319982648,-33.67212658748031,189.60000610351562],[151.1427465453744,-33.672125078737736,189.8000030517578],[151.1427343916148,-33.67212030105293,189.8000030517578],[151.14260614849627,-33.672085013240576,190.60000610351562],[151.1425835173577,-33.67208777926862,190.8000030517578],[151.14256507717073,-33.67210856638849,190.60000610351562],[151.14254630170763,-33.67218635044992,189.1999969482422],[151.1425372492522,-33.6721923854202,189],[151.14251101389527,-33.672205628827214,188.8000030517578],[151.14243976771832,-33.67223094217479,187.8000030517578],[151.14238888956606,-33.67224301211536,187.60000610351562],[151.14234396256506,-33.67224200628698,187.8000030517578],[151.142312111333,-33.67224066518247,188.1999969482422],[151.14226416684687,-33.67221778258681,188.39999389648438],[151.1421925853938,-33.67219121195376,188.8000030517578],[151.1421791743487,-33.672192469239235,188.8000030517578],[151.14212972112,-33.67218500934541,189],[151.14209502004087,-33.67217310704291,189.1999969482422],[151.14203081466258,-33.672208143398166,189.8000030517578],[151.14198588766158,-33.672218788415194,189.8000030517578],[151.14188882522285,-33.672236390411854,189.60000610351562],[151.14187424071133,-33.67224401794374,189.60000610351562],[151.14185596816242,-33.67224644869566,189.60000610351562],[151.1417694669217,-33.67223848588765,189.60000610351562],[151.14169595763087,-33.672218285501,190],[151.14166519604623,-33.672227170318365,190.1999969482422],[151.141492780298,-33.67225960828364,190],[151.14147920161486,-33.67226564325392,189.8000030517578],[151.14141742698848,-33.672301433980465,189.60000610351562],[151.14138348028064,-33.672337057068944,189.39999389648438],[151.14131885580719,-33.672445099800825,188.8000030517578],[151.14129027351737,-33.67248399183154,188.39999389648438],[151.14119958132505,-33.67254693992436,189],[151.14110821858048,-33.672640481963754,189.60000610351562],[151.14109095185995,-33.67265481501818,189.8000030517578],[151.14103630185127,-33.67270678281784,190.39999389648438],[151.14101266488433,-33.67272136732936,190.39999389648438],[151.14095633849502,-33.672763612121344,190.8000030517578],[151.14091996103525,-33.672793032601476,191],[151.14084938541055,-33.67286570370197,191.60000610351562],[151.14083547145128,-33.672890178859234,191.8000030517578],[151.14077721722424,-33.67295237258077,192.60000610351562],[151.14075341261923,-33.6729643587023,192.8000030517578],[151.14073891192675,-33.67297760210931,192.8000030517578],[151.14072365686297,-33.67298766039312,193],[151.14070345647633,-33.673025043681264,194],[151.14070613868535,-33.673029989004135,194],[151.14069499075413,-33.67307432927191,194],[151.14068996161222,-33.67309293709695,194.1999969482422],[151.14064092747867,-33.67317281663418,194.60000610351562],[151.14060790278018,-33.673208774998784,195],[151.14058217033744,-33.67321682162583,195],[151.14056657999754,-33.673218581825495,195],[151.1405213177204,-33.673242470249534,195.39999389648438],[151.14051243290305,-33.673254707828164,195.39999389648438],[151.14047278650105,-33.67328924126923,196],[151.14041671156883,-33.673347076401114,196.8000030517578],[151.14040941931307,-33.67334933951497,196.8000030517578],[151.14038586616516,-33.67336484603584,197],[151.1403547693044,-33.673394350335,197.1999969482422],[151.14026768133044,-33.67344573140144,197.1999969482422],[151.14019551314414,-33.673508847132325,196.8000030517578],[151.14017413929105,-33.67352309636772,196.8000030517578],[151.14005285315216,-33.6736102681607,196.39999389648438],[151.13996006548405,-33.673693584278226,196],[151.13994682207704,-33.673702804371715,196],[151.13985654897988,-33.67380129173398,195.39999389648438],[151.13978044129908,-33.673884524032474,195.1999969482422],[151.13973878324032,-33.67391008883715,195.39999389648438],[151.13970777019858,-33.673920733854175,195],[151.1396575625986,-33.67395719513297,193.8000030517578],[151.1396356858313,-33.67396993562579,193.1999969482422],[151.1396071035415,-33.67399298585951,192.60000610351562],[151.13956846296787,-33.674017461016774,192],[151.13954968750477,-33.67403531447053,191.60000610351562],[151.1395043414086,-33.67405685596168,191.1999969482422],[151.1394773516804,-33.67407001554966,191],[151.13943628035486,-33.674089377745986,190.60000610351562],[151.139360005036,-33.674111841246486,190],[151.13934483379126,-33.67411511018872,190],[151.13926218822598,-33.674144530668855,189.60000610351562],[151.13922262564301,-33.67417939938605,189.39999389648438],[151.13918658345938,-33.674283334985375,189],[151.13918012939394,-33.67429154925048,189],[151.13914417102933,-33.67432993836701,188.60000610351562],[151.1390938796103,-33.67435893975198,188.39999389648438],[151.13899908028543,-33.674401016905904,188.39999389648438],[151.13897795788944,-33.67441987618804,188.39999389648438],[151.13888257183135,-33.67448844015598,188.39999389648438],[151.1388140078634,-33.674565805122256,189],[151.13877134397626,-33.67460126057267,189],[151.13873387686908,-33.674670746549964,189.60000610351562],[151.1386995948851,-33.67475607432425,190],[151.13866640254855,-33.67480334825814,190.39999389648438],[151.1386231519282,-33.67484978400171,190.60000610351562],[151.13857964985073,-33.67489010095596,191],[151.13850949332118,-33.674968807026744,191.60000610351562],[151.13849700428545,-33.6749795358628,191.60000610351562],[151.138427099213,-33.67502580396831,192.39999389648438],[151.13839340396225,-33.67504868656397,192.60000610351562],[151.13833447918296,-33.67510593496263,192.60000610351562],[151.138223586604,-33.67522579617798,192.39999389648438],[151.1381770670414,-33.6752475053072,192.39999389648438],[151.13813172094524,-33.675250774249434,192.1999969482422],[151.13811302930117,-33.675259072333574,192.1999969482422],[151.13803683780134,-33.67525144480169,192.1999969482422],[151.13801789470017,-33.67524951696396,192.39999389648438],[151.13797632046044,-33.67528363130987,192.39999389648438],[151.1379379313439,-33.67530374787748,192.39999389648438],[151.13787322305143,-33.67532914504409,192.1999969482422],[151.13780885003507,-33.67537910118699,191.60000610351562],[151.1377914994955,-33.67538446560502,191.39999389648438],[151.13772109150887,-33.67540139704943,191.39999389648438],[151.13766317255795,-33.675421765074134,191.39999389648438],[151.13764992915094,-33.67542503401637,191.39999389648438],[151.13758329302073,-33.67543249391019,191],[151.1375662777573,-33.675437271595,191],[151.13743862137198,-33.67544883862138,191.39999389648438],[151.1373604182154,-33.675462836399674,191.39999389648438],[151.13732613623142,-33.67547054775059,191.39999389648438],[151.1373165808618,-33.675468787550926,191.39999389648438],[151.1372494418174,-33.675488317385316,191.60000610351562],[151.13718951120973,-33.6755046620965,191.8000030517578],[151.13713435828686,-33.67550717666745,192.1999969482422],[151.13712321035564,-33.67550667375326,192.39999389648438],[151.13707082346082,-33.67550742812455,192.60000610351562],[151.13700619898736,-33.67551555857062,193],[151.1369251459837,-33.6755255330354,193.60000610351562],[151.13691559061408,-33.675526371225715,193.60000610351562],[151.13690142519772,-33.67552083916962,193.60000610351562],[151.13681408576667,-33.675517570227385,193.8000030517578],[151.13677519373596,-33.675525449216366,194],[151.13675725646317,-33.67553005926311,194],[151.1366711743176,-33.675516061484814,194.1999969482422],[151.13663211464882,-33.67552360519767,194.1999969482422],[151.13654335029423,-33.67551279254258,194.60000610351562],[151.1365297716111,-33.67551103234291,194.60000610351562],[151.13650479353964,-33.675508350133896,194.60000610351562],[151.13643203862011,-33.675517654046416,194.8000030517578],[151.13633640110493,-33.67555109784007,194.8000030517578],[151.13632148131728,-33.67555445060134,194.8000030517578],[151.1362079065293,-33.675575237721205,194.60000610351562],[151.13611637614667,-33.675522515550256,194.8000030517578],[151.13602777943015,-33.67545956745744,195],[151.13600271753967,-33.67544213309884,195],[151.1358989495784,-33.67535990662873,194.8000030517578],[151.13587372004986,-33.67534917779267,194.8000030517578],[151.13581714220345,-33.675342723727226,194.8000030517578],[151.1357284616679,-33.675337778404355,194.39999389648438],[151.13570013083518,-33.67533174343407,194.39999389648438],[151.13564774394035,-33.67532788775861,194.1999969482422],[151.13562234677374,-33.67532545700669,194.1999969482422],[151.1355820298195,-33.675318751484156,194],[151.13556023687124,-33.675316236913204,193.8000030517578],[151.13552830182016,-33.67531548254192,193.60000610351562],[151.1354525294155,-33.67531405761838,193.1999969482422],[151.13544020801783,-33.67531363852322,193],[151.13536359742284,-33.675310369580984,192.60000610351562],[151.1353373620659,-33.675313303247094,192.60000610351562],[151.13532152026892,-33.67531171068549,192.39999389648438],[151.13529620692134,-33.675311878323555,192.39999389648438],[151.13523015752435,-33.67530735209584,192],[151.1350492760539,-33.6752990540117,191.39999389648438],[151.13503460772336,-33.67529645562172,191.39999389648438],[151.1349787004292,-33.67529159411788,191.1999969482422],[151.13483117893338,-33.67527793161571,191.1999969482422],[151.1347281653434,-33.67526326328516,191],[151.13458215259016,-33.67524079978466,190.60000610351562],[151.13454351201653,-33.67523442953825,190.39999389648438],[151.13444267772138,-33.67523283697665,190],[151.13432155922055,-33.675250271335244,189.60000610351562],[151.13428954035044,-33.67524314671755,189.39999389648438],[151.1342720221728,-33.67524088360369,189.39999389648438],[151.13422508351505,-33.67523828521371,189.1999969482422],[151.1341469641775,-33.67523049004376,188.8000030517578],[151.13404436968267,-33.675231244415045,188.39999389648438],[151.1340251751244,-33.67522998712957,188.39999389648438],[151.13392861559987,-33.675210205838084,188.1999969482422],[151.13379567861557,-33.67519696243107,188.39999389648438],[151.13366894423962,-33.67519746534526,188.60000610351562],[151.13359711132944,-33.675218587741256,189],[151.1335494183004,-33.67522529326379,189],[151.1334643419832,-33.6752406321466,189],[151.13342226482928,-33.67525923997164,189],[151.13328664563596,-33.67532721720636,189],[151.13318773917854,-33.67537759244442,188.60000610351562],[151.1331429798156,-33.67539242841303,188.60000610351562],[151.13307139836252,-33.67538647726178,188.60000610351562],[151.13299001008272,-33.67538832128048,188.39999389648438],[151.13296335563064,-33.67539905011654,188.1999969482422],[151.13287325017154,-33.67547046393156,187.1999969482422],[151.1328683886677,-33.67547968402505,187],[151.13277794793248,-33.67550181224942,186.1999969482422],[151.13276076503098,-33.675500471144915,186],[151.1327341105789,-33.67549887858331,185.8000030517578],[151.1326783709228,-33.67549845948815,185.8000030517578],[151.1326376348734,-33.67554338648915,185.39999389648438],[151.1326326057315,-33.67554606869817,185.1999969482422],[151.13262942060828,-33.67555310949683,185.1999969482422],[151.13260025158525,-33.675579177215695,184.8000030517578],[151.1325866729021,-33.67559392936528,184.60000610351562],[151.13255398347974,-33.67562988772988,184],[151.13252540118992,-33.67566048167646,183.1999969482422],[151.13250293768942,-33.67568403482437,182.8000030517578],[151.1324492096901,-33.675708090886474,182.1999969482422],[151.13234686665237,-33.67576751857996,182],[151.13231820054352,-33.67578310891986,181.8000030517578],[151.1322229821235,-33.675846979022026,181],[151.13219674676657,-33.67586826905608,181],[151.13214435987175,-33.67587707005441,181],[151.13211401738226,-33.675870448350906,181.39999389648438],[151.1320969182998,-33.675891403108835,181.60000610351562],[151.13208048976958,-33.67594060488045,181.60000610351562],[151.13205056637526,-33.675966169685125,181.8000030517578],[151.13203556276858,-33.67597027681768,181.8000030517578],[151.13198954612017,-33.67600397206843,181.8000030517578],[151.13198191858828,-33.6760173831135,182],[151.13192341290414,-33.67609097622335,182],[151.13190170377493,-33.67613288573921,182.8000030517578],[151.13189592026174,-33.676139591261744,183],[151.1318656615913,-33.676160126924515,183.60000610351562],[151.1318421922624,-33.67617010138929,183.8000030517578],[151.13183464854956,-33.67617211304605,184],[151.13182190805674,-33.67618384771049,184.1999969482422],[151.13180908374488,-33.67622433230281,184.8000030517578],[151.13180732354522,-33.67623380385339,185],[151.13178100436926,-33.676288621500134,186],[151.1317276954651,-33.67629281245172,187.1999969482422],[151.13171805627644,-33.67628996260464,187.1999969482422],[151.13168603740633,-33.67630982771516,188],[151.13167782314122,-33.676315527409315,188.1999969482422],[151.13166541792452,-33.67631711997092,188.1999969482422],[151.13161060027778,-33.67633203975856,189],[151.1315950937569,-33.676333045586944,189.1999969482422],[151.1315823532641,-33.67633740417659,189.1999969482422],[151.13153021782637,-33.67635441944003,189.8000030517578],[151.13146542571485,-33.67637252435088,190],[151.13145360723138,-33.67637545801699,190.1999969482422],[151.1314404476434,-33.67638258263469,190.1999969482422],[151.13143424503505,-33.67638970725238,190.1999969482422],[151.13140909932554,-33.67642180994153,190.39999389648438],[151.13139619119465,-33.676435220986605,190.60000610351562],[151.13132209517062,-33.676502611488104,191.1999969482422],[151.13129686564207,-33.676509065553546,191.1999969482422],[151.13118664361537,-33.67654887959361,192],[151.13116870634258,-33.67655164562166,192],[151.13114297389984,-33.67655063979328,192.1999969482422],[151.1311053391546,-33.67655365727842,192.1999969482422],[151.13109142519534,-33.676560865715146,192.39999389648438],[151.13101774826646,-33.676602356135845,192.8000030517578],[151.13100450485945,-33.67660612799227,193],[151.13093099556863,-33.676632195711136,193.39999389648438],[151.13083720207214,-33.676728922873735,193.8000030517578],[151.1307569872588,-33.676753314211965,194],[151.13072354346514,-33.67677016183734,194],[151.13067124038935,-33.676809053868055,194.39999389648438],[151.13060946576297,-33.676855908706784,194.60000610351562],[151.13047040998936,-33.67694458924234,195.1999969482422],[151.1304205376655,-33.6769534740597,195.1999969482422],[151.1303970683366,-33.6769637838006,195.1999969482422],[151.1302857566625,-33.67697602137923,195.39999389648438],[151.13024979829788,-33.676961520686746,195.39999389648438],[151.13023730926216,-33.6769605986774,195.39999389648438],[151.13019900396466,-33.676965460181236,195.60000610351562],[151.13017545081675,-33.6769777815789,195.60000610351562],[151.13012901507318,-33.67702656425536,195.8000030517578],[151.13006967119873,-33.67709110490978,196],[151.1300445254892,-33.677108120173216,196],[151.12992491573095,-33.67713326588273,195.8000030517578],[151.12980756908655,-33.677175510674715,195.8000030517578],[151.12973347306252,-33.67718053981662,195.8000030517578],[151.1296874564141,-33.67718305438757,196],[151.1295795813203,-33.677225802093744,196],[151.12945259548724,-33.67727098055184,195.8000030517578],[151.12933164462447,-33.6773092020303,195.8000030517578],[151.12925486639142,-33.67738396860659,195.1999969482422],[151.12914623692632,-33.67746166884899,194.8000030517578],[151.129132155329,-33.67746208794415,194.8000030517578],[151.12908060662448,-33.677471643313766,194.8000030517578],[151.1290388647467,-33.67746904492378,194.60000610351562],[151.12889075651765,-33.67750885896385,194.60000610351562],[151.12880861386657,-33.677535681053996,194.8000030517578],[151.12876712344587,-33.67754012346268,195],[151.12872244790196,-33.67755529470742,195],[151.12863410264254,-33.67760198190808,195.1999969482422],[151.12860736437142,-33.67761388421059,195.39999389648438],[151.12855489365757,-33.67763685062528,195.39999389648438],[151.12854165025055,-33.677644645795226,195.39999389648438],[151.12847719341516,-33.67767842486501,195.60000610351562],[151.1283768620342,-33.67772092111409,196],[151.12836613319814,-33.67772938683629,196],[151.12827468663454,-33.67779694497585,196],[151.12817393615842,-33.677849331870675,195.8000030517578],[151.12812087871134,-33.67786609567702,195.8000030517578],[151.12804083153605,-33.677928037941456,196.1999969482422],[151.1279835831374,-33.67800774984062,196.1999969482422],[151.12787202000618,-33.678088048473,196.39999389648438],[151.12785450182855,-33.67810397408903,196.60000610351562],[151.1278221476823,-33.67813448421657,196.60000610351562],[151.12780236639082,-33.67814579978585,196.8000030517578],[151.12778820097446,-33.67815108038485,196.8000030517578],[151.12777629867196,-33.678155187517405,196.8000030517578],[151.12770790234208,-33.678192319348454,197.1999969482422],[151.12765861675143,-33.67821847088635,197.39999389648438],[151.1276009492576,-33.67827773094177,197.1999969482422],[151.12753238528967,-33.67839147336781,196.8000030517578],[151.12752065062523,-33.678415613248944,196.8000030517578],[151.12747102975845,-33.678470933809876,196.8000030517578],[151.1274558585137,-33.678482081741095,196.8000030517578],[151.12735552713275,-33.678505551069975,197],[151.12724681384861,-33.678511418402195,197.1999969482422],[151.12717866897583,-33.67852524854243,197.39999389648438],[151.1270908266306,-33.678528014570475,197.60000610351562],[151.1270620767027,-33.678531954064965,197.8000030517578],[151.12697649747133,-33.678493397310376,198.1999969482422],[151.12693433649838,-33.678477639332414,198.60000610351562],[151.1269241105765,-33.67847487330437,198.60000610351562],[151.12690248526633,-33.67846037261188,198.8000030517578],[151.12684180028737,-33.67841385304928,199],[151.12681472674012,-33.678385354578495,199],[151.12673241645098,-33.678289633244276,199.60000610351562],[151.12671280279756,-33.678278401494026,199.60000610351562],[151.12667500041425,-33.67827353999019,199.60000610351562],[151.12666175700724,-33.678275886923075,199.8000030517578],[151.1266156565398,-33.67831511422992,199.8000030517578],[151.1266019102186,-33.678337410092354,199.8000030517578],[151.1265916004777,-33.67835241369903,199.8000030517578],[151.1265218630433,-33.67837739177048,199.8000030517578],[151.12638347782195,-33.67839767597616,200],[151.1262844875455,-33.67842751555145,200.1999969482422],[151.12627082504332,-33.67843430489302,200.1999969482422],[151.12625791691244,-33.67843975313008,200.1999969482422],[151.12620502710342,-33.67846682667732,200.39999389648438],[151.1261790432036,-33.67847059853375,200.39999389648438],[151.12604275345802,-33.67852667346597,200.39999389648438],[151.12593705765903,-33.67857176810503,200.39999389648438],[151.12580487504601,-33.67860252968967,200.1999969482422],[151.12575709819794,-33.67860848084092,200.39999389648438],[151.12570345401764,-33.678595907986164,200.39999389648438],[151.1256472952664,-33.67862205952406,200.8000030517578],[151.125580156222,-33.67862658575177,200.8000030517578],[151.12551377154887,-33.67861929349601,201.1999969482422],[151.12545819953084,-33.67863572202623,201.39999389648438],[151.12534227780998,-33.678681990131736,201.60000610351562],[151.12523440271616,-33.67870654910803,201.8000030517578],[151.1251903977245,-33.678713254630566,201.8000030517578],[151.12510590814054,-33.678719038143754,202.1999969482422],[151.12507690675557,-33.67872289381921,202.1999969482422],[151.12506265752017,-33.67873102426529,202.39999389648438],[151.12497095949948,-33.67878642864525,202.8000030517578],[151.1249440535903,-33.67880000732839,203],[151.12490449100733,-33.6788047850132,203.1999969482422],[151.12487121485174,-33.67880713194609,203.39999389648438],[151.1248314846307,-33.678809981793165,203.8000030517578],[151.1248246114701,-33.67880143225193,203.8000030517578],[151.12480776384473,-33.678786093369126,204],[151.12475839443505,-33.67873001843691,204.1999969482422],[151.12472687847912,-33.67871845141053,204.1999969482422],[151.12461782991886,-33.6787252407521,204.1999969482422],[151.12458178773522,-33.67872926406562,204.1999969482422],[151.12449570558965,-33.678717110306025,204.39999389648438],[151.1244627647102,-33.67871694266796,204.39999389648438],[151.12430878914893,-33.678731275722384,204.39999389648438],[151.12419705837965,-33.67875927127898,204.39999389648438]]},"properties":{"name":"Mount Colah Hiking"}}]}
