{"type":"FeatureCollection","features":[{"type":"Feature","geometry":{"type":"LineString","coordinates":[[151.13372870720923,-33.65219064988196,140],[151.13372057676315,-33.652181178331375,140],[151.1336971912533,-33.65215452387929,140],[151.13367808051407,-33.65213348530233,139.60000610351562],[151.13366022706032,-33.65210968069732,139],[151.13365125842392,-33.652099538594484,138.8000030517578],[151.13355151377618,-33.65203047171235,138.39999389648438],[151.13347297534347,-33.65197657607496,137.8000030517578],[151.1334598157555,-33.651969619095325,137.60000610351562],[151.13340415991843,-33.65188856609166,137],[151.13339267671108,-33.65186828188598,136.8000030517578],[151.13338680937886,-33.65185705013573,136.60000610351562],[151.13337825983763,-33.65184372290969,136.39999389648438],[151.1333583947271,-33.6518067587167,135.60000610351562],[151.13333785906434,-33.65175738930702,135],[151.13331430591643,-33.65169041790068,134.8000030517578],[151.1332988832146,-33.65158824250102,134.8000030517578],[151.13329687155783,-33.651577262207866,134.8000030517578],[151.13329276442528,-33.65155538544059,134.8000030517578],[151.13329293206334,-33.65154557861388,134.8000030517578],[151.1332791019231,-33.651495119556785,134.60000610351562],[151.13327239640057,-33.65147584117949,134.60000610351562],[151.1332262121141,-33.65138900466263,134.39999389648438],[151.13320098258555,-33.65130283869803,133.60000610351562],[151.13319042138755,-33.6512662936002,133.60000610351562],[151.13317516632378,-33.65122379735112,133.39999389648438],[151.13315454684198,-33.651170739904046,133.1999969482422],[151.13313090987504,-33.65113092586398,133],[151.13311079330742,-33.65109479986131,132.8000030517578],[151.1330758407712,-33.651029923930764,132.60000610351562],[151.13306745886803,-33.65101986564696,132.60000610351562],[151.13302764482796,-33.650952307507396,132.39999389648438],[151.13301934674382,-33.65094166249037,132.39999389648438],[151.1329653672874,-33.65084451623261,132.1999969482422],[151.1329550575465,-33.65083169192076,132.1999969482422],[151.1329426523298,-33.65081425756216,132.1999969482422],[151.13292370922863,-33.6508000921458,132.1999969482422],[151.1329138185829,-33.65078919567168,132.1999969482422],[151.13281591795385,-33.65074770525098,132.1999969482422],[151.13271365873516,-33.650750890374184,132.1999969482422],[151.13256387412548,-33.650784669443965,132.1999969482422],[151.1324809771031,-33.65078584291041,132],[151.13240394741297,-33.6507881898433,131.39999389648438],[151.13237142562866,-33.65078542381525,130.8000030517578],[151.1323535721749,-33.65077628754079,130.39999389648438],[151.1323001794517,-33.65073597058654,129.60000610351562],[151.1322959046811,-33.650726499035954,129.1999969482422],[151.13228408619761,-33.65069691091776,128],[151.1322784703225,-33.650691295042634,127.5999984741211],[151.1322631314397,-33.6506687477231,127.19999694824219],[151.13224846310914,-33.650645865127444,126.80000305175781],[151.13222859799862,-33.65062868222594,126.5999984741211],[151.13221619278193,-33.65056841634214,126.19999694824219],[151.13216917030513,-33.65052055567503,126.5999984741211],[151.1320985108614,-33.65045375190675,127.80000305175781],[151.1320937331766,-33.650447549298406,128],[151.1320643965155,-33.6504271812737,128],[151.13204972818494,-33.65042148157954,128.1999969482422],[151.1320221517235,-33.65040622651577,128.1999969482422],[151.1319806613028,-33.65036616101861,128],[151.13196364603937,-33.65035283379257,127.80000305175781],[151.1319499835372,-33.65033623762429,127.4000015258789],[151.1319105885923,-33.65027370862663,127],[151.13186943344772,-33.650219310075045,127],[151.13186071626842,-33.65020933561027,127],[151.13178494386375,-33.65016080439091,127],[151.13177111372352,-33.65015225484967,127],[151.13171428442,-33.65008075721562,126.5999984741211],[151.1316973529756,-33.650058545172215,126.5999984741211],[151.1316687706858,-33.65003306418657,126.19999694824219],[151.13165552727878,-33.65002820268273,126.19999694824219],[151.13160766661167,-33.65001663565636,126],[151.13159098662436,-33.65000959485769,125.80000305175781],[151.13156693056226,-33.65001127123833,125.4000015258789],[151.13154924474657,-33.65000666119158,125],[151.13152803853154,-33.650001464411616,124.5999984741211],[151.13150842487812,-33.64998830482364,123.80000305175781],[151.1315020546317,-33.64998763427138,123.4000015258789],[151.1314750649035,-33.649953017011285,122.5999984741211],[151.13147590309381,-33.64994773641229,122.4000015258789],[151.13146048039198,-33.649935498833656,121.80000305175781],[151.13144354894757,-33.649922674521804,121.4000015258789],[151.13143508322537,-33.649913957342505,121.19999694824219],[151.13142544403672,-33.64990943111479,121.19999694824219],[151.13141764886677,-33.64989995956421,120.80000305175781],[151.131412955001,-33.6498848721385,120.4000015258789],[151.1313888989389,-33.649869030341506,119.5999984741211],[151.13138169050217,-33.649861654266715,119.19999694824219],[151.13134564831853,-33.649833742529154,118.5999984741211],[151.13131999969482,-33.649823600426316,118.19999694824219],[151.13131136633456,-33.6498243547976,118.19999694824219],[151.1312786769122,-33.64981010556221,118.19999694824219],[151.13123743794858,-33.64977775141597,117.5999984741211],[151.1312231887132,-33.649777667596936,117.4000015258789],[151.13121153786778,-33.64977582357824,117.19999694824219],[151.131204161793,-33.64977054297924,117],[151.13120038993657,-33.64975964650512,116.80000305175781],[151.131196282804,-33.64975092932582,116.4000015258789],[151.13119510933757,-33.64974757656455,116],[151.13118111155927,-33.649728717282414,115.19999694824219],[151.13117951899767,-33.64972360432148,115],[151.13117742352188,-33.64971932955086,114.80000305175781],[151.1311635095626,-33.64969720132649,113.80000305175781],[151.13113928586245,-33.649683371186256,113],[151.13113450817764,-33.64968437701464,112.80000305175781],[151.13107633776963,-33.64967088215053,111.80000305175781],[151.1310532875359,-33.64965386688709,110.4000015258789],[151.13103811629117,-33.649653028696775,109.80000305175781],[151.13101288676262,-33.64964238367975,109.19999694824219],[151.13097726367414,-33.64963551051915,109],[151.1309737432748,-33.64963165484369,109],[151.13098195753992,-33.64961992017925,108.19999694824219],[151.13098237663507,-33.64961992017925,108.19999694824219],[151.13095563836396,-33.64961497485638,106.80000305175781],[151.13095169886947,-33.64961380138993,106.19999694824219],[151.1309195123613,-33.64960676059127,105.80000305175781],[151.1309153214097,-33.64960441365838,105.80000305175781],[151.13090903498232,-33.64960030652583,105.5999984741211],[151.1308992281556,-33.64959754049778,105.4000015258789],[151.1308555584401,-33.64958823658526,104.80000305175781],[151.13083192147315,-33.64958303980529,104.80000305175781],[151.13080610521138,-33.64956770092249,104.5999984741211],[151.13080149516463,-33.64955420605838,104.4000015258789],[151.1307776067406,-33.649537693709135,103.5999984741211],[151.13076855428517,-33.649535179138184,103.5999984741211],[151.1307585798204,-33.64953249692917,103.5999984741211],[151.13067048601806,-33.6494963709265,103.4000015258789],[151.13057484850287,-33.649467788636684,103.5999984741211],[151.13055548630655,-33.649466782808304,103.5999984741211],[151.13054090179503,-33.649475667625666,103.5999984741211],[151.13052489235997,-33.64947692491114,103.5999984741211],[151.13048306666315,-33.649428728967905,103.19999694824219],[151.13047485239804,-33.64942126907408,103.19999694824219],[151.13042724318802,-33.649420430883765,102.80000305175781],[151.1304078809917,-33.6494012363255,102.5999984741211],[151.13037552684546,-33.64939386025071,102.4000015258789],[151.13032666034997,-33.64938598126173,102.4000015258789],[151.13026522099972,-33.64937516860664,102.80000305175781],[151.13023814745247,-33.64937575533986,103.19999694824219],[151.13017201423645,-33.64935915917158,103.80000305175781],[151.13014024682343,-33.64936351776123,104],[151.13007654435933,-33.64935723133385,104.19999694824219],[151.1300648096949,-33.64935580641031,104.4000015258789],[151.1300423461944,-33.649344407022,104.19999694824219],[151.13001812249422,-33.649320770055056,104],[151.12997512333095,-33.6492648627609,102.80000305175781],[151.12996749579906,-33.64925321191549,102.4000015258789],[151.1299377400428,-33.649221612140536,101.80000305175781],[151.12991351634264,-33.64919009618461,100.5999984741211],[151.12987093627453,-33.649125052616,99.4000015258789],[151.12986255437136,-33.649121448397636,99.19999694824219],[151.12985618412495,-33.64911583252251,99.19999694824219],[151.12982215359807,-33.64908599294722,98.19999694824219],[151.1298100836575,-33.649072581902146,97.80000305175781],[151.12978041172028,-33.64907241426408,97.19999694824219],[151.12976096570492,-33.64906596019864,97],[151.12969374284148,-33.64905942231417,97],[151.12967756576836,-33.649066211655736,97],[151.12960279919207,-33.649067133665085,98.19999694824219],[151.12959341146052,-33.649059338495135,98.4000015258789],[151.1295680142939,-33.64904718473554,98.4000015258789],[151.12951814197004,-33.649023212492466,98.4000015258789],[151.12947581335902,-33.6489939596504,97.80000305175781],[151.129412362352,-33.64898297935724,97.5999984741211],[151.12937657162547,-33.64897392690182,97.5999984741211],[151.12933415919542,-33.648967975750566,97.80000305175781],[151.12931043840945,-33.64895389415324,98.19999694824219],[151.12929300405085,-33.64893729798496,98.19999694824219],[151.1292664334178,-33.64891349337995,97.5999984741211],[151.12925780005753,-33.648907877504826,97.19999694824219],[151.12925260327756,-33.64890083670616,97],[151.129214130342,-33.64887300878763,96.5999984741211],[151.12916341982782,-33.64885867573321,96.5999984741211],[151.12912436015904,-33.64884761162102,96.4000015258789],[151.12910566851497,-33.64883319474757,96.19999694824219],[151.12909577786922,-33.64882783032954,96],[151.1290708836168,-33.648822382092476,95.80000305175781],[151.12905797548592,-33.64881861023605,95.80000305175781],[151.12901648506522,-33.6488036904484,95.5999984741211],[151.1289957817644,-33.648802349343896,95.5999984741211],[151.12894280813634,-33.64878449589014,96],[151.1288190074265,-33.648750465363264,96.5999984741211],[151.1287328414619,-33.64875021390617,97],[151.12871951423585,-33.64874694496393,97.19999694824219],[151.1286718212068,-33.6487296782434,97.5999984741211],[151.12864893861115,-33.64872146397829,97.4000015258789],[151.12863963469863,-33.64872062578797,97.4000015258789],[151.12862806767225,-33.648718781769276,97.4000015258789],[151.12859588116407,-33.64871375262737,97.4000015258789],[151.12858255393803,-33.648708974942565,97.19999694824219],[151.12853318452835,-33.648687014356256,97],[151.1284749303013,-33.64867360331118,96.4000015258789],[151.1284490302205,-33.64867368713021,96.4000015258789],[151.1284373793751,-33.648665975779295,96.19999694824219],[151.12842824310064,-33.64865734241903,96],[151.12841022200882,-33.64864753559232,95.80000305175781],[151.1284030135721,-33.648633202537894,95.19999694824219],[151.12840401940048,-33.64863144233823,95.19999694824219],[151.12837602384388,-33.64860654808581,94],[151.12837912514806,-33.64858400076628,93.4000015258789],[151.12837744876742,-33.64856572821736,93],[151.12837258726358,-33.648541420698166,92],[151.1283686477691,-33.6485362239182,91.80000305175781],[151.1283575836569,-33.648495404049754,90.5999984741211],[151.1282964795828,-33.64845550619066,89.5999984741211],[151.12824141047895,-33.64843522198498,89.19999694824219],[151.12822758033872,-33.648441173136234,89.19999694824219],[151.12820595502853,-33.64844628609717,89.19999694824219],[151.1281281709671,-33.648454332724214,89.19999694824219],[151.12811710685492,-33.64845416508615,89.19999694824219],[151.12803404219449,-33.64847159944475,89],[151.12800881266594,-33.64846732467413,88.80000305175781],[151.12798710353673,-33.648453410714865,88.5999984741211],[151.12794200889766,-33.64841007627547,87.80000305175781],[151.1279370635748,-33.64840127527714,87.5999984741211],[151.1279280949384,-33.64836070686579,86.5999984741211],[151.12792700529099,-33.648352241143584,86.4000015258789],[151.12792373634875,-33.648344529792666,86],[151.12792029976845,-33.6483340524137,85.4000015258789],[151.12790236249566,-33.64832357503474,84.4000015258789],[151.12788886763155,-33.64832273684442,84.19999694824219],[151.1278799828142,-33.64832357503474,84.19999694824219],[151.12785743549466,-33.64828317426145,83.19999694824219],[151.1278260871768,-33.64827336743474,83.4000015258789],[151.12776984460652,-33.64823279902339,83.5999984741211],[151.12775039859116,-33.64819901995361,83.5999984741211],[151.12774293869734,-33.64819164387882,83.5999984741211],[151.12770974636078,-33.64814193919301,84.80000305175781],[151.1277005262673,-33.64813020452857,85.4000015258789],[151.12768828868866,-33.648117296397686,86],[151.12767144106328,-33.648102125152946,86.4000015258789],[151.12765182740986,-33.64808636717498,87.19999694824219],[151.12764730118215,-33.6480821762234,87.5999984741211],[151.127620479092,-33.6480753030628,88.5999984741211],[151.12760765478015,-33.64807044155896,88.80000305175781],[151.1275721155107,-33.648061975836754,89.5999984741211],[151.1275583691895,-33.6480647418648,89.80000305175781],[151.12751889042556,-33.64807748235762,89.80000305175781],[151.12746465951204,-33.648077147081494,89.80000305175781],[151.1274254322052,-33.648063065484166,90],[151.12738637253642,-33.648053258657455,90.4000015258789],[151.12731722183526,-33.64802702330053,90.5999984741211],[151.12729953601956,-33.648013612255454,90.80000305175781],[151.12728897482157,-33.64800866693258,91],[151.12726139836013,-33.64799626171589,91.19999694824219],[151.1272039823234,-33.647966254502535,91.4000015258789],[151.12713064067066,-33.64794630557299,91.4000015258789],[151.12701388075948,-33.6478868778795,91.4000015258789],[151.12693500705063,-33.647874388843775,91],[151.1268638446927,-33.64783474244177,90.19999694824219],[151.12684892490506,-33.6478266119957,90.19999694824219],[151.1268326640129,-33.64781454205513,90.19999694824219],[151.12681472674012,-33.6477972753346,90],[151.12680424936116,-33.64779065363109,89.80000305175781],[151.12677415832877,-33.64777062088251,89.5999984741211],[151.12675295211375,-33.64773776382208,89.5999984741211],[151.12674255855381,-33.64773198030889,89.5999984741211],[151.12672705203295,-33.647711696103215,89.5999984741211],[151.12671305425465,-33.64767523482442,89.19999694824219],[151.12670442089438,-33.647632990032434,89],[151.12668958492577,-33.64761379547417,89],[151.12668078392744,-33.647602731361985,89],[151.12664096988738,-33.64758253097534,88.80000305175781],[151.12660408951342,-33.64758160896599,88.5999984741211],[151.12658967263997,-33.64758278243244,88.19999694824219],[151.12657802179456,-33.64757942967117,87.80000305175781],[151.12656720913947,-33.6475742328912,87.5999984741211],[151.1265303287655,-33.647546069696546,87.19999694824219],[151.1265141516924,-33.64753366447985,87.19999694824219],[151.1264985613525,-33.647519666701555,87.4000015258789],[151.12644726410508,-33.64751262590289,87.4000015258789],[151.12640937790275,-33.64749695174396,86.80000305175781],[151.1264013312757,-33.64748999476433,86.5999984741211],[151.12635950557888,-33.647492844611406,85.80000305175781],[151.1263614334166,-33.647494269534945,85.4000015258789],[151.12633980810642,-33.6474878154695,84.5999984741211],[151.12631499767303,-33.64747792482376,84],[151.1262610182166,-33.64745303057134,83.4000015258789],[151.12622723914683,-33.647429225966334,82.80000305175781],[151.12619220279157,-33.64741547964513,82.4000015258789],[151.12618021667004,-33.64741631783545,82.4000015258789],[151.12612757831812,-33.64740072749555,82.5999984741211],[151.12607611343265,-33.64739771001041,82.5999984741211],[151.1260601039976,-33.64739921875298,82.5999984741211],[151.1260318569839,-33.64739385433495,82.80000305175781],[151.12601978704333,-33.64739284850657,82.80000305175781],[151.12596195191145,-33.64736267365515,83.4000015258789],[151.12594669684768,-33.64736057817936,83.4000015258789],[151.12587930634618,-33.64735722541809,84],[151.12584242597222,-33.647332498803735,83.5999984741211],[151.1258209683001,-33.647329146042466,83.5999984741211],[151.12581158056855,-33.64732604473829,83.4000015258789],[151.12575709819794,-33.64730232395232,83.19999694824219],[151.12572281621397,-33.647288996726274,82.4000015258789],[151.12571108154953,-33.6472877394408,82],[151.12568861804903,-33.64728162065148,81.19999694824219],[151.12568610347807,-33.64728053100407,80.5999984741211],[151.1256782244891,-33.64728388376534,80.19999694824219],[151.1256401706487,-33.64727986045182,79.5999984741211],[151.12559515982866,-33.64726787433028,79],[151.12558401189744,-33.6472687125206,78.5999984741211],[151.1255566868931,-33.647265611216426,77.80000305175781],[151.1255321279168,-33.64724054932594,76.5999984741211],[151.12546901218593,-33.64720283076167,75.80000305175781],[151.1254203133285,-33.64716033451259,76.5999984741211],[151.12534462474287,-33.64712856709957,76.19999694824219],[151.125329118222,-33.64711733534932,76.4000015258789],[151.12531260587275,-33.64708749577403,76.80000305175781],[151.12530204467475,-33.64707903005183,77],[151.12525200471282,-33.647058410570025,76.80000305175781],[151.1252363305539,-33.64706268534064,76.80000305175781],[151.12521084956825,-33.64705287851393,76.80000305175781],[151.12518201582134,-33.64704508334398,76.80000305175781],[151.12510758452117,-33.64705371670425,76.5999984741211],[151.12507447600365,-33.64704893901944,76.5999984741211],[151.12499367445707,-33.64704491570592,76.5999984741211],[151.124935336411,-33.64704147912562,76.5999984741211],[151.12485118210316,-33.64701901562512,76.4000015258789],[151.12478613853455,-33.6469647847116,77.19999694824219],[151.12469838000834,-33.64695740863681,77.19999694824219],[151.1246848013252,-33.64695891737938,77],[151.12463233061135,-33.64694223739207,77],[151.12459528259933,-33.6469214502722,77.19999694824219],[151.12458245828748,-33.646918097510934,77.19999694824219],[151.12456812523305,-33.646913236007094,77.19999694824219],[151.12450794316828,-33.646899070590734,77],[151.12447114661336,-33.64689345471561,76.5999984741211],[151.1244194302708,-33.64687602035701,76.4000015258789],[151.12438363954425,-33.646873673424125,76.19999694824219],[151.12436838448048,-33.6468696501106,76.19999694824219],[151.12434181384742,-33.646865375339985,75.4000015258789],[151.12431809306145,-33.6468630284071,74.5999984741211],[151.12431071698666,-33.646853221580386,74.19999694824219],[151.12428816966712,-33.64684710279107,73.4000015258789],[151.1242759320885,-33.64682514220476,73],[151.12426847219467,-33.646818017587066,73],[151.12425606697798,-33.646812150254846,73],[151.12422631122172,-33.64680075086653,73.19999694824219],[151.12420627847314,-33.64679329097271,73.4000015258789],[151.12415288574994,-33.64675423130393,73.5999984741211],[151.12411432899535,-33.646719781681895,73.5999984741211],[151.12410770729184,-33.6467145010829,73.5999984741211],[151.12410376779735,-33.64670787937939,73.80000305175781],[151.1240936256945,-33.646695390343666,74.19999694824219],[151.12405548803508,-33.64667812362313,75],[151.12403813749552,-33.64667208865285,75],[151.12402112223208,-33.646675357595086,75],[151.12400251440704,-33.646683655679226,74.19999694824219],[151.1239323578775,-33.646671921014786,73.4000015258789],[151.12388709560037,-33.64664786495268,73],[151.12385826185346,-33.64663395099342,72.80000305175781],[151.12379489466548,-33.64657016471028,72.5999984741211],[151.12378022633493,-33.646553149446845,72.5999984741211],[151.1237769573927,-33.646476957947016,72.80000305175781],[151.12376363016665,-33.64645290188491,73.19999694824219],[151.12375273369253,-33.64644602872431,72.4000015258789],[151.12374963238835,-33.6464467830956,72],[151.1237389035523,-33.64643555134535,70.80000305175781],[151.123727587983,-33.64643940702081,70.19999694824219],[151.12371333874762,-33.64644896239042,69.5999984741211],[151.1237053759396,-33.64645457826555,68.80000305175781],[151.1236976645887,-33.64645122550428,68.5999984741211],[151.12368484027684,-33.646452063694596,68.19999694824219],[151.12365022301674,-33.64643127657473,67.4000015258789],[151.12364477477968,-33.64639892242849,66.5999984741211],[151.12364821135998,-33.64638978615403,66.19999694824219],[151.1236411705613,-33.646384589374065,66],[151.12360311672091,-33.64636053331196,65.80000305175781],[151.12355994991958,-33.64631460048258,67],[151.123555758968,-33.646309319883585,67.19999694824219],[151.1235378216952,-33.646281994879246,68.4000015258789],[151.12352717667818,-33.646278558298945,68.4000015258789],[151.12349825911224,-33.64626858383417,68.5999984741211],[151.1234661564231,-33.64625927992165,68.5999984741211],[151.1234534997493,-33.646259028464556,68.4000015258789],[151.1234239116311,-33.646242432296276,68.19999694824219],[151.12341561354697,-33.64620731212199,67.80000305175781],[151.12341125495732,-33.64619867876172,67.5999984741211],[151.12336901016533,-33.64613371901214,67.4000015258789],[151.12331142649055,-33.64609851501882,67.4000015258789],[151.12328954972327,-33.646077727898955,67.19999694824219],[151.1232793238014,-33.64606867544353,67.19999694824219],[151.1232328042388,-33.64602718502283,66.80000305175781],[151.1232158727944,-33.646021485328674,66.5999984741211],[151.1231929063797,-33.646010756492615,66.19999694824219],[151.12318645231426,-33.646008744835854,66],[151.12318661995232,-33.64600555971265,65.80000305175781],[151.12316692247987,-33.64598938263953,65.4000015258789],[151.12314370460808,-33.64597630687058,65.19999694824219],[151.1231318861246,-33.64596398547292,65.19999694824219],[151.12310204654932,-33.6459406837821,65.5999984741211],[151.12304010428488,-33.64588628523052,65.5999984741211],[151.12296550534666,-33.645862732082605,64.4000015258789],[151.1229645833373,-33.64586013369262,64.19999694824219],[151.12295863218606,-33.645856864750385,64.19999694824219],[151.1229458078742,-33.64583423361182,64],[151.1228903196752,-33.64577103406191,63.20000076293945],[151.1228733882308,-33.64574261941016,63],[151.1228802613914,-33.645683359354734,62.79999923706055],[151.12285863608122,-33.645640946924686,62.599998474121094],[151.12278998829424,-33.64556835964322,62.20000076293945],[151.12273341044784,-33.645494766533375,62.20000076293945],[151.12271857447922,-33.64547775126994,62.20000076293945],[151.12270801328123,-33.64547012373805,62],[151.1226976197213,-33.645461071282625,61.599998474121094],[151.12267632968724,-33.645453695207834,61.400001525878906],[151.12266241572797,-33.64541983231902,61.400001525878906],[151.12265185452998,-33.645402397960424,61.400001525878906],[151.12261296249926,-33.64533768966794,61.20000076293945],[151.12258287146688,-33.645325703546405,61],[151.12253685481846,-33.64530265331268,61.20000076293945],[151.12249276600778,-33.64525370299816,61],[151.12247885204852,-33.64524196833372,61],[151.12240844406188,-33.645160999149084,60.599998474121094],[151.1223741620779,-33.64513157866895,60.20000076293945],[151.12235940992832,-33.64512965083122,60.20000076293945],[151.12231607548892,-33.645127387717366,60.20000076293945],[151.12228388898075,-33.64513576962054,60.599998474121094],[151.12227844074368,-33.645133171230555,60],[151.12227592617273,-33.64513141103089,60],[151.12225924618542,-33.645108779892325,59.599998474121094],[151.1222568154335,-33.64510668441653,59.599998474121094],[151.12221683375537,-33.64510031417012,59.599998474121094],[151.12221063114703,-33.64507768303156,59.400001525878906],[151.1222068592906,-33.645034935325384,59.79999923706055],[151.12220400944352,-33.644996881484985,61],[151.12220283597708,-33.64498154260218,61.79999923706055],[151.12220434471965,-33.64497215487063,62.20000076293945],[151.12220560200512,-33.64496276713908,62.400001525878906],[151.12220166251063,-33.644952457398176,63.400001525878906],[151.12217995338142,-33.64493510685861,64],[151.1221626866609,-33.64490820094943,64.4000015258789],[151.12215807661414,-33.6449009925127,64.4000015258789],[151.12213728949428,-33.64488800056279,64.80000305175781],[151.1220812983811,-33.64485044963658,65.4000015258789],[151.12204240635037,-33.644835697487,65.4000015258789],[151.12195774912834,-33.644807701930404,65.19999694824219],[151.12194794230163,-33.64479286596179,65.4000015258789],[151.1219425778836,-33.64477811381221,65.4000015258789],[151.12189915962517,-33.64474290981889,65.4000015258789],[151.12189429812133,-33.6447318457067,65.4000015258789],[151.12186973914504,-33.64468926563859,66],[151.1218614410609,-33.644682224839926,66],[151.12183285877109,-33.64465322345495,66.4000015258789],[151.121830008924,-33.644619192928076,66.5999984741211],[151.12180888652802,-33.64460133947432,67.19999694824219],[151.12175985239446,-33.64457057788968,67.4000015258789],[151.121729593724,-33.64454559981823,67.4000015258789],[151.12172783352435,-33.64451911300421,67.4000015258789],[151.1217248160392,-33.64451081492007,67.5999984741211],[151.12171785905957,-33.6445093061775,67.5999984741211],[151.1217113211751,-33.644510731101036,67.80000305175781],[151.12167846411467,-33.644505366683006,67.80000305175781],[151.12165851518512,-33.64446999505162,67.19999694824219],[151.12162842415273,-33.64443361759186,66.4000015258789],[151.12161870114505,-33.64441961981356,66.19999694824219],[151.12161233089864,-33.64433890208602,66],[151.12159598618746,-33.6443036980927,66.4000015258789],[151.12156103365123,-33.64429305307567,66.80000305175781],[151.12150311470032,-33.644276205450296,67.19999694824219],[151.1215027794242,-33.64424527622759,67.5999984741211],[151.12148869782686,-33.64422717131674,67.5999984741211],[151.12146304920316,-33.64414695650339,68],[151.12146170809865,-33.644127175211906,68.5999984741211],[151.12144930288196,-33.64408643916249,69.80000305175781],[151.12138903699815,-33.644079733639956,70.4000015258789],[151.12136942334473,-33.64408107474446,70.5999984741211],[151.1213294416666,-33.6440859362483,70.80000305175781],[151.1213006079197,-33.644082499668,71],[151.12132156267762,-33.644032794982195,71.5999984741211],[151.1213376559317,-33.643972193822265,71.5999984741211],[151.12133564427495,-33.64395098760724,71.19999694824219],[151.12131343223155,-33.64393631927669,70.80000305175781],[151.12125853076577,-33.64387094043195,70.19999694824219],[151.1212400905788,-33.64382492378354,70],[151.12123120576143,-33.643810506910086,70],[151.12122483551502,-33.64378251135349,69.80000305175781],[151.1212210636586,-33.64374755881727,70],[151.12123145721853,-33.64372408948839,70.4000015258789],[151.1212197225541,-33.643690813332796,71.80000305175781],[151.12121226266026,-33.6436889693141,71.80000305175781],[151.1211949121207,-33.64368377253413,72],[151.1211790703237,-33.643615543842316,71.19999694824219],[151.1211909726262,-33.64358335733414,71.4000015258789],[151.1211701016873,-33.64353314973414,72.19999694824219],[151.12116314470768,-33.64348931238055,71.80000305175781],[151.1211412679404,-33.643429381772876,72.19999694824219],[151.12108829431236,-33.64336056634784,72.19999694824219],[151.12104604952037,-33.64333081059158,70.80000305175781],[151.1210260167718,-33.64331999793649,69.5999984741211],[151.12103045918047,-33.6433192435652,69.4000015258789],[151.12102190963924,-33.64330063574016,68.4000015258789],[151.12102559767663,-33.64328697323799,68],[151.1210204847157,-33.64328579977155,67.19999694824219],[151.12101034261286,-33.643283201381564,66.5999984741211],[151.12100204452872,-33.64327532239258,66],[151.12098150886595,-33.643265599384904,64.80000305175781],[151.12097773700953,-33.64326015114784,64.5999984741211],[151.12096306867898,-33.6432433873415,63.79999923706055],[151.12094479613006,-33.64323232322931,62.599998474121094],[151.12091076560318,-33.64321262575686,61.599998474121094],[151.12089953385293,-33.64319292828441,61],[151.1208793334663,-33.643156718462706,60.599998474121094],[151.1208753939718,-33.64311723969877,60.400001525878906],[151.12088318914175,-33.643093686550856,60.20000076293945],[151.1208854522556,-33.6430620867759,60.599998474121094],[151.1208939179778,-33.643015902489424,61.400001525878906],[151.1208870448172,-33.642980363219976,61.400001525878906],[151.12088629044592,-33.642950439825654,61.20000076293945],[151.1208809260279,-33.642940716817975,61.20000076293945],[151.12088184803724,-33.64290911704302,60.79999923706055],[151.12086064182222,-33.64287751726806,59.599998474121094],[151.12085091881454,-33.6428789421916,59.400001525878906],[151.1208318080753,-33.64286041818559,58.599998474121094],[151.12083029933274,-33.64284918643534,58.400001525878906],[151.1208354961127,-33.64283921197057,58.20000076293945],[151.12084438093007,-33.64283250644803,58],[151.12087807618082,-33.64280451089144,58],[151.12087639980018,-33.64278791472316,58],[151.12087019719183,-33.642754973843694,58],[151.1208552774042,-33.64271859638393,57.599998474121094],[151.12086156383157,-33.642713986337185,57.599998474121094],[151.1208719573915,-33.64265254698694,58],[151.12087413668633,-33.64263653755188,58],[151.12088972702622,-33.642592364922166,57.79999923706055],[151.12092124298215,-33.64251575432718,58.20000076293945],[151.12092224881053,-33.642507791519165,58.400001525878906],[151.12091780640185,-33.64245641045272,58.599998474121094],[151.1209123581648,-33.6423834040761,58],[151.1209250986576,-33.64230469800532,58],[151.12093339674175,-33.64229589700699,58.20000076293945],[151.12092912197113,-33.64222020842135,58],[151.12094454467297,-33.64220126532018,58],[151.1209572851658,-33.642165223136544,58.20000076293945],[151.12095317803323,-33.64210680127144,58.400001525878906],[151.1209723725915,-33.64210478961468,58.599998474121094],[151.12098234705627,-33.64206329919398,59.20000076293945],[151.12098226323724,-33.64202876575291,59.400001525878906],[151.12097681500018,-33.64200185984373,59.79999923706055],[151.1209697742015,-33.64198031835258,59.79999923706055],[151.1209610570222,-33.64195391535759,59.400001525878906],[151.12093163654208,-33.64189373329282,59],[151.12092685885727,-33.64184997975826,58.400001525878906],[151.12093901261687,-33.6418273486197,58],[151.12095845863223,-33.64180161617696,57.79999923706055],[151.12096172757447,-33.641787534579635,57.599998474121094],[151.12096826545894,-33.641780158504844,57.400001525878906],[151.12097832374275,-33.641768926754594,57.20000076293945],[151.12099022604525,-33.641740595921874,57],[151.1209732107818,-33.64171754568815,57.20000076293945],[151.12096725963056,-33.64170019514859,57.20000076293945],[151.12095938064158,-33.64166708663106,57],[151.12096197903156,-33.64164655096829,57],[151.12096005119383,-33.641632217913866,57],[151.12095510587096,-33.641600366681814,57],[151.1209675949067,-33.64158653654158,57],[151.12098125740886,-33.64157270640135,56.79999923706055],[151.12100129015744,-33.64152166061103,56.79999923706055],[151.12099927850068,-33.641509087756276,56.79999923706055],[151.12101721577346,-33.64144236780703,56.79999923706055],[151.1210218258202,-33.64139056764543,56.400001525878906],[151.12101746723056,-33.64137631841004,55.79999923706055],[151.12100263126194,-33.641376150771976,54.599998474121094],[151.12099148333073,-33.64138805307448,53.400001525878906],[151.12098125740886,-33.64139107055962,52.79999923706055],[151.12098176032305,-33.64139249548316,52.400001525878906],[151.12096264958382,-33.641416132450104,51.20000076293945],[151.12094538286328,-33.641400123015046,50.20000076293945],[151.12092224881053,-33.64137162454426,49.20000076293945],[151.1209145374596,-33.64136106334627,49],[151.12090372480452,-33.641328206285834,48],[151.12089341506362,-33.64133373834193,47.20000076293945],[151.1208764836192,-33.64133290015161,46.79999923706055],[151.12086315639317,-33.64132736809552,46],[151.12085804343224,-33.6413162201643,45.599998474121094],[151.1208426207304,-33.64129224792123,44.400001525878906],[151.1208029743284,-33.64129769615829,43.20000076293945],[151.1207791697234,-33.64129618741572,42],[151.12077455967665,-33.641302892938256,41.20000076293945],[151.12077715806663,-33.64130515605211,41],[151.12077992409468,-33.6413315590471,39.79999923706055],[151.12077145837247,-33.64133885130286,39.599998474121094],[151.120730554685,-33.64134463481605,38.599998474121094],[151.12072535790503,-33.64134128205478,38.20000076293945],[151.12070825882256,-33.64135393872857,37.400001525878906],[151.12070507369936,-33.64134857431054,37.20000076293945],[151.12070381641388,-33.64134036004543,36.20000076293945],[151.1206872202456,-33.64133591763675,35.79999923706055],[151.1206782516092,-33.641327703371644,35.20000076293945],[151.12068177200854,-33.641328793019056,34.79999923706055],[151.12067724578083,-33.64132217131555,34],[151.12067062407732,-33.641313621774316,33.599998474121094],[151.12065637484193,-33.64130700007081,33],[151.12065176479518,-33.6413059104234,32.20000076293945],[151.12062946893275,-33.641299875453115,31.799999237060547],[151.1206076759845,-33.64128101617098,30.600000381469727],[151.12061471678317,-33.641228042542934,30],[151.12062427215278,-33.6412073392421,29.799999237060547],[151.12065344117582,-33.64119032397866,29.600000381469727],[151.12065318971872,-33.64117850549519,29.600000381469727],[151.1206417903304,-33.641166435554624,29.600000381469727],[151.12062921747565,-33.641143972054124,29.600000381469727],[151.12061756663024,-33.64112955518067,29.600000381469727],[151.12061924301088,-33.64111706614494,29.399999618530273],[151.12062578089535,-33.64106995984912,29.200000762939453],[151.12061907537282,-33.64106157794595,29.200000762939453],[151.12059636041522,-33.64101522602141,28.799999237060547],[151.12058957107365,-33.641007682308555,28.799999237060547],[151.1205873079598,-33.64098262041807,29],[151.1205836199224,-33.64094599150121,29],[151.120566688478,-33.640910452231765,29.200000762939453],[151.1205632518977,-33.64088731817901,29.200000762939453],[151.1205804347992,-33.640867955982685,29.200000762939453],[151.12055394798517,-33.640835266560316,28.799999237060547],[151.1205228511244,-33.64079721271992,28.600000381469727],[151.12047121860087,-33.64076267927885,28.600000381469727],[151.12043601460755,-33.64074029959738,28.399999618530273],[151.12038572318852,-33.64071582444012,28.200000762939453],[151.12038706429303,-33.640709621831775,28.200000762939453],[151.1203917581588,-33.64069973118603,28.200000762939453],[151.12039452418685,-33.64068288356066,28.200000762939453],[151.12039284780622,-33.64067366346717,28.200000762939453],[151.12038211897016,-33.640685230493546,28.200000762939453],[151.120350016281,-33.64067869260907,27.399999618530273],[151.12032746896148,-33.640676848590374,27.399999618530273],[151.12030844204128,-33.640674501657486,27.200000762939453],[151.120302407071,-33.640676848590374,27.200000762939453],[151.12027533352375,-33.640687661245465,26.799999237060547],[151.120270723477,-33.640691097825766,26.600000381469727],[151.120270723477,-33.640686739236116,26.799999237060547],[151.12021481618285,-33.64069604314864,27.399999618530273],[151.12013493664563,-33.640691600739956,28.200000762939453],[151.1201158259064,-33.640665197744966,28.399999618530273],[151.12011096440256,-33.640657821670175,28.600000381469727],[151.12005438655615,-33.64061809144914,28.200000762939453],[151.12002186477184,-33.640584982931614,27.799999237060547],[151.12001423723996,-33.64057123661041,27.600000381469727],[151.12000384368002,-33.640562100335956,27.399999618530273],[151.1199924442917,-33.64055707119405,27.399999618530273],[151.1199097149074,-33.640511306002736,27.200000762939453],[151.11985690891743,-33.64048314280808,26.799999237060547],[151.11979940906167,-33.64045682363212,26.600000381469727],[151.1197680607438,-33.640444334596395,26.799999237060547],[151.11972958780825,-33.64042111672461,26.600000381469727],[151.11972372047603,-33.6404147464782,26.399999618530273],[151.1197228822857,-33.640412986278534,26.399999618530273],[151.11972237937152,-33.640412986278534,26],[151.11966907046735,-33.640376441180706,25.200000762939453],[151.11966194584966,-33.640366131439805,24.799999237060547],[151.11967426724732,-33.64034785889089,24.600000381469727],[151.11967694945633,-33.64034475758672,24.399999618530273],[151.11967946402729,-33.640340231359005,24],[151.11965775489807,-33.6403404828161,24],[151.11962682567537,-33.640331011265516,23.600000381469727],[151.1195700801909,-33.640313912183046,24.399999618530273],[151.11955482512712,-33.640307039022446,24.600000381469727],[151.1195381451398,-33.640290442854166,24.600000381469727],[151.11953554674983,-33.64029069431126,24.600000381469727],[151.11948776990175,-33.64028465934098,24.600000381469727],[151.11948835663497,-33.64027854055166,24.600000381469727],[151.11946321092546,-33.64026420749724,24.200000762939453],[151.11946346238256,-33.640239564701915,24.200000762939453],[151.1194297671318,-33.64022875204682,24.399999618530273],[151.11941132694483,-33.640191620215774,24.200000762939453],[151.1194093991071,-33.640172174200416,23.799999237060547],[151.11938098445535,-33.640150129795074,23.200000762939453],[151.1193763744086,-33.64014225080609,23],[151.11936992034316,-33.640106711536646,22.600000381469727],[151.11936086788774,-33.640095982700586,22.600000381469727],[151.11933429725468,-33.640046026557684,22.399999618530273],[151.1192817427218,-33.6400175280869,23.200000762939453],[151.1192537471652,-33.63996279425919,22.399999618530273],[151.11921669915318,-33.63991744816303,22.200000762939453],[151.11921058036387,-33.63988668657839,22],[151.11920923925936,-33.639884842559695,21.799999237060547],[151.11916900612414,-33.63985491916537,22.399999618530273],[151.1191416811198,-33.63982398994267,22.799999237060547],[151.1191022861749,-33.63977763801813,23.200000762939453],[151.1190880369395,-33.6397344712168,23.600000381469727],[151.11906909383833,-33.639713348820806,23.399999618530273],[151.11902953125536,-33.63965048454702,23],[151.11903313547373,-33.63962751813233,22.799999237060547],[151.11903338693082,-33.63961377181113,22.600000381469727],[151.11903154291213,-33.63960346207023,22],[151.11904294230044,-33.639573790133,21.600000381469727],[151.1190256755799,-33.63952944986522,22.600000381469727],[151.11900178715587,-33.63951729610562,23],[151.11898527480662,-33.6394701898098,23.399999618530273],[151.11898661591113,-33.639464071020484,23.399999618530273],[151.11897211521864,-33.63941973075271,24],[151.11896842718124,-33.63940246403217,24.200000762939453],[151.1189701873809,-33.63939735107124,24.200000762939453],[151.11895568668842,-33.6393422819674,24.799999237060547],[151.1189592909068,-33.639329709112644,24.799999237060547],[151.1189619731158,-33.63925091922283,25],[151.1189786531031,-33.63922434858978,25.200000762939453],[151.11898343078792,-33.63920456729829,25.200000762939453],[151.11900547519326,-33.6391678545624,24.799999237060547],[151.11901008524,-33.639148995280266,24.799999237060547],[151.11903187818825,-33.639107001945376,24.799999237060547],[151.11904537305236,-33.63907691091299,24.799999237060547],[151.11905115656555,-33.63906433805823,24.799999237060547],[151.1190642323345,-33.63904992118478,24.600000381469727],[151.1190882883966,-33.639009185135365,24.399999618530273],[151.119091976434,-33.63894975744188,24.600000381469727],[151.1191089078784,-33.63893852569163,24.799999237060547],[151.11911335028708,-33.63893114961684,24.799999237060547],[151.11912810243666,-33.63889183849096,25],[151.11912868916988,-33.63888379186392,25],[151.1191295273602,-33.638869039714336,25.200000762939453],[151.1191329639405,-33.63885001279414,25.200000762939453],[151.11913656815886,-33.6387899145484,25.200000762939453],[151.11913438886404,-33.63872696645558,24.399999618530273],[151.11913790926337,-33.638718500733376,24.200000762939453],[151.1191496439278,-33.63868757151067,23.600000381469727],[151.11916297115386,-33.63866846077144,23.200000762939453],[151.11916330642998,-33.63865320570767,23.200000762939453],[151.11916070804,-33.63860936835408,23],[151.1191662400961,-33.638575756922364,22.799999237060547],[151.11914779990911,-33.63855304196477,22.399999618530273],[151.11913581378758,-33.638503421097994,22.200000762939453],[151.11914779990911,-33.63849453628063,22],[151.11915869638324,-33.63846796564758,21.399999618530273],[151.11914159730077,-33.638438461348414,21],[151.11913229338825,-33.638430666178465,20.799999237060547],[151.11913556233048,-33.63840929232538,20.799999237060547],[151.11912986263633,-33.63838850520551,20.799999237060547],[151.11913925036788,-33.6383718252182,21.200000762939453],[151.11914612352848,-33.63835078664124,21],[151.11912860535085,-33.63835237920284,21.200000762939453],[151.11912340857089,-33.63835271447897,21.399999618530273],[151.11912064254284,-33.638341231271625,21.399999618530273],[151.11911770887673,-33.63834257237613,21.200000762939453],[151.11911846324801,-33.638341315090656,21.200000762939453],[151.1190930660814,-33.63824366591871,21.200000762939453],[151.1190653219819,-33.638153141364455,20.799999237060547],[151.11903741024435,-33.63810695707798,21],[151.1190261784941,-33.63808122463524,21.200000762939453],[151.11901519820094,-33.63807267509401,21],[151.11898586153984,-33.638036297634244,20.600000381469727],[151.11896046437323,-33.63800821825862,20.600000381469727],[151.11892190761864,-33.63794468343258,20.600000381469727],[151.118920231238,-33.63789883442223,21.399999618530273],[151.1189191415906,-33.63788324408233,21.399999618530273],[151.11888653598726,-33.63782172091305,21.600000381469727],[151.11887915991247,-33.63779179751873,21.799999237060547],[151.1188618093729,-33.63776648417115,22],[151.1188530921936,-33.63771074451506,22.399999618530273],[151.1188398487866,-33.63767931237817,22.399999618530273],[151.11884538084269,-33.63764243200421,22.200000762939453],[151.11886725760996,-33.6375861056149,21.799999237060547],[151.11889122985303,-33.637557942420244,21.399999618530273],[151.11892584711313,-33.63751628436148,21.600000381469727],[151.11890388652682,-33.637481331825256,22],[151.11891394481063,-33.637439254671335,21.399999618530273],[151.11891352571547,-33.63743078894913,21.399999618530273],[151.11889575608075,-33.63742173649371,21.399999618530273],[151.11888335086405,-33.63740229047835,21.399999618530273],[151.11886491067708,-33.637379156425595,22],[151.1188562773168,-33.63736608065665,22.200000762939453],[151.11886616796255,-33.63735451363027,22.200000762939453],[151.11887019127607,-33.637325344607234,21.799999237060547],[151.11884429119527,-33.63731587305665,21.600000381469727],[151.11883649602532,-33.63729986362159,21.399999618530273],[151.11882576718926,-33.6372597143054,21.799999237060547],[151.1188081651926,-33.637230545282364,22.399999618530273],[151.11883490346372,-33.637180756777525,22.799999237060547],[151.11884320154786,-33.63717572763562,23],[151.1188441235572,-33.63716818392277,23.200000762939453],[151.1188443750143,-33.637134404852986,24],[151.1188345681876,-33.63712250255048,24.200000762939453],[151.11883155070245,-33.63711194135249,24.200000762939453],[151.11884202808142,-33.63709123805165,24.399999618530273],[151.1188425309956,-33.63708578981459,24.399999618530273],[151.11886038444936,-33.63707883283496,24.399999618530273],[151.11884026788175,-33.63705058582127,23.600000381469727],[151.11885770224035,-33.63701546564698,23.200000762939453],[151.11886558122933,-33.637015549466014,23.200000762939453],[151.11886717379093,-33.63700850866735,23.200000762939453],[151.11885325983167,-33.63700649701059,23.200000762939453],[151.11884504556656,-33.63695930689573,23.200000762939453],[151.11879534088075,-33.63693751394749,22.200000762939453],[151.11873348243535,-33.63694857805967,21.200000762939453],[151.11872057430446,-33.63693441264331,21],[151.11870012246072,-33.63691412843764,20.600000381469727],[151.1186892259866,-33.63689468242228,20.200000762939453],[151.11868428066373,-33.63689267076552,20.200000762939453],[151.11868252046406,-33.63687900826335,20.399999618530273],[151.1186802573502,-33.63687037490308,20.600000381469727],[151.11862460151315,-33.63685646094382,20],[151.1186025571078,-33.63679971545935,20],[151.1185911577195,-33.63679845817387,20],[151.11855385825038,-33.636789405718446,20],[151.1185303889215,-33.636766858398914,20.399999618530273],[151.1185240186751,-33.63675990141928,20.600000381469727],[151.11852091737092,-33.63675797358155,21],[151.11851018853486,-33.63673534244299,21.399999618530273],[151.11850415356457,-33.63672033883631,21.600000381469727],[151.11848873086274,-33.63670659251511,21.600000381469727],[151.11848378553987,-33.636697540059686,21.600000381469727],[151.1184236034751,-33.63667138852179,21],[151.1183908302337,-33.63668706268072,20.600000381469727],[151.1183752398938,-33.636697540059686,20.399999618530273],[151.11836023628712,-33.63669301383197,20.399999618530273],[151.1183527763933,-33.636679854243994,20],[151.11833500675857,-33.63665957003832,19.799999237060547],[151.11830935813487,-33.63660307601094,20.399999618530273],[151.11828412860632,-33.636567536741495,20.600000381469727],[151.11826996318996,-33.63654926419258,20.399999618530273],[151.1182528641075,-33.636539708822966,20.200000762939453],[151.1182127147913,-33.636527890339494,20.200000762939453],[151.118198717013,-33.636517161503434,20.200000762939453],[151.11818832345307,-33.63650852814317,20.200000762939453],[151.11815764568746,-33.636505510658026,20],[151.11814834177494,-33.63649880513549,19.799999237060547],[151.1181189212948,-33.63648480735719,19.600000381469727],[151.11808857880533,-33.63648036494851,19.600000381469727],[151.11808053217828,-33.63646963611245,19.600000381469727],[151.11804641783237,-33.63642504438758,19.399999618530273],[151.11800090409815,-33.63639134913683,19],[151.1179883312434,-33.63638749346137,19],[151.11795572564006,-33.63636301830411,18.799999237060547],[151.1179066915065,-33.63632186315954,18.399999618530273],[151.11789562739432,-33.63626243546605,18.399999618530273],[151.11789017915726,-33.63620049320161,19],[151.11786805093288,-33.636159086599946,18.600000381469727],[151.11783100292087,-33.636125810444355,18.200000762939453],[151.11782228574157,-33.63611474633217,18.200000762939453],[151.11782086081803,-33.63609186373651,19],[151.11780032515526,-33.63605238497257,20.200000762939453],[151.11781038343906,-33.636045679450035,20.399999618530273],[151.11778624355793,-33.63601801916957,21],[151.11777920275927,-33.63598591648042,21.399999618530273],[151.11777283251286,-33.635973846539855,21.600000381469727],[151.11776989884675,-33.63595607690513,22.200000762939453],[151.11777140758932,-33.63595465198159,22.600000381469727],[151.11777685582638,-33.63594803027809,22.799999237060547],[151.1177737545222,-33.63586203195155,23.399999618530273],[151.11775824800134,-33.63578827120364,22.200000762939453],[151.1177687253803,-33.635744685307145,21.600000381469727],[151.11776755191386,-33.63573856651783,21.399999618530273],[151.11779060214758,-33.6356898676604,22.399999618530273],[151.1177941225469,-33.6356779653579,22.600000381469727],[151.11783301457763,-33.635601019486785,23.200000762939453],[151.1178659554571,-33.63557931035757,23.600000381469727],[151.11787140369415,-33.635571766644716,23.600000381469727],[151.11787827685475,-33.635556595399976,22.399999618530273],[151.11788548529148,-33.63552642054856,21.200000762939453],[151.11790065653622,-33.635502364486456,20.600000381469727],[151.11791297793388,-33.635467076674104,19.799999237060547],[151.1179259698838,-33.63545131869614,19.200000762939453],[151.11794189549983,-33.63543723709881,18.600000381469727],[151.11794063821435,-33.63541376776993,18.200000762939453],[151.11795648001134,-33.63536339253187,18.600000381469727],[151.11796301789582,-33.635352747514844,17.799999237060547],[151.11795857548714,-33.63533841446042,17.799999237060547],[151.11795698292553,-33.63533983938396,17.799999237060547],[151.1179605871439,-33.6353206448257,18.799999237060547],[151.11797148361802,-33.63530673086643,19.799999237060547],[151.11797123216093,-33.63529751077294,20],[151.11800123937428,-33.63529097288847,21.200000762939453],[151.1180419754237,-33.635250655934215,22.200000762939453],[151.11805320717394,-33.63524646498263,22.399999618530273],[151.11809478141367,-33.6352323833853,23.200000762939453],[151.11810852773488,-33.63521344028413,23.200000762939453],[151.1181091144681,-33.63520069979131,23.200000762939453],[151.11811347305775,-33.6351874563843,23.399999618530273],[151.11817214637995,-33.635125095024705,23.600000381469727],[151.11819754354656,-33.63507396541536,23],[151.11823576502502,-33.6350338999182,23],[151.11826434731483,-33.635014872998,23.399999618530273],[151.11829762347043,-33.63499693572521,23.600000381469727],[151.1183174047619,-33.63499525934458,23.799999237060547],[151.1183350905776,-33.63497832790017,24],[151.11836023628712,-33.63496198318899,23.799999237060547],[151.1183839570731,-33.63495083525777,23.600000381469727],[151.11847523599863,-33.634927701205015,24.399999618530273],[151.11853122711182,-33.63491227850318,25.399999618530273],[151.11856031231582,-33.63489517942071,25.600000381469727],[151.11856827512383,-33.634895933791995,25.600000381469727],[151.11856584437191,-33.6348716262728,25.399999618530273],[151.1185803450644,-33.63483759574592,24.600000381469727],[151.11857657320797,-33.63482384942472,24.600000381469727],[151.11857657320797,-33.63482384942472,24.399999618530273],[151.11856190487742,-33.63481253385544,24.399999618530273],[151.11856190487742,-33.63481253385544,24.399999618530273],[151.11856190487742,-33.63481253385544,23.399999618530273],[151.11854556016624,-33.634807504713535,22.600000381469727],[151.11854480579495,-33.63480482250452,22.200000762939453],[151.11854472197592,-33.63480247557163,21.200000762939453],[151.11854187212884,-33.634799122810364,20.200000762939453],[151.11853684298694,-33.634795267134905,19],[151.11853298731148,-33.634787388145924,18],[151.118529047817,-33.63475729711354,16.799999237060547],[151.11853323876858,-33.634684290736914,16.200000762939453],[151.11853256821632,-33.63460985943675,16.600000381469727],[151.1185523495078,-33.63458446227014,17.600000381469727],[151.1185993719846,-33.63453693687916,17.200000762939453],[151.11862141638994,-33.63448773510754,16.600000381469727],[151.11862007528543,-33.63446971401572,15.600000381469727],[151.11861035227776,-33.63442520610988,15],[151.1185972765088,-33.634412214159966,14.800000190734863],[151.11858520656824,-33.634392684325576,14.600000381469727],[151.11858596093953,-33.634383799508214,14.600000381469727],[151.11861244775355,-33.63434113562107,14.600000381469727],[151.11865863204002,-33.63430987112224,16],[151.11865603365004,-33.63430936820805,16.200000762939453],[151.11866416409612,-33.63427642732859,17],[151.1186614818871,-33.63425471819937,17],[151.11866089515388,-33.63424642011523,17],[151.11866265535355,-33.63423996604979,16.799999237060547],[151.11867539584637,-33.63422085531056,16.200000762939453],[151.1186701990664,-33.634194284677505,15],[151.11866382882,-33.63418472930789,14.800000190734863],[151.11866902559996,-33.6341686360538,14.600000381469727],[151.11864974722266,-33.634128319099545,15],[151.11864631064236,-33.63411189056933,14.800000190734863],[151.11866550520062,-33.63404726609588,14.800000190734863],[151.11868218518794,-33.63401306793094,15],[151.11869836226106,-33.63399454392493,15.199999809265137],[151.11868704669178,-33.63395154476166,15.399999618530273],[151.11867531202734,-33.63393469713628,15.199999809265137],[151.11863549798727,-33.63386764191091,14.800000190734863],[151.11864069476724,-33.633834198117256,14.600000381469727],[151.11864329315722,-33.63379907794297,14.600000381469727],[151.11865418963134,-33.63372975960374,14.800000190734863],[151.11865787766874,-33.6337177734822,14.800000190734863],[151.1186591349542,-33.633687514811754,14.800000190734863],[151.11865108832717,-33.63365943543613,15],[151.11866768449545,-33.63361878320575,15],[151.11866408027709,-33.6336006782949,15.600000381469727],[151.11866734921932,-33.6335660610348,15.399999618530273],[151.11865268088877,-33.63349590450525,15],[151.11865871585906,-33.6334777995944,14.800000190734863],[151.1186715401709,-33.633427172899246,14.800000190734863],[151.11868084408343,-33.63334754481912,14.600000381469727],[151.11867883242667,-33.63328367471695,14.800000190734863],[151.11864287406206,-33.633243357762694,14.399999618530273],[151.11863415688276,-33.633215026929975,14.199999809265137],[151.11866936087608,-33.63314688205719,14.399999618530273],[151.1186527647078,-33.63309223204851,15.199999809265137],[151.11863994039595,-33.63304370082915,14.600000381469727],[151.11867933534086,-33.63300874829292,14.800000190734863],[151.11869123764336,-33.632971281185746,14.600000381469727],[151.11871252767742,-33.632921827957034,14.800000190734863],[151.11875561065972,-33.63287614658475,15],[151.11877388320863,-33.632789980620146,15],[151.1188354063779,-33.63274136558175,15],[151.11884211190045,-33.63268009386957,14.800000190734863],[151.11884663812816,-33.632652098312974,14.800000190734863],[151.11885502003133,-33.63263122737408,15],[151.11885108053684,-33.632616056129336,15],[151.11885577440262,-33.632570542395115,15],[151.11886247992516,-33.63253466784954,15],[151.11886977218091,-33.632477251812816,14.600000381469727],[151.11889173276722,-33.632392678409815,14.399999618530273],[151.11889609135687,-33.63238647580147,14.399999618530273],[151.1189188901335,-33.632356971502304,14.600000381469727],[151.1189514119178,-33.632352193817496,14.600000381469727],[151.1189825925976,-33.632334088906646,14.600000381469727],[151.11902106553316,-33.63230022601783,14.800000190734863],[151.1190882883966,-33.63224817439914,14.800000190734863],[151.11910823732615,-33.63223467953503,14.800000190734863],[151.11911460757256,-33.63222395069897,14.800000190734863],[151.1191400885582,-33.63219637423754,14.800000190734863],[151.11915894784033,-33.632184471935034,14.800000190734863],[151.1191646475345,-33.632179694250226,14.800000190734863],[151.1192333791405,-33.632114147767425,14.600000381469727],[151.1192722711712,-33.63206310197711,14.399999618530273],[151.11929347738624,-33.632052540779114,14.399999618530273],[151.11935567110777,-33.632014486938715,14.800000190734863],[151.11936807632446,-33.63200878724456,14.800000190734863],[151.11943622119725,-33.631963189691305,14.600000381469727],[151.1195185314864,-33.631941145285964,14.600000381469727],[151.11952766776085,-33.63193511031568,14.600000381469727],[151.11955432221293,-33.631909880787134,14.399999618530273],[151.11957762390375,-33.63189320079982,14.399999618530273],[151.11961592920125,-33.63186436705291,14.399999618530273],[151.11964442767203,-33.63186000846326,14.399999618530273],[151.11972397193313,-33.631838131695986,14.600000381469727],[151.1198219563812,-33.63181063905358,14.199999809265137],[151.1198916938156,-33.63178364932537,14.199999809265137],[151.11990862526,-33.631771663203835,14.199999809265137],[151.1199884209782,-33.631718354299664,14],[151.12004751339555,-33.63166881725192,14],[151.12011884339154,-33.63161894492805,14],[151.12014591693878,-33.63160042092204,14],[151.1201605014503,-33.63158717751503,14],[151.12016821280122,-33.63158131018281,14],[151.12021699547768,-33.631510734558105,14],[151.1202487628907,-33.631475949659944,14],[151.12031875178218,-33.63144694827497,14],[151.12035093829036,-33.63144485279918,14],[151.12037625163794,-33.63144300878048,14],[151.12039075233042,-33.63145189359784,13.800000190734863],[151.12040081061423,-33.631454575806856,13.800000190734863],[151.12041757442057,-33.63145818002522,13.800000190734863],[151.1204427201301,-33.63145474344492,13.800000190734863],[151.12051849253476,-33.63145038485527,13.800000190734863],[151.1205709632486,-33.631440829485655,13.800000190734863],[151.12065176479518,-33.631419790908694,14],[151.12070566043258,-33.63140964880586,14.199999809265137],[151.1207170598209,-33.63139665685594,14.199999809265137],[151.1207353323698,-33.63137721084058,15],[151.12073432654142,-33.63137268461287,15],[151.12073332071304,-33.63136597909033,14.399999618530273],[151.12072728574276,-33.63131484948099,14.199999809265137],[151.12070725299418,-33.63126087002456,14],[151.1207051575184,-33.63117286004126,14],[151.12071538344026,-33.63113556057215,14],[151.12074622884393,-33.63111142069101,14],[151.1207712907344,-33.631108067929745,13.800000190734863],[151.12077724188566,-33.631103206425905,13.800000190734863],[151.12078906036913,-33.63107009790838,14],[151.12081822939217,-33.63103070296347,15],[151.12079442478716,-33.63095484673977,15.600000381469727],[151.120794005692,-33.630901873111725,15.600000381469727],[151.12080071121454,-33.630876475945115,15.199999809265137],[151.12081110477448,-33.63087362609804,15.399999618530273],[151.12081521190703,-33.63087270408869,15.199999809265137],[151.12083289772272,-33.630874967202544,15.600000381469727],[151.12087463960052,-33.63087094388902,15.600000381469727],[151.12087665125728,-33.63087094388902,15.600000381469727],[151.12087924964726,-33.6308772303164,15.600000381469727],[151.12085762433708,-33.630894664675,15],[151.12084044143558,-33.63088930025697,15.399999618530273],[151.12084614112973,-33.630874548107386,15.199999809265137],[151.12084429711103,-33.63087421283126,15.399999618530273],[151.12084429711103,-33.63087421283126,15.800000190734863],[151.12083449028432,-33.630847139284015,15.800000190734863],[151.12080330960453,-33.630779245868325,15.800000190734863],[151.12077238038182,-33.63071889616549,15.800000190734863],[151.12074052914977,-33.63065158948302,15.800000190734863],[151.12073834985495,-33.63063926808536,15.800000190734863],[151.12073826603591,-33.630622923374176,15.800000190734863],[151.12073868513107,-33.6306026391685,15.800000190734863],[151.12074228934944,-33.63059543073177,15.800000190734863],[151.1207477375865,-33.63054296001792,15.800000190734863],[151.12074178643525,-33.63048076629639,15.800000190734863],[151.12075192853808,-33.630432318896055,15.800000190734863],[151.12075813114643,-33.63041203469038,15.800000190734863],[151.12075536511838,-33.63040273077786,15.800000190734863],[151.12071856856346,-33.630375657230616,15.800000190734863],[151.1206977814436,-33.630330227315426,15.800000190734863],[151.12071169540286,-33.63031488843262,15.800000190734863],[151.12070079892874,-33.63028747960925,15.800000190734863],[151.1206885613501,-33.630267698317766,15.800000190734863],[151.1206922493875,-33.630249593406916,15.800000190734863],[151.12068730406463,-33.630254454910755,15.800000190734863],[151.12068495713174,-33.63025227561593,15.800000190734863],[151.12068864516914,-33.63025227561593,15.800000190734863],[151.12067791633308,-33.63014875911176,15.800000190734863],[151.12065964378417,-33.63011045381427,15.800000190734863],[151.1206468194723,-33.63007600419223,15.800000190734863],[151.12065017223358,-33.630061000585556,15.800000190734863],[151.12064137123525,-33.630025209859014,15.800000190734863],[151.1206312291324,-33.629984306171536,15.800000190734863],[151.12061681225896,-33.629966201260686,15.800000190734863],[151.12059962935746,-33.62995505332947,15.800000190734863],[151.12058554776013,-33.629937870427966,15.800000190734863],[151.12056928686798,-33.629929572343826,15.800000190734863],[151.12055847421288,-33.62991716712713,15.800000190734863],[151.12053483724594,-33.62985447049141,15.800000190734863],[151.1205355077982,-33.62979043275118,15.800000190734863],[151.12050524912775,-33.62972932867706,15.800000190734863],[151.12049292773008,-33.62970384769142,15.800000190734863],[151.12050608731806,-33.62966990098357,15.800000190734863],[151.12051480449736,-33.62965598702431,15.800000190734863],[151.12051933072507,-33.62965506501496,15.800000190734863],[151.1205175705254,-33.629639809951186,15.800000190734863],[151.12050332129002,-33.62962497398257,15.800000190734863],[151.12049577757716,-33.62961667589843,15.800000190734863],[151.12048077397048,-33.62960393540561,15.800000190734863],[151.12047356553376,-33.62960234284401,15.800000190734863],[151.12044506706297,-33.62956278026104,15.800000190734863],[151.12043383531272,-33.62954618409276,15.800000190734863],[151.12039896659553,-33.629520954564214,15.800000190734863],[151.12038387916982,-33.62948005087674,15.800000190734863],[151.12036862410605,-33.62943763844669,15.800000190734863],[151.1203713901341,-33.62936672754586,15.800000190734863],[151.12037792801857,-33.62934049218893,15.800000190734863],[151.12039988860488,-33.6292661447078,15.800000190734863],[151.12038471736014,-33.6292072199285,15.800000190734863],[151.12039972096682,-33.62917176447809,15.800000190734863],[151.12039217725396,-33.62915625795722,15.800000190734863],[151.12037926912308,-33.62912599928677,15.800000190734863],[151.12037172541022,-33.629114432260394,15.800000190734863],[151.12037071958184,-33.6290864367038,15.800000190734863],[151.12035672180355,-33.62907914444804,15.800000190734863],[151.120320931077,-33.629020219668746,15.800000190734863],[151.12031850032508,-33.62898409366608,15.800000190734863],[151.12028782255948,-33.62893036566675,15.800000190734863],[151.12029301933944,-33.62890463322401,15.800000190734863],[151.12029084004462,-33.628894658759236,15.800000190734863],[151.12028799019754,-33.628845289349556,15.800000190734863],[151.12027357332408,-33.62875459715724,15.800000190734863],[151.12027793191373,-33.62870975397527,15.800000190734863],[151.12028053030372,-33.62865786999464,15.800000190734863],[151.12030542455614,-33.628569608554244,15.800000190734863],[151.12031674012542,-33.62854974344373,15.800000190734863],[151.1203301511705,-33.62852828577161,15.800000190734863],[151.12032361328602,-33.62842510454357,15.800000190734863],[151.120318248868,-33.62841160967946,15.800000190734863],[151.12026334740222,-33.628331143409014,15.800000190734863],[151.1202260479331,-33.62828361801803,15.800000190734863],[151.12021381035447,-33.62827029079199,15.800000190734863],[151.1201747506857,-33.628240367397666,15.800000190734863],[151.12013292498887,-33.62822435796261,15.800000190734863],[151.12010912038386,-33.6282076779753,15.800000190734863],[151.1200907640159,-33.6281609069556,15.800000190734863],[151.1200754251331,-33.62812687642872,15.800000190734863],[151.12006092444062,-33.628108436241746,15.800000190734863],[151.1200534645468,-33.62809795886278,15.800000190734863],[151.12005044706166,-33.628087313845754,15.800000190734863],[151.1200621817261,-33.6280435603112,15.800000190734863],[151.12010241486132,-33.627935936674476,15.800000190734863],[151.12014658749104,-33.62784046679735,15.800000190734863],[151.12013627775013,-33.62778028473258,15.800000190734863],[151.12011817283928,-33.62776863388717,15.800000190734863],[151.12011482007802,-33.627761006355286,15.800000190734863],[151.12010593526065,-33.62773108296096,15.800000190734863],[151.12010685727,-33.62772865220904,15.800000190734863],[151.120093613863,-33.62773225642741,15.800000190734863],[151.12002848647535,-33.62770736217499,15.800000190734863],[151.1199569888413,-33.62765262834728,15.800000190734863],[151.1199631076306,-33.62765338271856,15.800000190734863],[151.11995849758387,-33.6276479344815,15.800000190734863],[151.11995849758387,-33.6276479344815,15.800000190734863],[151.11995866522193,-33.62764826975763,15.800000190734863],[151.11995874904096,-33.62764826975763,15.800000190734863],[151.11995883286,-33.6276481859386,15.800000190734863],[151.11995874904096,-33.6276481859386,15.800000190734863],[151.11995480954647,-33.62764692865312,15.800000190734863],[151.1199546419084,-33.627646677196026,15.800000190734863],[151.11995061859488,-33.62763854674995,15.800000190734863],[151.11995061859488,-33.627627063542604,15.800000190734863],[151.11995128914714,-33.627626644447446,15.800000190734863],[151.11999537795782,-33.62761457450688,15.800000190734863],[151.119998479262,-33.62761423923075,15.800000190734863],[151.12004189752042,-33.62763678655028,15.800000190734863],[151.1201483476907,-33.62769361585379,15.800000190734863],[151.12018313258886,-33.62768540158868,15.800000190734863],[151.12025295384228,-33.627667212858796,15.600000381469727],[151.12029620446265,-33.62767391838133,15.600000381469727],[151.1203227750957,-33.627678947523236,15.600000381469727],[151.1203494295478,-33.62768699415028,15.800000190734863],[151.12037105485797,-33.62770015373826,15.800000190734863],[151.1204295605421,-33.62770602107048,15.800000190734863],[151.1205096077174,-33.62772638909519,15.800000190734863],[151.12054271623492,-33.627734603360295,15.800000190734863],[151.12065402790904,-33.62773627974093,15.600000381469727],[151.12074212171137,-33.627705266699195,15.399999618530273],[151.1207660101354,-33.62770266830921,15.399999618530273],[151.12089869566262,-33.62772806547582,15.399999618530273],[151.12099383026361,-33.627794617787,15.199999809265137],[151.12099701538682,-33.627799563109875,15.199999809265137],[151.12103255465627,-33.62781842239201,15.199999809265137],[151.12110229209065,-33.62782311625779,15.199999809265137],[151.12113883718848,-33.62780534662306,15.199999809265137],[151.1211988516152,-33.62777483649552,15.199999809265137],[151.12127831205726,-33.62773468717933,15.199999809265137],[151.1213161982596,-33.6277015786618,15.199999809265137],[151.12134595401585,-33.62766947597265,15.199999809265137],[151.12140144221485,-33.62760887481272,15.199999809265137],[151.12140697427094,-33.6275995709002,15.199999809265137],[151.12140856683254,-33.6275908537209,15.199999809265137],[151.1214172001928,-33.62756419926882,15.199999809265137],[151.12141711637378,-33.627550872042775,15.199999809265137],[151.12141937948763,-33.62753938883543,15.199999809265137],[151.121462630108,-33.62746814265847,15.199999809265137],[151.12150604836643,-33.62742246128619,15.199999809265137],[151.1215223930776,-33.627402847632766,15.199999809265137],[151.1215297691524,-33.62734685651958,15.199999809265137],[151.12152272835374,-33.627329003065825,15.199999809265137],[151.12155181355774,-33.627280136570334,15.199999809265137],[151.12155265174806,-33.627246022224426,15.199999809265137],[151.12154200673103,-33.62720746546984,15.199999809265137],[151.12154385074973,-33.627196568995714,15.199999809265137],[151.12155633978546,-33.62713127397001,15.199999809265137],[151.12157687544823,-33.62708827480674,15.199999809265137],[151.121586849913,-33.62707477994263,15.199999809265137],[151.12158609554172,-33.62706480547786,15.199999809265137],[151.1215839162469,-33.62704913131893,15.199999809265137],[151.12160420045257,-33.627000683918595,15.199999809265137],[151.12163856625557,-33.626963049173355,15.199999809265137],[151.12162867560983,-33.626945447176695,15.199999809265137],[151.1216254066676,-33.626886773854494,15.199999809265137],[151.1216304358095,-33.6268674954772,19.799999237060547],[151.12163781188428,-33.626837404444814,19.799999237060547],[151.12162766978145,-33.62679608166218,19.399999618530273],[151.12161023542285,-33.62677336670458,18.600000381469727],[151.12157687544823,-33.62672382965684,17.799999237060547],[151.1215667333454,-33.626714358106256,17.600000381469727],[151.12155675888062,-33.62667211331427,16.799999237060547],[151.12155080772936,-33.62665459513664,16.600000381469727],[151.1215318646282,-33.62662668339908,16.399999618530273],[151.12151593901217,-33.626588797196746,16],[151.12151401117444,-33.62657538615167,16],[151.1215231474489,-33.6265426967293,15.800000190734863],[151.12151216715574,-33.626526268199086,15.600000381469727],[151.12150579690933,-33.62650187686086,15.600000381469727],[151.12149288877845,-33.626463236287236,15.600000381469727],[151.12148249521852,-33.62645569257438,15.600000381469727],[151.12147361040115,-33.62644328735769,15.600000381469727],[151.1214544158429,-33.62636416219175,15.600000381469727],[151.12148609943688,-33.6262268666178,15.800000190734863],[151.12147570587695,-33.626211527734995,15.800000190734863],[151.1214658152312,-33.62615553662181,16],[151.1214605346322,-33.62613022327423,16],[151.12145567312837,-33.626120667904615,16],[151.12143974751234,-33.626095270738006,16],[151.12144452519715,-33.62607875838876,15.800000190734863],[151.12145357765257,-33.62607213668525,15.800000190734863],[151.12147143110633,-33.62606082111597,16],[151.1214819084853,-33.62603995017707,16.799999237060547],[151.12148475833237,-33.626029305160046,17],[151.12148098647594,-33.62601304426789,17.399999618530273],[151.1214665696025,-33.62600399181247,17.399999618530273],[151.12144745886326,-33.62598077394068,16.600000381469727],[151.1214470397681,-33.625938864424825,16],[151.12145106308162,-33.62592545337975,15.800000190734863],[151.12146061845124,-33.625875413417816,15.800000190734863],[151.12147696316242,-33.62585420720279,15.800000190734863],[151.12147754989564,-33.62584322690964,16],[151.12148023210466,-33.625814225524664,16],[151.12148517742753,-33.62580458633602,15.800000190734863],[151.12152541056275,-33.62578773871064,15.800000190734863],[151.1215469520539,-33.62573937512934,15.800000190734863],[151.12154896371067,-33.625729233026505,15.800000190734863],[151.1215580161661,-33.62568061798811,16.200000762939453],[151.1215891968459,-33.625610461458564,16.200000762939453],[151.12159464508295,-33.625585064291954,16.200000762939453],[151.12159330397844,-33.625544579699636,16.200000762939453],[151.12159632146358,-33.625538209453225,16.200000762939453],[151.12159824930131,-33.62552999518812,16.200000762939453],[151.12161878496408,-33.62551096826792,16.200000762939453],[151.12164535559714,-33.625497138127685,16.200000762939453],[151.1216746084392,-33.62544810399413,16.200000762939453],[151.12170637585223,-33.62540208734572,16.200000762939453],[151.12171576358378,-33.62537367269397,16.200000762939453],[151.1217171046883,-33.62532447092235,16.200000762939453],[151.12171031534672,-33.62528742291033,16.200000762939453],[151.12171199172735,-33.62524316646159,16.200000762939453],[151.12173043191433,-33.625221038237214,16.200000762939453],[151.12175214104354,-33.62518549896777,16.200000762939453],[151.12175742164254,-33.625091621652246,16.200000762939453],[151.12177066504955,-33.625078378245234,16.200000762939453],[151.12177946604788,-33.62506739795208,16.200000762939453],[151.12182112410665,-33.62501031719148,16.200000762939453],[151.12185574136674,-33.6249715089798,16.200000762939453],[151.12187510356307,-33.62493513152003,16.200000762939453],[151.1218690685928,-33.624923564493656,16.200000762939453],[151.12187694758177,-33.62491048872471,16.200000762939453],[151.12190024927258,-33.62488064914942,16.200000762939453],[151.12193578854203,-33.62484854646027,16.200000762939453],[151.12191944383085,-33.624819880351424,16.200000762939453],[151.12194081768394,-33.62476355396211,16.200000762939453],[151.1219605151564,-33.62473363056779,16.200000762939453],[151.1219948809594,-33.62470622174442,16.200000762939453],[151.12201114185154,-33.62467319704592,16.200000762939453],[151.12205003388226,-33.62460161559284,16.200000762939453],[151.12207274883986,-33.624564399942756,16.200000762939453],[151.122104851529,-33.62450757063925,19.600000381469727],[151.12210518680513,-33.624485693871975,19.600000381469727],[151.12209965474904,-33.62446063198149,19.600000381469727],[151.1221199389547,-33.62442878074944,19.399999618530273],[151.1221376247704,-33.62437832169235,19.399999618530273],[151.12214785069227,-33.62434236332774,19.200000762939453],[151.12215170636773,-33.62432652153075,19],[151.1221770197153,-33.624294586479664,19],[151.1221798695624,-33.624283438548446,19.200000762939453],[151.12221297807992,-33.62420339137316,18.600000381469727],[151.12222102470696,-33.62419509328902,18.399999618530273],[151.12224742770195,-33.6241564527154,17.799999237060547],[151.12229151651263,-33.62411596812308,17.399999618530273],[151.12229746766388,-33.62411454319954,17.200000762939453],[151.12230191007257,-33.62409953959286,16.799999237060547],[151.12230853177607,-33.624085457995534,16.600000381469727],[151.12233560532331,-33.62403793260455,16.600000381469727],[151.1223496031016,-33.62398655153811,16.799999237060547],[151.12235656008124,-33.623942378908396,16.799999237060547],[151.12240416929126,-33.62387901172042,16.600000381469727],[151.12244859337807,-33.62380634061992,16.600000381469727],[151.12245823256671,-33.62379988655448,16.799999237060547],[151.1224967893213,-33.62374532036483,18.200000762939453],[151.12253048457205,-33.62367684021592,17.600000381469727],[151.12257231026888,-33.6236485093832,18.600000381469727],[151.1225802730769,-33.623630069196224,19.399999618530273],[151.12258169800043,-33.623615987598896,19.799999237060547],[151.12256862223148,-33.62360064871609,20.399999618530273],[151.1225683707744,-33.62355572171509,20],[151.12257432192564,-33.62350333482027,18.799999237060547],[151.12257943488657,-33.623492857441306,18.600000381469727],[151.12258857116103,-33.62347600981593,18.200000762939453],[151.12264674156904,-33.62342211417854,17.799999237060547],[151.12265872769058,-33.62340652383864,18],[151.12267062999308,-33.62337366677821,17.600000381469727],[151.12267733551562,-33.623364781960845,17.399999618530273],[151.12273852340877,-33.623291524127126,17.200000762939453],[151.12277330830693,-33.62326545640826,18],[151.12281882204115,-33.623236706480384,18.399999618530273],[151.12284966744483,-33.623209465295076,18.600000381469727],[151.12288671545684,-33.623181553557515,18.600000381469727],[151.12291797995567,-33.62317484803498,19],[151.1229362525046,-33.62315841950476,19.600000381469727],[151.12293926998973,-33.62314869649708,19.799999237060547],[151.122955866158,-33.623128831386566,19.799999237060547],[151.12298469990492,-33.623100919649005,19.600000381469727],[151.12299668602645,-33.623093627393246,19.600000381469727],[151.12306198105216,-33.623052053153515,19.200000762939453],[151.12306986004114,-33.623044257983565,19.200000762939453],[151.12308503128588,-33.62302741035819,19],[151.1230998672545,-33.62300427630544,18.600000381469727],[151.1231722868979,-33.62295012921095,18],[151.12321159802377,-33.62293160520494,18.799999237060547],[151.123214866966,-33.6229251511395,19],[151.12323179841042,-33.62290092743933,18.799999237060547],[151.1232737917453,-33.62289262935519,18.799999237060547],[151.12338761799037,-33.622867818921804,19],[151.12339935265481,-33.62286354415119,19],[151.1234436929226,-33.62284652888775,19],[151.1234635580331,-33.62283278256655,18.600000381469727],[151.12347370013595,-33.62282230518758,18.399999618530273],[151.12349993549287,-33.62278978340328,17.799999237060547],[151.12352097406983,-33.62277905456722,17.600000381469727],[151.12355450168252,-33.62275868654251,17.399999618530273],[151.12357713282108,-33.62275776453316,17.200000762939453],[151.12363907508552,-33.622739324346185,17.399999618530273],[151.12366933375597,-33.62271912395954,17.399999618530273],[151.1236964073032,-33.622703617438674,17.200000762939453],[151.12375508062541,-33.62267981283367,16.799999237060547],[151.12380134873092,-33.62265961244702,16.600000381469727],[151.12382012419403,-33.62264620140195,16.399999618530273],[151.12382699735463,-33.62263555638492,16.399999618530273],[151.1239297594875,-33.622581576928496,16.200000762939453],[151.12404693849385,-33.62253497354686,16.200000762939453],[151.12410879693925,-33.62248292192817,16.200000762939453],[151.12411567009985,-33.622458698228,16],[151.1241388041526,-33.62242232076824,16],[151.12417124211788,-33.62240354530513,16.200000762939453],[151.12426310777664,-33.62237077206373,16.200000762939453],[151.12434089183807,-33.62233154475689,16.399999618530273],[151.12443543970585,-33.622282426804304,16.399999618530273],[151.1245314963162,-33.62221620976925,16.399999618530273],[151.12456158734858,-33.62218796275556,16.399999618530273],[151.12458363175392,-33.622148148715496,16.399999618530273],[151.12465378828347,-33.622096767649055,16.399999618530273],[151.1246655229479,-33.62209056504071,16.399999618530273],[151.12467415630817,-33.62208712846041,16.399999618530273],[151.12472251988947,-33.62205946817994,16.399999618530273],[151.12479058094323,-33.62197087146342,16.399999618530273],[151.1248253658414,-33.62194455228746,16.399999618530273],[151.12483693286777,-33.62192762084305,16.399999618530273],[151.12486962229013,-33.62185562029481,16.399999618530273],[151.1248729750514,-33.62184296362102,16.399999618530273],[151.12489057704806,-33.621795773506165,16.399999618530273],[151.12491002306342,-33.621774734929204,16.399999618530273],[151.12494288012385,-33.62173592671752,16.399999618530273],[151.1249916628003,-33.62170860171318,16.399999618530273],[151.12503357231617,-33.621678510680795,16.399999618530273],[151.12504513934255,-33.62167088314891,16.399999618530273],[151.12506810575724,-33.62166023813188,16.399999618530273],[151.12509107217193,-33.621638445183635,16.399999618530273],[151.12509434111416,-33.62162587232888,16.399999618530273],[151.12511035054922,-33.621590584516525,16.399999618530273],[151.12511672079563,-33.62156820483506,16.399999618530273],[151.12513231113553,-33.62154548987746,16.399999618530273],[151.12517841160297,-33.6214779317379,16.399999618530273],[151.1251856200397,-33.62141112796962,16.399999618530273],[151.1251998692751,-33.6213397141546,16.399999618530273],[151.125215459615,-33.62128699198365,16.399999618530273],[151.1252252664417,-33.6212654504925,16.399999618530273],[151.12524705938995,-33.621235862374306,16.399999618530273],[151.12527010962367,-33.62119755707681,16.399999618530273],[151.12526960670948,-33.62118766643107,16.399999618530273],[151.12527463585138,-33.62115950323641,16.399999618530273],[151.12528796307743,-33.62114416435361,16.399999618530273],[151.1252903100103,-33.62111407332122,16.399999618530273],[151.12529701553285,-33.6210859939456,16.399999618530273],[151.12529894337058,-33.62102639861405,16.399999618530273],[151.12531813792884,-33.62097862176597,16.399999618530273],[151.12532266415656,-33.620909387245774,16.399999618530273],[151.1253296211362,-33.620841493830085,16.399999618530273],[151.12535418011248,-33.62080352380872,16.399999618530273],[151.12535334192216,-33.62078441306949,16.399999618530273],[151.125379325822,-33.6207405757159,16.399999618530273],[151.1253901384771,-33.62069774419069,16.399999618530273],[151.12537689507008,-33.62065005116165,16.399999618530273],[151.12537547014654,-33.62062674947083,16.399999618530273],[151.1253801640123,-33.62056212499738,16.399999618530273],[151.1253856960684,-33.62054795958102,16.399999618530273],[151.12538008019328,-33.62052222713828,16.399999618530273],[151.1253843549639,-33.620511749759316,16.399999618530273],[151.12538904882967,-33.62049381248653,16.399999618530273],[151.1253901384771,-33.62046833150089,16.399999618530273],[151.12542014569044,-33.620420806109905,16.399999618530273],[151.12541570328176,-33.62041225656867,16.399999618530273],[151.12541587091982,-33.62038501538336,16.399999618530273],[151.12541017122567,-33.62037462182343,16.399999618530273],[151.12541620619595,-33.62036204896867,16.399999618530273],[151.12541268579662,-33.62034637480974,16.399999618530273],[151.1254113446921,-33.62033472396433,16.399999618530273],[151.1254203133285,-33.62029708921909,16.399999618530273],[151.12545710988343,-33.62027487717569,16.399999618530273],[151.1254710238427,-33.62027160823345,16.399999618530273],[151.12546649761498,-33.620269345119596,16.399999618530273],[151.12545241601765,-33.620238080620766,22],[151.12545006908476,-33.62021871842444,22],[151.12547194585204,-33.620180832222104,22.600000381469727],[151.12547781318426,-33.620175551623106,23.200000762939453],[151.12548200413585,-33.62017169594765,23.799999237060547],[151.12548300996423,-33.6201689299196,24.200000762939453],[151.12548309378326,-33.62015183083713,25],[151.12548049539328,-33.62014529295266,25.200000762939453],[151.12547990866005,-33.620140263810754,25.600000381469727],[151.1254879552871,-33.62013188190758,26.200000762939453],[151.12548384815454,-33.62012869678438,26.600000381469727],[151.12548627890646,-33.620105562731624,27.600000381469727],[151.12548326142132,-33.62007614225149,28.799999237060547],[151.12553296610713,-33.6200222466141,29.399999618530273],[151.12553883343935,-33.62000565044582,29.799999237060547],[151.12553648650646,-33.61999626271427,30.200000762939453],[151.12556096166372,-33.619957035407424,30.600000381469727],[151.12560563720763,-33.61992250196636,31.200000762939453],[151.12562474794686,-33.61990590579808,31.399999618530273],[151.1256695073098,-33.61985268071294,32],[151.12569448538125,-33.619856452569366,32.20000076293945],[151.1256956588477,-33.61985611729324,32.20000076293945],[151.12569113261998,-33.61985259689391,32.599998474121094],[151.12569322809577,-33.619855027645826,32.20000076293945],[151.1256933119148,-33.61985947005451,32.20000076293945],[151.1256933119148,-33.61986047588289,32.20000076293945],[151.12569138407707,-33.619860811159015,32.599998474121094],[151.12569130025804,-33.61986064352095,32.599998474121094],[151.12569071352482,-33.61986055970192,32.599998474121094],[151.12569088116288,-33.61985754221678,32.20000076293945],[151.1256901267916,-33.61985754221678,32.20000076293945],[151.12568995915353,-33.61985762603581,32.20000076293945],[151.1256898753345,-33.61985762603581,32.20000076293945],[151.1256898753345,-33.61985762603581,32.20000076293945],[151.1256898753345,-33.61985770985484,32.20000076293945],[151.1256898753345,-33.61985812895,32.20000076293945],[151.1256893724203,-33.619858883321285,32.400001525878906],[151.12568736076355,-33.61986106261611,32.400001525878906],[151.12568174488842,-33.61986441537738,32.400001525878906],[151.125680655241,-33.61986508592963,32.400001525878906],[151.12568031996489,-33.61986508592963,32.400001525878906],[151.1256800685078,-33.61986508592963,32.400001525878906],[151.12567814067006,-33.619863409549,32.400001525878906],[151.12568023614585,-33.61985821276903,32.400001525878906],[151.12568308599293,-33.61985620111227,32.400001525878906],[151.1256731953472,-33.61985276453197,32.599998474121094],[151.12567126750946,-33.61985175870359,32.599998474121094],[151.12567009404302,-33.619853937998414,32.400001525878906],[151.1256724409759,-33.61986072733998,32.400001525878906],[151.12567118369043,-33.619860308244824,32.400001525878906],[151.1256708484143,-33.61986014060676,32.400001525878906],[151.12567026168108,-33.619859805330634,32.400001525878906],[151.12566984258592,-33.61985921859741,32.400001525878906],[151.12566858530045,-33.619858883321285,32.400001525878906],[151.12566841766238,-33.619859386235476,32.400001525878906],[151.12566841766238,-33.61985947005451,32.400001525878906],[151.12566825002432,-33.619859302416444,32.400001525878906],[151.12566799856722,-33.619859302416444,32.400001525878906],[151.12566799856722,-33.619859302416444,32.400001525878906],[151.12566799856722,-33.619859302416444,32.400001525878906],[151.12566682510078,-33.619859302416444,32.400001525878906],[151.12566389143467,-33.61985620111227,32.400001525878906],[151.12566363997757,-33.61985578201711,32.400001525878906],[151.12566338852048,-33.61985561437905,32.400001525878906],[151.12566338852048,-33.619855446740985,32.400001525878906],[151.1256639752537,-33.619855446740985,32.400001525878906],[151.1256642267108,-33.61985527910292,32.400001525878906],[151.12566456198692,-33.61985519528389,32.400001525878906],[151.1256653163582,-33.6198546923697,32.400001525878906],[151.1256650649011,-33.61985460855067,32.400001525878906],[151.12566523253918,-33.61985460855067,32.400001525878906],[151.12566523253918,-33.61985410563648,32.400001525878906],[151.12561158835888,-33.61979216337204,32.400001525878906],[151.125601362437,-33.61977757886052,32.400001525878906],[151.1255764681846,-33.61974488943815,32.400001525878906],[151.12556666135788,-33.61973449587822,32.400001525878906],[151.12555232830346,-33.619719576090574,32.400001525878906],[151.12555677071214,-33.61972929909825,32.400001525878906],[151.1256047990173,-33.61976173706353,32.400001525878906],[151.12563002854586,-33.61978101544082,32.400001525878906],[151.12565609626472,-33.619780680164695,32.400001525878906],[151.12567009404302,-33.619785625487566,32.400001525878906],[151.1256835050881,-33.61979283392429,32.400001525878906],[151.1257446091622,-33.61978939734399,32.400001525878906],[151.12579230219126,-33.619758216664195,32.400001525878906],[151.1258368100971,-33.61974966712296,32.400001525878906],[151.12590143457055,-33.619701052084565,32.400001525878906],[151.1259586829692,-33.61965109594166,32.400001525878906],[151.12597276456654,-33.61963936127722,24.600000381469727],[151.12597905099392,-33.61962360329926,24.600000381469727],[151.12597628496587,-33.619617065414786,24.399999618530273],[151.12596027553082,-33.619598960503936,23.399999618530273],[151.1259596887976,-33.61959711648524,23.399999618530273],[151.12595960497856,-33.61958789639175,23],[151.12599338404834,-33.61957708373666,22.399999618530273],[151.12601065076888,-33.61956534907222,22],[151.12603487446904,-33.61956442706287,21.200000762939453],[151.12606261856854,-33.6195457354188,20],[151.1260756943375,-33.61954296939075,19.600000381469727],[151.12609731964767,-33.61953475512564,18.799999237060547],[151.12615725025535,-33.61953257583082,17.799999237060547],[151.12616420723498,-33.619537856429815,17.600000381469727],[151.126201255247,-33.61951648257673,16.600000381469727],[151.1262530554086,-33.61951162107289,15.800000190734863],[151.12628197297454,-33.61955160275102,15.600000381469727],[151.12636243924499,-33.619577921926975,15.800000190734863],[151.12641340121627,-33.61957029439509,15.800000190734863],[151.12643955275416,-33.619584292173386,15.600000381469727],[151.12645648419857,-33.61959326080978,15.600000381469727],[151.12654994241893,-33.619621424004436,16],[151.12656419165432,-33.619619915261865,15.800000190734863],[151.12666125409305,-33.619598373770714,15],[151.1267015710473,-33.619599128142,15],[151.12672554329038,-33.61960273236036,14.800000190734863],[151.12675446085632,-33.61962402239442,14.800000190734863],[151.1268086079508,-33.61964204348624,14.800000190734863],[151.12682243809104,-33.61965813674033,14.800000190734863],[151.12682989798486,-33.619665848091245,14.800000190734863],[151.12684976309538,-33.619682947173715,14.800000190734863],[151.12686241976917,-33.61968772485852,14.800000190734863],[151.12687499262393,-33.61969116143882,14.800000190734863],[151.12690843641758,-33.61969501711428,14.800000190734863],[151.12692017108202,-33.6196974478662,14.800000190734863],[151.12694405950606,-33.61970750615001,14.800000190734863],[151.12695068120956,-33.61971546895802,14.800000190734863],[151.12696912139654,-33.61972762271762,14.800000190734863],[151.12699208781123,-33.61974002793431,14.800000190734863],[151.12699745222926,-33.61974589526653,14.800000190734863],[151.1270070914179,-33.619759641587734,14.800000190734863],[151.12705310806632,-33.619807083159685,15.399999618530273],[151.12711152993143,-33.61982552334666,15.399999618530273],[151.1271299701184,-33.61984882503748,15.399999618530273],[151.12715670838952,-33.61988151445985,15.399999618530273],[151.127163246274,-33.619893500581384,15.399999618530273],[151.12717296928167,-33.61990900710225,15.399999618530273],[151.127208173275,-33.6199339851737,15.399999618530273],[151.12722334451973,-33.61996709369123,15.399999618530273],[151.12722845748067,-33.61997840926051,15.399999618530273],[151.12724673002958,-33.62000774592161,15.399999618530273],[151.12726776860654,-33.62002828158438,15.399999618530273],[151.12728872336447,-33.62004336901009,15.399999618530273],[151.12729861401021,-33.62005208618939,15.399999618530273],[151.12730850465596,-33.620061138644814,15.399999618530273],[151.12735468894243,-33.620098773390055,15.399999618530273],[151.12736826762557,-33.6201221588999,15.399999618530273],[151.12740699201822,-33.62021695822477,15.399999618530273],[151.12741554155946,-33.62025232985616,15.399999618530273],[151.1274270247668,-33.620289377868176,15.399999618530273],[151.12745300866663,-33.6203296110034,15.399999618530273],[151.12747823819518,-33.62035618163645,15.399999618530273],[151.12750958651304,-33.62038258463144,18.399999618530273],[151.12751436419785,-33.62038887105882,18.399999618530273],[151.1275240033865,-33.62040831707418,18.399999618530273],[151.12753464840353,-33.62042776308954,18.399999618530273],[151.127559710294,-33.620445784181356,17.799999237060547],[151.12757622264326,-33.620459865778685,17.399999618530273],[151.12760002724826,-33.62047461792827,16.799999237060547],[151.12761352211237,-33.620528345927596,16.600000381469727],[151.12761712633073,-33.620534129440784,16.600000381469727],[151.12761871889234,-33.620537063106894,16.600000381469727],[151.12762777134776,-33.6205920483917,16.799999237060547],[151.12766683101654,-33.620641669258475,16.799999237060547],[151.12767579965293,-33.62065105699003,16.799999237060547],[151.12770019099116,-33.62067058682442,16.200000762939453],[151.12773640081286,-33.620692463591695,15.600000381469727],[151.12775014713407,-33.620699252933264,15.600000381469727],[151.12775827758014,-33.62071266397834,15.399999618530273],[151.12779767252505,-33.62076546996832,15.399999618530273],[151.1278361454606,-33.620806792750955,15.399999618530273],[151.12784394063056,-33.620845349505544,15.600000381469727],[151.1278657335788,-33.62087208777666,15.800000190734863],[151.12788987345994,-33.62088927067816,16.200000762939453],[151.1279498040676,-33.62091491930187,17],[151.1279595270753,-33.62092497758567,17],[151.1280314438045,-33.62098189070821,17],[151.12804024480283,-33.62099228426814,17],[151.12807829864323,-33.62101315520704,16.799999237060547],[151.1280967388302,-33.62101877108216,16.799999237060547],[151.12815340049565,-33.62104852683842,16.200000762939453],[151.12817117013037,-33.62105179578066,16.200000762939453],[151.1282114032656,-33.621073672547936,16],[151.1282787937671,-33.621087251231074,16.799999237060547],[151.12832724116743,-33.62111382186413,17],[151.1283482797444,-33.62113695591688,17.200000762939453],[151.1284112278372,-33.62116260454059,17.600000381469727],[151.1284300033003,-33.62117165699601,17.600000381469727],[151.12846177071333,-33.62118238583207,17.200000762939453],[151.12848825752735,-33.62120283767581,16.799999237060547],[151.12853712402284,-33.62122630700469,16.799999237060547],[151.12855439074337,-33.621232844889164,16.799999237060547],[151.12858314067125,-33.621248016133904,16.799999237060547],[151.12860434688628,-33.6212551407516,16.799999237060547],[151.12862781621516,-33.62125866115093,16.799999237060547],[151.12868221476674,-33.62128254957497,16.799999237060547],[151.12870652228594,-33.621308114379644,16.799999237060547],[151.12874281592667,-33.621347174048424,16.799999237060547],[151.12879109568894,-33.62136712297797,16.799999237060547],[151.12879956141114,-33.621371649205685,16.799999237060547],[151.12885823473334,-33.621395118534565,16.799999237060547],[151.12886510789394,-33.62139377743006,16.799999237060547],[151.12891766242683,-33.62141917459667,16.799999237060547],[151.12892964854836,-33.62141842022538,16.799999237060547],[151.12897692248225,-33.62143442966044,16.799999237060547],[151.12902285531163,-33.62146225757897,16.799999237060547],[151.129039702937,-33.62147927284241,16.799999237060547],[151.12905487418175,-33.621499724686146,16.799999237060547],[151.12908161245286,-33.621533839032054,16.799999237060547],[151.12909217365086,-33.621539790183306,16.799999237060547],[151.1291149724275,-33.62154926173389,16.799999237060547],[151.12911866046488,-33.62155764363706,16.799999237060547],[151.12912427634,-33.621566193178296,16.799999237060547],[151.12913575954735,-33.62157273106277,16.799999237060547],[151.12915956415236,-33.62157717347145,22.600000381469727],[151.12920817919075,-33.6215677857399,22.600000381469727],[151.1292386893183,-33.62157566472888,22.600000381469727],[151.1292857117951,-33.62161220982671,22.600000381469727],[151.12929174676538,-33.62162210047245,22.399999618530273],[151.12932284362614,-33.62164850346744,22.200000762939453],[151.12933658994734,-33.621663842350245,22],[151.129340948537,-33.62166862003505,21.399999618530273],[151.1293784994632,-33.621672643348575,20.600000381469727],[151.12939149141312,-33.62168186344206,20.399999618530273],[151.1294094286859,-33.62171916291118,19.799999237060547],[151.1294266115874,-33.621731316670775,19.200000762939453],[151.12943641841412,-33.62173290923238,18.799999237060547],[151.12944915890694,-33.621741542592645,18],[151.12945452332497,-33.62174229696393,17.600000381469727],[151.12946114502847,-33.621747409924865,17.600000381469727],[151.12946114502847,-33.621747409924865,17.399999618530273],[151.12946114502847,-33.621747409924865,17],[151.12946407869458,-33.621754199266434,17.200000762939453],[151.1294522602111,-33.621757216751575,17.200000762939453],[151.12944915890694,-33.621766939759254,17.399999618530273],[151.12945661880076,-33.62175788730383,17.399999618530273],[151.12945812754333,-33.62175730057061,17.399999618530273],[151.1294635757804,-33.621752355247736,17.399999618530273],[151.12946365959942,-33.62174472771585,17.399999618530273],[151.129462569952,-33.62174263224006,17.399999618530273],[151.1294603906572,-33.621741542592645,17.399999618530273],[151.12945879809558,-33.62172712571919,17.399999618530273],[151.12947908230126,-33.621773812919855,17.399999618530273],[151.12949995324016,-33.621832402423024,17.399999618530273],[151.12951914779842,-33.62180549651384,17.399999618530273],[151.12955938093364,-33.621805580332875,17.399999618530273],[151.1295637395233,-33.62181756645441,17.399999618530273],[151.1295809224248,-33.62180449068546,17.399999618530273],[151.12961621023715,-33.62177372910082,17.399999618530273],[151.12962157465518,-33.621769454330206,17.399999618530273],[151.12961964681745,-33.62176576629281,17.399999618530273],[151.12962132319808,-33.62174087204039,17.399999618530273],[151.1296623107046,-33.621715726330876,17.399999618530273],[151.1296734586358,-33.62169099971652,17.399999618530273],[151.12967278808355,-33.62167306244373,17.399999618530273],[151.1296805832535,-33.62166811712086,17.399999618530273],[151.12969575449824,-33.621669793501496,17.399999618530273],[151.129687204957,-33.62163282930851,17.399999618530273],[151.1297157034278,-33.62161095254123,17.399999618530273],[151.1297244206071,-33.621605671942234,17.399999618530273],[151.1297794058919,-33.621582202613354,20],[151.12980891019106,-33.62155613489449,20.200000762939453],[151.1298354808241,-33.62154481932521,20.799999237060547],[151.1298423539847,-33.621539287269115,21],[151.12986247055233,-33.62151657231152,22],[151.12986230291426,-33.62151690758765,22.600000381469727],[151.12986096180975,-33.6215159855783,22.799999237060547],[151.1298573575914,-33.621512884274125,23.200000762939453],[151.12984905950725,-33.621506514027715,23.600000381469727],[151.12983715720475,-33.62149553373456,24],[151.12981921993196,-33.62148706801236,24.600000381469727],[151.12981863319874,-33.62147734500468,25.200000762939453],[151.12983338534832,-33.62146963365376,25.799999237060547],[151.12989549525082,-33.621470388025045,26.600000381469727],[151.1299152765423,-33.62145253457129,26.799999237060547],[151.1299290228635,-33.62144390121102,27],[151.1299570184201,-33.621433256193995,27.200000762939453],[151.12998752854764,-33.621434262022376,28],[151.1300003528595,-33.621430322527885,28.399999618530273],[151.1300143506378,-33.62142940051854,29.200000762939453],[151.13003228791058,-33.62142713740468,29.600000381469727],[151.13004410639405,-33.62141976132989,30.399999618530273],[151.13005600869656,-33.62140467390418,31.600000381469727],[151.13003379665315,-33.62139226868749,32.599998474121094],[151.13000068813562,-33.621377013623714,33.599998474121094],[151.12999037839472,-33.621375588700175,33.79999923706055],[151.12994126044214,-33.62137257121503,35],[151.12985995598137,-33.62136544659734,35.400001525878906],[151.12985668703914,-33.62136309966445,36],[151.12983690574765,-33.62136318348348,36.400001525878906],[151.12982768565416,-33.62137055955827,36.79999923706055],[151.12982056103647,-33.621367206797004,37],[151.12979281693697,-33.621349688619375,38.20000076293945],[151.12977060489357,-33.621343402192,39.400001525878906],[151.1297720298171,-33.62132010050118,40.400001525878906],[151.12977655604482,-33.621319849044085,40.599998474121094],[151.12981234677136,-33.62129679881036,41.79999923706055],[151.12981787882745,-33.621293529868126,41.79999923706055],[151.129858950153,-33.62128598615527,42.599998474121094],[151.12987143918872,-33.62128037028015,42.79999923706055],[151.12991586327553,-33.62126327119768,44],[151.12999733537436,-33.62121985293925,44.400001525878906],[151.13003756850958,-33.62119546160102,44.79999923706055],[151.1300344672054,-33.62118909135461,45],[151.12998627126217,-33.62118364311755,46.20000076293945],[151.1299744527787,-33.62118221819401,46.599998474121094],[151.12994930706918,-33.621173249557614,47.20000076293945],[151.12994637340307,-33.62117174081504,47.400001525878906],[151.129935644567,-33.62116335891187,48.400001525878906],[151.12993279471993,-33.62116520293057,48.599998474121094],[151.1299234908074,-33.621157659217715,49.400001525878906],[151.12991192378104,-33.62115204334259,50.20000076293945],[151.12990773282945,-33.62115003168583,50.599998474121094],[151.1298708524555,-33.621155144646764,51.599998474121094],[151.1298581957817,-33.62114776857197,52.20000076293945],[151.12985417246819,-33.62113980576396,52.599998474121094],[151.12985584884882,-33.62111650407314,53.79999923706055],[151.1298579443246,-33.62110761925578,54.599998474121094],[151.12985878251493,-33.62109982408583,54.79999923706055],[151.1299136839807,-33.62106705084443,55.599998474121094],[151.12992323935032,-33.62106688320637,55.599998474121094],[151.1299332138151,-33.621063865721226,56],[151.12994385883212,-33.621053053066134,56.599998474121094],[151.12997688353062,-33.62102748826146,57],[151.13000462763011,-33.621026147156954,57.79999923706055],[151.13001527264714,-33.62102530896664,58],[151.1300574336201,-33.6209649592638,59.20000076293945],[151.1300645582378,-33.62096546217799,59.400001525878906],[151.13009666092694,-33.62095749936998,60.400001525878906],[151.13013136200607,-33.620929503813386,61.400001525878906],[151.13013312220573,-33.62092439085245,61.599998474121094],[151.13015214912593,-33.62092128954828,62.400001525878906],[151.1301721818745,-33.620915757492185,63],[151.13019791431725,-33.62091491930187,63.599998474121094],[151.1302057094872,-33.62090494483709,64.5999984741211],[151.13020562566817,-33.62090041860938,64.80000305175781],[151.13020746968687,-33.62087217159569,65.80000305175781],[151.13021568395197,-33.62083881162107,67.19999694824219],[151.1302297655493,-33.62081442028284,68.4000015258789],[151.1302321124822,-33.62079874612391,69],[151.1302350461483,-33.620792208239436,69.5999984741211],[151.13022565841675,-33.620782317593694,70.4000015258789],[151.13022138364613,-33.62078072503209,70.5999984741211],[151.13020353019238,-33.62077393569052,71.4000015258789],[151.1301898676902,-33.620773516595364,71.5999984741211],[151.13017578609288,-33.62077225930989,72],[151.13016564399004,-33.62076932564378,72.19999694824219],[151.13013664260507,-33.62078256905079,72.5999984741211],[151.1301131732762,-33.620792124420404,72.80000305175781],[151.13007763400674,-33.620779886841774,73.19999694824219],[151.13002499565482,-33.620786843821406,73.5999984741211],[151.13001166842878,-33.62079128623009,73.5999984741211],[151.1299905460328,-33.62079346552491,74.19999694824219],[151.12997503951192,-33.62077913247049,75],[151.12993581220508,-33.620771588757634,75.80000305175781],[151.1299229040742,-33.62076614052057,76.19999694824219],[151.1298970039934,-33.620762284845114,77.19999694824219],[151.12988770008087,-33.620768738910556,78],[151.1298804078251,-33.620771588757634,78.19999694824219],[151.12985383719206,-33.620778461918235,79.19999694824219],[151.12984872423112,-33.620785335078835,79.4000015258789],[151.1298436112702,-33.620795141905546,79.80000305175781],[151.12984461709857,-33.620794555172324,80.19999694824219],[151.1298423539847,-33.62078441306949,80],[151.1298357322812,-33.620782820507884,80.19999694824219],[151.12983531318605,-33.62078223377466,80.19999694824219],[151.12980731762946,-33.62075717188418,81.4000015258789],[151.1297997739166,-33.620753567665815,81.5999984741211],[151.12974973395467,-33.620734037831426,82.4000015258789],[151.12973297014832,-33.62072850577533,82.4000015258789],[151.12970480695367,-33.62072724848986,82.4000015258789],[151.12966692075133,-33.620714507997036,82.80000305175781],[151.1296110972762,-33.620700845494866,83.19999694824219],[151.1296007875353,-33.62069766037166,83.4000015258789],[151.12959173507988,-33.62069162540138,83.4000015258789],[151.12958720885217,-33.62067234702408,84.19999694824219],[151.1295912321657,-33.62066773697734,84.4000015258789],[151.12959542311728,-33.62066388130188,84.5999984741211],[151.12960279919207,-33.62065809778869,85.5999984741211],[151.12960740923882,-33.620648542419076,85.80000305175781],[151.12964747473598,-33.620603531599045,86.5999984741211],[151.1296541802585,-33.62059531733394,86.80000305175781],[151.12969676032662,-33.620579056441784,87.80000305175781],[151.1297307908535,-33.62057201564312,88.5999984741211],[151.12973347306252,-33.620574697852135,88.80000305175781],[151.12975928932428,-33.620573692023754,89.80000305175781],[151.1297606304288,-33.620573272928596,90],[151.12977001816034,-33.62056128680706,91.19999694824219],[151.12977110780776,-33.62055776640773,91.5999984741211],[151.12977110780776,-33.62055776640773,92.4000015258789],[151.12975099124014,-33.62054418772459,93.5999984741211],[151.12972408533096,-33.620522897690535,94],[151.1296856123954,-33.62050621770322,94.5999984741211],[151.1296494025737,-33.620476042851806,95.19999694824219],[151.12963506951928,-33.620465230196714,95.80000305175781],[151.129629034549,-33.62045391462743,96.4000015258789],[151.12961973063648,-33.62044561654329,96.80000305175781],[151.12958922050893,-33.62040689215064,97.80000305175781],[151.12958603538573,-33.620396414771676,98.19999694824219],[151.12958083860576,-33.62035844475031,98.80000305175781],[151.12958528101444,-33.62035031430423,99],[151.12961654551327,-33.6203261744231,100],[151.12963657826185,-33.62031494267285,100.4000015258789],[151.12969030626118,-33.620299603790045,101.19999694824219],[151.1296966765076,-33.620298597961664,101.4000015258789],[151.12974143587053,-33.620281582698226,102.19999694824219],[151.12976004369557,-33.62027429044247,102.4000015258789],[151.12981016747653,-33.620260041207075,103.19999694824219],[151.12983447499573,-33.62025870010257,103.5999984741211],[151.12988443113863,-33.62025685608387,104.19999694824219],[151.12989683635533,-33.62025392241776,104.4000015258789],[151.12992139533162,-33.62025291658938,104.80000305175781],[151.12995291128755,-33.62025836482644,105.19999694824219],[151.12999415025115,-33.6202606279403,105.4000015258789],[151.13006900064647,-33.62024109810591,106.5999984741211],[151.1301877722144,-33.62026599235833,107.5999984741211],[151.1302043683827,-33.62027060240507,107.5999984741211],[151.13024862483144,-33.620261969044805,108],[151.13027108833194,-33.62025048583746,108.5999984741211],[151.13027377054095,-33.62024864181876,108.80000305175781],[151.13026237115264,-33.620229782536626,109.80000305175781],[151.1302522290498,-33.62022165209055,110],[151.1302276700735,-33.62020547501743,111],[151.13021861761808,-33.62019231542945,111.80000305175781],[151.13021534867585,-33.62018661573529,112],[151.13018291071057,-33.620168594643474,113.19999694824219],[151.13017788156867,-33.620158452540636,114],[151.13018383271992,-33.62015384249389,114.4000015258789],[151.13018894568086,-33.6201464664191,115.4000015258789],[151.13018383271992,-33.620145628228784,115.5999984741211],[151.13016220740974,-33.62012919969857,116.4000015258789],[151.1301612854004,-33.62012350000441,116.5999984741211],[151.13015005365014,-33.62011218443513,117.5999984741211],[151.1301435995847,-33.620113441720605,117.80000305175781],[151.13009951077402,-33.62010539509356,118.5999984741211],[151.1300886142999,-33.62009315751493,118.80000305175781],[151.13006673753262,-33.62008502706885,119.4000015258789],[151.13005969673395,-33.62008678726852,120],[151.13005919381976,-33.62008209340274,120.4000015258789],[151.13006464205682,-33.620090978220105,120.4000015258789],[151.13006464205682,-33.620090978220105,120.19999694824219],[151.13006338477135,-33.620089469477534,120],[151.13006338477135,-33.62008921802044,120],[151.13006338477135,-33.620089050382376,120],[151.13006556406617,-33.62008829601109,120],[151.13006556406617,-33.62008829601109,120],[151.13006556406617,-33.62008871510625,120],[151.13006556406617,-33.62008888274431,120],[151.13006548024714,-33.620089050382376,120],[151.13006497733295,-33.620089050382376,120],[151.1300648096949,-33.620089050382376,120],[151.1300648096949,-33.62008863128722,120],[151.1300635524094,-33.62008863128722,120],[151.13004653714597,-33.6200825124979,120.19999694824219],[151.13004653714597,-33.62008326686919,120.19999694824219],[151.13004947081208,-33.62008326686919,120.19999694824219],[151.13005542196333,-33.62007396295667,120.19999694824219],[151.13005659542978,-33.62007253803313,120.19999694824219],[151.13005676306784,-33.62007228657603,120.19999694824219],[151.13005651161075,-33.620070442557335,120.19999694824219],[151.13005123101175,-33.6200653295964,120.19999694824219],[151.1300495546311,-33.62006080336869,120.19999694824219],[151.13004963845015,-33.62005149945617,120.19999694824219],[151.13005491904914,-33.62004186026752,120.19999694824219],[151.13005575723946,-33.6200410220772,120.19999694824219],[151.13005776889622,-33.620040686801076,120.19999694824219],[151.1300566792488,-33.62004244700074,120.19999694824219],[151.13005642779171,-33.62004278227687,120.19999694824219],[151.13005626015365,-33.62004479393363,120.19999694824219],[151.13005600869656,-33.62004588358104,120.19999694824219],[151.13005575723946,-33.62004588358104,120.19999694824219],[151.1300569307059,-33.62004772759974,120.19999694824219],[151.13005659542978,-33.62004772759974,120.19999694824219],[151.1300569307059,-33.620048398151994,120.19999694824219],[151.1300569307059,-33.620048398151994,120.19999694824219],[151.13005701452494,-33.620049403980374,120.19999694824219],[151.13005701452494,-33.620049906894565,120.19999694824219],[151.13005734980106,-33.62005217000842,120.19999694824219],[151.13005776889622,-33.62005267292261,120.19999694824219],[151.1300558410585,-33.62005376257002,120.19999694824219],[151.13005600869656,-33.62005401402712,120.19999694824219],[151.13000982441008,-33.62003171816468,120.19999694824219],[151.12995844334364,-33.6199926584959,120.19999694824219],[151.12985911779106,-33.61995720304549,120.19999694824219],[151.1298449523747,-33.61995535902679,120.19999694824219],[151.12983028404415,-33.61996181309223,120.19999694824219],[151.1298000253737,-33.61995032988489,120.19999694824219],[151.12978451885283,-33.61994203180075,120.19999694824219],[151.1297754663974,-33.619925770908594,120.19999694824219],[151.1297706887126,-33.61991227604449,120.19999694824219],[151.1297881230712,-33.619903391227126,120.19999694824219],[151.1297997739166,-33.619900373741984,120.19999694824219],[151.1298063956201,-33.619898948818445,132],[151.12980656325817,-33.61989811062813,132],[151.1298029590398,-33.619889644905925,132],[151.12978803925216,-33.61986533738673,133],[151.1297899670899,-33.619851591065526,134.1999969482422],[151.12979197874665,-33.619845137000084,134.39999389648438],[151.12979432567954,-33.61983306705952,135.39999389648438],[151.1297677550465,-33.61981286667287,136.60000610351562],[151.12974076531827,-33.6197976116091,137.39999389648438],[151.12972358241677,-33.61979325301945,137.60000610351562],[151.1297149490565,-33.619791409000754,137.8000030517578],[151.12968519330025,-33.619783194735646,138.39999389648438],[151.12968234345317,-33.61976693384349,138.39999389648438],[151.12968494184315,-33.61975402571261,138.60000610351562],[151.12966725602746,-33.6197270359844,139.1999969482422],[151.12966088578105,-33.619720162823796,139.1999969482422],[151.12967253662646,-33.61969677731395,139.8000030517578],[151.12967932596803,-33.61969258636236,140],[151.12969022244215,-33.619649335742,140.8000030517578],[151.1297019571066,-33.619632152840495,141],[151.12970614805818,-33.61959124915302,142],[151.12969491630793,-33.61957968212664,142.1999969482422],[151.12974462099373,-33.61950617283583,143],[151.12975065596402,-33.619499215856194,143],[151.12975442782044,-33.619491420686245,143],[151.12977379001677,-33.61945948563516,143.39999389648438],[151.12977663986385,-33.61942914314568,144],[151.12978108227253,-33.61940558999777,144.1999969482422],[151.1297828424722,-33.61939578317106,144.8000030517578],[151.12978879362345,-33.619380444288254,145.1999969482422],[151.12978845834732,-33.619372649118304,145.39999389648438],[151.129808742553,-33.61936518922448,146.39999389648438],[151.12982374615967,-33.61935010179877,147.39999389648438],[151.12983288243413,-33.61934415064752,148.1999969482422],[151.12984377890825,-33.61932059749961,148.60000610351562],[151.1298806592822,-33.61929670907557,149.39999389648438],[151.1298898793757,-33.61929327249527,149.8000030517578],[151.12995819188654,-33.61928598023951,150.60000610351562],[151.12996984273195,-33.619282292202115,150.8000030517578],[151.12999658100307,-33.61927064135671,151.60000610351562],[151.1300167813897,-33.61926980316639,152],[151.13004175946116,-33.619280783459544,152.8000030517578],[151.13005290739238,-33.61927952617407,153],[151.1300622113049,-33.61928589642048,153.60000610351562],[151.13006967119873,-33.619284722954035,154],[151.13006967119873,-33.61927826888859,154.1999969482422],[151.13009716384113,-33.61925857141614,155],[151.13010437227786,-33.61924884840846,155.8000030517578],[151.13011015579104,-33.619245160371065,156],[151.13011811859906,-33.619241220876575,156.1999969482422],[151.13013588823378,-33.61923057585955,156.60000610351562],[151.13016178831458,-33.61921716481447,157.39999389648438],[151.1301689967513,-33.619200149551034,157.8000030517578],[151.13016329705715,-33.61917106434703,158.39999389648438],[151.13019414246082,-33.619143571704626,158.8000030517578],[151.13021937198937,-33.61912664026022,159.60000610351562],[151.13021819852293,-33.61909017898142,160.1999969482422],[151.1302205454558,-33.61908917315304,160.60000610351562],[151.13021912053227,-33.619077103212476,160.8000030517578],[151.13020629622042,-33.61905279569328,160.8000030517578],[151.13018835894763,-33.61903661862016,160.39999389648438],[151.13013681024313,-33.61899672076106,160.1999969482422],[151.13008065149188,-33.618916841223836,160.39999389648438],[151.13002516329288,-33.61886034719646,160.39999389648438],[151.12997193820775,-33.618860179558396,160.1999969482422],[151.1299369018525,-33.61884945072234,160],[151.12987303175032,-33.61880720593035,160],[151.1298185493797,-33.618789268657565,160.39999389648438],[151.12979407422245,-33.61878625117242,160.39999389648438],[151.12974168732762,-33.61876202747226,160.39999389648438],[151.12965594045818,-33.61872707493603,160.60000610351562],[151.12963624298573,-33.61872363835573,160.8000030517578],[151.12954990938306,-33.61868306994438,161],[151.1294580437243,-33.61862959340215,161.1999969482422],[151.1294165533036,-33.618591371923685,160.8000030517578],[151.12936676479876,-33.61854124814272,160.1999969482422],[151.1293549463153,-33.618527837097645,160.1999969482422],[151.12935008481145,-33.618505373597145,159.8000030517578],[151.12932410091162,-33.61847251653671,159.60000610351562],[151.129314545542,-33.618461871519685,159.60000610351562],[151.12930272705853,-33.618453070521355,159.60000610351562],[151.12926467321813,-33.61839657649398,159.1999969482422],[151.12924430519342,-33.61837872304022,159],[151.12918470986187,-33.61832331866026,158.60000610351562],[151.12917515449226,-33.6183125898242,158.60000610351562],[151.12912855111063,-33.618228770792484,158.1999969482422],[151.12908588722348,-33.61816054210067,158.1999969482422],[151.128955129534,-33.61808728426695,158.39999389648438],[151.12885664217174,-33.61804730258882,157.60000610351562],[151.12884214147925,-33.618046129122376,157.39999389648438],[151.12876335158944,-33.618013355880976,157.1999969482422],[151.12873560748994,-33.61800581216812,157],[151.1286879144609,-33.61799550242722,156.60000610351562],[151.1286755092442,-33.61798879690468,156.60000610351562],[151.12858129665256,-33.61796021461487,156.8000030517578],[151.1284825578332,-33.61791864037514,157],[151.128408042714,-33.61789173446596,157.60000610351562],[151.1283031012863,-33.61787907779217,158],[151.1282193660736,-33.6178963445127,157.8000030517578],[151.12820712849498,-33.61789735034108,157.8000030517578],[151.12813906744123,-33.61795753240585,157.8000030517578],[151.12809875048697,-33.618012350052595,157.8000030517578],[151.12807779572904,-33.618029952049255,157.8000030517578],[151.12807787954807,-33.61802835948765,157.8000030517578],[151.12808181904256,-33.61802777275443,157.8000030517578],[151.1280819028616,-33.61802483908832,157.8000030517578],[151.12810797058046,-33.61800136975944,157.8000030517578],[151.12808575853705,-33.61799743026495,157.8000030517578],[151.12807234749198,-33.617997681722045,157.8000030517578],[151.1281231418252,-33.6179740447551,157.8000030517578],[151.12812356092036,-33.61797169782221,157.8000030517578],[151.1281263269484,-33.61796608194709,157.8000030517578],[151.12812557257712,-33.61796616576612,157.8000030517578],[151.12812398001552,-33.61796767450869,157.8000030517578],[151.12808441743255,-33.61795107834041,157.8000030517578],[151.12807075493038,-33.617925345897675,157.8000030517578],[151.12806622870266,-33.61792283132672,157.8000030517578],[151.12806639634073,-33.61792165786028,157.8000030517578],[151.12806513905525,-33.617922496050596,157.8000030517578],[151.12806505523622,-33.61792283132672,157.8000030517578],[151.12806304357946,-33.617924926802516,157.8000030517578],[151.12806270830333,-33.61792517825961,157.8000030517578],[151.12805876880884,-33.61793163232505,157.8000030517578],[151.12807896919549,-33.61796608194709,157.8000030517578],[151.12810403108597,-33.61798703670502,157.8000030517578],[151.12809816375375,-33.61799416132271,157.8000030517578],[151.1280977446586,-33.61799927428365,157.8000030517578],[151.1280977446586,-33.61799927428365,157.8000030517578],[151.1280977446586,-33.61799927428365,157.8000030517578],[151.12809807993472,-33.61799885518849,157.8000030517578],[151.12809816375375,-33.61799449659884,157.8000030517578],[151.12809816375375,-33.617994328960776,157.8000030517578],[151.12809816375375,-33.617994328960776,157.8000030517578],[151.12811710685492,-33.6179706081748,157.8000030517578],[151.12811819650233,-33.617970775812864,157.8000030517578],[151.12812833860517,-33.61796063371003,157.8000030517578],[151.12812900915742,-33.6179568618536,157.8000030517578],[151.12812372855842,-33.617955269292,157.8000030517578],[151.12812297418714,-33.617955688387156,157.8000030517578],[151.12812247127295,-33.617956107482314,157.8000030517578],[151.12812297418714,-33.61795627512038,157.8000030517578],[151.12812347710133,-33.617956610396504,157.8000030517578],[151.12812381237745,-33.617956610396504,157.8000030517578],[151.12812565639615,-33.61795602366328,157.8000030517578],[151.12812615931034,-33.61795577220619,157.8000030517578],[151.12812615931034,-33.617955604568124,157.8000030517578],[151.12812615931034,-33.617955604568124,157.8000030517578],[151.1281263269484,-33.61795577220619,157.8000030517578],[151.12812624312937,-33.61795552074909,157.8000030517578],[151.12812557257712,-33.617955688387156,157.8000030517578],[151.1281249858439,-33.61795644275844,157.8000030517578],[151.1281236447394,-33.61795677803457,157.8000030517578],[151.12812356092036,-33.61795677803457,157.8000030517578],[151.128122638911,-33.61795694567263,157.8000030517578],[151.12812247127295,-33.61795694567263,157.8000030517578],[151.1281223874539,-33.617956610396504,157.8000030517578],[151.12812221981585,-33.61795728094876,157.8000030517578],[151.1281212978065,-33.61795770004392,157.8000030517578],[151.12811777740717,-33.61796088516712,157.8000030517578],[151.12811769358814,-33.617960968986154,157.8000030517578],[151.12811744213104,-33.61796113662422,157.8000030517578],[151.12811752595007,-33.61796113662422,157.8000030517578],[151.12811744213104,-33.617961555719376,157.8000030517578],[151.12811744213104,-33.61796172335744,157.8000030517578],[151.12811752595007,-33.61796113662422,157.8000030517578],[151.12811685539782,-33.617962561547756,157.60000610351562],[151.12811685539782,-33.61796323210001,157.60000610351562],[151.12811710685492,-33.61796339973807,157.60000610351562],[151.1281141731888,-33.617963483557105,157.1999969482422],[151.12811325117946,-33.61796314828098,157.1999969482422],[151.12811291590333,-33.61796356737614,157.1999969482422],[151.1281125806272,-33.61796314828098,157.1999969482422],[151.12811266444623,-33.61796264536679,157.1999969482422],[151.12811224535108,-33.61796264536679,157.1999969482422],[151.12811224535108,-33.617962980642915,157.1999969482422],[151.12811241298914,-33.617962561547756,157.1999969482422],[151.12811266444623,-33.61796239390969,157.1999969482422],[151.12811249680817,-33.61796222627163,157.1999969482422],[151.12811241298914,-33.61796231009066,157.1999969482422],[151.12811241298914,-33.617962561547756,157.1999969482422],[151.12811249680817,-33.61796281300485,157.1999969482422],[151.12811224535108,-33.617962561547756,157.1999969482422],[151.128112077713,-33.61796323210001,157.1999969482422],[151.12811199389398,-33.61796339973807,157.1999969482422],[151.12811182625592,-33.61796339973807,157.1999969482422],[151.12811165861785,-33.61796365119517,157.1999969482422],[151.12811132334173,-33.61796365119517,157.1999969482422],[151.12811140716076,-33.617963902652264,157.1999969482422],[151.12811140716076,-33.617963902652264,157.1999969482422],[151.12811090424657,-33.61796432174742,157.1999969482422],[151.12811115570366,-33.61796457320452,157.1999969482422],[151.12811115570366,-33.61796457320452,157.1999969482422],[151.12811115570366,-33.61796474084258,157.1999969482422],[151.1281104851514,-33.617965411394835,157.1999969482422],[151.12810537219048,-33.61793146468699,157.1999969482422],[151.12812490202487,-33.61788402311504,157.1999969482422],[151.12814174965024,-33.617835910990834,157.1999969482422],[151.12813990563154,-33.61782694235444,157.1999969482422],[151.12810671329498,-33.61780255101621,157.1999969482422],[151.12807486206293,-33.61778344027698,157.1999969482422],[151.12805566750467,-33.617769526317716,157.1999969482422],[151.12799565307796,-33.61773658543825,157.1999969482422],[151.1279418412596,-33.61771705560386,157.1999969482422],[151.12788828089833,-33.61766072921455,157.1999969482422],[151.1278146877885,-33.61762963235378,157.1999969482422],[151.1277087405324,-33.61760423518717,157.1999969482422],[151.1276212334633,-33.617568612098694,157.1999969482422],[151.12749064341187,-33.61748747527599,157.1999969482422],[151.12746910192072,-33.61746710725129,157.1999969482422],[151.12741889432073,-33.6174354236573,157.1999969482422],[151.12734513357282,-33.61735487356782,157.1999969482422],[151.1272906512022,-33.61730164848268,157.1999969482422],[151.1272721271962,-33.617271641269326,157.1999969482422],[151.1272324807942,-33.61720844171941,157.1999969482422],[151.1272005457431,-33.61710324883461,157.1999969482422],[151.12718713469803,-33.61708891578019,157.1999969482422],[151.12717975862324,-33.617050275206566,157.1999969482422],[151.12713927403092,-33.617011131718755,157.1999969482422],[151.12713147886097,-33.61697408370674,157.1999969482422],[151.12713458016515,-33.61695824190974,157.1999969482422],[151.12712955102324,-33.61693259328604,157.1999969482422],[151.12709820270538,-33.616842990741134,157.1999969482422],[151.1270710453391,-33.61679588444531,157.1999969482422],[151.1270697042346,-33.61678532324731,157.1999969482422],[151.12706618383527,-33.61675255000591,157.1999969482422],[151.1270419601351,-33.61667367629707,157.1999969482422],[151.12700432538986,-33.61656462773681,157.1999969482422],[151.12700013443828,-33.61654736101627,157.1999969482422],[151.1269899085164,-33.616514755412936,157.1999969482422],[151.12696434371173,-33.61648751422763,157.1999969482422],[151.12695830874145,-33.616477539762855,157.1999969482422],[151.1269298940897,-33.616425069049,157.1999969482422],[151.12688823603094,-33.6163420882076,157.1999969482422],[151.1268817819655,-33.61631417647004,157.1999969482422],[151.1268739029765,-33.61628517508507,157.1999969482422],[151.1268609110266,-33.61623479984701,157.1999969482422],[151.12684305757284,-33.616136983036995,157.1999969482422],[151.1268221028149,-33.616095995530486,157.1999969482422],[151.12680978141725,-33.61604914069176,157.1999969482422],[151.12681271508336,-33.616037741303444,157.1999969482422],[151.12679293379188,-33.615995747968554,157.1999969482422],[151.12679251469672,-33.615958197042346,157.1999969482422],[151.1268244497478,-33.61584244295955,157.1999969482422],[151.12684976309538,-33.615711936727166,157.1999969482422],[151.1268583126366,-33.615690311416984,157.1999969482422],[151.12687055021524,-33.61566902138293,157.1999969482422],[151.12687340006232,-33.6156340688467,157.1999969482422],[151.12692520022392,-33.61553340218961,157.1999969482422],[151.126972977072,-33.61546768806875,157.1999969482422],[151.12698152661324,-33.615462239831686,157.1999969482422],[151.12705285660923,-33.615406500175595,157.1999969482422],[151.12713449634612,-33.615352185443044,157.1999969482422],[151.1272033955902,-33.6153111141175,157.1999969482422],[151.12726064398885,-33.61526652239263,157.1999969482422],[151.12732082605362,-33.615230647847056,157.1999969482422],[151.12734915688634,-33.61522251740098,157.1999969482422],[151.127390563488,-33.61520868726075,157.1999969482422],[151.12745468504727,-33.615185637027025,157.1999969482422],[151.12754873000085,-33.615166023373604,157.1999969482422],[151.12763992510736,-33.61514523625374,157.1999969482422],[151.12769046798348,-33.61514397896826,157.1999969482422],[151.127789625898,-33.61515697091818,157.1999969482422],[151.12788056954741,-33.615157809108496,157.1999969482422],[151.12789205275476,-33.61515948548913,157.1999969482422],[151.1279484629631,-33.61513618379831,157.1999969482422],[151.1280119139701,-33.61513400450349,157.1999969482422],[151.1280367244035,-33.61512671224773,157.1999969482422],[151.12813864834607,-33.61513417214155,157.1999969482422],[151.12816974520683,-33.615128975361586,157.1999969482422],[151.1282010935247,-33.61513400450349,157.1999969482422],[151.12835682928562,-33.61512570641935,157.1999969482422],[151.1284492816776,-33.61507290042937,157.1999969482422],[151.1285523790866,-33.61504331231117,157.1999969482422],[151.1285710707307,-33.61503962427378,157.1999969482422],[151.12858473323286,-33.61503819935024,151.39999389648438],[151.12865371629596,-33.6150230281055,151.1999969482422],[151.1286884173751,-33.61502160318196,150.39999389648438],[151.12876653671265,-33.61500358209014,149.1999969482422],[151.12879796884954,-33.6149971280247,148.8000030517578],[151.12893467769027,-33.61496686935425,148.39999389648438],[151.12900131382048,-33.6149537935853,148],[151.12909217365086,-33.61493535339832,147.8000030517578],[151.1291086860001,-33.61493459902704,147.8000030517578],[151.12918253056705,-33.61493962816894,147.60000610351562],[151.12919728271663,-33.614946668967605,147.60000610351562],[151.12924573011696,-33.61494390293956,147.60000610351562],[151.1292531900108,-33.61494448967278,147.60000610351562],[151.1292925849557,-33.61494096927345,147.39999389648438],[151.12939367070794,-33.61491825431585,147.1999969482422],[151.12942443229258,-33.614907609298825,147.1999969482422],[151.12942619249225,-33.61491850577295,147.1999969482422],[151.12942812032998,-33.614916829392314,147.1999969482422],[151.12943616695702,-33.61491582356393,147.1999969482422],[151.1294358316809,-33.61491699703038,147.1999969482422],[151.1294358316809,-33.61491699703038,147.39999389648438],[151.1294358316809,-33.61491699703038,147.1999969482422],[151.12943390384316,-33.61491532064974,147],[151.12943390384316,-33.614914482459426,147],[151.1294339876622,-33.614914398640394,147],[151.1294342391193,-33.6149141471833,147],[151.12943524494767,-33.614913392812014,147.39999389648438],[151.1294401064515,-33.614911464974284,147],[151.12945242784917,-33.61489998176694,146.60000610351562],[151.12946030683815,-33.614897802472115,146.39999389648438],[151.12946340814233,-33.614896377548575,146.1999969482422],[151.1294641625136,-33.61489478498697,146.1999969482422],[151.12946424633265,-33.61489369533956,146],[151.1294752266258,-33.614863185212016,144.8000030517578],[151.12948385998607,-33.614808367565274,143.8000030517578],[151.1294860392809,-33.61479948274791,143.60000610351562],[151.12949458882213,-33.61479537561536,142.39999389648438],[151.12949173897505,-33.61480048857629,141.1999969482422],[151.12949173897505,-33.61480048857629,140.8000030517578],[151.12949173897505,-33.61480048857629,140.1999969482422],[151.12949509173632,-33.614746844395995,139],[151.12949442118406,-33.614727817475796,138.8000030517578],[151.12949676811695,-33.614663779735565,138],[151.12950707785785,-33.61462832428515,137.60000610351562],[151.12950925715268,-33.614617846906185,137.39999389648438],[151.1295156273991,-33.61460066400468,137],[151.1295270267874,-33.6145774461329,135.8000030517578],[151.12953331321478,-33.61454391852021,134.8000030517578],[151.12954320386052,-33.614519611001015,134.60000610351562],[151.12957078032196,-33.61447527073324,134.1999969482422],[151.12959131598473,-33.61444467678666,135.39999389648438],[151.12960095517337,-33.61444124020636,136],[151.12962283194065,-33.61443696543574,137],[151.12962408922613,-33.614407796412706,138],[151.1296173837036,-33.61438692547381,138.39999389648438],[151.1296049784869,-33.61436437815428,138.8000030517578],[151.12958393990993,-33.61435029655695,138.8000030517578],[151.12956751137972,-33.61433453857899,138.8000030517578],[151.1295518372208,-33.614314841106534,138.8000030517578],[151.12951520830393,-33.61428500153124,139],[151.12951076589525,-33.6142735183239,139.1999969482422],[151.12950858660042,-33.61426195129752,139.8000030517578],[151.12950213253498,-33.614247450605035,140.1999969482422],[151.12950305454433,-33.61422238871455,140.8000030517578],[151.12951084971428,-33.614206966012716,141.1999969482422],[151.1295167170465,-33.61419875174761,141.39999389648438],[151.12951730377972,-33.614186933264136,141.8000030517578],[151.1295167170465,-33.6141818203032,142],[151.1295225005597,-33.614169247448444,142.60000610351562],[151.12953306175768,-33.61416430212557,143],[151.12954303622246,-33.61414116807282,143.8000030517578],[151.12949785776436,-33.61409280449152,144.60000610351562],[151.12949643284082,-33.614079309627414,144.8000030517578],[151.12950188107789,-33.6140626296401,145.60000610351562],[151.12949852831662,-33.614048128947616,146],[151.1294681020081,-33.61402533017099,146.60000610351562],[151.1294530145824,-33.6140177026391,146.8000030517578],[151.12944362685084,-33.61401024274528,147],[151.1294020526111,-33.61397814005613,147.60000610351562],[151.1293961852789,-33.613965064287186,147.60000610351562],[151.1293681897223,-33.613920137286186,148],[151.1293618194759,-33.61391636542976,148.1999969482422],[151.12927825190127,-33.613877054303885,148],[151.12922846339643,-33.61386355943978,148],[151.1291607376188,-33.61383690498769,148.1999969482422],[151.12913525663316,-33.613825254142284,148.39999389648438],[151.12907473929226,-33.613805221393704,148.60000610351562],[151.12900961190462,-33.61378753557801,148.60000610351562],[151.12894448451698,-33.61375233158469,148.8000030517578],[151.1288858950138,-33.61372928135097,149],[151.12886485643685,-33.613731963559985,149],[151.12885102629662,-33.61372978426516,149.1999969482422],[151.12883627414703,-33.61372450366616,149.1999969482422],[151.12877391278744,-33.613679157570004,149.39999389648438],[151.12874298356473,-33.61364705488086,149.39999389648438],[151.1286993138492,-33.6135982722044,150],[151.12868648953736,-33.613595087081194,150.1999969482422],[151.12867643125355,-33.6135879624635,150.1999969482422],[151.1286154948175,-33.6135517526418,150.8000030517578],[151.12860132940114,-33.613548735156655,150.8000030517578],[151.12858766689897,-33.613542867824435,150.8000030517578],[151.12853469327092,-33.61348746344447,150.8000030517578],[151.12845975905657,-33.613396687433124,151.1999969482422],[151.12844802439213,-33.61339350230992,151.1999969482422],[151.1284191068262,-33.61337875016034,151.1999969482422],[151.1283642053604,-33.61334681510925,151.1999969482422],[151.12834182567894,-33.61326450482011,151.60000610351562],[151.12835615873337,-33.613210609182715,152],[151.12835322506726,-33.613198874518275,152],[151.12835196778178,-33.61316400580108,152.1999969482422],[151.12836873158813,-33.61306032165885,152.60000610351562],[151.1284360382706,-33.61298941075802,153.1999969482422],[151.1284447554499,-33.61297725699842,153.39999389648438],[151.12844835966825,-33.61296904273331,153.60000610351562],[151.12844525836408,-33.612913554534316,153.8000030517578],[151.12837518565357,-33.61285354010761,153],[151.12837007269263,-33.612843565642834,153],[151.128336712718,-33.612819174304605,153],[151.1283062864095,-33.61281540244818,153.1999969482422],[151.12822690978646,-33.61278564669192,154],[151.12822297029197,-33.61277307383716,154],[151.12821257673204,-33.6127660330385,154.39999389648438],[151.12818013876677,-33.61274273134768,155.1999969482422],[151.12814283929765,-33.61270266585052,155.39999389648438],[151.12811828032136,-33.612698642537,155.8000030517578],[151.12809472717345,-33.61268640495837,156.1999969482422],[151.12807067111135,-33.612666204571724,156.60000610351562],[151.12805114127696,-33.61265270970762,156.8000030517578],[151.1279751174152,-33.61264650709927,157.60000610351562],[151.12793832086027,-33.61262924037874,158],[151.12791258841753,-33.61262312158942,158],[151.12786581739783,-33.612600825726986,158.1999969482422],[151.12785768695176,-33.61259764060378,158.1999969482422],[151.1278514843434,-33.61259370110929,158.39999389648438],[151.12785156816244,-33.61257517710328,158.8000030517578],[151.12785785458982,-33.612546008080244,160],[151.1278728581965,-33.61251097172499,161],[151.12787352874875,-33.6124756000936,162.1999969482422],[151.12787696532905,-33.612463027238846,162.8000030517578],[151.12787503749132,-33.612450789660215,163.1999969482422],[151.1278826650232,-33.61243494786322,164],[151.1278895381838,-33.612429751083255,164.1999969482422],[151.12790110521019,-33.61241550184786,165.1999969482422],[151.1279021948576,-33.61241206526756,165.60000610351562],[151.12790848128498,-33.61240410245955,165.8000030517578],[151.12792851403356,-33.612394714728,166.60000610351562],[151.12795022316277,-33.61237275414169,167.8000030517578],[151.1279656458646,-33.61236311495304,168.8000030517578],[151.12798375077546,-33.61236001364887,170],[151.12800411880016,-33.612372167408466,170.8000030517578],[151.12799724563956,-33.61236998811364,171],[151.1279791407287,-33.61235707998276,171.39999389648438],[151.12796966917813,-33.612343752756715,172],[151.1279669869691,-33.61233964562416,172.1999969482422],[151.127950809896,-33.612312907353044,173.1999969482422],[151.1279283463955,-33.61229513771832,174],[151.12792088650167,-33.612291030585766,174.39999389648438],[151.12790076993406,-33.612262113019824,175],[151.1279003508389,-33.61225842498243,175.39999389648438],[151.12790730781853,-33.612255742773414,176],[151.1279114149511,-33.612259179353714,176.60000610351562],[151.12793060950935,-33.612254820764065,177.39999389648438],[151.12793832086027,-33.61224082298577,177.8000030517578],[151.12794703803957,-33.612224059179425,178.8000030517578],[151.12794913351536,-33.61220897175372,179.8000030517578],[151.12794888205826,-33.612205535173416,180],[151.12792667001486,-33.61217644996941,181],[151.12791853956878,-33.61216278746724,181.39999389648438],[151.1279161926359,-33.61215356737375,182],[151.1279273405671,-33.61213445663452,183.39999389648438],[151.12794519402087,-33.61210444942117,184.39999389648438],[151.12794326618314,-33.612051056697965,185.1999969482422],[151.12793396227062,-33.61201794818044,185.39999389648438],[151.12792708911002,-33.61196497455239,186],[151.12794485874474,-33.61192951910198,186.60000610351562],[151.1279854271561,-33.611891716718674,187.1999969482422],[151.12801937386394,-33.61183111555874,187.60000610351562],[151.12806530669332,-33.61178635619581,188.60000610351562],[151.1280700005591,-33.61178048886359,188.8000030517578],[151.12808500416577,-33.611769676208496,189.1999969482422],[151.12810059450567,-33.61174704506993,189.8000030517578],[151.1281052045524,-33.6117194686085,190.60000610351562],[151.12810528837144,-33.61168786883354,190.8000030517578],[151.1281149275601,-33.61166330985725,191.39999389648438],[151.12815625034273,-33.61159248277545,192],[151.12818852066994,-33.61154797486961,193.1999969482422],[151.1282077152282,-33.61151922494173,193.39999389648438],[151.1282354593277,-33.61144538037479,194.1999969482422],[151.12823856063187,-33.61143372952938,194.39999389648438],[151.1282756086439,-33.61137111671269,195.1999969482422],[151.1282774526626,-33.61135954968631,195.1999969482422],[151.12827862612903,-33.61134538426995,195.1999969482422],[151.12829295918345,-33.61128402873874,195.60000610351562],[151.12830343656242,-33.61121638678014,196],[151.1283057834953,-33.61119769513607,196.1999969482422],[151.12830427475274,-33.611162239685655,196.1999969482422],[151.12830461002886,-33.61115922220051,196.8000030517578],[151.12830326892436,-33.61115762963891,197],[151.12830326892436,-33.61115897074342,196.1999969482422],[151.12830326892436,-33.61115913838148,196.1999969482422],[151.12830159254372,-33.6111597251147,196.1999969482422],[151.12830134108663,-33.6111597251147,196.1999969482422],[151.12830067053437,-33.6111597251147,196.1999969482422],[151.12825205549598,-33.611118737608194,195.8000030517578],[151.12821031361818,-33.61109937541187,195.60000610351562],[151.12818282097578,-33.611087976023555,195.39999389648438],[151.12817502580583,-33.61107615754008,195.1999969482422],[151.12813496030867,-33.61103651113808,194.39999389648438],[151.12812649458647,-33.61103399656713,194],[151.12808600999415,-33.61101605929434,193.39999389648438],[151.12807771191,-33.611014634370804,193.1999969482422],[151.1280557513237,-33.61101530492306,192.8000030517578],[151.1280200444162,-33.610993260517716,192.1999969482422],[151.12799665890634,-33.61098596826196,191.8000030517578],[151.12796782515943,-33.61097230575979,191.39999389648438],[151.12794276326895,-33.61094833351672,190.60000610351562],[151.12791929394007,-33.6109337490052,189.60000610351562],[151.12791317515075,-33.6109266243875,189.39999389648438],[151.12788283266127,-33.61087951809168,188.39999389648438],[151.1278744507581,-33.61085806041956,188.1999969482422],[151.12785986624658,-33.61082863993943,187.39999389648438],[151.12783815711737,-33.610828472301364,186.8000030517578],[151.12781544215977,-33.610827969387174,186.1999969482422],[151.12779473885894,-33.610806008800864,185.39999389648438],[151.12779633142054,-33.61080382950604,185.1999969482422],[151.12779532559216,-33.61076929606497,184.39999389648438],[151.1278015282005,-33.610759153962135,184.1999969482422],[151.12783438526094,-33.610689751803875,183.39999389648438],[151.1278395820409,-33.61067960970104,183],[151.1278659850359,-33.610654128715396,181.8000030517578],[151.1278686672449,-33.6106522846967,181.60000610351562],[151.12787520512938,-33.610635939985514,180.8000030517578],[151.1278765462339,-33.610617415979505,179.8000030517578],[151.12786145880818,-33.61058849841356,178.8000030517578],[151.12785768695176,-33.6105848941952,178.39999389648438],[151.12784863449633,-33.61057223752141,177.60000610351562],[151.12782181240618,-33.61057424917817,176.8000030517578],[151.12780094146729,-33.61057760193944,176.39999389648438],[151.12776640802622,-33.61056922003627,175.8000030517578],[151.1277515720576,-33.61057039350271,175.1999969482422],[151.1277169547975,-33.61057022586465,174.60000610351562],[151.12770362757146,-33.61056678928435,174.1999969482422],[151.12769507803023,-33.610542649403214,173],[151.12767512910068,-33.61050887033343,172],[151.12765467725694,-33.61050384119153,171.8000030517578],[151.1276252567768,-33.610472744330764,171.1999969482422],[151.1276175454259,-33.61046469770372,171],[151.12761301919818,-33.610456148162484,170.8000030517578],[151.1275982670486,-33.6104223690927,170],[151.12757856957614,-33.61039923503995,169.39999389648438],[151.12755317240953,-33.61037936992943,168.8000030517578],[151.12754160538316,-33.61035481095314,168.39999389648438],[151.12753607332706,-33.61035238020122,168.1999969482422],[151.1275276914239,-33.6103446688503,167.8000030517578],[151.12750371918082,-33.610304268077016,166.8000030517578],[151.12749793566763,-33.610298903658986,166.60000610351562],[151.12747890874743,-33.610263615846634,165.8000030517578],[151.12748393788934,-33.61025414429605,165.39999389648438],[151.12749005667865,-33.610218185931444,164.60000610351562],[151.12750036641955,-33.610201673582196,164.39999389648438],[151.12754722125828,-33.61017652787268,163.8000030517578],[151.12754638306797,-33.610163955017924,163.39999389648438],[151.1275393422693,-33.610153226181865,162.8000030517578],[151.12753850407898,-33.61013294197619,162.1999969482422],[151.1275390908122,-33.61011081375182,161.1999969482422],[151.12754395231605,-33.61010134220123,160.60000610351562],[151.12754797562957,-33.61008457839489,160],[151.12752576358616,-33.61004392616451,159],[151.12751838751137,-33.61003613099456,158.8000030517578],[151.12749399617314,-33.610014924779534,158],[151.12748536281288,-33.610011488199234,157.8000030517578],[151.12743448466063,-33.609971925616264,157],[151.12742710858583,-33.60995952039957,156.8000030517578],[151.1274214927107,-33.6099458578974,156.8000030517578],[151.1273913178593,-33.609899170696735,156],[151.1273738835007,-33.609867822378874,155.60000610351562],[151.12735133618116,-33.60984091646969,155.1999969482422],[151.12734731286764,-33.609828846529126,155],[151.12733457237482,-33.60979883931577,154.60000610351562],[151.12729551270604,-33.6097592767328,153.8000030517578],[151.12728117965162,-33.60973413102329,153.60000610351562],[151.12724195234478,-33.609690545126796,152.39999389648438],[151.1272393539548,-33.609678223729134,152.1999969482422],[151.1272499151528,-33.609624579548836,151.60000610351562],[151.12725536338985,-33.609578562900424,151.39999389648438],[151.12727330066264,-33.60955727286637,151.39999389648438],[151.12732308916748,-33.60952466726303,151.1999969482422],[151.127361478284,-33.6094883736223,151.1999969482422],[151.12740313634276,-33.60940799117088,150.60000610351562],[151.12740070559084,-33.60939416103065,150.1999969482422],[151.12741101533175,-33.609355771914124,149],[151.1274265218526,-33.60930615104735,148.39999389648438],[151.12742979079485,-33.60928209498525,147.8000030517578],[151.12745828926563,-33.60923389904201,147.1999969482422],[151.12746918573976,-33.60920657403767,146.60000610351562],[151.12747387960553,-33.60917924903333,146],[151.12747186794877,-33.60915879718959,145.60000610351562],[151.12743926234543,-33.60910573974252,144.39999389648438],[151.12742970697582,-33.609085623174906,144.1999969482422],[151.1274483986199,-33.609002474695444,143.39999389648438],[151.1274542659521,-33.60899065621197,143.39999389648438],[151.12747052684426,-33.608938520774245,143],[151.1274761427194,-33.60892225988209,142.60000610351562],[151.1274790763855,-33.608914129436016,142.39999389648438],[151.1274666711688,-33.60886350274086,141.60000610351562],[151.12745879217982,-33.60884631983936,141.1999969482422],[151.12743901088834,-33.60881279222667,140.1999969482422],[151.1274391785264,-33.608809523284435,140],[151.12742266617715,-33.6087803542614,139.60000610351562],[151.12740363925695,-33.60871430486441,139],[151.12740145996213,-33.60870039090514,138.8000030517578],[151.12739576026797,-33.60868765041232,138.8000030517578],[151.12737463787198,-33.60865152440965,138.60000610351562],[151.12734345719218,-33.60862227156758,138.1999969482422],[151.1273408588022,-33.60859712585807,137.8000030517578],[151.12731370143592,-33.60856695100665,136.8000030517578],[151.12727573141456,-33.60850526019931,136],[151.12726642750204,-33.60849511809647,136],[151.127237258479,-33.608392775058746,135.8000030517578],[151.1272365041077,-33.60837936401367,135.60000610351562],[151.12723315134645,-33.60831926576793,135.39999389648438],[151.12723851576447,-33.608300825580955,135],[151.12725980579853,-33.608271991834044,134.60000610351562],[151.12726299092174,-33.60826310701668,134.39999389648438],[151.12725771032274,-33.6082327645272,134],[151.12726248800755,-33.60819102264941,133.60000610351562],[151.1272525973618,-33.60817685723305,133.60000610351562],[151.1271899845451,-33.60812187194824,133.1999969482422],[151.12717414274812,-33.60809588804841,133.1999969482422],[151.12717271782458,-33.60806110315025,132.8000030517578],[151.12718663178384,-33.608045345172286,132.39999389648438],[151.12719291821122,-33.60801927745342,131.8000030517578],[151.12719794735312,-33.608005782589316,131.1999969482422],[151.12720004282892,-33.60798147507012,130.1999969482422],[151.1272005457431,-33.60796647146344,129.8000030517578],[151.12715050578117,-33.607945097610354,129.1999969482422],[151.12713835202157,-33.607937302440405,129],[151.1271254438907,-33.607925064861774,128.1999969482422],[151.1271194089204,-33.6079185269773,127.80000305175781],[151.12710968591273,-33.607916850596666,127.4000015258789],[151.1270887311548,-33.60790025442839,126.5999984741211],[151.12706987187266,-33.6078770365566,125.4000015258789],[151.12705838866532,-33.60786898992956,124.5999984741211],[151.127049587667,-33.607861530035734,124.19999694824219],[151.1270474921912,-33.60784577205777,123.80000305175781],[151.1270448938012,-33.60782850533724,123],[151.12703450024128,-33.60778869129717,122.19999694824219],[151.12702016718686,-33.60778500325978,122],[151.12698940560222,-33.607768239453435,121.4000015258789],[151.1269745696336,-33.60775734297931,121],[151.1269024014473,-33.607725743204355,120],[151.12689410336316,-33.6077147629112,120],[151.12689100205898,-33.607704201713204,119.80000305175781],[151.12684674561024,-33.60765575431287,119.5999984741211],[151.12683165818453,-33.607594231143594,119.4000015258789],[151.12682352773845,-33.607570845633745,119.19999694824219],[151.12681455910206,-33.6075627990067,119.19999694824219],[151.12678488716483,-33.60750060528517,119.19999694824219],[151.126766866073,-33.607459366321564,119.80000305175781],[151.12674582749605,-33.60744117759168,120.4000015258789],[151.12673392519355,-33.60743723809719,120.4000015258789],[151.1266965419054,-33.6074298620224,121],[151.12668053247035,-33.607420893386006,121.19999694824219],[151.12664985470474,-33.60740337520838,121.19999694824219],[151.12662504427135,-33.60737772658467,120.5999984741211],[151.12654332071543,-33.60733070410788,120.19999694824219],[151.12652680836618,-33.60728728584945,120.19999694824219],[151.1265218630433,-33.607278568670154,120.4000015258789],[151.12649529241025,-33.60724822618067,120.5999984741211],[151.126462938264,-33.60722819343209,120.4000015258789],[151.12644583918154,-33.60722073353827,120.19999694824219],[151.12644248642027,-33.607214111834764,120.19999694824219],[151.12642161548138,-33.60719500109553,119.80000305175781],[151.12640032544732,-33.607165832072496,119.19999694824219],[151.12637266516685,-33.607144290581346,119.19999694824219],[151.126365121454,-33.60711470246315,119.19999694824219],[151.12633318640292,-33.60710430890322,119.19999694824219],[151.12630812451243,-33.60710212960839,119.19999694824219],[151.12628666684031,-33.60708863474429,119.19999694824219],[151.12627057358623,-33.607075894251466,119.19999694824219],[151.1262102238834,-33.60703364945948,119.19999694824219],[151.12618004903197,-33.6070051509887,119.19999694824219],[151.12616621889174,-33.606989309191704,119.19999694824219],[151.12609354779124,-33.60694605857134,119.19999694824219],[151.12605951726437,-33.60692007467151,119.19999694824219],[151.126000424847,-33.60690423287451,119.19999694824219],[151.1259882710874,-33.606904400512576,119.19999694824219],[151.12591526471078,-33.60687816515565,119.19999694824219],[151.1258931364864,-33.60687321983278,119.19999694824219],[151.12579884007573,-33.60683114267886,119.19999694824219],[151.12576195970178,-33.60678797587752,119.19999694824219],[151.12571854144335,-33.606779677793384,119.19999694824219],[151.12568811513484,-33.606773391366005,119.19999694824219],[151.12562692724168,-33.60678596422076,119.19999694824219],[151.12557169049978,-33.60673852264881,119.19999694824219],[151.12554218620062,-33.60666207969189,119.19999694824219],[151.12546616233885,-33.606606759130955,119.19999694824219],[151.12540095113218,-33.606594018638134,119.19999694824219],[151.12538686953485,-33.606584295630455,119.19999694824219],[151.12535719759762,-33.60656292177737,119.19999694824219],[151.12532123923302,-33.60654196701944,119.19999694824219],[151.12530942074955,-33.60653903335333,119.19999694824219],[151.12523909658194,-33.606479270383716,119.19999694824219],[151.12523071467876,-33.6064713075757,119.19999694824219],[151.12516969442368,-33.60644632950425,119.19999694824219],[151.12515745684505,-33.606441132724285,119.19999694824219],[151.12512971274555,-33.60643777996302,119.19999694824219],[151.12511546351016,-33.60641992650926,119.19999694824219],[151.12510171718895,-33.60640609636903,119.19999694824219],[151.1250360030681,-33.60639444552362,119.19999694824219],[151.12502192147076,-33.60639679245651,119.19999694824219],[151.1249479930848,-33.60638178884983,119.19999694824219],[151.1248819436878,-33.606358990073204,119.19999694824219],[151.12486836500466,-33.60635865479708,119.19999694824219],[151.12479879520833,-33.60634943470359,119.19999694824219],[151.1247902456671,-33.60634717158973,119.19999694824219],[151.12474816851318,-33.60634717158973,119.19999694824219],[151.12473383545876,-33.60634851269424,119.19999694824219],[151.1247180774808,-33.606344405561686,119.19999694824219],[151.12468052655458,-33.606337029486895,119.19999694824219],[151.12465663813055,-33.606310710310936,119.19999694824219],[151.12464976496994,-33.60629612579942,119.19999694824219],[151.12463627010584,-33.60627232119441,119.19999694824219],[151.12462696619332,-33.60626745969057,119.19999694824219],[151.12459167838097,-33.60627374611795,119.19999694824219],[151.12458019517362,-33.60627584159374,119.19999694824219],[151.12448916770518,-33.606271566823125,119.19999694824219],[151.12443854101002,-33.606272488832474,119.19999694824219],[151.12437576055527,-33.60626343637705,119.19999694824219],[151.12426612526178,-33.60623963177204,119.19999694824219],[151.12418465316296,-33.606204679235816,119.19999694824219],[151.1241326853633,-33.60621121712029,119.19999694824219],[151.12404140643775,-33.606221275404096,119.19999694824219],[151.1240169312805,-33.60621113330126,119.19999694824219],[151.12400989048183,-33.60620291903615,115.4000015258789],[151.12399044446647,-33.606171822175384,115.4000015258789],[151.12394643947482,-33.606089847162366,115.19999694824219],[151.1239394824952,-33.60608163289726,115],[151.123886089772,-33.60600586049259,114.5999984741211],[151.1238773725927,-33.60599705949426,114.5999984741211],[151.1238665599376,-33.60598876141012,114.4000015258789],[151.12382221966982,-33.60594341531396,114.19999694824219],[151.12380755133927,-33.60593059100211,114.19999694824219],[151.1237870156765,-33.6058893520385,113.5999984741211],[151.12378818914294,-33.60588231123984,113.4000015258789],[151.12375809811056,-33.60587149858475,112.5999984741211],[151.1237544938922,-33.60586630180478,112.4000015258789],[151.1237452737987,-33.605844508856535,111.4000015258789],[151.1237056273967,-33.605780554935336,110.19999694824219],[151.12367872148752,-33.60574392601848,109.80000305175781],[151.1236368957907,-33.605674020946026,109.19999694824219],[151.1235803179443,-33.60560344532132,108.4000015258789],[151.1235697567463,-33.60558777116239,108.19999694824219],[151.12354595214128,-33.605547454208136,107.19999694824219],[151.12353874370456,-33.60553999431431,107],[151.12351343035698,-33.60548458993435,106.19999694824219],[151.12350999377668,-33.60545290634036,105.80000305175781],[151.12348987720907,-33.605434047058225,105.19999694824219],[151.12348400987685,-33.60542516224086,104.5999984741211],[151.1234793998301,-33.605403704568744,104],[151.12346028909087,-33.60541032627225,103.4000015258789],[151.12341427244246,-33.60539507120848,102.4000015258789],[151.12341075204313,-33.60538643784821,102.19999694824219],[151.1233948264271,-33.60533723607659,101.5999984741211],[151.1233821697533,-33.60532617196441,101.4000015258789],[151.1233763024211,-33.60532374121249,101.19999694824219],[151.12336012534797,-33.60531116835773,100.5999984741211],[151.1233403440565,-33.605284094810486,100.19999694824219],[151.12331243231893,-33.6052368208766,99.80000305175781],[151.12333523109555,-33.60516247339547,99.80000305175781],[151.12334059551358,-33.60515576787293,100],[151.12336356192827,-33.605124251917005,100],[151.12335635349154,-33.605082761496305,100.19999694824219],[151.12334160134196,-33.60505862161517,100.19999694824219],[151.12332710064948,-33.60498620197177,100.19999694824219],[151.12332441844046,-33.60497857443988,100.19999694824219],[151.12334386445582,-33.60489240847528,100.4000015258789],[151.12338141538203,-33.60486298799515,101.4000015258789],[151.12338703125715,-33.604856533929706,101.5999984741211],[151.12337890081108,-33.60481915064156,102.4000015258789],[151.12337730824947,-33.60481261275709,102.4000015258789],[151.1233763024211,-33.60480347648263,102.4000015258789],[151.12339717336,-33.60476307570934,102.80000305175781],[151.1234003584832,-33.604753855615854,102.80000305175781],[151.12342240288854,-33.60470708459616,103],[151.1234326288104,-33.604702558368444,103.19999694824219],[151.12343304790556,-33.60470540821552,103.4000015258789],[151.12344930879772,-33.60467582009733,104.4000015258789],[151.12346531823277,-33.60466240905225,104.4000015258789],[151.12354553304613,-33.604642963036895,104.4000015258789],[151.1235763784498,-33.60463357530534,105],[151.123611247167,-33.604633742943406,105.4000015258789],[151.12362356856465,-33.604625863954425,105.4000015258789],[151.12363169901073,-33.60461630858481,105.5999984741211],[151.1236598622054,-33.60457666218281,105.80000305175781],[151.12367796711624,-33.604541374370456,106],[151.12369858659804,-33.604469038546085,105.80000305175781],[151.12371375784278,-33.604405922815204,105.80000305175781],[151.1237166915089,-33.60439251177013,105.5999984741211],[151.12372951582074,-33.604372814297676,105.5999984741211],[151.12374267540872,-33.604352530092,105.19999694824219],[151.12372314557433,-33.60435529612005,105],[151.1237182840705,-33.60435546375811,105],[151.12371945753694,-33.60435294918716,105.19999694824219],[151.12372054718435,-33.60435135662556,105.19999694824219],[151.12372088246047,-33.60435160808265,105.19999694824219],[151.12372239120305,-33.60435118898749,105.19999694824219],[151.12372406758368,-33.60434850677848,105],[151.12377813085914,-33.60431254841387,104.80000305175781],[151.12379506230354,-33.60429829917848,104.5999984741211],[151.12380520440638,-33.60429251566529,104.4000015258789],[151.12384166568518,-33.60426829196513,103.5999984741211],[151.12385105341673,-33.60425370745361,103.19999694824219],[151.12387410365045,-33.60421515069902,102.19999694824219],[151.1238853354007,-33.6042108759284,102],[151.12388407811522,-33.60417852178216,101.19999694824219],[151.1238837428391,-33.604170894250274,101],[151.12391458824277,-33.604116244241595,99.80000305175781],[151.12393512390554,-33.60410082153976,99.4000015258789],[151.12395700067282,-33.60407165251672,99.19999694824219],[151.12396471202374,-33.604053715243936,99],[151.12396018579602,-33.60404181294143,98.80000305175781],[151.12394987605512,-33.60402219928801,98.19999694824219],[151.12394786439836,-33.60401180572808,97.5999984741211],[151.12395373173058,-33.604008201509714,97],[151.12394970841706,-33.604010716080666,96.4000015258789],[151.123946942389,-33.604011135175824,96.19999694824219],[151.1239291727543,-33.60399562865496,95.19999694824219],[151.1239286698401,-33.60396754927933,94.19999694824219],[151.12391609698534,-33.60395036637783,93.5999984741211],[151.12390587106347,-33.60393335111439,93],[151.12387904897332,-33.60392287373543,92.19999694824219],[151.12386412918568,-33.603918766602874,92],[151.12385398708284,-33.60392119735479,91],[151.12385155633092,-33.60392111353576,90.80000305175781],[151.12382699735463,-33.603910049423575,89.80000305175781],[151.12382565625012,-33.60390594229102,89.5999984741211],[151.12381258048117,-33.60389814712107,88.5999984741211],[151.12379740923643,-33.60388733446598,88],[151.12378944642842,-33.603880209848285,87.4000015258789],[151.1237888596952,-33.603848023340106,86.4000015258789],[151.12379196099937,-33.603834779933095,85.80000305175781],[151.12379481084645,-33.60382488928735,85.4000015258789],[151.12380227074027,-33.60382094979286,85],[151.123820040375,-33.6038086283952,84.19999694824219],[151.12383286468685,-33.603802509605885,84],[151.1238377261907,-33.60377141274512,82.80000305175781],[151.123820040375,-33.60375749878585,81.80000305175781],[151.1238113231957,-33.60375003889203,81.19999694824219],[151.12380151636899,-33.603729670867324,80.5999984741211],[151.1237902007997,-33.60370737500489,79.5999984741211],[151.1237899493426,-33.603706704452634,79.19999694824219],[151.12377955578268,-33.60369279049337,78],[151.12378743477166,-33.60368298366666,77.5999984741211],[151.12379196099937,-33.60366789624095,77],[151.12380512058735,-33.60365389846265,75.80000305175781],[151.1238113231957,-33.60365180298686,75.4000015258789],[151.12380889244378,-33.603646690025926,74.80000305175781],[151.12380134873092,-33.60364409163594,74.4000015258789],[151.1237973254174,-33.603620203211904,73.5999984741211],[151.12382858991623,-33.60358441248536,72.4000015258789],[151.12386245280504,-33.60350822098553,71.4000015258789],[151.12383915111423,-33.60350771807134,70.4000015258789],[151.12383873201907,-33.6034978274256,69.80000305175781],[151.12386203370988,-33.603457510471344,69.19999694824219],[151.12387376837432,-33.60345549881458,69],[151.12387963570654,-33.603439908474684,68],[151.1238694936037,-33.603435466066,67.5999984741211],[151.12385842949152,-33.60342951491475,67],[151.1238414980471,-33.603433622047305,65.80000305175781],[151.12383554689586,-33.60343378968537,65.19999694824219],[151.12382548861206,-33.60342959873378,64.80000305175781],[151.12381048500538,-33.60342691652477,63.79999923706055],[151.1238018516451,-33.60343940556049,63],[151.12379908561707,-33.603443847969174,62.599998474121094],[151.12376706674695,-33.60347284935415,61.400001525878906],[151.12373613752425,-33.60350796952844,61],[151.12372473813593,-33.60352129675448,60.400001525878906],[151.12369439564645,-33.60352800227702,59.599998474121094],[151.123687941581,-33.603528924286366,59.400001525878906],[151.12366287969053,-33.60352565534413,58.400001525878906],[151.12365919165313,-33.60352506861091,58.20000076293945],[151.1236435174942,-33.60352314077318,57],[151.12364469096065,-33.60352146439254,56.79999923706055],[151.1236604489386,-33.60349682159722,56],[151.12363630905747,-33.6034737713635,55],[151.12363572232425,-33.60346756875515,54.79999923706055],[151.12364443950355,-33.60344426706433,53.79999923706055],[151.12365315668285,-33.60341434367001,53],[151.12366723828018,-33.60339866951108,52.599998474121094],[151.12367729656398,-33.60334971919656,51.599998474121094],[151.12368970178068,-33.60331853851676,51.20000076293945],[151.12369389273226,-33.60330571420491,50.599998474121094],[151.1236955691129,-33.60329867340624,50.400001525878906],[151.12369112670422,-33.603266989812255,49.20000076293945],[151.12369783222675,-33.60323740169406,48.400001525878906],[151.12370277754962,-33.60322751104832,48],[151.1237106565386,-33.603201527148485,47.400001525878906],[151.1237077228725,-33.60318870283663,46.79999923706055],[151.12368995323777,-33.603175124153495,45.599998474121094],[151.12369196489453,-33.60314645804465,44.599998474121094],[151.1236955691129,-33.60312617383897,44],[151.12368098460138,-33.60310538671911,43.400001525878906],[151.12367779947817,-33.603091556578875,43],[151.12367738038301,-33.60307412222028,42.400001525878906],[151.1236850079149,-33.60304847359657,41.20000076293945],[151.12367084249854,-33.60304243862629,40.79999923706055],[151.1236630473286,-33.60302399843931,40],[151.12365625798702,-33.60298477113247,38.79999923706055],[151.12366220913827,-33.60297412611544,37.599998474121094],[151.1236731056124,-33.602965995669365,37],[151.12367545254529,-33.60295937396586,36.400001525878906],[151.1236699204892,-33.60294856131077,35.400001525878906],[151.12367117777467,-33.602949315682054,35.20000076293945],[151.1236760392785,-33.602926936000586,34.20000076293945],[151.12368081696332,-33.60290279611945,33.400001525878906],[151.12367981113493,-33.602888295426965,33],[151.1236797273159,-33.602842865511775,32.400001525878906],[151.12370386719704,-33.602775475010276,32.20000076293945],[151.12379422411323,-33.60272518359125,32.400001525878906],[151.12389069981873,-33.60271990299225,32.400001525878906],[151.12400360405445,-33.60271797515452,32.400001525878906],[151.12401123158634,-33.602721663191915,32.400001525878906],[151.12404584884644,-33.602718310430646,31.799999237060547],[151.12411458045244,-33.60272677615285,30.600000381469727],[151.12414316274226,-33.60269618220627,30],[151.12416420131922,-33.60267883166671,29.399999618530273],[151.12417149357498,-33.60267212614417,28.799999237060547],[151.1241906043142,-33.60263792797923,28.799999237060547],[151.12420502118766,-33.602606328204274,28.799999237060547],[151.1242072004825,-33.602589732035995,28.799999237060547],[151.12420334480703,-33.602534495294094,28.799999237060547],[151.1242259759456,-33.602492585778236,29.200000762939453],[151.12423083744943,-33.602479761466384,29.200000762939453],[151.12423779442906,-33.60247137956321,29.399999618530273],[151.12425941973925,-33.6024462338537,30],[151.12427107058465,-33.602418238297105,30.399999618530273],[151.1242751777172,-33.602406084537506,30.600000381469727],[151.12428716383874,-33.60239351168275,30.399999618530273],[151.12430283799767,-33.60233793966472,29.799999237060547],[151.12433234229684,-33.602297538891435,29.600000381469727],[151.12434659153223,-33.60227482393384,29.600000381469727],[151.1243586614728,-33.60221078619361,30],[151.12436017021537,-33.602191591635346,30],[151.1243898421526,-33.60215504653752,29.799999237060547],[151.12443191930652,-33.60210391692817,29.799999237060547],[151.1244411394,-33.60207315534353,29.799999237060547],[151.12444767728448,-33.60203099437058,29.799999237060547],[151.1244915984571,-33.60196217894554,30.200000762939453],[151.12449595704675,-33.60194214619696,30.399999618530273],[151.1245055962354,-33.6019089538604,30.799999237060547],[151.12451045773923,-33.60188405960798,31.399999618530273],[151.12453325651586,-33.60182345844805,31.799999237060547],[151.12453753128648,-33.60180384479463,32.20000076293945],[151.12454222515225,-33.6017881706357,32.599998474121094],[151.12453803420067,-33.601766377687454,32.79999923706055],[151.1245314963162,-33.60174953006208,32.79999923706055],[151.12452562898397,-33.601687755435705,32.79999923706055],[151.12453141249716,-33.601611563935876,32.599998474121094],[151.12451783381402,-33.60158381983638,32.599998474121094],[151.12449914216995,-33.60155800357461,32.400001525878906],[151.12449076026678,-33.60153755173087,32.400001525878906],[151.12448304891586,-33.6015119869262,32.20000076293945],[151.1244831327349,-33.60146035440266,32.20000076293945],[151.12447801977396,-33.60134921036661,32.400001525878906],[151.12449218519032,-33.601323729380965,32.599998474121094],[151.12451121211052,-33.601301265880466,32.599998474121094],[151.12451733089983,-33.60128098167479,32.599998474121094],[151.12453300505877,-33.601233791559935,32.79999923706055],[151.12452973611653,-33.60120479017496,33],[151.12451892346144,-33.60118383541703,33.20000076293945],[151.1245386209339,-33.60110278241336,33.599998474121094],[151.12454691901803,-33.601090125739574,33.599998474121094],[151.12460198812187,-33.601009072735906,33.79999923706055],[151.12460643053055,-33.60100152902305,34],[151.1246258765459,-33.60097378492355,34.599998474121094],[151.12464431673288,-33.60096288844943,34.79999923706055],[151.1246832087636,-33.60095450654626,35.599998474121094],[151.12473140470684,-33.6009609606117,36.79999923706055],[151.12474456429482,-33.600914273411036,37.79999923706055],[151.1247601546347,-33.60089189372957,38.400001525878906],[151.12476308830082,-33.60088954679668,38.400001525878906],[151.12477532587945,-33.60087395645678,38.599998474121094],[151.12477448768914,-33.60085442662239,38.599998474121094],[151.1247778404504,-33.60085300169885,38.599998474121094],[151.12479644827545,-33.60084126703441,38.599998474121094],[151.12481530755758,-33.60082131810486,38.79999923706055],[151.1248457338661,-33.60080849379301,39],[151.12491379491985,-33.60075920820236,39.20000076293945],[151.12494732253253,-33.6007294524461,39.400001525878906],[151.12497137859464,-33.60071805305779,39.400001525878906],[151.12502829171717,-33.60070346854627,39.400001525878906],[151.125080678612,-33.600662648677826,38.79999923706055],[151.12509853206575,-33.600647896528244,38],[151.1251042317599,-33.600644040852785,37.79999923706055],[151.12512568943202,-33.60063356347382,37.400001525878906],[151.12520607188344,-33.60061101615429,37],[151.12522040493786,-33.60061218962073,37],[151.12530070357025,-33.60061495564878,36.79999923706055],[151.1253323033452,-33.600612776353955,36.79999923706055],[151.1253669206053,-33.600610764697194,36.599998474121094],[151.12541385926306,-33.6005999520421,36.599998474121094],[151.12546121701598,-33.60059483908117,36.599998474121094],[151.1254675872624,-33.60059542581439,36.599998474121094],[151.12548393197358,-33.6006036400795,36.400001525878906],[151.12550438381732,-33.60059349797666,36],[151.12550790421665,-33.60057916492224,35.599998474121094],[151.12553824670613,-33.600562987849116,34.400001525878906],[151.12556179985404,-33.60056416131556,34.20000076293945],[151.1255685891956,-33.60056642442942,34.20000076293945],[151.12557504326105,-33.600558545440435,34],[151.1255754623562,-33.60055745579302,34],[151.12557512708008,-33.60055720433593,34],[151.12557495944202,-33.60055779106915,34],[151.12557495944202,-33.600558964535594,34],[151.125574875623,-33.60055913217366,34]]},"properties":{"name":"Mount Kuring-Gai Hiking"}}]}
