{"type":"FeatureCollection","features":[{"type":"Feature","geometry":{"type":"LineString","coordinates":[[151.09031153842807,-33.32694271579385,117.4000015258789],[151.08978590928018,-33.32740397192538,117.4000015258789],[151.08977191150188,-33.32738603465259,117.5999984741211],[151.08976176939905,-33.327392153441906,117.80000305175781],[151.08969882130623,-33.32746029831469,117.4000015258789],[151.08968440443277,-33.32745426334441,117.4000015258789],[151.08968390151858,-33.32745158113539,117.4000015258789],[151.08968398533762,-33.327444372698665,117.4000015258789],[151.0896854940802,-33.327440433204174,117.4000015258789],[151.08969722874463,-33.32743532024324,117],[151.0896120686084,-33.32744118757546,117.5999984741211],[151.08953847549856,-33.32746373489499,117.4000015258789],[151.08943889848888,-33.32746080122888,117.4000015258789],[151.08941668644547,-33.32745015621185,117.19999694824219],[151.0894051194191,-33.327445378527045,117.19999694824219],[151.08933705836535,-33.32743959501386,117.19999694824219],[151.08928215689957,-33.32741905935109,117.19999694824219],[151.0892589390278,-33.32740908488631,117.19999694824219],[151.0891963262111,-33.32739961333573,117.19999694824219],[151.08908870257437,-33.32740858197212,117.4000015258789],[151.08904788270593,-33.327418975532055,117.4000015258789],[151.0889693442732,-33.32742718979716,117.19999694824219],[151.08894252218306,-33.32743029110134,117.19999694824219],[151.08892877586186,-33.32743037492037,117.19999694824219],[151.0888382513076,-33.32744412124157,116.80000305175781],[151.08877446502447,-33.327466333284974,117],[151.0887312144041,-33.32748770713806,117],[151.0886883828789,-33.32750665023923,117],[151.08864077366889,-33.32752098329365,117.19999694824219],[151.08857070095837,-33.32753447815776,117.19999694824219],[151.08855712227523,-33.32754084840417,117.19999694824219],[151.0885258577764,-33.32755669020116,117.19999694824219],[151.08838596381247,-33.327574795112014,117.5999984741211],[151.08825185336173,-33.32763388752937,118],[151.08815546147525,-33.32769121974707,118.4000015258789],[151.0881433915347,-33.32769826054573,118.5999984741211],[151.08809553086758,-33.32773447036743,118.80000305175781],[151.08803836628795,-33.327771769836545,119],[151.0879468359053,-33.32783496938646,119.4000015258789],[151.08792386949062,-33.32784544676542,119.5999984741211],[151.08788480982184,-33.327879728749394,119.80000305175781],[151.08783518895507,-33.32792063243687,120.19999694824219],[151.08776905573905,-33.32796312868595,120.5999984741211],[151.08772605657578,-33.32800520583987,120.80000305175781],[151.08762530609965,-33.328091287985444,121.5999984741211],[151.08761717565358,-33.328098244965076,121.5999984741211],[151.08750737272203,-33.32820117473602,122.4000015258789],[151.08746990561485,-33.32823126576841,122.5999984741211],[151.08740913681686,-33.3282835688442,123.19999694824219],[151.08735599555075,-33.328331764787436,123.5999984741211],[151.08733269385993,-33.32835582084954,123.80000305175781],[151.0872493777424,-33.328433353453875,124.80000305175781],[151.08715223148465,-33.3284994866699,125.4000015258789],[151.08711702749133,-33.32853318192065,125.80000305175781],[151.0870653949678,-33.3285787794739,126.4000015258789],[151.08698660507798,-33.32865237258375,126.80000305175781],[151.08696917071939,-33.32866637036204,127],[151.08694503083825,-33.32868883386254,127],[151.08693078160286,-33.32870593294501,127.19999694824219],[151.08691150322556,-33.32872001454234,127.19999694824219],[151.08683774247766,-33.32878019660711,128],[151.08680924400687,-33.32880416885018,128.1999969482422],[151.08671913854778,-33.32887910306454,128.8000030517578],[151.08671067282557,-33.32888849079609,129],[151.08663255348802,-33.32894473336637,129.39999389648438],[151.08655141666532,-33.32900273613632,130],[151.08653699979186,-33.3290193323046,130],[151.08644924126565,-33.32907993346453,130.8000030517578],[151.08637698926032,-33.32912846468389,131],[151.0863404441625,-33.329158555716276,131.39999389648438],[151.0862569604069,-33.329239189624786,132],[151.08623759821057,-33.32925796508789,132],[151.0861547011882,-33.329312363639474,132.39999389648438],[151.0861242748797,-33.32933214493096,132.60000610351562],[151.08607096597552,-33.329371958971024,133],[151.0860302299261,-33.32940515130758,133.1999969482422],[151.0859754960984,-33.32945737056434,133.1999969482422],[151.0858698002994,-33.3295439556241,133.8000030517578],[151.08581741340458,-33.32959223538637,134],[151.08580836094916,-33.32960112020373,134],[151.08580710366368,-33.32960179075599,134.1999969482422],[151.08580651693046,-33.329602712765336,134.1999969482422],[151.0857600811869,-33.329630959779024,134.60000610351562],[151.0856289882213,-33.32973204553127,135],[151.08562035486102,-33.329739002510905,135],[151.08554273843765,-33.329785438254476,135],[151.0855159163475,-33.32980622537434,135],[151.08550443314016,-33.32981016486883,135.1999969482422],[151.08542354777455,-33.32987344823778,135.39999389648438],[151.08534685336053,-33.329935390502214,135.1999969482422],[151.08532992191613,-33.32995584234595,135.1999969482422],[151.0852455161512,-33.33004016429186,135.39999389648438],[151.0851459391415,-33.33014921285212,135.60000610351562],[151.08509045094252,-33.33019020035863,135.60000610351562],[151.08506966382265,-33.33020696416497,135.60000610351562],[151.08503697440028,-33.33023387007415,135.60000610351562],[151.08499062247574,-33.33026999607682,135.60000610351562],[151.08494619838893,-33.330318946391344,135.60000610351562],[151.08489817008376,-33.33036513067782,135.8000030517578],[151.08488157391548,-33.33038281649351,135.8000030517578],[151.0848155245185,-33.33046889863908,135.8000030517578],[151.08471980318427,-33.33056101575494,135.8000030517578],[151.08466682955623,-33.33063033409417,135.60000610351562],[151.0846229083836,-33.330663023516536,135.60000610351562],[151.08460555784404,-33.330682553350925,135.39999389648438],[151.08458552509546,-33.330725468695164,135.39999389648438],[151.08450757339597,-33.33083367906511,135.1999969482422],[151.0844975989312,-33.33084248006344,135.1999969482422],[151.08447530306876,-33.330858489498496,135.1999969482422],[151.08444621786475,-33.330903919413686,135.39999389648438],[151.08442090451717,-33.3309187553823,135.39999389648438],[151.0844244249165,-33.330918587744236,135.39999389648438],[151.0844244249165,-33.330918587744236,135.39999389648438],[151.08438519760966,-33.330975165590644,135.1999969482422],[151.08428159728646,-33.33109167404473,135.39999389648438],[151.0841876361519,-33.33117281086743,135],[151.08416316099465,-33.3312174025923,135],[151.08414195477962,-33.33123232237995,135],[151.08406819403172,-33.331310441717505,134.8000030517578],[151.0840581357479,-33.33132008090615,135],[151.0840047430247,-33.33137481473386,135.1999969482422],[151.08396149240434,-33.33141680806875,135.1999969482422],[151.08391572721303,-33.33146324381232,134.8000030517578],[151.08390390872955,-33.331486880779266,134.8000030517578],[151.08389033004642,-33.33150649443269,134.8000030517578],[151.08384339138865,-33.3315506670624,135],[151.0837473347783,-33.331630965694785,134.8000030517578],[151.08365236781538,-33.33174403756857,135],[151.08353678137064,-33.33187932148576,135],[151.08348288573325,-33.331933468580246,135],[151.08345748856664,-33.33197160623968,135],[151.0833799559623,-33.33204343914986,135.1999969482422],[151.08335715718567,-33.33208224736154,135.1999969482422],[151.0833482723683,-33.33209398202598,135.39999389648438],[151.08330527320504,-33.332134801894426,135.39999389648438],[151.08329102396965,-33.332155756652355,135.39999389648438],[151.0832486115396,-33.33219246938825,135.39999389648438],[151.08319186605513,-33.332268577069044,135.39999389648438],[151.08312590047717,-33.3323366381228,135.39999389648438],[151.08311827294528,-33.33235063590109,135.60000610351562],[151.08306613750756,-33.33242263644934,135.60000610351562],[151.08301475644112,-33.33249941468239,135.60000610351562],[151.08298743143678,-33.33253185264766,135.60000610351562],[151.08294292353094,-33.3325763605535,135.60000610351562],[151.08285265043378,-33.3326646219939,135.8000030517578],[151.082781907171,-33.33276243880391,135.8000030517578],[151.08269347809255,-33.332850616425276,135.8000030517578],[151.08259893022478,-33.3329201862216,136],[151.08258493244648,-33.33293485455215,136],[151.08249843120575,-33.333017667755485,136],[151.0824425239116,-33.33306485787034,136.1999969482422],[151.08239147812128,-33.333117328584194,136.39999389648438],[151.08231260441244,-33.33321472629905,136.60000610351562],[151.0822567809373,-33.3332949411124,136.60000610351562],[151.08217203989625,-33.333382196724415,137],[151.0821272805333,-33.33343508653343,137],[151.08209593221545,-33.33346492610872,137.1999969482422],[151.0820691101253,-33.33347682841122,137.39999389648438],[151.08204262331128,-33.3334952685982,137.60000610351562],[151.08197246678174,-33.33354715257883,138],[151.08195771463215,-33.333568358793855,138.1999969482422],[151.08194296248257,-33.33358621224761,138.1999969482422],[151.0818827804178,-33.333663158118725,139],[151.08186542987823,-33.33367799408734,139.1999969482422],[151.08184916898608,-33.33369861356914,139.39999389648438],[151.08182502910495,-33.333707582205534,139.60000610351562],[151.08181295916438,-33.33371235989034,139.60000610351562],[151.08180122449994,-33.333718897774816,139.8000030517578],[151.08171246014535,-33.333807745948434,140.39999389648438],[151.08163534663618,-33.33387555554509,141.1999969482422],[151.08160299248993,-33.3339146990329,141.60000610351562],[151.081574074924,-33.3339374139905,142],[151.08152965083718,-33.33398829214275,142.60000610351562],[151.0815096180886,-33.33400539122522,142.8000030517578],[151.08139880932868,-33.334104884415865,143.1999969482422],[151.08131499029696,-33.33416573703289,143.8000030517578],[151.08130618929863,-33.33417546004057,143.8000030517578],[151.08120602555573,-33.33426799625158,144.8000030517578],[151.08118289150298,-33.33428492769599,145],[151.08111684210598,-33.334319377318025,145.1999969482422],[151.08104383572936,-33.33437738008797,145.8000030517578],[151.0810341965407,-33.33438173867762,145.8000030517578],[151.08102690428495,-33.33438995294273,146],[151.0809617768973,-33.33441752940416,146.60000610351562],[151.08094023540616,-33.33442431874573,147],[151.0809300094843,-33.33443203009665,147],[151.080886926502,-33.33445600233972,147.1999969482422],[151.08080193400383,-33.33451769314706,147.60000610351562],[151.08076522126794,-33.334535798057914,148],[151.08075331896544,-33.334540743380785,148],[151.08074443414807,-33.334546610713005,148],[151.0806929692626,-33.334570582956076,148.39999389648438],[151.08067092485726,-33.33457611501217,148.60000610351562],[151.08060831204057,-33.33459237590432,149],[151.08056774362922,-33.33460092544556,149.39999389648438],[151.08055374585092,-33.33460302092135,149.60000610351562],[151.0804990120232,-33.3346348721534,150],[151.08049138449132,-33.334638895466924,150.1999969482422],[151.0804765485227,-33.334641912952065,150.1999969482422],[151.08037470839918,-33.3346816431731,151],[151.0803654883057,-33.33468415774405,151.1999969482422],[151.08030564151704,-33.33470125682652,151.60000610351562],[151.08029147610068,-33.334707375615835,151.60000610351562],[151.080228863284,-33.3347212895751,152.1999969482422],[151.08019432984293,-33.33473025821149,152.60000610351562],[151.08014621771872,-33.3347611874342,153.1999969482422],[151.08010900206864,-33.334772335365415,153.39999389648438],[151.0800949204713,-33.334777783602476,153.39999389648438],[151.08003951609135,-33.334812903776765,154],[151.0800285357982,-33.33481994457543,154.1999969482422],[151.07993013225496,-33.33486596122384,155.1999969482422],[151.07991822995245,-33.334869146347046,155.39999389648438],[151.0799069982022,-33.33487819880247,155.39999389648438],[151.0798792541027,-33.33488238975406,155.60000610351562],[151.07986668124795,-33.33488465286791,155.8000030517578],[151.07981823384762,-33.334899824112654,156.39999389648438],[151.079769032076,-33.33491130732,156.8000030517578],[151.07971597462893,-33.334940895438194,157.39999389648438],[151.0796934273094,-33.334955060854554,157.8000030517578],[151.07962679117918,-33.33499529398978,158.39999389648438],[151.07960399240255,-33.33500702865422,158.60000610351562],[151.07956769876182,-33.33502437919378,158.8000030517578],[151.07948563992977,-33.33506913855672,159.60000610351562],[151.07948245480657,-33.335074838250875,159.60000610351562],[151.07947415672243,-33.335078693926334,159.60000610351562],[151.07946024276316,-33.33508615382016,159.8000030517578],[151.07939603738487,-33.33512328565121,160.1999969482422],[151.0793800279498,-33.33513610996306,160.39999389648438],[151.079369969666,-33.33514038473368,160.60000610351562],[151.07935748063028,-33.33514583297074,160.60000610351562],[151.07933702878654,-33.33514868281782,160.8000030517578],[151.07930777594447,-33.33516016602516,161.1999969482422],[151.07923099771142,-33.33519075997174,161.60000610351562],[151.07918640598655,-33.33521079272032,162.1999969482422],[151.0791360307485,-33.33523727953434,162.8000030517578],[151.07909579761326,-33.33525253459811,163.1999969482422],[151.07904391363263,-33.33527491427958,163.8000030517578],[151.07897384092212,-33.335302071645856,164.60000610351562],[151.07896705158055,-33.33531263284385,164.60000610351562],[151.078915419057,-33.335328474640846,165],[151.07890133745968,-33.33532772026956,165],[151.07886697165668,-33.3353257086128,165.1999969482422],[151.0788038559258,-33.33534079603851,165.60000610351562],[151.0787481162697,-33.33536049351096,166],[151.07868818566203,-33.33538580685854,166.39999389648438],[151.07863294892013,-33.335394943133,167],[151.07856321148574,-33.33541891537607,167.60000610351562],[151.0785475373268,-33.335423190146685,167.60000610351562],[151.07851032167673,-33.33542637526989,167.8000030517578],[151.07848391868174,-33.335424195975065,168],[151.0784664005041,-33.33543241024017,168.1999969482422],[151.0783302783966,-33.33544531837106,169],[151.07829524204135,-33.33544556982815,169.1999969482422],[151.0782198049128,-33.33545722067356,169.8000030517578],[151.07818602584302,-33.33546484820545,169.8000030517578],[151.0781671665609,-33.33547716960311,170],[151.07815518043935,-33.33548211492598,170.1999969482422],[151.07813514769077,-33.33549049682915,170.39999389648438],[151.078061722219,-33.3355017285794,171],[151.07800900004804,-33.33550080657005,171.39999389648438],[151.07794127427042,-33.33551421761513,172],[151.0779131948948,-33.33551564253867,172.39999389648438],[151.07786927372217,-33.335515139624476,173],[151.07778394594789,-33.33550256676972,173.39999389648438],[151.0777731332928,-33.33550164476037,173.60000610351562],[151.07765058986843,-33.33548546768725,174.39999389648438],[151.0775977000594,-33.3354723919183,174.60000610351562],[151.07755570672452,-33.3354671113193,175],[151.0775469057262,-33.33546141162515,175],[151.07745956629515,-33.33543609827757,175.60000610351562],[151.07744556851685,-33.335431069135666,175.60000610351562],[151.07734171673656,-33.33541858009994,176.39999389648438],[151.07727030292153,-33.335411539301276,176.8000030517578],[151.0771872382611,-33.335391003638506,177.1999969482422],[151.0770999826491,-33.33536175079644,177.8000030517578],[151.07708824798465,-33.33535705693066,177.8000030517578],[151.07693519443274,-33.33532612770796,178.8000030517578],[151.07686696574092,-33.33531238138676,179.1999969482422],[151.0767937079072,-33.3352826256305,180],[151.0767540615052,-33.33527290262282,180.1999969482422],[151.07670318335295,-33.33525597117841,180.39999389648438],[151.076663704589,-33.33523451350629,180.60000610351562],[151.07660704292357,-33.335214983671904,181],[151.07654350809753,-33.335200818255544,181.39999389648438],[151.07653135433793,-33.3351962082088,181.39999389648438],[151.07644502073526,-33.33516259677708,182],[151.07640478760004,-33.3351462520659,182],[151.07628936879337,-33.33511012606323,182.8000030517578],[151.07627528719604,-33.33510534837842,183],[151.07613975182176,-33.335075341165066,183.8000030517578],[151.07606917619705,-33.3350651152432,184],[151.07601544819772,-33.33505421876907,184.39999389648438],[151.07599331997335,-33.33504525013268,184.39999389648438],[151.07593288645148,-33.335019098594785,185],[151.07592425309122,-33.335010800510645,185],[151.07582283206284,-33.33497308194637,185.60000610351562],[151.0757701098919,-33.33495011553168,185.8000030517578],[151.07573985122144,-33.33492564037442,186.1999969482422],[151.07560037635267,-33.33485338836908,187],[151.07558956369758,-33.33484408445656,187.1999969482422],[151.0755000449717,-33.33479613997042,188],[151.0754680261016,-33.334774849936366,188.1999969482422],[151.075371298939,-33.334690779447556,188.60000610351562],[151.0752598196268,-33.33462741225958,189.1999969482422],[151.07517030090094,-33.33456018939614,190.1999969482422],[151.07513945549726,-33.33454015664756,190.39999389648438],[151.0750507749617,-33.334463965147734,190.8000030517578],[151.07499402947724,-33.33443412557244,191.39999389648438],[151.07494331896305,-33.33440822549164,191.60000610351562],[151.07493409886956,-33.33440470509231,191.8000030517578],[151.07486268505454,-33.334373105317354,192.1999969482422],[151.0748123936355,-33.33435776643455,192.39999389648438],[151.07475061900914,-33.33433614112437,192.8000030517578],[151.07465632259846,-33.33429699763656,193.39999389648438],[151.07462095096707,-33.33428056910634,193.39999389648438],[151.07454165816307,-33.3342672418803,194],[151.07441048137844,-33.33424000069499,194.60000610351562],[151.0742933023721,-33.33424058742821,195.39999389648438],[151.07423923909664,-33.334249472245574,195.60000610351562],[151.07422281056643,-33.33425617776811,195.8000030517578],[151.07420520856977,-33.3342550881207,196],[151.07411091215909,-33.33425223827362,196.60000610351562],[151.07409557327628,-33.33425366319716,196.60000610351562],[151.0740028694272,-33.33424536511302,197.39999389648438],[151.07395676895976,-33.33425131626427,197.60000610351562],[151.07382768765092,-33.334245113655925,198.60000610351562],[151.07381461188197,-33.334240168333054,198.8000030517578],[151.07371620833874,-33.33416380919516,199.39999389648438],[151.0736962594092,-33.33412458188832,199.8000030517578],[151.0736730415374,-33.334032548591495,200.1999969482422],[151.07366080395877,-33.33395065739751,200.8000030517578],[151.07365828938782,-33.33394101820886,200.8000030517578],[151.07365275733173,-33.333851331844926,201.60000610351562],[151.07365854084492,-33.33382618613541,201.8000030517578],[151.07366625219584,-33.3337785769254,202.39999389648438],[151.07367195189,-33.333744294941425,202.8000030517578],[151.07367203570902,-33.33370783366263,203.1999969482422],[151.0736756399274,-33.333670450374484,203.39999389648438],[151.07365342788398,-33.333604568615556,203.8000030517578],[151.07363171875477,-33.333568861708045,203.8000030517578],[151.0735876299441,-33.333518067374825,204.39999389648438],[151.07357480563223,-33.333516642451286,204.39999389648438],[151.07350104488432,-33.333506835624576,204.8000030517578],[151.0734885558486,-33.33350323140621,205],[151.07346391305327,-33.33349979482591,205],[151.07342108152807,-33.33350708708167,205],[151.07329367659986,-33.333555702120066,205.39999389648438],[151.07318655587733,-33.33358361385763,205.8000030517578],[151.0731608234346,-33.33359777927399,205.8000030517578],[151.07312452979386,-33.33361362107098,206],[151.07305495999753,-33.33366198465228,206.1999969482422],[151.0730125475675,-33.33369266241789,206.39999389648438],[151.0729538742453,-33.33372241817415,206.8000030517578],[151.07290039770305,-33.3337592985481,207],[151.07286108657718,-33.333778912201524,207.1999969482422],[151.07274717651308,-33.333842447027564,207.8000030517578],[151.07267551124096,-33.33388142287731,208],[151.07259881682694,-33.33391444757581,208.39999389648438],[151.0724927019328,-33.33396281115711,209.1999969482422],[151.0723860003054,-33.333989549428225,210],[151.0723756905645,-33.33399483002722,210.1999969482422],[151.07230394147336,-33.33401519805193,210.8000030517578],[151.07226655818522,-33.33402735181153,211],[151.0722125787288,-33.33402642980218,211.1999969482422],[151.07220101170242,-33.33402642980218,211.39999389648438],[151.07208324596286,-33.33404109813273,211.8000030517578],[151.07198551297188,-33.33404880948365,212.39999389648438],[151.0719707608223,-33.334052581340075,212.39999389648438],[151.07191225513816,-33.33405610173941,212.60000610351562],[151.07176682911813,-33.33405610173941,213.39999389648438],[151.07174864038825,-33.33405191078782,213.39999389648438],[151.07162794098258,-33.33401310257614,214],[151.07155828736722,-33.33395568653941,214.39999389648438],[151.07153800316155,-33.333935402333736,214.60000610351562],[151.07145854271948,-33.33383733406663,215.1999969482422],[151.07141361571848,-33.333773128688335,215.39999389648438],[151.0713914874941,-33.33374144509435,215.60000610351562],[151.0713415313512,-33.33365997299552,216.1999969482422],[151.0713209118694,-33.33361638709903,216.39999389648438],[151.07128830626607,-33.333573807030916,216.60000610351562],[151.07128093019128,-33.33356752060354,216.8000030517578],[151.07125444337726,-33.33353525027633,217],[151.07118990272284,-33.33345755003393,217.1999969482422],[151.07113944366574,-33.33340801298618,217.39999389648438],[151.0710832849145,-33.33336249925196,217.8000030517578],[151.0709924250841,-33.333283960819244,218.1999969482422],[151.07085756026208,-33.333177929744124,218.1999969482422],[151.07083283364773,-33.333162255585194,218.1999969482422],[151.07077097520232,-33.33312604576349,218.60000610351562],[151.0707325860858,-33.33310240879655,218.60000610351562],[151.07058657333255,-33.33303845487535,219.1999969482422],[151.07054432854056,-33.333022529259324,219.60000610351562],[151.07046419754624,-33.33299218676984,219.8000030517578],[151.07036294415593,-33.332971734926105,220.60000610351562],[151.07032078318298,-33.33295631222427,221],[151.07024325057864,-33.33293150179088,221.39999389648438],[151.07021349482238,-33.33292689174414,221.60000610351562],[151.07020393945277,-33.33292647264898,221.8000030517578],[151.07011819258332,-33.33291934803128,222.39999389648438],[151.07009178958833,-33.33292119204998,222.39999389648438],[151.07003454118967,-33.332927729934454,222.8000030517578],[151.06998777016997,-33.332945331931114,223],[151.06982465833426,-33.33301565609872,223.1999969482422],[151.06970253400505,-33.333091009408236,222.1999969482422],[151.06967604719102,-33.333108108490705,222],[151.0696326289326,-33.33312939852476,221.60000610351562],[151.06958175078034,-33.33315680734813,221],[151.06954176910222,-33.33317239768803,220.60000610351562],[151.0694468859583,-33.333223946392536,219.8000030517578],[151.06943448074162,-33.33323031663895,219.60000610351562],[151.06942157261074,-33.33323819562793,219.39999389648438],[151.0693204868585,-33.33329318091273,218.60000610351562],[151.06929710134864,-33.33330726251006,218.39999389648438],[151.06927388347685,-33.333324613049626,218.1999969482422],[151.06921596452594,-33.333368953317404,217.60000610351562],[151.0692063253373,-33.33337599411607,217.60000610351562],[151.06919308193028,-33.33338261581957,217.60000610351562],[151.06917086988688,-33.333396445959806,217.39999389648438],[151.06910834088922,-33.33343584090471,217],[151.06909895315766,-33.33344581536949,216.8000030517578],[151.0690446384251,-33.333484288305044,216.60000610351562],[151.06901505030692,-33.333496525883675,216.39999389648438],[151.06891731731594,-33.33354941569269,216.39999389648438],[151.06882729567587,-33.33359459415078,216.1999969482422],[151.06879628263414,-33.333623595535755,216.1999969482422],[151.06868664734066,-33.33367330022156,216.1999969482422],[151.06854490935802,-33.33371068350971,216],[151.06848305091262,-33.333717891946435,216],[151.06837006285787,-33.33372300490737,216.1999969482422],[151.0682475194335,-33.33373557776213,216.60000610351562],[151.0682041849941,-33.33373390138149,216.60000610351562],[151.0680918674916,-33.33374546840787,216.39999389648438],[151.06806085444987,-33.33374504931271,216.39999389648438],[151.06799941509962,-33.33375569432974,216.1999969482422],[151.0679007600993,-33.333737924695015,216],[151.06785256415606,-33.333738930523396,215.8000030517578],[151.0677918791771,-33.33374110981822,215.8000030517578],[151.06767067685723,-33.33374303765595,215.39999389648438],[151.06762474402785,-33.333739852532744,215.1999969482422],[151.0675566829741,-33.33372920751572,215.1999969482422],[151.06742232106626,-33.33372300490737,215],[151.0672860313207,-33.333730632439256,215.1999969482422],[151.0671370010823,-33.333729961887,215.1999969482422],[151.06701294891536,-33.333712527528405,215.39999389648438],[151.06689803302288,-33.33370397798717,215.8000030517578],[151.06682552956045,-33.33370875567198,216.1999969482422],[151.0668071731925,-33.33370582200587,216.39999389648438],[151.066782027483,-33.33370397798717,216.60000610351562],[151.0667008906603,-33.33373784087598,217],[151.06663903221488,-33.33373960107565,217.39999389648438],[151.0665928479284,-33.33374245092273,217.39999389648438],[151.0665692947805,-33.33375519141555,217.60000610351562],[151.0664961207658,-33.33378058858216,218.1999969482422],[151.06648522429168,-33.333787713199854,218.39999389648438],[151.0664615035057,-33.33379726856947,218.60000610351562],[151.06635689735413,-33.3338269405067,219.1999969482422],[151.06633007526398,-33.33384554833174,219.39999389648438],[151.06624038890004,-33.333916291594505,220.1999969482422],[151.06617677025497,-33.333958284929395,220.60000610351562],[151.0661401413381,-33.334013018757105,220.8000030517578],[151.06606738641858,-33.334124414250255,221],[151.065994463861,-33.334251986816525,221.1999969482422],[151.065954817459,-33.3343240711838,221.1999969482422],[151.06593084521592,-33.33438257686794,221.1999969482422],[151.06590083800256,-33.334479723125696,221],[151.06589756906033,-33.33449011668563,220.8000030517578],[151.06587233953178,-33.33458106033504,220.1999969482422],[151.06586043722928,-33.33464099094272,220],[151.06584970839322,-33.334691282361746,219.39999389648438],[151.06583889573812,-33.33478004671633,218.39999389648438],[151.06583839282393,-33.33482044748962,217.8000030517578],[151.0658417455852,-33.334865206852555,217.1999969482422],[151.06583738699555,-33.33495539613068,216.60000610351562],[151.06583956629038,-33.334995713084936,216.1999969482422],[151.0658378060907,-33.3350339345634,216],[151.06583395041525,-33.33511020988226,215.8000030517578],[151.0658404044807,-33.335255635902286,215.39999389648438],[151.0658435896039,-33.335348004475236,215.1999969482422],[151.06584576889873,-33.33542260341346,215.1999969482422],[151.06586202979088,-33.33555839024484,215.1999969482422],[151.0658731777221,-33.33567892201245,215.60000610351562],[151.0658763628453,-33.335727201774716,215.8000030517578],[151.06588122434914,-33.33580180071294,216.1999969482422],[151.06588080525398,-33.33582107909024,216.1999969482422],[151.06587384827435,-33.33588184788823,216.60000610351562],[151.0658768657595,-33.33600020036101,216.8000030517578],[151.06588331982493,-33.336077900603414,216.8000030517578],[151.06589865870774,-33.33624377846718,217.1999969482422],[151.06590578332543,-33.336296919733286,217.39999389648438],[151.06592405587435,-33.33644066937268,217.8000030517578],[151.0659368801862,-33.33656530827284,218.39999389648438],[151.06595071032643,-33.33669782616198,219.1999969482422],[151.06596018187702,-33.33674853667617,219.39999389648438],[151.06596898287535,-33.3368506282568,219.39999389648438],[151.06599136255682,-33.337003430351615,218.8000030517578],[151.0659966431558,-33.33705506287515,218.39999389648438],[151.0660098027438,-33.33714717999101,217.8000030517578],[151.0660222079605,-33.33721716888249,217.60000610351562],[151.06604190543294,-33.33730417303741,217.39999389648438],[151.06604115106165,-33.33731750026345,217.39999389648438],[151.06605648994446,-33.33744155243039,217],[151.06609194539487,-33.33761162124574,216.39999389648438],[151.0660930350423,-33.33762519992888,216.1999969482422],[151.06610544025898,-33.33773667924106,215.8000030517578],[151.06609445996583,-33.33779660984874,215.1999969482422],[151.06608817353845,-33.337865425273776,214.39999389648438],[151.06608264148235,-33.33789015188813,214.1999969482422],[151.06606042943895,-33.33798930980265,213.60000610351562],[151.06605204753578,-33.33806751295924,213.1999969482422],[151.06605179607868,-33.33811763674021,213.1999969482422],[151.0660486947745,-33.33813725039363,213],[151.06606654822826,-33.33820262923837,212.60000610351562],[151.0660959687084,-33.33828443661332,212.1999969482422],[151.06610032729805,-33.33829717710614,212],[151.06615011580288,-33.33838703110814,211.1999969482422],[151.0661520436406,-33.33839868195355,211.1999969482422],[151.0662151593715,-33.33851804025471,210.1999969482422],[151.06622169725597,-33.33852709271014,210],[151.06627022847533,-33.33861258812249,209],[151.06628933921456,-33.338649133220315,208.60000610351562],[151.06633326038718,-33.33870738744736,208.39999389648438],[151.06635253876448,-33.33873865194619,208.1999969482422],[151.06637089513242,-33.33876413293183,208],[151.0663769301027,-33.33877553232014,208],[151.0664580669254,-33.33888768218458,207.8000030517578],[151.066504586488,-33.33896613679826,207.8000030517578],[151.06653911992908,-33.339037047699094,207.8000030517578],[151.0665447358042,-33.33904945291579,207.8000030517578],[151.0665880702436,-33.33915665745735,207.60000610351562],[151.06661673635244,-33.33927299827337,207],[151.06662444770336,-33.33930853754282,207],[151.06664163060486,-33.33936830051243,206.60000610351562],[151.06665235944092,-33.339418675750494,206.39999389648438],[151.06667364947498,-33.33946745842695,206],[151.06670759618282,-33.339547254145145,205.1999969482422],[151.06672008521855,-33.33958446979523,205],[151.06672687456012,-33.33959503099322,204.8000030517578],[151.06675369665027,-33.33964414894581,204.39999389648438],[151.06677766889334,-33.3397448156029,203.8000030517578],[151.06677934527397,-33.339757388457656,203.8000030517578],[151.0667836200446,-33.339797956869006,203.60000610351562],[151.06678512878716,-33.33990189246833,203.39999389648438],[151.06675042770803,-33.340016808360815,203.39999389648438],[151.06667641550303,-33.34010456688702,203.39999389648438],[151.066668452695,-33.34011537954211,203.39999389648438],[151.0666256211698,-33.340199617668986,203.60000610351562],[151.06655202805996,-33.34032475948334,203.60000610351562],[151.06645085848868,-33.34042886272073,204],[151.06643468141556,-33.34044621326029,204.39999389648438],[151.06639738194644,-33.340490302070975,204.39999389648438],[151.06632387265563,-33.34056640975177,204.8000030517578],[151.06631465256214,-33.34057269617915,205],[151.06627643108368,-33.340591890737414,205],[151.06624390929937,-33.34061452187598,205.1999969482422],[151.06616729870439,-33.34069414995611,205.60000610351562],[151.06613125652075,-33.340722816064954,205.60000610351562],[151.06608523987234,-33.340754080563784,206],[151.06603058986366,-33.340794229879975,206.39999389648438],[151.06602002866566,-33.340804539620876,206.39999389648438],[151.06594291515648,-33.340858770534396,207],[151.06593042612076,-33.34086958318949,207],[151.06587007641792,-33.34093504585326,207.39999389648438],[151.0658512171358,-33.340949546545744,207.60000610351562],[151.06577368453145,-33.341003358364105,207.8000030517578],[151.06574862264097,-33.34101567976177,208],[151.06567829847336,-33.34106219932437,208.1999969482422],[151.06559716165066,-33.34112296812236,208.39999389648438],[151.06550546362996,-33.341166554018855,208.8000030517578],[151.06547453440726,-33.3411865029484,209],[151.06541032902896,-33.34122648462653,209.39999389648438],[151.0653113387525,-33.34129236638546,210],[151.06527437455952,-33.34131340496242,210.1999969482422],[151.06520522385836,-33.34133377298713,210.60000610351562],[151.06513825245202,-33.341351291164756,211.1999969482422],[151.0651126038283,-33.34136109799147,211.1999969482422],[151.06500883586705,-33.34140636026859,212.1999969482422],[151.06499483808875,-33.34141314961016,212.1999969482422],[151.06491286307573,-33.34144332446158,213],[151.06488612480462,-33.34145841188729,213.1999969482422],[151.06486894190311,-33.341473499313,213.39999389648438],[151.0648488253355,-33.341489005833864,213.60000610351562],[151.06482401490211,-33.34149629808962,213.8000030517578],[151.06474505737424,-33.341534938663244,214.39999389648438],[151.0647103562951,-33.341566203162074,214.8000030517578],[151.0646934248507,-33.34158355370164,214.8000030517578],[151.06463877484202,-33.34165949374437,215.39999389648438],[151.0646186582744,-33.34167793393135,215.60000610351562],[151.06456057168543,-33.34174130111933,216.1999969482422],[151.064540958032,-33.341759238392115,216.39999389648438],[151.06449795886874,-33.34180533885956,217.1999969482422],[151.06448840349913,-33.341811960563064,217.60000610351562],[151.0644373577088,-33.34184599108994,218.60000610351562],[151.06442512013018,-33.34184808656573,218.60000610351562],[151.06441732496023,-33.3418516907841,218.8000030517578],[151.0643464140594,-33.341874070465565,219.60000610351562],[151.0643324162811,-33.34187373518944,219.8000030517578],[151.06430609710515,-33.34188052453101,220],[151.06429335661232,-33.34188555367291,220.1999969482422],[151.06426569633186,-33.34189091809094,220.1999969482422],[151.06421808712184,-33.34188999608159,220.60000610351562],[151.06420098803937,-33.34188999608159,220.60000610351562],[151.06407861225307,-33.34186258725822,221.1999969482422],[151.06401566416025,-33.34188069216907,221.39999389648438],[151.0640083719045,-33.341891085729,221.8000030517578],[151.06397341936827,-33.341893181204796,222],[151.06396336108446,-33.34189695306122,222],[151.063885493204,-33.34189251065254,222.60000610351562],[151.0638625267893,-33.34189544431865,222.8000030517578],[151.06376186013222,-33.34190114401281,223.39999389648438],[151.0636798851192,-33.34189594723284,223.8000030517578],[151.06363453902304,-33.34190516732633,224],[151.06361500918865,-33.3419135492295,224],[151.06361207552254,-33.34191975183785,224.1999969482422],[151.06362364254892,-33.3419500105083,224],[151.0636196192354,-33.34195730276406,224],[151.0636196192354,-33.34195730276406,224.1999969482422],[151.06361366808414,-33.34195579402149,223.60000610351562],[151.06361190788448,-33.341954201459885,223.60000610351562],[151.06361157260835,-33.34195395000279,223.8000030517578],[151.06361031532288,-33.341953698545694,223.8000030517578],[151.06360754929483,-33.34195252507925,223.8000030517578],[151.0636103991419,-33.34192905575037,223.8000030517578],[151.06361190788448,-33.341927295550704,224],[151.0636129975319,-33.341926373541355,223.8000030517578],[151.0636135842651,-33.34192578680813,223.8000030517578],[151.06361869722605,-33.34191874600947,223.60000610351562],[151.06361928395927,-33.341917991638184,223.60000610351562],[151.06361953541636,-33.341917991638184,223.60000610351562],[151.06362892314792,-33.34191874600947,223.60000610351562],[151.06363344937563,-33.341920003294945,223.60000610351562],[151.06363688595593,-33.34192084148526,223.60000610351562],[151.06363764032722,-33.34192117676139,223.8000030517578],[151.0636404901743,-33.34193089976907,223.8000030517578],[151.06364929117262,-33.341933162882924,223.60000610351562],[151.06365071609616,-33.341932743787766,223.39999389648438],[151.06365138664842,-33.3419325761497,223.39999389648438],[151.06365549378097,-33.341933246701956,223.60000610351562],[151.06365515850484,-33.34193333052099,223.60000610351562],[151.0636550746858,-33.34193333052099,223.60000610351562],[151.0636550746858,-33.34193333052099,223.60000610351562],[151.06365482322872,-33.34193400107324,223.60000610351562],[151.06365432031453,-33.34193483926356,223.39999389648438],[151.06365473940969,-33.341935677453876,223.39999389648438],[151.06365465559065,-33.34193643182516,223.60000610351562],[151.06365490704775,-33.341937605291605,223.39999389648438],[151.0636539850384,-33.34193995222449,223.39999389648438],[151.06365515850484,-33.34194238297641,223.1999969482422],[151.06365515850484,-33.34194221533835,223.1999969482422],[151.06365490704775,-33.341942550614476,223.39999389648438],[151.06365473940969,-33.3419428858906,222.8000030517578],[151.0636539850384,-33.3419431373477,222.60000610351562],[151.06365381740034,-33.34194322116673,222.8000030517578],[151.06365356594324,-33.34194338880479,223.60000610351562],[151.06365323066711,-33.34194330498576,223.39999389648438],[151.06365281157196,-33.341942969709635,223.39999389648438],[151.06363805942237,-33.341941041871905,223.39999389648438],[151.06361760757864,-33.34193182177842,224.1999969482422],[151.06354946270585,-33.341914135962725,224.1999969482422],[151.06352616101503,-33.34191061556339,224.1999969482422],[151.06340755708516,-33.34188940934837,224.39999389648438],[151.06336447410285,-33.34188161417842,224.60000610351562],[151.06332843191922,-33.341875495389104,224.60000610351562],[151.0633170325309,-33.341878009960055,224.60000610351562],[151.06326565146446,-33.341881949454546,224.8000030517578],[151.0632384940982,-33.341877926141024,224.8000030517578],[151.0632285196334,-33.3418791834265,224.8000030517578],[151.06321544386446,-33.34188153035939,224.8000030517578],[151.06312818825245,-33.34188639186323,225],[151.0631135199219,-33.34188253618777,225.1999969482422],[151.06308837421238,-33.341878931969404,225.1999969482422],[151.0630622226745,-33.341874992474914,225.1999969482422],[151.0630112607032,-33.34186594001949,225.39999389648438],[151.06296122074127,-33.34186417981982,225.39999389648438],[151.0629292856902,-33.34186552092433,225.60000610351562],[151.0628946684301,-33.341856049373746,225.60000610351562],[151.0628164652735,-33.34185085259378,226],[151.06280582025647,-33.341852612793446,226.1999969482422],[151.0627921577543,-33.34185085259378,226.1999969482422],[151.06275695376098,-33.341843727976084,226.39999389648438],[151.06273105368018,-33.341844314709306,226.60000610351562],[151.06265293434262,-33.34183174185455,227.1999969482422],[151.06262586079538,-33.341829143464565,227.39999389648438],[151.0625593084842,-33.34183752536774,227.60000610351562],[151.06250474229455,-33.341832580044866,228],[151.06247574090958,-33.34182855673134,228.1999969482422],[151.06239158660173,-33.34182704798877,228.60000610351562],[151.0623005591333,-33.341825203970075,228.60000610351562],[151.06225387193263,-33.341825287789106,228.8000030517578],[151.06218522414565,-33.34183174185455,228.8000030517578],[151.0621295683086,-33.34184171631932,228.8000030517578],[151.06208723969758,-33.341848254203796,228.60000610351562],[151.06203845702112,-33.34184942767024,228.39999389648438],[151.06202647089958,-33.34184892475605,228.39999389648438],[151.06194810010493,-33.3418429736048,228],[151.06186101213098,-33.341854959726334,227.39999389648438],[151.06184751726687,-33.34186032414436,227.1999969482422],[151.06183033436537,-33.341861413791776,227.1999969482422],[151.06172740459442,-33.341875579208136,226.8000030517578],[151.06170133687556,-33.34188119508326,226.60000610351562],[151.06160569936037,-33.341901982203126,226.1999969482422],[151.06156370602548,-33.34190759807825,225.60000610351562],[151.0615185275674,-33.34192075766623,225.1999969482422],[151.06150838546455,-33.341925367712975,225],[151.06141341850162,-33.341968450695276,224],[151.06140168383718,-33.34197314456105,223.8000030517578],[151.06137863360345,-33.341982113197446,223.60000610351562],[151.06130093336105,-33.342010863125324,223],[151.06127897277474,-33.34201253950596,222.60000610351562],[151.0612537432462,-33.34202226251364,222.39999389648438],[151.06120957061648,-33.342033410444856,222.1999969482422],[151.06117914430797,-33.34203165024519,222],[151.06104436330497,-33.34203257225454,221.39999389648438],[151.0609857738018,-33.342026034370065,221],[151.06093330308795,-33.342042211443186,220.39999389648438],[151.06084789149463,-33.3420570474118,219.8000030517578],[151.06083397753537,-33.342060232535005,219.60000610351562],[151.06075175106525,-33.34206962026656,218.8000030517578],[151.06069886125624,-33.34207842126489,218.1999969482422],[151.06064789928496,-33.34206727333367,217.60000610351562],[151.0605484060943,-33.34205419756472,216.60000610351562],[151.06053398922086,-33.34205235354602,216.39999389648438],[151.06049434281886,-33.3420414570719,216.1999969482422],[151.06045813299716,-33.342032404616475,215.8000030517578],[151.06041513383389,-33.3420261181891,215.60000610351562],[151.06038680300117,-33.34202343598008,215.39999389648438],[151.06037414632738,-33.342021675780416,215.39999389648438],[151.06029535643756,-33.34200809709728,214.8000030517578],[151.06026467867196,-33.342002145946026,214.60000610351562],[151.06020617298782,-33.34199200384319,214.1999969482422],[151.060196114704,-33.34199686534703,214.1999969482422],[151.06017432175577,-33.34200860001147,213.8000030517578],[151.0601244494319,-33.3420295547694,213.1999969482422],[151.06007851660252,-33.342049000784755,212.60000610351562],[151.0600174125284,-33.342059729620814,211.8000030517578],[151.05998011305928,-33.342062663286924,211.39999389648438],[151.05996804311872,-33.34207070991397,211.39999389648438],[151.05990308336914,-33.34210189059377,211],[151.05988749302924,-33.34210457280278,210.8000030517578],[151.05978154577315,-33.34213281981647,210.60000610351562],[151.05965916998684,-33.34216617979109,210.60000610351562],[151.05959781445563,-33.3421812672168,210.60000610351562],[151.05955355800688,-33.342189732939005,210.39999389648438],[151.05942062102258,-33.342202976346016,210.39999389648438],[151.05927016586065,-33.34224069491029,210.1999969482422],[151.05917016975582,-33.342273300513625,210],[151.05913781560957,-33.342270366847515,209.8000030517578],[151.05906011536717,-33.34226910956204,209.1999969482422],[151.05900504626334,-33.34229123778641,209],[151.05896472930908,-33.34230640903115,209],[151.05892625637352,-33.34230171516538,208.8000030517578],[151.0589153598994,-33.342309510335326,208.8000030517578],[151.0588823352009,-33.34231453947723,208.60000610351562],[151.0588638111949,-33.342315796762705,208.39999389648438],[151.05884922668338,-33.34231738932431,208.39999389648438],[151.05883749201894,-33.342316718772054,208.39999389648438],[151.0587800759822,-33.34231613203883,208],[151.0586476419121,-33.342351000756025,208],[151.05855217203498,-33.342360807582736,207.8000030517578],[151.05848922394216,-33.342388635501266,207.39999389648438],[151.05839861556888,-33.342426689341664,207.39999389648438],[151.0583841148764,-33.342429120093584,207.1999969482422],[151.05837045237422,-33.342435574159026,207.1999969482422],[151.05835829861462,-33.3424402680248,207.1999969482422],[151.05830892920494,-33.34247102960944,206.60000610351562],[151.05824656784534,-33.34248276427388,206.1999969482422],[151.05824095197022,-33.34249198436737,206],[151.0582096874714,-33.34251687861979,205.60000610351562],[151.0581681970507,-33.34258200600743,204.39999389648438],[151.05816048569977,-33.34258971735835,204.39999389648438],[151.05809946544468,-33.34261226467788,203.60000610351562],[151.05808588676155,-33.34261067211628,203.39999389648438],[151.0580744035542,-33.34261008538306,203.39999389648438],[151.05795579962432,-33.34261218085885,202.39999389648438],[151.0579449031502,-33.342615365982056,202.1999969482422],[151.0579166561365,-33.342622155323625,202],[151.05786443687975,-33.34263942204416,201.39999389648438],[151.05779629200697,-33.34265417419374,200.1999969482422],[151.05773284099996,-33.34267529658973,199.60000610351562],[151.05772093869746,-33.342684768140316,199.39999389648438],[151.0577004030347,-33.34268191829324,199.1999969482422],[151.05761624872684,-33.34266850724816,198.8000030517578],[151.05760015547276,-33.34267236292362,198.60000610351562],[151.0575413145125,-33.342675883322954,198.1999969482422],[151.0575247183442,-33.34267814643681,198.1999969482422],[151.0575066972524,-33.342681247740984,198.1999969482422],[151.05741055682302,-33.34271125495434,197.8000030517578],[151.0572905279696,-33.342732125893235,197.60000610351562],[151.05720696039498,-33.34278627298772,197.60000610351562],[151.05708475224674,-33.34284611977637,197.8000030517578],[151.05697277002037,-33.3429067209363,197.8000030517578],[151.0569171141833,-33.34294410422444,198.1999969482422],[151.05685039423406,-33.34297000430524,199.1999969482422],[151.05681384913623,-33.34298064932227,199.60000610351562],[151.05677529238164,-33.34299439564347,200],[151.05676657520235,-33.34300168789923,200.1999969482422],[151.05671427212656,-33.34303764626384,201],[151.0566728655249,-33.343051141127944,201.39999389648438],[151.05666331015527,-33.34305692464113,201.39999389648438],[151.05660371482372,-33.34308575838804,202.1999969482422],[151.0565777309239,-33.34309682250023,202.39999389648438],[151.05652106925845,-33.34310654550791,203],[151.05646960437298,-33.343106964603066,203.39999389648438],[151.05640531517565,-33.34311216138303,203.8000030517578],[151.05630984529853,-33.34308919496834,204.39999389648438],[151.05627296492457,-33.34306983277202,204.60000610351562],[151.0562347434461,-33.3430602774024,205],[151.05620440095663,-33.343065390363336,205.60000610351562],[151.05618746951222,-33.34306907840073,205.60000610351562],[151.05609023943543,-33.34308760240674,206.1999969482422],[151.0560457315296,-33.34308550693095,206.1999969482422],[151.05592058971524,-33.34307041950524,206],[151.0558435600251,-33.34304980002344,205.60000610351562],[151.0558110382408,-33.343050722032785,205.39999389648438],[151.0556786879897,-33.34303395822644,205.1999969482422],[151.05555430054665,-33.34300889633596,204.8000030517578],[151.05550040490925,-33.34299372509122,204.39999389648438],[151.05548657476902,-33.342986684292555,204.39999389648438],[151.05545262806118,-33.34297176450491,204.1999969482422],[151.05543963611126,-33.3429672382772,204.1999969482422],[151.0553739219904,-33.34293178282678,203.8000030517578],[151.05526923201978,-33.34288325160742,203.60000610351562],[151.05521340854466,-33.34287302568555,203.39999389648438],[151.05514727532864,-33.34284067153931,203.39999389648438],[151.05503428727388,-33.34279884584248,202.8000030517578],[151.05502422899008,-33.3427928108722,202.8000030517578],[151.05497586540878,-33.34277428686619,202.39999389648438],[151.05490788817406,-33.34272449836135,201.8000030517578],[151.0548157710582,-33.34262575954199,201.39999389648438],[151.05480160564184,-33.34259265102446,201.39999389648438],[151.0547832492739,-33.342535151168704,201.39999389648438],[151.05477469973266,-33.342511681839824,201.39999389648438],[151.05472558178008,-33.34238603711128,201.39999389648438],[151.05472818017006,-33.342374470084906,201.39999389648438],[151.05473052710295,-33.342347983270884,201.39999389648438],[151.0547277610749,-33.34231906570494,201.1999969482422],[151.054722731933,-33.34230691194534,201.1999969482422],[151.0547179542482,-33.34229693748057,201.1999969482422],[151.0546801518649,-33.34224505349994,200.8000030517578],[151.05462684296072,-33.3421590551734,200.8000030517578],[151.05455165728927,-33.34209895692766,200.8000030517578],[151.05448342859745,-33.34200960583985,201],[151.05440924875438,-33.34190592169762,200.60000610351562],[151.0544018726796,-33.341893684118986,200.60000610351562],[151.05431185103953,-33.34177985787392,200.8000030517578],[151.05423188768327,-33.34167189896107,201],[151.0541521757841,-33.341543739661574,200.8000030517578],[151.05411496013403,-33.34150115959346,200.8000030517578],[151.05408755131066,-33.34147023037076,200.8000030517578],[151.05402057990432,-33.341394793242216,201],[151.0540078394115,-33.34138213656843,201],[151.05390843003988,-33.341289265081286,201.39999389648438],[151.05378597043455,-33.341229585930705,201.1999969482422],[151.05367030017078,-33.34117786958814,200.8000030517578],[151.05355496518314,-33.341125482693315,200.8000030517578],[151.05339872650802,-33.34109941497445,200.39999389648438],[151.0533825494349,-33.34109882824123,200.39999389648438],[151.05329923331738,-33.34108524955809,200.1999969482422],[151.05318532325327,-33.34106764756143,200.1999969482422],[151.05315724387765,-33.34106354042888,200],[151.0530809685588,-33.34106957539916,200],[151.05298181064427,-33.34108239971101,199.60000610351562],[151.05286069214344,-33.341071754693985,199.60000610351562],[151.05281475931406,-33.34107720293105,199.39999389648438],[151.05273814871907,-33.34106085821986,199.39999389648438],[151.0527123324573,-33.341061947867274,199.39999389648438],[151.05268551036716,-33.34106035530567,199.1999969482422],[151.05262105353177,-33.3410588465631,199],[151.0525851789862,-33.341061528772116,199],[151.05249490588903,-33.34106672555208,198.8000030517578],[151.05245509184897,-33.34107728675008,199],[151.05231679044664,-33.34110075607896,198.8000030517578],[151.05217857286334,-33.34112045355141,198.8000030517578],[151.0520843602717,-33.341132858768106,198.60000610351562],[151.05206022039056,-33.34113906137645,198.8000030517578],[151.05201588012278,-33.34113545715809,198.8000030517578],[151.0520016308874,-33.341126488521695,198.8000030517578],[151.05188478715718,-33.34108164533973,198.8000030517578],[151.05186995118856,-33.34108013659716,199],[151.05175763368607,-33.34107929840684,199],[151.0516128782183,-33.34108524955809,199],[151.05155034922063,-33.34109220653772,199],[151.0515243653208,-33.3411056175828,199],[151.0514313261956,-33.34110125899315,199.1999969482422],[151.0514168255031,-33.34110335446894,199.1999969482422],[151.05128288269043,-33.34108524955809,199.39999389648438],[151.0511842276901,-33.34109296090901,199.39999389648438],[151.05114600621164,-33.34109782241285,199.39999389648438],[151.0510806273669,-33.34110829979181,199.39999389648438],[151.0509770270437,-33.34113026037812,199.39999389648438],[151.05096017941833,-33.341133277863264,199.39999389648438],[151.05092723853886,-33.341141073033214,199.39999389648438],[151.05086345225573,-33.34114585071802,199.60000610351562],[151.05076127685606,-33.34117216989398,199.60000610351562],[151.0506529826671,-33.34120678715408,199.8000030517578],[151.0505861788988,-33.341214414685965,199.8000030517578],[151.05055516585708,-33.341231010854244,199.8000030517578],[151.0504709277302,-33.341298904269934,199.8000030517578],[151.0503815766424,-33.34133880212903,199.8000030517578],[151.05028308928013,-33.341389428824186,200.1999969482422],[151.05019985698164,-33.341439133509994,200.39999389648438],[151.0501635633409,-33.34146235138178,200.39999389648438],[151.05009550228715,-33.341483138501644,200.39999389648438],[151.05005116201937,-33.341512056067586,200.39999389648438],[151.04997128248215,-33.341556480154395,200.60000610351562],[151.0499460529536,-33.34157248958945,200.8000030517578],[151.0499093402177,-33.34161691367626,200.8000030517578],[151.04988545179367,-33.34162948653102,201],[151.04980314150453,-33.341697212308645,200.60000610351562],[151.04971680790186,-33.34178312681615,200.60000610351562],[151.04961689561605,-33.34189745597541,200.8000030517578],[151.04956006631255,-33.34197155199945,201],[151.04954782873392,-33.34199108183384,201],[151.04953223839402,-33.342046150937676,201],[151.04950491338968,-33.342154528945684,201],[151.04949116706848,-33.34223357029259,200.8000030517578],[151.04948018677533,-33.34227003157139,200.8000030517578],[151.04946459643543,-33.34231495857239,200.8000030517578],[151.04946040548384,-33.342405231669545,201],[151.04942059144378,-33.342521488666534,201.1999969482422],[151.0493778437376,-33.34264478646219,201.1999969482422],[151.0493617504835,-33.342675883322954,201.39999389648438],[151.04934951290488,-33.34274562075734,201.39999389648438],[151.0493516921997,-33.34284628741443,201.39999389648438],[151.04934255592525,-33.342971093952656,201.1999969482422],[151.04933962225914,-33.34305725991726,201.60000610351562],[151.0493506025523,-33.34313462488353,201.1999969482422],[151.0493239481002,-33.343231519684196,201.1999969482422],[151.04930768720806,-33.343352219089866,201.60000610351562],[151.04930819012225,-33.34337577223778,201.60000610351562],[151.04931036941707,-33.34344618022442,201.60000610351562],[151.04930081404746,-33.343536872416735,201.60000610351562],[151.0492927674204,-33.343564784154296,201.60000610351562],[151.04926770552993,-33.34369688294828,201.60000610351562],[151.04927508160472,-33.343827556818724,201.60000610351562],[151.04923845268786,-33.34393668919802,201.1999969482422],[151.04918313212693,-33.343991758301854,200.39999389648438],[151.04916871525347,-33.34399460814893,200.1999969482422],[151.04912186041474,-33.34400525316596,200],[151.04909311048687,-33.34400734864175,200],[151.0490778554231,-33.344005504623055,199.8000030517578],[151.0490072797984,-33.34398999810219,199.1999969482422],[151.04895824566483,-33.34398035891354,198.60000610351562],[151.0488875862211,-33.343940041959286,198],[151.04886185377836,-33.343912214040756,197.8000030517578],[151.04879597201943,-33.34382068365812,197],[151.04871961288154,-33.343762094154954,196.39999389648438],[151.04869262315333,-33.34373652935028,196.1999969482422],[151.04866655543447,-33.34371658042073,196],[151.0486341174692,-33.34369990043342,195.60000610351562],[151.04858558624983,-33.34366402588785,195],[151.0485580097884,-33.34366855211556,194.8000030517578],[151.04850537143648,-33.34365195594728,194.39999389648438],[151.0484813991934,-33.34364273585379,194.1999969482422],[151.0484713409096,-33.34363829344511,194.1999969482422],[151.04844896122813,-33.34362647496164,193.8000030517578],[151.04838718660176,-33.34360451437533,193.60000610351562],[151.0483753681183,-33.34359780885279,193.60000610351562],[151.04831677861512,-33.34357341751456,193.1999969482422],[151.0482717677951,-33.34354584105313,193],[151.0482514835894,-33.34352279081941,192.8000030517578],[151.04818023741245,-33.34346638061106,192.39999389648438],[151.0481359809637,-33.343437630683184,192.39999389648438],[151.04809717275202,-33.34342572838068,192.1999969482422],[151.04804621078074,-33.34340167231858,191.8000030517578],[151.04804176837206,-33.343395637348294,191.8000030517578],[151.04803380556405,-33.343392284587026,191.8000030517578],[151.04802240617573,-33.34339002147317,191.8000030517578],[151.04789156466722,-33.343350710347295,190.8000030517578],[151.04788108728826,-33.34334786050022,190.8000030517578],[151.04782585054636,-33.34330251440406,190.60000610351562],[151.04780447669327,-33.343296479433775,190.39999389648438],[151.04771940037608,-33.34328449331224,190.1999969482422],[151.04769031517208,-33.34327527321875,190.1999969482422],[151.0475934203714,-33.34322724491358,190],[151.04750549420714,-33.34318173117936,189.8000030517578],[151.04739426635206,-33.34313018247485,189.8000030517578],[151.04738253168762,-33.343127835541964,189.8000030517578],[151.04723601602018,-33.34307846613228,189.60000610351562],[151.04712839238346,-33.343041418120265,189.60000610351562],[151.04708262719214,-33.34302943199873,189.39999389648438],[151.04700978845358,-33.34299967624247,189.39999389648438],[151.04696217924356,-33.34299489855766,189.1999969482422],[151.04691901244223,-33.34299917332828,189.1999969482422],[151.0467899311334,-33.34297805093229,189],[151.0467415675521,-33.34298534318805,188.60000610351562],[151.04668138548732,-33.34300311282277,188.39999389648438],[151.0465552378446,-33.343036472797394,188],[151.0465259011835,-33.3430552482605,188],[151.04650016874075,-33.34306907840073,187.8000030517578],[151.04648566804826,-33.34307142533362,187.8000030517578],[151.04647242464125,-33.34307536482811,187.60000610351562],[151.04643596336246,-33.343087350949645,187.39999389648438],[151.04640679433942,-33.34309556521475,187.1999969482422],[151.0463908687234,-33.343105372041464,187.1999969482422],[151.04632817208767,-33.34313781000674,187],[151.04629003442824,-33.3431551605463,187],[151.0461430158466,-33.34321056492627,186.8000030517578],[151.04610286653042,-33.343207128345966,186.8000030517578],[151.04603530839086,-33.34321173839271,186.8000030517578],[151.04590153321624,-33.34323017857969,187],[151.0457935743034,-33.34327636286616,187.1999969482422],[151.04578108526766,-33.343281811103225,187.1999969482422],[151.0456722881645,-33.34332263097167,187.60000610351562],[151.04557656683028,-33.343413239344954,188.1999969482422],[151.0455684363842,-33.34342480637133,188.1999969482422],[151.04547137394547,-33.3434712421149,188],[151.04535746388137,-33.34351943805814,188],[151.04528437368572,-33.34357953630388,188.39999389648438],[151.0452034883201,-33.34365388378501,188.39999389648438],[151.04515713639557,-33.3437130600214,188.60000610351562],[151.04513785801828,-33.343732841312885,188.60000610351562],[151.04508035816252,-33.34381565451622,188.60000610351562],[151.04501724243164,-33.343921434134245,188.8000030517578],[151.04492923244834,-33.344020172953606,188.8000030517578],[151.04484071955085,-33.344106674194336,189],[151.04475405067205,-33.344199461862445,189],[151.04465648531914,-33.34426140412688,189.1999969482422],[151.0446405597031,-33.34426467306912,189.1999969482422],[151.0445633623749,-33.34429191425443,189.60000610351562],[151.0445482749492,-33.34429593756795,189.60000610351562],[151.04451768100262,-33.344293339177966,189.8000030517578],[151.0444647911936,-33.34429535083473,190],[151.0444198641926,-33.34429543465376,190.1999969482422],[151.04432053864002,-33.344259560108185,190.60000610351562],[151.04429371654987,-33.344250256195664,190.60000610351562],[151.04416471906006,-33.34423843771219,190.60000610351562],[151.04407503269613,-33.344217063859105,190.8000030517578],[151.0440467018634,-33.344213124364614,191],[151.0439502261579,-33.34416450932622,191],[151.04382961057127,-33.34413517266512,191.39999389648438],[151.0437506530434,-33.34412687458098,191.60000610351562],[151.04369315318763,-33.3441221807152,191.8000030517578],[151.04365166276693,-33.34410969167948,192],[151.04363766498864,-33.344104243442416,192],[151.04357848875225,-33.344092005863786,192.1999969482422],[151.0435202345252,-33.34408538416028,192.39999389648438],[151.04348897002637,-33.34408488124609,192.60000610351562],[151.0434578731656,-33.34406912326813,192.8000030517578],[151.0434010438621,-33.34405814297497,192.8000030517578],[151.04338712990284,-33.3440534491092,192.8000030517578],[151.0433402750641,-33.34404883906245,193],[151.043242206797,-33.34401614964008,193],[151.04321463033557,-33.34399335086346,192.8000030517578],[151.04313500225544,-33.34397139027715,192.39999389648438],[151.04301363229752,-33.343953620642424,192.1999969482422],[151.04299846105278,-33.34394817240536,192.1999969482422],[151.04293869808316,-33.343934006989,192],[151.0428129695356,-33.343913136050105,192.1999969482422],[151.04266544803977,-33.34391715936363,192.39999389648438],[151.04265170171857,-33.34391774609685,192.39999389648438],[151.04254676029086,-33.343898467719555,193],[151.0425333492458,-33.34389142692089,193],[151.04235565289855,-33.34382504224777,193.39999389648438],[151.042240569368,-33.34373543970287,193.8000030517578],[151.04223143309355,-33.343720100820065,193.8000030517578],[151.04219262488186,-33.343617003411055,193.8000030517578],[151.04216504842043,-33.34346378222108,194.1999969482422],[151.04217669926584,-33.34338457323611,194],[151.04217267595232,-33.34335582330823,194],[151.04215909726918,-33.34327954798937,194],[151.04214283637702,-33.34326068870723,193.8000030517578],[151.0421049501747,-33.343301340937614,192.8000030517578],[151.04209036566317,-33.343305783346295,192.8000030517578],[151.04206597432494,-33.34332229569554,192.1999969482422],[151.04205868206918,-33.34333185106516,192.1999969482422],[151.04204594157636,-33.34337929263711,191.60000610351562],[151.04204677976668,-33.34342916496098,191.1999969482422],[151.04205348528922,-33.34343855269253,191],[151.04205968789756,-33.34346855990589,190.60000610351562],[151.04206119664013,-33.343489514663815,190.1999969482422],[151.04206178337336,-33.34349655546248,190.1999969482422],[151.04205516166985,-33.34351172670722,190],[151.04204460047185,-33.343530502170324,189.60000610351562],[151.04204124771059,-33.34353762678802,189.39999389648438],[151.04203060269356,-33.343582805246115,188.39999389648438],[151.04202892631292,-33.34359831176698,188.39999389648438],[151.04202205315232,-33.343662433326244,187.39999389648438],[151.04202180169523,-33.34367198869586,187.1999969482422],[151.0420127492398,-33.34376821294427,186.1999969482422],[151.04198408313096,-33.34379662759602,185.60000610351562],[151.04196497239172,-33.343811547383666,185.1999969482422],[151.04189892299473,-33.34386711940169,184.1999969482422],[151.04186707176268,-33.34387885406613,183.8000030517578],[151.0418126732111,-33.34393568336964,183],[151.04179088026285,-33.34395018406212,182.60000610351562],[151.04175408370793,-33.343988405540586,181.8000030517578],[151.04173648171127,-33.3440101146698,181],[151.04171846061945,-33.34402780048549,180.8000030517578],[151.0416295286268,-33.34407893009484,180],[151.0416091606021,-33.344097789376974,179.8000030517578],[151.04155082255602,-33.34414975717664,179],[151.04152576066554,-33.34419636055827,178.60000610351562],[151.04149759747088,-33.34425654262304,178.39999389648438],[151.0414736252278,-33.34429644048214,178.1999969482422],[151.04139869101346,-33.344375900924206,178.1999969482422],[151.04127162136137,-33.344487296417356,177.8000030517578],[151.0411630757153,-33.34456508047879,178.1999969482422],[151.04108738712966,-33.344671446830034,177.8000030517578],[151.04106274433434,-33.34470656700432,177.60000610351562],[151.04101832024753,-33.34474755451083,177.39999389648438],[151.04100222699344,-33.34477479569614,177.39999389648438],[151.0409540310502,-33.34482852369547,177.1999969482422],[151.04087750427425,-33.34491988644004,177.1999969482422],[151.04084372520447,-33.344951402395964,177.1999969482422],[151.0407626722008,-33.34504226222634,177],[151.0406807810068,-33.34516463801265,176.8000030517578],[151.04065714403987,-33.345192885026336,176.60000610351562],[151.04064331389964,-33.34520227275789,176.60000610351562],[151.04061380960047,-33.34523546509445,176.60000610351562],[151.04052672162652,-33.345303274691105,176.39999389648438],[151.04052018374205,-33.34530889056623,176.39999389648438],[151.04051297530532,-33.34531534463167,176.39999389648438],[151.04045312851667,-33.34539061412215,176.1999969482422],[151.04037215933204,-33.34550620056689,175.60000610351562],[151.040356233716,-33.34552430547774,175.60000610351562],[151.04029177688062,-33.34559974260628,175],[151.04024131782353,-33.34564760327339,174.60000610351562],[151.04016956873238,-33.345709377899766,174.39999389648438],[151.04008968919516,-33.34580300375819,173.8000030517578],[151.04004953987896,-33.34584298543632,173.60000610351562],[151.03999748826027,-33.34592990577221,173],[151.03995759040117,-33.34598581306636,172.60000610351562],[151.0399574227631,-33.345986818894744,172.60000610351562],[151.0399526450783,-33.34600266069174,172.39999389648438],[151.03993688710034,-33.34605295211077,171.39999389648438],[151.03991744108498,-33.346128640696406,170.39999389648438],[151.03991584852338,-33.34614045917988,170.39999389648438],[151.03990671224892,-33.346221428364515,169.1999969482422],[151.03990277275443,-33.346231654286385,169.1999969482422],[151.03989204391837,-33.34627993404865,168.39999389648438],[151.0398675687611,-33.346297619864345,168],[151.0398421715945,-33.346359645947814,167.1999969482422],[151.0398485418409,-33.34640205837786,167],[151.0398405790329,-33.34642091766,166.8000030517578],[151.0398339573294,-33.346428126096725,166.60000610351562],[151.03980814106762,-33.34651839919388,166.1999969482422],[151.03980001062155,-33.34653533063829,166],[151.03978785686195,-33.34658126346767,165.39999389648438],[151.03976547718048,-33.34664295427501,165],[151.03972742334008,-33.346691485494375,164.60000610351562],[151.0396838374436,-33.346798522397876,164.60000610351562],[151.0396431852132,-33.34692316129804,164.60000610351562],[151.03961845859885,-33.34698577411473,164.8000030517578],[151.03961032815278,-33.34699549712241,164.8000030517578],[151.03957730345428,-33.34704922512174,166],[151.03957696817815,-33.34704905748367,166],[151.03957688435912,-33.347048638388515,166.1999969482422],[151.03952893987298,-33.347087698057294,166.60000610351562],[151.03948468342423,-33.34710957482457,167],[151.0394674167037,-33.347110161557794,167.39999389648438],[151.03942676447332,-33.3471183758229,168],[151.03940446861088,-33.34712575189769,168.1999969482422],[151.03937789797783,-33.347134133800864,168.60000610351562],[151.03934856131673,-33.347142515704036,168.8000030517578],[151.0393196437508,-33.347149305045605,169],[151.03929474949837,-33.34715676493943,169.1999969482422],[151.03923859074712,-33.34718476049602,169.60000610351562],[151.0392060689628,-33.3471910469234,170],[151.0391930770129,-33.34719507023692,170.39999389648438],[151.0391653329134,-33.3472047932446,171],[151.0391320567578,-33.34720931947231,171.8000030517578],[151.03910833597183,-33.347219126299024,172],[151.0390463937074,-33.3472531568259,172.60000610351562],[151.0390001256019,-33.347264137119055,173.1999969482422],[151.03893499821424,-33.34728877991438,173.8000030517578],[151.03892158716917,-33.34729213267565,174],[151.03889476507902,-33.34729079157114,174.1999969482422],[151.03887230157852,-33.34729615598917,174.60000610351562],[151.03885008953512,-33.34730747155845,174.60000610351562],[151.03874472901225,-33.34735130891204,175.1999969482422],[151.03872746229172,-33.34735432639718,175.1999969482422],[151.03862788528204,-33.3473998401314,175.60000610351562],[151.0386166535318,-33.3474051207304,175.60000610351562],[151.03860517032444,-33.347406880930066,175.60000610351562],[151.03854230605066,-33.347421549260616,175.8000030517578],[151.03847164660692,-33.347444934770465,176.39999389648438],[151.0384625941515,-33.347451305016875,176.39999389648438],[151.0384517814964,-33.34745306521654,176.39999389648438],[151.0383878275752,-33.34745608270168,177.39999389648438],[151.0383566468954,-33.34746236912906,177.8000030517578],[151.03826805017889,-33.34747142158449,178.60000610351562],[151.0382506158203,-33.347474271431565,178.60000610351562],[151.03814039379358,-33.347524646669626,178.8000030517578],[151.03801424615085,-33.34760343655944,178.8000030517578],[151.03792279958725,-33.34763243794441,178.8000030517578],[151.03790477849543,-33.3476450946182,178.8000030517578],[151.037811152637,-33.34772656671703,179.1999969482422],[151.03772456757724,-33.34782178513706,179.1999969482422],[151.0376250743866,-33.347933096811175,179.60000610351562],[151.03760906495154,-33.34795530885458,179.60000610351562],[151.0375344660133,-33.348059579730034,179.8000030517578],[151.03748652152717,-33.34812931716442,179.60000610351562],[151.03746405802667,-33.34816628135741,179.39999389648438],[151.03744494728744,-33.348197378218174,179.39999389648438],[151.0373843461275,-33.34825764410198,179.1999969482422],[151.03732399642467,-33.348311791196465,179],[151.0372954979539,-33.34832369349897,179],[151.03723648935556,-33.34835093468428,179],[151.0371253453195,-33.348368704319,179.1999969482422],[151.03706566616893,-33.34837247617543,179.1999969482422],[151.0370032209903,-33.348381612449884,179.1999969482422],[151.0368592198938,-33.34840533323586,179.1999969482422],[151.0367568768561,-33.34844011813402,179.39999389648438],[151.0366398654878,-33.348484793677926,179.8000030517578],[151.03656174615026,-33.3485172316432,180.1999969482422],[151.03651212528348,-33.34854857996106,180.39999389648438],[151.03643165901303,-33.3486105222255,180.39999389648438],[151.0364038310945,-33.348642624914646,180.60000610351562],[151.03633970953524,-33.34871278144419,180.8000030517578],[151.0362534597516,-33.348821410909295,181],[151.03619436733425,-33.34891495294869,180.60000610351562],[151.03618489578366,-33.34892668761313,180.60000610351562],[151.03612295351923,-33.34899349138141,180.8000030517578],[151.03603024967015,-33.3490043040365,180.8000030517578],[151.0359701514244,-33.34902802482247,181],[151.0359341930598,-33.34904462099075,181],[151.0358308441937,-33.34908736869693,181.60000610351562],[151.03580502793193,-33.349093152210116,181.60000610351562],[151.03571592830122,-33.3491388335824,182.1999969482422],[151.03564359247684,-33.349166326224804,182.60000610351562],[151.0356249846518,-33.349178647622466,182.60000610351562],[151.03561551310122,-33.34918577224016,182.8000030517578],[151.03549531660974,-33.349247965961695,182.8000030517578],[151.0354024451226,-33.349282164126635,183.1999969482422],[151.03538878262043,-33.349286606535316,183.1999969482422],[151.03530663996935,-33.34932248108089,183.60000610351562],[151.03527076542377,-33.34933991543949,183.8000030517578],[151.03525928221643,-33.34935072809458,183.8000030517578],[151.03524872101843,-33.34936313331127,183.8000030517578],[151.03522391058505,-33.34938324987888,183.8000030517578],[151.03516766801476,-33.349432703107595,184],[151.035096924752,-33.34952775388956,184.1999969482422],[151.03505602106452,-33.34961970336735,184.60000610351562],[151.0350327193737,-33.34964929148555,184.8000030517578],[151.0350115969777,-33.34967024624348,184.8000030517578],[151.03496859781444,-33.34973344579339,184.39999389648438],[151.03491478599608,-33.34983059205115,183.60000610351562],[151.03488519787788,-33.34996998310089,182.39999389648438],[151.03488184511662,-33.349982388317585,182.39999389648438],[151.03487840853631,-33.349992698058486,182.1999969482422],[151.0348823480308,-33.35002706386149,181.8000030517578],[151.03488000109792,-33.35003376938403,181.60000610351562],[151.0348778218031,-33.35005145519972,181.39999389648438],[151.03488595224917,-33.350089341402054,181],[151.03489441797137,-33.350104512646794,180.39999389648438],[151.0348976869136,-33.350104009732604,180.39999389648438],[151.03490145877004,-33.35010526701808,180.60000610351562],[151.0349050629884,-33.350104596465826,180.60000610351562],[151.0348947532475,-33.35011247545481,180.60000610351562],[151.0348952561617,-33.35011373274028,180.60000610351562],[151.03489626199007,-33.350114738568664,180.60000610351562],[151.03490305133164,-33.35011566057801,180.8000030517578],[151.03490606881678,-33.350127981975675,180.60000610351562],[151.03491780348122,-33.35012722760439,180.1999969482422],[151.03492157533765,-33.35012446157634,180.1999969482422],[151.0349185578525,-33.350122617557645,180.1999969482422],[151.0349183063954,-33.35011859424412,180.1999969482422],[151.03491813875735,-33.35011465474963,180.1999969482422],[151.03491813875735,-33.350112307816744,180.1999969482422],[151.03491813875735,-33.35010962560773,180.1999969482422],[151.0349174682051,-33.35010878741741,180.1999969482422],[151.0349114332348,-33.35009009577334,180.1999969482422],[151.0349071584642,-33.350084982812405,180],[151.0349053144455,-33.35008422844112,180],[151.0349045600742,-33.35008271969855,181],[151.0349032189697,-33.3500765170902,180.8000030517578],[151.03490279987454,-33.35007551126182,180.8000030517578],[151.0348984412849,-33.35007827728987,180.60000610351562],[151.03489735163748,-33.35007794201374,180.60000610351562],[151.0348971001804,-33.35007743909955,180.60000610351562],[151.0348968487233,-33.35007743909955,180.60000610351562],[151.03489676490426,-33.35007735528052,180.60000610351562],[151.03489668108523,-33.35007735528052,180.60000610351562],[151.0348965972662,-33.35007743909955,180.60000610351562],[151.03489617817104,-33.35007735528052,180.60000610351562],[151.03489601053298,-33.350077606737614,180.60000610351562],[151.0348958428949,-33.35007785819471,180.60000610351562],[151.03489492088556,-33.350079199299216,180.39999389648438],[151.03489374741912,-33.35008171387017,180.1999969482422],[151.0348918195814,-33.35008439607918,179.39999389648438],[151.03489089757204,-33.350084563717246,179.39999389648438],[151.034890813753,-33.35008473135531,179.39999389648438],[151.03488980792463,-33.350084982812405,179.8000030517578],[151.03488955646753,-33.350085066631436,180],[151.0348892211914,-33.35008531808853,180],[151.03488905355334,-33.3500852342695,180],[151.03488880209625,-33.35008531808853,180],[151.03488871827722,-33.35008556954563,180],[151.03488905355334,-33.35008624009788,180],[151.03488888591528,-33.350086407735944,180],[151.03488779626787,-33.350088419392705,180],[151.03488746099174,-33.350088922306895,180],[151.03488695807755,-33.35008959285915,180],[151.03488318622112,-33.35009386762977,179.8000030517578],[151.03488293476403,-33.35009420290589,180.1999969482422],[151.034882850945,-33.35009420290589,180.1999969482422],[151.03488251566887,-33.350094286724925,180.1999969482422],[151.03488243184984,-33.350094286724925,180.1999969482422],[151.03488226421177,-33.350094286724925,180.1999969482422],[151.03488226421177,-33.35009420290589,180.1999969482422],[151.0348823480308,-33.35009420290589,180.1999969482422],[151.03488251566887,-33.3500936999917,179.8000030517578],[151.03488293476403,-33.35009386762977,179.39999389648438],[151.03488301858306,-33.35009386762977,179.39999389648438],[151.03488327004015,-33.35009386762977,179.39999389648438],[151.03488327004015,-33.35009386762977,179.39999389648438],[151.03488327004015,-33.3500939514488,179.60000610351562],[151.03488360531628,-33.35009411908686,179.60000610351562],[151.03488377295434,-33.35009453818202,179.60000610351562],[151.03488352149725,-33.350094789639115,179.60000610351562],[151.03488327004015,-33.35009495727718,179.60000610351562],[151.03488327004015,-33.35009495727718,179.39999389648438],[151.03487874381244,-33.35009847767651,180.8000030517578],[151.0348149575293,-33.35009353235364,180.8000030517578],[151.03471563197672,-33.35009504109621,179.8000030517578],[151.03469350375235,-33.35009017959237,179.60000610351562],[151.03462058119476,-33.350076684728265,178.8000030517578],[151.03458864614367,-33.35006922483444,178.60000610351562],[151.034523434937,-33.35005296394229,177.8000030517578],[151.03451069444418,-33.35004868917167,177.60000610351562],[151.03449946269393,-33.35004382766783,177.60000610351562],[151.03443928062916,-33.350008791312575,176.60000610351562],[151.0344079323113,-33.34999202750623,176.39999389648438],[151.03438479825854,-33.34998180158436,176],[151.03436057455838,-33.34997031837702,175.60000610351562],[151.0343397874385,-33.349964367225766,175.39999389648438],[151.0343233589083,-33.34995782934129,175.1999969482422],[151.03427122347057,-33.34993461146951,174.60000610351562],[151.03425948880613,-33.349934443831444,174.60000610351562],[151.03421204723418,-33.34992405027151,174.1999969482422],[151.03416326455772,-33.34990351460874,173.8000030517578],[151.03414884768426,-33.349898317828774,173.60000610351562],[151.03404751047492,-33.349865125492215,172.8000030517578],[151.03401725180447,-33.349862610921264,172.8000030517578],[151.0339729115367,-33.34985816851258,172.60000610351562],[151.03392857126892,-33.3498640358448,172.39999389648438],[151.03390828706324,-33.3498711604625,172.1999969482422],[151.03385757654905,-33.34987862035632,171.8000030517578],[151.03384257294238,-33.349882643669844,171.60000610351562],[151.033741151914,-33.34990066476166,171.1999969482422],[151.03367761708796,-33.34988893009722,170.60000610351562],[151.03361592628062,-33.34985791705549,170],[151.0335119906813,-33.349845595657825,169.39999389648438],[151.0334977414459,-33.34984375163913,169.1999969482422],[151.03336178697646,-33.349825059995055,168.60000610351562],[151.03333764709532,-33.349830927327275,168.39999389648438],[151.03319465182722,-33.34986336529255,167.8000030517578],[151.03315089829266,-33.349879290908575,167.8000030517578],[151.03303070180118,-33.34992405027151,167.60000610351562],[151.03294478729367,-33.34995950572193,167.39999389648438],[151.03283364325762,-33.34998607635498,167.8000030517578],[151.03273230604827,-33.35000284016132,167.60000610351562],[151.0326847806573,-33.35000501945615,167.60000610351562],[151.03262686170638,-33.35004072636366,167.60000610351562],[151.03259341791272,-33.35005556233227,167.39999389648438],[151.03250121697783,-33.350106021389365,167.60000610351562],[151.0324818547815,-33.350124042481184,167.8000030517578],[151.0324067529291,-33.350170059129596,168],[151.0323845408857,-33.3501801174134,168],[151.03231203742325,-33.350217919796705,168.1999969482422],[151.03228211402893,-33.35024449042976,168.1999969482422],[151.03226015344262,-33.350285897031426,168.60000610351562],[151.03225260972977,-33.350304337218404,168.8000030517578],[151.03223534300923,-33.350321436300874,169.1999969482422],[151.03222025558352,-33.350334679707885,169.39999389648438],[151.03221363388002,-33.350350353866816,169.60000610351562],[151.03216728195548,-33.350414810702205,170.60000610351562],[151.03216082789004,-33.35042151622474,170.8000030517578],[151.03214004077017,-33.35045353509486,171.1999969482422],[151.03212813846767,-33.35046778433025,171.39999389648438],[151.0321282222867,-33.35047817789018,171.8000030517578],[151.03213073685765,-33.350500306114554,172],[151.03211279958487,-33.3505619969219,172.8000030517578],[151.03210877627134,-33.350569708272815,172.8000030517578],[151.03210659697652,-33.35057842545211,173],[151.03207072243094,-33.350623939186335,173.39999389648438],[151.03204876184464,-33.350633243098855,173.60000610351562],[151.03203635662794,-33.35063684731722,173.8000030517578],[151.03203032165766,-33.350646989420056,173.8000030517578],[151.0320010688156,-33.35070465691388,174.39999389648438],[151.0319556389004,-33.35074472241104,174.8000030517578],[151.03191247209907,-33.3507795073092,175.1999969482422],[151.03190626949072,-33.3507882244885,175.1999969482422],[151.03188699111342,-33.3508175611496,175.60000610351562],[151.03186905384064,-33.35083030164242,175.8000030517578],[151.0318581573665,-33.350843377411366,175.8000030517578],[151.03182387538254,-33.35086525417864,176.1999969482422],[151.0318102966994,-33.350868271663785,176.39999389648438],[151.0317793674767,-33.35088671185076,176.60000610351562],[151.03176620788872,-33.350899536162615,176.8000030517578],[151.0317185986787,-33.35093365050852,177.8000030517578],[151.031711474061,-33.350939601659775,178],[151.0316601768136,-33.35101034492254,179],[151.03165824897587,-33.35102082230151,179.1999969482422],[151.0316419042647,-33.35108259692788,179.60000610351562],[151.03164047934115,-33.3511022105813,179.8000030517578],[151.03162388317287,-33.35112702101469,180.1999969482422],[151.03158289566636,-33.351141437888145,180.60000610351562],[151.03157526813447,-33.3511473890394,180.60000610351562],[151.03153503499925,-33.35119164548814,181.1999969482422],[151.03152531199157,-33.35119684226811,181.1999969482422],[151.03143336251378,-33.35128485225141,182.1999969482422],[151.03136907331645,-33.35134386084974,183],[151.0313535667956,-33.35135651752353,183.1999969482422],[151.0313033591956,-33.3514251653105,184.39999389648438],[151.03128894232213,-33.351483503356576,185],[151.03128081187606,-33.35149750113487,185],[151.03127100504935,-33.3515134267509,185.1999969482422],[151.03124837391078,-33.35152289830148,185.39999389648438],[151.03121928870678,-33.35153538733721,185.60000610351562],[151.0311513952911,-33.35154904983938,186.1999969482422],[151.03114544413984,-33.351543601602316,186.1999969482422],[151.03112088516355,-33.351512337103486,186.60000610351562],[151.03111661039293,-33.35150261409581,186.60000610351562],[151.03111686185002,-33.351491801440716,186.60000610351562],[151.03111694566905,-33.351429775357246,187.1999969482422],[151.03113697841763,-33.3514217287302,187.1999969482422],[151.03114837780595,-33.35139557719231,187.8000030517578],[151.03115550242364,-33.35138694383204,188],[151.0311596095562,-33.35137914866209,188.1999969482422],[151.03117369115353,-33.35132600739598,188.8000030517578],[151.0311797261238,-33.351290971040726,189.1999969482422],[151.03118307888508,-33.35123950615525,189.8000030517578],[151.0311902873218,-33.351221987977624,190],[151.03121048770845,-33.35112551227212,190.8000030517578],[151.0312159359455,-33.35110262967646,191],[151.03123881854117,-33.35101889446378,191.8000030517578],[151.03124032728374,-33.351009506732225,192],[151.03126312606037,-33.35091797634959,192.8000030517578],[151.0312658920884,-33.3508984465152,193],[151.0312655568123,-33.35088620893657,193],[151.0312740225345,-33.3508244343102,193.8000030517578],[151.0312590189278,-33.350807251408696,194],[151.0312238149345,-33.350769029930234,194.39999389648438],[151.03115650825202,-33.35070935077965,194.8000030517578],[151.03113329038024,-33.350697699934244,195],[151.03103597648442,-33.350663501769304,195.8000030517578],[151.03102072142065,-33.35066618397832,195.8000030517578],[151.03095618076622,-33.35065704770386,196.1999969482422],[151.03094285354018,-33.35065646097064,196.1999969482422],[151.03081611916423,-33.350637182593346,196.8000030517578],[151.0307534225285,-33.35063399747014,197.1999969482422],[151.03069692850113,-33.35063978098333,197.39999389648438],[151.03068410418928,-33.350640619173646,197.60000610351562],[151.03057036176324,-33.35065017454326,197],[151.03055535815656,-33.35065545514226,197],[151.0304320603609,-33.350665513426065,196.39999389648438],[151.0304093454033,-33.35066635161638,196.1999969482422],[151.0303577966988,-33.350665010511875,196.1999969482422],[151.03029183112085,-33.35067448206246,196],[151.03022796101868,-33.35067389532924,195.8000030517578],[151.0302145499736,-33.35067347623408,195.8000030517578],[151.0301677789539,-33.35067657753825,195.8000030517578],[151.03010994382203,-33.35068730637431,195.8000030517578],[151.03004079312086,-33.35069158114493,195.8000030517578],[151.02990802377462,-33.35068194195628,195.8000030517578],[151.02981272153556,-33.35067439824343,196],[151.0296595003456,-33.35066568106413,196.39999389648438],[151.02952958084643,-33.35066149011254,197],[151.02946101687849,-33.350654784590006,197],[151.0294314287603,-33.35065210238099,197.1999969482422],[151.02940485812724,-33.350648330524564,197.1999969482422],[151.0293889325112,-33.350652353838086,197.1999969482422],[151.02937501855195,-33.35065193474293,197.1999969482422],[151.02932958863676,-33.35064774379134,197.39999389648438],[151.02919153869152,-33.350665429607034,197.60000610351562],[151.02909062057734,-33.350654700770974,198],[151.0290151834488,-33.350663082674146,198.1999969482422],[151.02897645905614,-33.35066484287381,198.1999969482422],[151.02885182015598,-33.35066962055862,197.8000030517578],[151.0287327133119,-33.350685965269804,197.1999969482422],[151.02870790287852,-33.35069451481104,197],[151.02864805608988,-33.35070616565645,196.60000610351562],[151.02858854457736,-33.35071748122573,196.39999389648438],[151.02852333337069,-33.35072343237698,196.1999969482422],[151.02847480215132,-33.35072980262339,196],[151.02845367975533,-33.35073499940336,196],[151.02844504639506,-33.35073164664209,196],[151.0283779911697,-33.35073608905077,195.60000610351562],[151.02827087044716,-33.3507327362895,195.1999969482422],[151.02825544774532,-33.35073407739401,195],[151.0281943436712,-33.35074153728783,195],[151.02818026207387,-33.35074254311621,195],[151.0280389431864,-33.35074799135327,194.8000030517578],[151.02788052521646,-33.35074002854526,194.39999389648438],[151.02775395847857,-33.350707003846765,194],[151.0277382005006,-33.35070281289518,194],[151.0276039224118,-33.350644474849105,193.8000030517578],[151.0275151580572,-33.35062821395695,193.1999969482422],[151.02747157216072,-33.350611198693514,193],[151.02735850028694,-33.35055814124644,192.60000610351562],[151.0272637847811,-33.35054732859135,192.39999389648438],[151.02721818722785,-33.3505342528224,192.1999969482422],[151.02716605179012,-33.35050843656063,191.8000030517578],[151.02703554555774,-33.35047323256731,191.39999389648438],[151.02699019946158,-33.350472059100866,191.1999969482422],[151.02692272514105,-33.35043853148818,191],[151.02682197466493,-33.350407518446445,190.8000030517578],[151.02678157389164,-33.350392347201705,190.60000610351562],[151.0266747046262,-33.350373320281506,190.39999389648438],[151.02663522586226,-33.35036435164511,190.39999389648438],[151.02651335299015,-33.35031582042575,190.1999969482422],[151.02638703770936,-33.350273575633764,190],[151.02636482566595,-33.35025932639837,189.60000610351562],[151.02635107934475,-33.35025538690388,189.60000610351562],[151.02626298554242,-33.35024490952492,189],[151.0261154640466,-33.35021750070155,188.8000030517578],[151.02600507438183,-33.35018296726048,189],[151.02592896670103,-33.35012446157634,189],[151.02591631002724,-33.35011515766382,189.1999969482422],[151.02581162005663,-33.350080540403724,189.60000610351562],[151.02575269527733,-33.350053215399384,190.1999969482422],[151.0257486719638,-33.35004257038236,190.39999389648438],[151.02574900723994,-33.35002622567117,190.60000610351562],[151.0257314890623,-33.3500196877867,190.60000610351562],[151.02569251321256,-33.35000401362777,190.8000030517578],[151.02566342800856,-33.34999470971525,190.8000030517578],[151.02559763006866,-33.34996453486383,191.1999969482422],[151.02555169723928,-33.349945256486535,191.60000610351562],[151.0255424771458,-33.349940394982696,191.8000030517578],[151.0255197621882,-33.34991860203445,191.8000030517578],[151.02549377828836,-33.3499055262655,192],[151.02548531256616,-33.349897312000394,192.1999969482422],[151.02543778717518,-33.3498640358448,192.8000030517578],[151.0254283156246,-33.34985917434096,192.8000030517578],[151.025376515463,-33.34985070861876,193.60000610351562],[151.0253651998937,-33.349850457161665,193.8000030517578],[151.02535120211542,-33.34984970279038,194],[151.0252983123064,-33.349826484918594,194.39999389648438],[151.02522891014814,-33.349787928164005,194.60000610351562],[151.0251936223358,-33.3497778698802,194.8000030517578],[151.0251828096807,-33.34976990707219,194.8000030517578],[151.0250762756914,-33.349740570411086,194.8000030517578],[151.0249573364854,-33.34970645606518,195.1999969482422],[151.02484703063965,-33.34970167838037,195.39999389648438],[151.02479363791645,-33.349698996171355,195.39999389648438],[151.02474083192647,-33.34969254210591,195.60000610351562],[151.02464837953448,-33.34969237446785,195.8000030517578],[151.0246214736253,-33.34968809969723,195.8000030517578],[151.02460177615285,-33.34968935698271,196],[151.02449599653482,-33.349696481600404,196.39999389648438],[151.0243741236627,-33.349723387509584,196.60000610351562],[151.0242784023285,-33.34977250546217,196.8000030517578],[151.02420422248542,-33.34986789152026,197.39999389648438],[151.02416457608342,-33.3500040974468,197.60000610351562],[151.0241597983986,-33.35008271969855,197.39999389648438],[151.02415543980896,-33.35013736970723,197.39999389648438],[151.0241497401148,-33.35026351734996,197.39999389648438],[151.02415627799928,-33.35036359727383,197.8000030517578],[151.02416440844536,-33.350396286696196,197.8000030517578],[151.02416600100696,-33.350405506789684,197.8000030517578],[151.02416231296957,-33.35045110434294,198.39999389648438],[151.02416474372149,-33.35047365166247,198.60000610351562],[151.02415828965604,-33.350494941696525,198.8000030517578],[151.02415091358125,-33.35051916539669,199],[151.02415032684803,-33.35056652314961,199],[151.024158205837,-33.350623017176986,199.39999389648438],[151.02415569126606,-33.3506272919476,199.60000610351562],[151.02414722554386,-33.35064137354493,200],[151.02414110675454,-33.3506983704865,201],[151.02413867600262,-33.35071077570319,201],[151.02413431741297,-33.3507916610688,201.60000610351562],[151.0241338983178,-33.35081538185477,201.60000610351562],[151.02412350475788,-33.35089207626879,202.1999969482422],[151.0241021309048,-33.35092417895794,202.39999389648438],[151.02400984615088,-33.35101746954024,202.60000610351562],[151.02394748479128,-33.3510971814394,202.39999389648438],[151.02388336323202,-33.351201452314854,202.1999969482422],[151.02386542595923,-33.35121729411185,202.39999389648438],[151.02381798438728,-33.35127253085375,202.1999969482422],[151.02377900853753,-33.351299688220024,202.1999969482422],[151.02376895025373,-33.35130840539932,202.1999969482422],[151.023711534217,-33.35136238485575,202],[151.02368580177426,-33.351374957710505,202],[151.02367649786174,-33.35138107649982,202],[151.02362285368145,-33.35141292773187,202.39999389648438],[151.02356635965407,-33.35144377313554,202.1999969482422],[151.02345194667578,-33.35151644423604,202],[151.02331129834056,-33.35160478949547,201.8000030517578],[151.0232075303793,-33.351637311279774,202.1999969482422],[151.02310434915125,-33.35170419886708,202.39999389648438],[151.02303067222238,-33.35172414779663,203.1999969482422],[151.02300049737096,-33.35173923522234,203.60000610351562],[151.02292623370886,-33.35177360102534,204.39999389648438],[151.02289589121938,-33.3517877664417,204.60000610351562],[151.02286647073925,-33.351799165830016,204.8000030517578],[151.02282556705177,-33.35181743837893,205.1999969482422],[151.022789189592,-33.35182825103402,205.39999389648438],[151.02276789955795,-33.35182917304337,205.60000610351562],[151.02273353375494,-33.35183780640364,205.8000030517578],[151.02268466725945,-33.351852390915155,206.1999969482422],[151.02265507914126,-33.35185406729579,206.39999389648438],[151.0226113256067,-33.351867478340864,206.8000030517578],[151.0225941427052,-33.351873429492116,207],[151.02254703640938,-33.351890025660396,207.60000610351562],[151.02250705473125,-33.35190058685839,207.8000030517578],[151.02240605279803,-33.3519138302654,208.60000610351562],[151.02237914688885,-33.35192103870213,208.60000610351562],[151.02234419435263,-33.35193771868944,208.8000030517578],[151.02230614051223,-33.351973593235016,209],[151.0222457908094,-33.35202153772116,209.60000610351562],[151.02223405614495,-33.35202564485371,209.8000030517578],[151.02212718687952,-33.35205263458192,210.60000610351562],[151.02212039753795,-33.35205095820129,210.60000610351562],[151.0220906417817,-33.35204936563969,210.8000030517578],[151.0220621433109,-33.35205162875354,210.8000030517578],[151.02203582413495,-33.35205296985805,211],[151.021980503574,-33.35208280943334,211.39999389648438],[151.0219349898398,-33.35211021825671,211.60000610351562],[151.02188335731626,-33.352144500240684,211.8000030517578],[151.0218203254044,-33.35219252854586,212],[151.02171052247286,-33.35227525793016,212.39999389648438],[151.02161966264248,-33.35233979858458,212.1999969482422],[151.02151790633798,-33.352405931800604,211.8000030517578],[151.02149016223848,-33.352418169379234,212],[151.0214183293283,-33.35245463065803,211.8000030517578],[151.02138413116336,-33.352472484111786,211.60000610351562],[151.02127240039408,-33.35254708305001,211.60000610351562],[151.02126016281545,-33.35255085490644,211.60000610351562],[151.02118774317205,-33.3526065107435,211.39999389648438],[151.02104868739843,-33.352652695029974,211.39999389648438],[151.0210123937577,-33.35267356596887,211.1999969482422],[151.02094114758074,-33.352705584838986,211],[151.0208876710385,-33.35272662341595,211.1999969482422],[151.0208036005497,-33.35277817212045,211.1999969482422],[151.02066739462316,-33.352858973667026,210.8000030517578],[151.02065415121615,-33.35286634974182,210.8000030517578],[151.0205750260502,-33.35294472053647,210],[151.0205514729023,-33.3529603946954,209.8000030517578],[151.02045298554003,-33.35302786901593,209.39999389648438],[151.02036212570965,-33.353075897321105,209.1999969482422],[151.02033630944788,-33.35308159701526,209.1999969482422],[151.02023279294372,-33.35309559479356,209.1999969482422],[151.02017923258245,-33.35310800001025,209.1999969482422],[151.0201317910105,-33.35312065668404,209],[151.020093485713,-33.35312602110207,209],[151.01997203193605,-33.353137923404574,209.1999969482422],[151.01990363560617,-33.35314454510808,209.39999389648438],[151.0198342334479,-33.353157537057996,209.39999389648438],[151.01973499171436,-33.35317865945399,210],[151.01961362175643,-33.353198021650314,210.60000610351562],[151.01960331201553,-33.35320372134447,210.60000610351562],[151.019591325894,-33.35320950485766,210.8000030517578],[151.01948160678148,-33.353218641132116,210.8000030517578],[151.01933383382857,-33.3532680105418,210.60000610351562],[151.0193201713264,-33.35327262058854,210.60000610351562],[151.0192982107401,-33.35327890701592,210.60000610351562],[151.01927566342056,-33.35327974520624,210.39999389648438],[151.01926275528967,-33.353282595053315,210.1999969482422],[151.01915085688233,-33.35330430418253,209.8000030517578],[151.0191090311855,-33.3533195592463,209.8000030517578],[151.01901791989803,-33.35333414375782,209.8000030517578],[151.01889763958752,-33.35336985066533,209.60000610351562],[151.01889118552208,-33.3533713594079,209.60000610351562],[151.01891624741256,-33.353356439620256,209.8000030517578],[151.0189190134406,-33.35336884483695,209.8000030517578],[151.01890359073877,-33.35340606048703,210.1999969482422],[151.01884458214045,-33.353426763787866,210.60000610351562],[151.0188051033765,-33.35341083817184,210],[151.01878917776048,-33.353405222296715,209.8000030517578],[151.018711226061,-33.35343673825264,209.39999389648438],[151.01870208978653,-33.353442857041955,209.39999389648438],[151.01867987774312,-33.353458028286695,209.39999389648438],[151.0186547320336,-33.35347739048302,209.39999389648438],[151.0186396446079,-33.35348795168102,209.1999969482422],[151.01863176561892,-33.35347931832075,209],[151.0185839049518,-33.35351527668536,208.8000030517578],[151.0185798816383,-33.35352575406432,208.8000030517578],[151.01852933876216,-33.353584092110395,208.8000030517578],[151.01847988553345,-33.35359272547066,208.60000610351562],[151.01842280477285,-33.35358275100589,207.8000030517578],[151.0183951444924,-33.353578643873334,207.60000610351562],[151.01827897131443,-33.353556180372834,206.8000030517578],[151.01826581172645,-33.35355483926833,206.60000610351562],[151.0181573498994,-33.353557186201215,206.1999969482422],[151.01814335212111,-33.353555258363485,206.1999969482422],[151.01804486475885,-33.35354134440422,205.39999389648438],[151.01800966076553,-33.35354712791741,205.1999969482422],[151.01799516007304,-33.35354712791741,205],[151.01796959526837,-33.35353899747133,204.8000030517578],[151.0179353132844,-33.353538662195206,204.39999389648438],[151.01785585284233,-33.353559700772166,203.60000610351562],[151.01784797385335,-33.35355509072542,203.39999389648438],[151.01783741265535,-33.35355299524963,203.1999969482422],[151.01772878319025,-33.35354964248836,202.60000610351562],[151.01770665496588,-33.353547882288694,202.1999969482422],[151.01768377237022,-33.35356028750539,201.60000610351562],[151.01765795610845,-33.353566909208894,201.1999969482422],[151.0175912361592,-33.35356590338051,200.39999389648438],[151.0175499971956,-33.353548385202885,200],[151.01746072992682,-33.35354587063193,199.39999389648438],[151.01740851067007,-33.353550313040614,199],[151.0173293016851,-33.35356003604829,198.39999389648438],[151.01728035137057,-33.353556264191866,198.1999969482422],[151.01725151762366,-33.35355307906866,198],[151.0172064229846,-33.353554252535105,198],[151.0170420538634,-33.353555761277676,197.60000610351562],[151.01689637638628,-33.35357612930238,197.39999389648438],[151.0168314166367,-33.35357646457851,197],[151.01679973304272,-33.35357411764562,196.60000610351562],[151.01669864729047,-33.353584595024586,196.39999389648438],[151.0166733339429,-33.35358392447233,196.1999969482422],[151.0166434943676,-33.35358291864395,196.1999969482422],[151.01659186184406,-33.35358778014779,195.8000030517578],[151.01655908860266,-33.353590965270996,195.8000030517578],[151.01647317409515,-33.35359767079353,195.1999969482422],[151.01645498536527,-33.35359490476549,195.1999969482422],[151.01644056849182,-33.35359062999487,195],[151.01642078720033,-33.353588031604886,194.8000030517578],[151.01640528067946,-33.35358811542392,194.8000030517578],[151.01631743833423,-33.35357110016048,194],[151.01630318909883,-33.353566993027925,194],[151.01623328402638,-33.35354218259454,193.8000030517578],[151.0162198729813,-33.35354042239487,193.8000030517578],[151.01610110141337,-33.35350337438285,193.39999389648438],[151.0160280112177,-33.35349189117551,193.39999389648438],[151.01596539840102,-33.353504966944456,193],[151.01592801511288,-33.3535130135715,192.8000030517578],[151.01591452024877,-33.35350940935314,192.8000030517578],[151.0158926434815,-33.353497590869665,192.60000610351562],[151.01577831432223,-33.353473618626595,192],[151.0156844370067,-33.353487784042954,191.8000030517578],[151.01563381031156,-33.35349490866065,191.60000610351562],[151.01550280116498,-33.353535644710064,191.39999389648438],[151.01535553112626,-33.35356313735247,191.60000610351562],[151.01525872014463,-33.35356120951474,192],[151.01521563716233,-33.35355349816382,192],[151.0151735600084,-33.35352726280689,192.39999389648438],[151.0151545330882,-33.353510750457644,192.8000030517578],[151.01511212065816,-33.35347454063594,193],[151.01509208790958,-33.35345878265798,193],[151.01505177095532,-33.35343103855848,193.1999969482422],[151.0149753279984,-33.353409161791205,193],[151.01488991640508,-33.35337094031274,193],[151.0147905908525,-33.353334311395884,193],[151.014683553949,-33.35327387787402,193.1999969482422],[151.0145918559283,-33.35323783569038,193.1999969482422],[151.01457542739809,-33.353234147652984,193.1999969482422],[151.0144850704819,-33.35317580960691,193.39999389648438],[151.01439253427088,-33.35311512462795,193.39999389648438],[151.0143011715263,-33.353030886501074,192.8000030517578],[151.01421928033233,-33.35293508134782,192.39999389648438],[151.01420796476305,-33.35292820818722,192.39999389648438],[151.01416957564652,-33.352897111326456,191.8000030517578],[151.01412163116038,-33.352857464924455,190.8000030517578],[151.01409120485187,-33.35283223539591,190.60000610351562],[151.01404032669961,-33.35278353653848,190.39999389648438],[151.013895990327,-33.352639619261026,190.39999389648438],[151.01383027620614,-33.35259234532714,190.39999389648438],[151.01381267420948,-33.35257725790143,190.39999389648438],[151.0137371532619,-33.35251757875085,190.8000030517578],[151.01368937641382,-33.35247466340661,191.60000610351562],[151.0136752948165,-33.35245789960027,192],[151.0136626381427,-33.35243912413716,192.39999389648438],[151.01362676359713,-33.35238916799426,192.60000610351562],[151.01360698230565,-33.352371733635664,192.60000610351562],[151.0135872848332,-33.35235488601029,192.60000610351562],[151.01357479579747,-33.35231825709343,192.1999969482422],[151.01354168727994,-33.35228129290044,191.8000030517578],[151.01352928206325,-33.35227224044502,191.60000610351562],[151.01347857154906,-33.352192444726825,190.60000610351562],[151.013475805521,-33.35218045860529,190.60000610351562],[151.01345510222018,-33.352135783061385,190],[151.01343934424222,-33.352102506905794,189.8000030517578],[151.01340246386826,-33.35204794071615,189.60000610351562],[151.01337622851133,-33.35202128626406,189],[151.01337254047394,-33.35200980305672,189],[151.01333901286125,-33.35193780250847,188.39999389648438],[151.01330540142953,-33.35187359713018,187.8000030517578],[151.0132913198322,-33.35184040479362,187.39999389648438],[151.01324731484056,-33.35179313085973,187],[151.0131948441267,-33.35170025937259,186.60000610351562],[151.01318025961518,-33.35167762823403,186.39999389648438],[151.01314530707896,-33.351579224690795,186],[151.01308956742287,-33.35145567543805,185.60000610351562],[151.0130412876606,-33.351367665454745,185.39999389648438],[151.01302184164524,-33.35132994689047,185.39999389648438],[151.01300683803856,-33.351276302710176,185.1999969482422],[151.0129564628005,-33.35117454640567,184.8000030517578],[151.01293701678514,-33.35105208680034,184.39999389648438],[151.01294020190835,-33.35104093886912,184.1999969482422],[151.01295478641987,-33.35095343180001,183.1999969482422],[151.0129828657955,-33.35088805295527,182.1999969482422],[151.01297699846327,-33.35085083730519,181.39999389648438],[151.01297565735877,-33.350840359926224,181.1999969482422],[151.0129924211651,-33.35078872740269,180.60000610351562],[151.01299175061285,-33.35077975876629,180.39999389648438],[151.0129883978516,-33.35077213123441,180.1999969482422],[151.0129837039858,-33.350761737674475,180.1999969482422],[151.0129818599671,-33.35069225169718,179],[151.01298378780484,-33.35066869854927,178.8000030517578],[151.01297129876912,-33.35059552453458,178],[151.0129672754556,-33.35055529139936,177.60000610351562],[151.01290776394308,-33.35043509490788,177],[151.01282838732004,-33.35034172050655,177],[151.0127730667591,-33.350254045799375,176.8000030517578],[151.0127593204379,-33.35022496059537,176.60000610351562],[151.01270073093474,-33.35013552568853,176],[151.01266963407397,-33.35010367445648,175.8000030517578],[151.01264867931604,-33.35007643327117,175.60000610351562],[151.01258615031838,-33.34999470971525,174.8000030517578],[151.01256553083658,-33.34997710771859,174.60000610351562],[151.01250685751438,-33.34989454597235,174.1999969482422],[151.01244516670704,-33.349853390827775,173.60000610351562],[151.0124323423952,-33.34984567947686,173.60000610351562],[151.01237190887332,-33.349795220419765,173.1999969482422],[151.01228021085262,-33.3497054502368,173.1999969482422],[151.01219379343092,-33.3496449328959,173],[151.01209069602191,-33.34955742582679,172.8000030517578],[151.0120650473982,-33.34951107390225,172.60000610351562],[151.0120507143438,-33.349486850202084,172.60000610351562],[151.01203378289938,-33.349463045597076,172.39999389648438],[151.01196253672242,-33.34939816966653,172.1999969482422],[151.0118723474443,-33.34935676306486,171.60000610351562],[151.01178341545165,-33.34929800592363,171.39999389648438],[151.01168802939355,-33.349275793880224,171.39999389648438],[151.01162147708237,-33.349232878535986,171],[151.01152148097754,-33.3492112532258,170.60000610351562],[151.0114835947752,-33.349201614037156,170.60000610351562],[151.01141419261694,-33.34918971173465,170.39999389648438],[151.0114048048854,-33.349185353145,170.1999969482422],[151.01134093478322,-33.34917780943215,170],[151.0112243425101,-33.34914956241846,169.60000610351562],[151.01121000945568,-33.34914763458073,169.39999389648438],[151.01109945215285,-33.34915065206587,169],[151.0110739711672,-33.34915065206587,168.8000030517578],[151.0110422037542,-33.3491684217006,168.39999389648438],[151.0110292956233,-33.34916959516704,168.39999389648438],[151.01097690872848,-33.349176133051515,167.8000030517578],[151.01093960925937,-33.349183425307274,167.8000030517578],[151.0109158884734,-33.349190382286906,167.8000030517578],[151.0108849592507,-33.34917546249926,167.39999389648438],[151.0108733922243,-33.349172780290246,167.1999969482422],[151.0107824485749,-33.34916775114834,166.39999389648438],[151.0107689537108,-33.34917378611863,166.39999389648438],[151.0107549559325,-33.349180072546005,166.1999969482422],[151.01067943498492,-33.349211756139994,165.1999969482422],[151.01066753268242,-33.349214270710945,165.1999969482422],[151.01057508029044,-33.34926690906286,164.39999389648438],[151.01052881218493,-33.34928384050727,164.1999969482422],[151.010484052822,-33.34930839948356,163.60000610351562],[151.01047122851014,-33.34930831566453,163.60000610351562],[151.01043795235455,-33.34931753575802,163.1999969482422],[151.01040098816156,-33.349333042278886,163],[151.01037022657692,-33.34934393875301,162.8000030517578],[151.01031054742634,-33.34936941973865,162],[151.0102562326938,-33.34939087741077,161.39999389648438],[151.01019160822034,-33.34942356683314,161],[151.0101663786918,-33.349441420286894,160.8000030517578],[151.0101349465549,-33.349439492449164,160.60000610351562],[151.01009404286742,-33.349430188536644,160.39999389648438],[151.01001676172018,-33.349428344517946,160],[151.00996806286275,-33.34939917549491,160],[151.0099465213716,-33.349387776106596,160],[151.00983512587845,-33.34935952909291,159.60000610351562],[151.00978231988847,-33.34932683967054,159.60000610351562],[151.00974971428514,-33.34932021796703,159.39999389648438],[151.00960177369416,-33.34927503950894,159.39999389648438],[151.0095614567399,-33.34926431067288,159.39999389648438],[151.00951191969216,-33.34924964234233,159.39999389648438],[151.00950060412288,-33.349247043952346,159.39999389648438],[151.00938946008682,-33.349263556301594,159.1999969482422],[151.0092752147466,-33.34926280193031,159.1999969482422],[151.0091610532254,-33.3493045438081,159.1999969482422],[151.00904119201005,-33.349357936531305,159.1999969482422],[151.00897916592658,-33.34938651882112,159.1999969482422],[151.00894262082875,-33.34941032342613,159.1999969482422],[151.00885218009353,-33.34942624904215,159.1999969482422],[151.00873089395463,-33.34946237504482,159.39999389648438],[151.00871932692826,-33.34946556016803,159.39999389648438],[151.0086189955473,-33.34949498064816,159.8000030517578],[151.00854749791324,-33.34951241500676,160.39999389648438],[151.00849804468453,-33.3495101518929,160.8000030517578],[151.00849016569555,-33.34950897842646,161],[151.00846133194864,-33.34950629621744,161.60000610351562],[151.00844859145582,-33.349505458027124,161.60000610351562],[151.00839997641742,-33.34949288517237,162],[151.00839268416166,-33.34948659874499,162],[151.00834834389389,-33.34946949966252,162.39999389648438],[151.0082997288555,-33.34944703616202,162.39999389648438],[151.00824541412294,-33.34944284521043,162.8000030517578],[151.00823954679072,-33.34944904781878,162.8000030517578],[151.00822756066918,-33.349461955949664,163],[151.0081958770752,-33.349473271518946,163.39999389648438],[151.00815882906318,-33.349477630108595,163.39999389648438],[151.00811247713864,-33.34946187213063,163.60000610351562],[151.00806201808155,-33.3494461979717,164],[151.00805263035,-33.3494461979717,164.1999969482422],[151.00802128203213,-33.349454160779715,164.39999389648438],[151.00796973332763,-33.34946472197771,165.1999969482422],[151.00792069919407,-33.349479557946324,165.39999389648438],[151.00787694565952,-33.34948039613664,165.39999389648438],[151.00775021128356,-33.34946991875768,166],[151.00772674195468,-33.34946572780609,166.1999969482422],[151.00771282799542,-33.34946656599641,166.1999969482422],[151.00763387046754,-33.3494670689106,166.39999389648438],[151.00750470533967,-33.34946581162512,166.8000030517578],[151.00735349580646,-33.349461536854506,167],[151.0072859376669,-33.34946162067354,167.1999969482422],[151.00725936703384,-33.34945927374065,167.39999389648438],[151.00711477920413,-33.34948039613664,167.60000610351562],[151.0069947503507,-33.349476624280214,167.8000030517578],[151.00695334374905,-33.349463464692235,167.8000030517578],[151.00683448836207,-33.34944888018072,167.8000030517578],[151.00669912062585,-33.349422896280885,168],[151.00662888027728,-33.34940546192229,168.1999969482422],[151.00661370903254,-33.34940554574132,168.39999389648438],[151.00659568794072,-33.3494081441313,168.39999389648438],[151.0065609868616,-33.34941091015935,168.60000610351562],[151.0064204223454,-33.34940512664616,168.60000610351562],[151.0063519421965,-33.34939079359174,168.8000030517578],[151.00632444955409,-33.349383752793074,169],[151.00625202991068,-33.34937511943281,169.1999969482422],[151.00622495636344,-33.349378891289234,169.1999969482422],[151.00619721226394,-33.34938048385084,169.1999969482422],[151.00611574016511,-33.34940521046519,169.39999389648438],[151.00605111569166,-33.34942951798439,169.39999389648438],[151.0060115531087,-33.349443851038814,169.39999389648438],[151.00587719120085,-33.3494705054909,169.1999969482422],[151.00575271993876,-33.349488861858845,168.8000030517578],[151.00567703135312,-33.34948517382145,168.39999389648438],[151.00566630251706,-33.34948567673564,168.1999969482422],[151.00562129169703,-33.34948517382145,167.39999389648438],[151.00558407604694,-33.349491376429796,167.1999969482422],[151.0054930485785,-33.3495101518929,166.8000030517578],[151.00539221428335,-33.349498668685555,166.60000610351562],[151.00532398559153,-33.349499087780714,166],[151.00530629977584,-33.34949942305684,165.8000030517578],[151.0052147693932,-33.34949741140008,165],[151.00518920458853,-33.349503111094236,164.8000030517578],[151.00514352321625,-33.34951660595834,164.39999389648438],[151.0050866100937,-33.34953705780208,164.1999969482422],[151.00504570640624,-33.34955231286585,164],[151.00498887710273,-33.34956765174866,163.8000030517578],[151.00488695316017,-33.34958986379206,163.39999389648438],[151.00480648688972,-33.349601682275534,163],[151.00478930398822,-33.34960495121777,162.8000030517578],[151.00473951548338,-33.34959992207587,162.39999389648438],[151.00471294485033,-33.34960402920842,162.1999969482422],[151.00469022989273,-33.34961358457804,162],[151.00459903478622,-33.34964610636234,161.8000030517578],[151.0044623259455,-33.34966362453997,161.39999389648438],[151.00439510308206,-33.349677035585046,161.39999389648438],[151.0043642576784,-33.349682400003076,161.39999389648438],[151.0043495055288,-33.34968499839306,161.39999389648438],[151.00423299707472,-33.3497123233974,161.39999389648438],[151.00418815389276,-33.34971626289189,161.60000610351562],[151.00411657243967,-33.349731685593724,161.60000610351562],[151.0040653590113,-33.34975331090391,161.8000030517578],[151.0040373634547,-33.34975867532194,161.8000030517578],[151.0040178336203,-33.349769320338964,162],[151.00394658744335,-33.349808882921934,162.60000610351562],[151.00390987470746,-33.34985791705549,162.8000030517578],[151.00388028658926,-33.34987317211926,162.8000030517578],[151.0038613434881,-33.34988038055599,163],[151.0038563143462,-33.34988574497402,163.1999969482422],[151.0038330964744,-33.34993905387819,163.8000030517578],[151.00381356664002,-33.349978029727936,164.1999969482422],[151.00376654416323,-33.35000233724713,164.39999389648438],[151.00372882559896,-33.350054221227765,164.8000030517578],[151.00371248088777,-33.350072326138616,165.1999969482422],[151.00369454361498,-33.35011121816933,165.39999389648438],[151.00365816615522,-33.35016989149153,165.60000610351562],[151.00363570265472,-33.35021087899804,165.8000030517578],[151.0035906918347,-33.35027324035764,166],[151.00356278009713,-33.35032378323376,166],[151.00354744121432,-33.35034959949553,166],[151.00354568101466,-33.350351862609386,166],[151.00354584865272,-33.350351778790355,166.1999969482422],[151.00355682894588,-33.35034700110555,165.8000030517578],[151.00355682894588,-33.35034943185747,165.39999389648438],[151.00355699658394,-33.35035504773259,165.39999389648438],[151.0035585053265,-33.35036074742675,165.60000610351562],[151.00356127135456,-33.35036393254995,165.60000610351562],[151.00356202572584,-33.35036393254995,165.60000610351562],[151.00356202572584,-33.35036393254995,165.60000610351562],[151.00356202572584,-33.35036393254995,165.60000610351562],[151.00356202572584,-33.35036393254995,165.60000610351562],[151.00356202572584,-33.3503632619977,165.8000030517578],[151.0035619419068,-33.350362507626414,165.8000030517578],[151.00356143899262,-33.35036183707416,165.60000610351562],[151.00356118753552,-33.35035999305546,165.39999389648438],[151.0035600978881,-33.35035806521773,165.39999389648438],[151.00355884060264,-33.3503579813987,165.39999389648438],[151.00355800241232,-33.3503579813987,165.39999389648438],[151.00355657748878,-33.350360579788685,165.60000610351562],[151.00355590693653,-33.35036099888384,165.39999389648438],[151.0035452619195,-33.350359071046114,165.1999969482422],[151.00354509428144,-33.350355215370655,165.1999969482422],[151.00354509428144,-33.35035488009453,165.1999969482422],[151.00354509428144,-33.3503547962755,165.1999969482422],[151.00354610010982,-33.350354293361306,165.39999389648438],[151.0035603493452,-33.35035236552358,165.1999969482422],[151.00356076844037,-33.350347839295864,165.1999969482422],[151.0035608522594,-33.350347420200706,165.1999969482422],[151.00356118753552,-33.350345995277166,165.1999969482422],[151.0035635344684,-33.35034331306815,165.1999969482422],[151.00356462411582,-33.350341049954295,165],[151.00356412120163,-33.35034096613526,165],[151.00356386974454,-33.3503407984972,165],[151.00356370210648,-33.35034071467817,165],[151.00356068462133,-33.35034071467817,165],[151.00356076844037,-33.35034088231623,165],[151.00356043316424,-33.35034096613526,165],[151.0035603493452,-33.35034088231623,165],[151.00356043316424,-33.35034088231623,165],[151.00356001406908,-33.35034088231623,165],[151.00355909205973,-33.35034063085914,165],[151.00355833768845,-33.3503407984972,165],[151.0035585053265,-33.35034071467817,165],[151.0035585053265,-33.35034071467817,165.1999969482422],[151.00355833768845,-33.3503407984972,165.1999969482422],[151.00355825386941,-33.35034088231623,165.1999969482422],[151.00355775095522,-33.35034096613526,165.1999969482422],[151.00355590693653,-33.350341971963644,165.1999969482422],[151.00355657748878,-33.35034272633493,165.1999969482422],[151.00355649366975,-33.35034281015396,165.1999969482422],[151.00355590693653,-33.35034272633493,165],[151.00355548784137,-33.35034322924912,165.1999969482422],[151.00355548784137,-33.35034314543009,165.60000610351562],[151.00355540402234,-33.35034314543009,166],[151.0035553202033,-33.35034314543009,166],[151.00355498492718,-33.35034322924912,165.60000610351562],[151.00355464965105,-33.35034373216331,166],[151.00355464965105,-33.35034364834428,166],[151.00355473347008,-33.35034381598234,166],[151.0035548172891,-33.350344486534595,166.1999969482422],[151.00355473347008,-33.35034457035363,166.1999969482422],[151.00355464965105,-33.35034465417266,166.39999389648438],[151.00355381146073,-33.350378600880504,166.60000610351562],[151.00355456583202,-33.35038782097399,166.60000610351562],[151.00351600907743,-33.350470047444105,167],[151.00348390638828,-33.35054422728717,167.1999969482422],[151.00347753614187,-33.35056032054126,167.1999969482422],[151.00345876067877,-33.35060960613191,167.39999389648438],[151.00344660691917,-33.350632237270474,167.60000610351562],[151.003424981609,-33.35067045874894,167.8000030517578],[151.00339924916625,-33.35072728805244,168.1999969482422],[151.00339137017727,-33.35074589587748,168.1999969482422],[151.00338541902602,-33.35075804963708,168.39999389648438],[151.00338198244572,-33.350765760988,168.39999389648438],[151.00334183312953,-33.35080951452255,168.8000030517578],[151.00333378650248,-33.35081831552088,168.8000030517578],[151.0032672341913,-33.35089375264943,169.1999969482422],[151.0032518953085,-33.35091847926378,169.1999969482422],[151.00324938073754,-33.3509277831763,169.39999389648438],[151.00324493832886,-33.35094823502004,169.39999389648438],[151.0032011847943,-33.35106340236962,169.8000030517578],[151.0031794756651,-33.351108664646745,170.1999969482422],[151.0031551681459,-33.35112207569182,170.39999389648438],[151.0031472891569,-33.351130206137896,170.39999389648438],[151.0031404159963,-33.35115007124841,170.39999389648438],[151.00314536131918,-33.351177060976624,170.8000030517578],[151.00314904935658,-33.351197093725204,170.8000030517578],[151.00312616676092,-33.351247385144234,171],[151.00311543792486,-33.35125585086644,171],[151.00306388922036,-33.35128384642303,171.39999389648438],[151.0030534118414,-33.351287953555584,171.60000610351562],[151.00301519036293,-33.351299185305834,171.8000030517578],[151.00296271964908,-33.35130890831351,172.39999389648438],[151.00294251926243,-33.35130396299064,172.60000610351562],[151.00286096334457,-33.35128149949014,173.1999969482422],[151.0028512403369,-33.351279655471444,173.39999389648438],[151.00282290950418,-33.35128300823271,173.60000610351562],[151.00280991755426,-33.35128443315625,173.8000030517578],[151.00280203856528,-33.3512835111469,173.8000030517578],[151.00276700221002,-33.35126934573054,174],[151.0027130227536,-33.35118401795626,174.60000610351562],[151.00270547904074,-33.3511764742434,174.60000610351562],[151.0026979353279,-33.35116666741669,174.60000610351562],[151.00264445878565,-33.3511180523783,175],[151.00263758562505,-33.35110799409449,175],[151.0026157926768,-33.3510884642601,175],[151.00259986706078,-33.35107069462538,175],[151.0025613103062,-33.35101621225476,175.1999969482422],[151.00252920761704,-33.35099492222071,175.1999969482422],[151.0024846997112,-33.35096625611186,175.1999969482422],[151.00245092064142,-33.350927950814366,175.60000610351562],[151.00243826396763,-33.35090909153223,175.60000610351562],[151.00240817293525,-33.35088235326111,175.8000030517578],[151.00240373052657,-33.350872127339244,175.8000030517578],[151.00233742967248,-33.35081177763641,176],[151.00224640220404,-33.3507137093693,176.1999969482422],[151.00218990817666,-33.350655706599355,176.1999969482422],[151.00216845050454,-33.35063156671822,176.39999389648438],[151.00213576108217,-33.3505982067436,176.39999389648438],[151.00208253599703,-33.35056258365512,176.60000610351562],[151.00207130424678,-33.350555542856455,176.60000610351562],[151.00205722264946,-33.35054850205779,176.60000610351562],[151.0019859764725,-33.35050265304744,177],[151.00196477025747,-33.35049577988684,177],[151.0019162390381,-33.350468119606376,177],[151.0018610022962,-33.35044423118234,177.39999389648438],[151.00185002200305,-33.3504393696785,177.39999389648438],[151.0017888341099,-33.35042235441506,177.60000610351562],[151.00172177888453,-33.3503994718194,177.8000030517578],[151.00167048163712,-33.350371392443776,178],[151.00153737701476,-33.35034993477166,178.1999969482422],[151.0014227963984,-33.3503355178982,177.8000030517578],[151.0012409929186,-33.350339625030756,177.8000030517578],[151.0011883545667,-33.35034381598234,177.60000610351562],[151.0011685732752,-33.35034482181072,177.60000610351562],[151.00111635401845,-33.350355718284845,177.60000610351562],[151.0010115802288,-33.35036393254995,177.39999389648438],[151.00094720721245,-33.35037558339536,177.1999969482422],[151.00086481310427,-33.35037239827216,176.8000030517578],[151.00083891302347,-33.35037650540471,176.8000030517578],[151.00082508288324,-33.350378181785345,176.60000610351562],[151.00074796937406,-33.350403076037765,176.60000610351562],[151.00062299519777,-33.35042092949152,176.1999969482422],[151.00051713176072,-33.350458731874824,175.60000610351562],[151.00050405599177,-33.35046602413058,175.60000610351562],[151.00040799938142,-33.35050550289452,174.8000030517578],[151.00037924945354,-33.350522350519896,174.39999389648438],[151.00029568187892,-33.350580940023065,173.1999969482422],[151.00028805434704,-33.35058814845979,173.1999969482422],[151.00023013539612,-33.35065092891455,172.1999969482422],[151.0001997090876,-33.35067414678633,171.39999389648438],[151.00019074045122,-33.35068345069885,171.1999969482422],[151.0001632478088,-33.350705998018384,170.60000610351562],[151.00013617426157,-33.350730054080486,170],[151.00011941045523,-33.350743632763624,170],[151.00010549649596,-33.350754864513874,169.8000030517578],[151.00003936327994,-33.35080741904676,169.1999969482422],[151.00001614540815,-33.35082367993891,169],[150.9999423008412,-33.35090020671487,168.60000610351562],[150.99982746876776,-33.351001208648086,168.39999389648438],[150.9997342620045,-33.35107421502471,168.1999969482422],[150.999656310305,-33.351174211129546,168.1999969482422],[150.99963502027094,-33.35120748728514,168],[150.99959570914507,-33.35127638652921,167.60000610351562],[150.999518847093,-33.351365150883794,167.39999389648438],[150.9994773566723,-33.35142273455858,167.39999389648438],[150.99945003166795,-33.35146254859865,167.39999389648438],[150.99937073886395,-33.351547038182616,167.60000610351562],[150.99934978410602,-33.35158207453787,167.8000030517578],[150.99931952543557,-33.35166832432151,167.8000030517578],[150.9993161726743,-33.35167997516692,167.8000030517578],[150.99928356707096,-33.351769242435694,168],[150.99928147159517,-33.35184887051582,167.8000030517578],[150.99928113631904,-33.351861191913486,167.8000030517578],[150.99927870556712,-33.351927660405636,167.8000030517578],[150.99925632588565,-33.352023884654045,168.39999389648438],[150.99920142441988,-33.35211105644703,168.60000610351562],[150.9991454333067,-33.3522196020931,168.60000610351562],[150.99912313744426,-33.35232026875019,168.60000610351562],[150.99912255071104,-33.35234608501196,168.60000610351562],[150.99909556098282,-33.35243694484234,168.60000610351562],[150.99903646856546,-33.352543227374554,168.39999389648438],[150.9990278352052,-33.35255370475352,168.39999389648438],[150.99897226318717,-33.35263090208173,168.39999389648438],[150.99887989461422,-33.352763168513775,168.8000030517578],[150.99882608279586,-33.35283491760492,169],[150.99880068562925,-33.35286802612245,168.8000030517578],[150.99875341169536,-33.35292368195951,168.60000610351562],[150.99870337173343,-33.353003645315766,168.1999969482422],[150.99861879833043,-33.353118477389216,167.8000030517578],[150.99856808781624,-33.353197602555156,167.39999389648438],[150.99853196181357,-33.353240014985204,167.39999389648438],[150.99848963320255,-33.35333992727101,167],[150.99848552607,-33.353351913392544,167],[150.9984789043665,-33.353453166782856,166.60000610351562],[150.9984910581261,-33.35354318842292,165.8000030517578],[150.9984926506877,-33.35356657393277,165.60000610351562],[150.99849550053477,-33.35357587784529,165.60000610351562],[150.99852165207267,-33.35361376404762,165.1999969482422],[150.99853858351707,-33.35364402271807,165],[150.99856062792242,-33.353677885606885,164.8000030517578],[150.9985790681094,-33.35376086644828,164.39999389648438],[150.9986242465675,-33.35386396385729,164.1999969482422],[150.99863321520388,-33.353889444842935,164.1999969482422],[150.9986477997154,-33.3539498783648,164.1999969482422],[150.99865685217083,-33.35405012592673,164.1999969482422],[150.99866037257016,-33.354112738743424,164.1999969482422],[150.99866649135947,-33.35416319780052,164.1999969482422],[150.99871351383626,-33.354268139228225,164],[150.99872239865363,-33.354305271059275,164],[150.99873857572675,-33.35435254499316,164],[150.998749807477,-33.35437534376979,164],[150.99875919520855,-33.35442236624658,164],[150.99873807281256,-33.354517333209515,164],[150.99870219826698,-33.354607271030545,163.60000610351562],[150.99869079887867,-33.35464624688029,163.60000610351562],[150.9986726101488,-33.35470877587795,163.39999389648438],[150.99867302924395,-33.35472419857979,163.60000610351562],[150.99868417717516,-33.35477951914072,163.60000610351562],[150.99868501536548,-33.35487758740783,163.60000610351562],[150.99863489158452,-33.35498412139714,163.8000030517578],[150.9986012801528,-33.35508990101516,163.8000030517578],[150.99854436703026,-33.35516299121082,163.8000030517578],[150.9984813351184,-33.35524949245155,163.8000030517578],[150.99846138618886,-33.35529902949929,163.8000030517578],[150.9984474722296,-33.35532937198877,163.8000030517578],[150.99844043143094,-33.355338759720325,163.8000030517578],[150.9983853623271,-33.355439845472574,163.8000030517578],[150.9983227495104,-33.35552902892232,163.60000610351562],[150.9982196521014,-33.35568744689226,163.1999969482422],[150.99818335846066,-33.35574318654835,163.1999969482422],[150.99815603345633,-33.355770176276565,163],[150.99808738566935,-33.355869837105274,162.8000030517578],[150.99805779755116,-33.355914345011115,162.60000610351562],[150.99801069125533,-33.355959774926305,162.60000610351562],[150.99793584086,-33.35604786872864,162.39999389648438],[150.99786082282662,-33.356131771579385,162],[150.99777951836586,-33.35624182596803,161.8000030517578],[150.99777004681528,-33.35626881569624,161.60000610351562],[150.99772009067237,-33.356333607807755,161.39999389648438],[150.99762378260493,-33.35644768550992,161],[150.99758463911712,-33.35650493390858,160.60000610351562],[150.99756435491145,-33.356532510370016,160.60000610351562],[150.99746184423566,-33.35663426667452,160.39999389648438],[150.99737375043333,-33.356719594448805,160.1999969482422],[150.99729127250612,-33.35681523196399,160.1999969482422],[150.99720787256956,-33.356915982440114,160.39999389648438],[150.99713696166873,-33.35699234157801,160.1999969482422],[150.99706018343568,-33.35708479396999,160],[150.99704501219094,-33.35710340179503,160],[150.99697493948042,-33.35720172151923,160.1999969482422],[150.99690453149378,-33.35729300044477,160.1999969482422],[150.9968989994377,-33.35730331018567,160.1999969482422],[150.99687435664237,-33.357344130054116,160.1999969482422],[150.99682507105172,-33.3574141189456,160.1999969482422],[150.99681903608143,-33.357421243563294,160.1999969482422],[150.99680143408477,-33.35748829878867,160.1999969482422],[150.9967962373048,-33.35750908590853,160.1999969482422],[150.9967557527125,-33.35759500041604,160.60000610351562],[150.99675374105573,-33.35760774090886,160.60000610351562],[150.99674963392317,-33.35762031376362,160.60000610351562],[150.99671183153987,-33.357688039541245,161],[150.99667050875723,-33.35775199346244,161.39999389648438],[150.9966633003205,-33.35776247084141,161.39999389648438],[150.9966550860554,-33.35777445696294,161.39999389648438],[150.9966252464801,-33.35782265290618,161.60000610351562],[150.9966003522277,-33.357860036194324,161.8000030517578],[150.99652038887143,-33.35792918689549,162.1999969482422],[150.9964272659272,-33.35801409557462,162.60000610351562],[150.99641888402402,-33.35801971144974,162.60000610351562],[150.99637161009014,-33.358059860765934,163.1999969482422],[150.99632249213755,-33.35811492986977,163.60000610351562],[150.99629307165742,-33.358149295672774,163.60000610351562],[150.99623817019165,-33.35822959430516,163.60000610351562],[150.99621386267245,-33.35825549438596,163.8000030517578],[150.99620724096894,-33.35826345719397,163.8000030517578],[150.99617371335626,-33.358314922079444,164.1999969482422],[150.99612367339432,-33.358371164649725,164.39999389648438],[150.99608352407813,-33.358421958982944,164.39999389648438],[150.99605133756995,-33.358449283987284,164.8000030517578],[150.99599928595126,-33.358505107462406,165],[150.99594790488482,-33.35858699865639,165.8000030517578],[150.99591513164341,-33.35862253792584,166],[150.99588319659233,-33.35865874774754,166.1999969482422],[150.99587506614625,-33.358669225126505,166.1999969482422],[150.99584355019033,-33.35872504860163,166.39999389648438],[150.99578554742038,-33.358800150454044,166.39999389648438],[150.99573031067848,-33.3588972967118,166.8000030517578],[150.99572570063174,-33.35890710353851,166.8000030517578],[150.99568018689752,-33.358966279774904,167.1999969482422],[150.99564280360937,-33.359059151262045,167.8000030517578],[150.9955849684775,-33.35915235802531,168.8000030517578],[150.99553836509585,-33.359224358573556,169],[150.99553492851555,-33.35924154147506,169],[150.99551984108984,-33.35929501801729,169],[150.99546334706247,-33.35943524725735,168.39999389648438],[150.99540945142508,-33.35951630026102,168.1999969482422],[150.99537005648017,-33.359558964148164,167.8000030517578],[150.99534784443676,-33.35960959084332,167.1999969482422],[150.99531180225313,-33.35968729108572,166.8000030517578],[150.9953014086932,-33.35970698855817,166.8000030517578],[150.99524122662842,-33.35982031188905,166.39999389648438],[150.99517283029854,-33.35996682755649,166.1999969482422],[150.99514776840806,-33.36002189666033,166.1999969482422],[150.99512077867985,-33.360083336010575,166],[150.99511700682342,-33.36009372957051,166],[150.9950807131827,-33.36017545312643,166],[150.99500837735832,-33.360273856669664,166.1999969482422],[150.99500812590122,-33.36028357967734,166.1999969482422],[150.9949740115553,-33.360347701236606,166.1999969482422],[150.99492598325014,-33.36041199043393,166.39999389648438],[150.99490427412093,-33.3604549895972,165.8000030517578],[150.9948362968862,-33.36050217971206,165.60000610351562],[150.99480637349188,-33.3605498727411,165.39999389648438],[150.994785502553,-33.360596895217896,165],[150.99477276206017,-33.36061600595713,164.8000030517578],[150.9947361331433,-33.36068364791572,164.39999389648438],[150.99470101296902,-33.360721953213215,163.8000030517578],[150.99469405598938,-33.36073251441121,163.60000610351562],[150.99468156695366,-33.36075296625495,163.39999389648438],[150.99461803212762,-33.36081708781421,162.60000610351562],[150.99457008764148,-33.36089763790369,162.1999969482422],[150.99449071101844,-33.360976595431566,161.60000610351562],[150.9944771323353,-33.36098598316312,161.39999389648438],[150.99441284313798,-33.36104423739016,160.8000030517578],[150.994370598346,-33.361083464697,160.1999969482422],[150.9943592827767,-33.36109939031303,160],[150.9943338856101,-33.36113803088665,159.1999969482422],[150.99431653507054,-33.36120206862688,158.1999969482422],[150.99431368522346,-33.36121229454875,158.1999969482422],[150.99430563859642,-33.36129209026694,157],[150.99429926835,-33.36131748743355,156.8000030517578],[150.99426875822246,-33.36142712272704,156],[150.99426046013832,-33.361452938988805,155.8000030517578],[150.9942545928061,-33.361568776890635,155.1999969482422],[150.9942488092929,-33.36160624399781,154.8000030517578],[150.99423430860043,-33.36167019791901,154.39999389648438],[150.99423254840076,-33.36168226785958,154.39999389648438],[150.9942294470966,-33.36173264309764,153.8000030517578],[150.9942231606692,-33.361810678616166,152.8000030517578],[150.9942149464041,-33.36183515377343,152.60000610351562],[150.99420153535903,-33.361934311687946,151.8000030517578],[150.99419441074133,-33.36195887066424,151.60000610351562],[150.99416272714734,-33.36208309046924,151.60000610351562],[150.99415116012096,-33.36219063028693,151.60000610351562],[150.99414529278874,-33.36222080513835,151.8000030517578],[150.99413791671395,-33.36234100162983,152.39999389648438],[150.99413179792464,-33.36239514872432,152.8000030517578],[150.99410145543516,-33.36246228776872,153.1999969482422],[150.9940817579627,-33.362568905577064,153.60000610351562],[150.9940106794238,-33.36270460858941,153.60000610351562],[150.99398612044752,-33.36275196634233,153.60000610351562],[150.99397639743984,-33.362779123708606,153.8000030517578],[150.99397086538374,-33.36279203183949,153.8000030517578],[150.99396985955536,-33.36280628107488,154],[150.99395317956805,-33.36283813230693,154.39999389648438],[150.9939348232001,-33.36286445148289,154.60000610351562],[150.99393708631396,-33.36287057027221,154.1999969482422],[150.993937170133,-33.36286989971995,154.1999969482422],[150.99393574520946,-33.362870989367366,154.1999969482422],[150.99393490701914,-33.36287157610059,154.1999969482422],[150.99393306300044,-33.36287157610059,154.1999969482422],[150.99392065778375,-33.36290250532329,154.39999389648438],[150.99385829642415,-33.36298850364983,154.8000030517578],[150.99381119012833,-33.363074669614434,154.60000610351562],[150.99378093145788,-33.3631282299757,154.8000030517578],[150.9937738906592,-33.3631454128772,155],[150.9937022253871,-33.363242307677865,155.8000030517578],[150.99368076771498,-33.363255970180035,155.8000030517578],[150.99361890926957,-33.36332713253796,156.39999389648438],[150.99354146048427,-33.36341011337936,156.8000030517578],[150.9935238584876,-33.36342612281442,157],[150.99348479881883,-33.36347272619605,157.39999389648438],[150.9934778418392,-33.36348345503211,157.39999389648438],[150.9934630896896,-33.363501224666834,157.39999389648438],[150.99341061897576,-33.36360516026616,157.8000030517578],[150.99339905194938,-33.36362075060606,158],[150.9933570586145,-33.36368235759437,158.39999389648438],[150.99331942386925,-33.36371898651123,159],[150.99330492317677,-33.363747568801045,159.39999389648438],[150.99327214993536,-33.36378394626081,159.8000030517578],[150.99325915798545,-33.363804230466485,160],[150.99324708804488,-33.363828202709556,160],[150.99323728121817,-33.36383524350822,160.1999969482422],[150.9931953717023,-33.363854018971324,160.8000030517578],[150.9931332617998,-33.36388033814728,161.1999969482422],[150.9930803719908,-33.36390464566648,161.39999389648438],[150.9929693955928,-33.36394823156297,162],[150.99295657128096,-33.36395267397165,162.1999969482422],[150.99281625822186,-33.36400791071355,162.60000610351562],[150.99269907921553,-33.36405602283776,162.8000030517578],[150.99259187467396,-33.364109583199024,163],[150.99247863516212,-33.36414470337331,162.8000030517578],[150.992470420897,-33.3641470503062,162.8000030517578],[150.9923953190446,-33.36417093873024,162.39999389648438],[150.99237503483891,-33.36417990736663,162.39999389648438],[150.9922726918012,-33.36422273889184,162],[150.99218007177114,-33.36426330730319,162],[150.99215107038617,-33.36427076719701,162],[150.9921053890139,-33.364277640357614,162],[150.99205878563225,-33.36429859511554,161.8000030517578],[150.99198468960822,-33.364324076101184,161.8000030517578],[150.99188595078886,-33.3643576875329,161.60000610351562],[150.9917729627341,-33.364375457167625,161.39999389648438],[150.9916585497558,-33.36438937112689,161.1999969482422],[150.9916471503675,-33.36439138278365,161.1999969482422],[150.99160163663328,-33.36440018378198,161.1999969482422],[150.99158738739789,-33.36440588347614,161.1999969482422],[150.99159384146333,-33.36441493593156,161.1999969482422],[150.9915932547301,-33.36441485211253,161.1999969482422],[150.9915932547301,-33.36441485211253,161.1999969482422],[150.9915128722787,-33.364398423582315,160.8000030517578],[150.9914391953498,-33.36438652127981,160.8000030517578],[150.99139066413045,-33.36437654681504,160.8000030517578],[150.99131447263062,-33.36435676552355,160.39999389648438],[150.99129946902394,-33.364355927333236,160.1999969482422],[150.9912549611181,-33.36434871889651,160.39999389648438],[150.99109738133848,-33.364327596500516,160.1999969482422],[150.99108438938856,-33.36432524956763,160.1999969482422],[150.99101414903998,-33.364316364750266,159.8000030517578],[150.99092085845768,-33.36431183852255,159.39999389648438],[150.99082781933248,-33.3642905484885,159],[150.99076746962965,-33.36427747271955,158.8000030517578],[150.99071709439158,-33.36426288820803,158.60000610351562],[150.9907020907849,-33.36426037363708,158.60000610351562],[150.99067359231412,-33.364253332838416,158.39999389648438],[150.9905762784183,-33.36424528621137,158],[150.99053042940795,-33.36423992179334,157.8000030517578],[150.99040285684168,-33.36423137225211,157],[150.99038525484502,-33.364228857681155,156.8000030517578],[150.99024628289044,-33.36422550491989,156.1999969482422],[150.99016564898193,-33.36423204280436,156],[150.99005517549813,-33.364236149936914,155.1999969482422],[150.9899824205786,-33.36423397064209,155],[150.98993891850114,-33.364228438586,154.8000030517578],[150.9898629784584,-33.36422458291054,154.60000610351562],[150.9897942468524,-33.36422030813992,154.1999969482422],[150.98977907560766,-33.36421829648316,154.1999969482422],[150.98972283303738,-33.36421729065478,153.8000030517578],[150.98969156853855,-33.364219134673476,153.60000610351562],[150.98956583999097,-33.364225002005696,152.8000030517578],[150.98954832181334,-33.36422466672957,152.8000030517578],[150.98945033736527,-33.36422709748149,152.1999969482422],[150.98940582945943,-33.364232713356614,152],[150.9893576335162,-33.3642334677279,151.8000030517578],[150.98929828964174,-33.364239083603024,151.60000610351562],[150.98924514837563,-33.3642384968698,151.39999389648438],[150.9891153126955,-33.36423698812723,150.8000030517578],[150.9890589863062,-33.364232210442424,150.60000610351562],[150.98898547701538,-33.36423053406179,150],[150.98897106014192,-33.36423053406179,149.8000030517578],[150.9889400471002,-33.364231791347265,149.60000610351562],[150.98880895413458,-33.36423120461404,149.39999389648438],[150.98871666938066,-33.364229863509536,149.1999969482422],[150.98869043402374,-33.36423246189952,149],[150.988646177575,-33.36423489265144,149],[150.98855431191623,-33.364244028925896,148.60000610351562],[150.9884490352124,-33.36424578912556,148.39999389648438],[150.98829715512693,-33.364259200170636,147.60000610351562],[150.98825356923044,-33.364264061674476,147.39999389648438],[150.98811250180006,-33.36428979411721,146.60000610351562],[150.9880864340812,-33.364296332001686,146.39999389648438],[150.98801912739873,-33.364300606772304,145.8000030517578],[150.98796606995165,-33.364303540438414,145.39999389648438],[150.98790027201176,-33.364313011989,144.8000030517578],[150.98786900751293,-33.36431376636028,144.60000610351562],[150.987850734964,-33.3643146045506,144.39999389648438],[150.98773774690926,-33.36434343829751,143.8000030517578],[150.98769407719374,-33.36434620432556,143.60000610351562],[150.98762266337872,-33.36435475386679,143.39999389648438],[150.98752493038774,-33.36438937112689,142.39999389648438],[150.9875116031617,-33.36439440026879,142.39999389648438],[150.9874432068318,-33.364428682252765,141.60000610351562],[150.98740255460143,-33.36445936001837,141.1999969482422],[150.98737698979676,-33.36447939276695,141],[150.98733013495803,-33.3645426761359,140.1999969482422],[150.98732862621546,-33.36454275995493,140.1999969482422],[150.98732619546354,-33.36454510688782,140.1999969482422],[150.9873263631016,-33.36454460397363,140.1999969482422],[150.9873263631016,-33.36454460397363,140],[150.98734421655536,-33.364574359729886,139.39999389648438],[150.98735452629626,-33.3645857591182,139.1999969482422],[150.98740976303816,-33.36465960368514,138.8000030517578],[150.98741931840777,-33.36466706357896,138.8000030517578],[150.98745158873498,-33.364708134904504,138.1999969482422],[150.98748805001378,-33.364729173481464,138],[150.9875763952732,-33.36479849182069,137.1999969482422],[150.98759919404984,-33.364811819046736,137],[150.98769675940275,-33.36489890702069,136.1999969482422],[150.98775828257203,-33.36497476324439,135.39999389648438],[150.98778828978539,-33.365021450445056,135],[150.98780899308622,-33.365049781277776,134.8000030517578],[150.98787227645516,-33.365142568945885,134.1999969482422],[150.98787822760642,-33.36515363305807,134],[150.98789515905082,-33.365211468189955,133.60000610351562],[150.98793111741543,-33.36526310071349,133.1999969482422],[150.9879550896585,-33.36533233523369,132.8000030517578],[150.98797101527452,-33.365351194515824,132.60000610351562],[150.98803396336734,-33.36544079706073,131.8000030517578],[150.98804712295532,-33.36546543985605,131.60000610351562],[150.98807268776,-33.36551598273218,131.39999389648438],[150.9880917146802,-33.36553140543401,131.1999969482422],[150.98811057396233,-33.36560608819127,130.8000030517578],[150.9881244879216,-33.36565696634352,130.60000610351562],[150.98810026422143,-33.365758722648025,129.60000610351562],[150.98809020593762,-33.365777833387256,129.39999389648438],[150.98802424035966,-33.365900376811624,128.60000610351562],[150.98801895976067,-33.36591110564768,128.60000610351562],[150.98795408383012,-33.3659930806607,128],[150.98793690092862,-33.36602250114083,127.5999984741211],[150.98793036304414,-33.36603130213916,127.5999984741211],[150.98792030476034,-33.36606348864734,127.4000015258789],[150.9878948237747,-33.36613565683365,126.5999984741211],[150.98788199946284,-33.36618670262396,126.19999694824219],[150.98787680268288,-33.366199526935816,126],[150.9878673311323,-33.36627203039825,125.4000015258789],[150.98787453956902,-33.36631008423865,125],[150.9878805745393,-33.36636825464666,124.4000015258789],[150.98788945935667,-33.36643639951944,123.80000305175781],[150.98789448849857,-33.36644855327904,123.80000305175781],[150.9878948237747,-33.3664592821151,123.5999984741211],[150.9878998529166,-33.36650177836418,123.4000015258789],[150.9879019483924,-33.36651393212378,123.19999694824219],[150.98790429532528,-33.36652474477887,123.19999694824219],[150.98790530115366,-33.36654578335583,123],[150.98792290315032,-33.36658576503396,122.80000305175781],[150.98793254233897,-33.36660923436284,122.4000015258789],[150.98793698474765,-33.36662054993212,122.19999694824219],[150.98799163475633,-33.366704704239964,121.19999694824219],[150.9880011063069,-33.366715013980865,121],[150.988075369969,-33.36680260486901,120.4000015258789],[150.98809640854597,-33.36683210916817,120],[150.98813127726316,-33.36686907336116,119.80000305175781],[150.98818148486316,-33.366931937634945,119.19999694824219],[150.98817905411124,-33.366944091394544,119.19999694824219],[150.98816949874163,-33.36695523932576,119],[150.98808199167252,-33.36702791042626,118],[150.98806380294263,-33.36702514439821,117.80000305175781],[150.98794075660408,-33.367010559886694,117.19999694824219],[150.98783045075834,-33.366968566551805,116.80000305175781],[150.98780463449657,-33.36695414967835,116.80000305175781],[150.98773875273764,-33.36689220741391,116.4000015258789],[150.98765811882913,-33.3668168541044,115.80000305175781],[150.98763724789023,-33.36678600870073,115.5999984741211],[150.98758209496737,-33.366704201325774,114.80000305175781],[150.9875750541687,-33.366676876321435,114.5999984741211],[150.98757631145418,-33.36666547693312,114.4000015258789],[150.98757220432162,-33.36664971895516,114.4000015258789],[150.98755116574466,-33.36659884080291,114],[150.98754613660276,-33.36658576503396,114],[150.98753792233765,-33.36656170897186,113.5999984741211],[150.9875232540071,-33.366492725908756,113.4000015258789],[150.98752317018807,-33.36648249998689,113.4000015258789],[150.98752107471228,-33.36642500013113,113],[150.9875111002475,-33.36639314889908,112.80000305175781],[150.98750825040042,-33.36638141423464,112.5999984741211],[150.987507160753,-33.366357777267694,112.4000015258789],[150.9874989464879,-33.366265408694744,112],[150.98749383352697,-33.366214111447334,111.5999984741211],[150.98747757263482,-33.366165664047,111.19999694824219],[150.98747614771128,-33.36612241342664,111],[150.987454270944,-33.36607136763632,110.5999984741211],[150.98744840361178,-33.366061141714454,110.5999984741211],[150.98740238696337,-33.36601168848574,109.5999984741211],[150.98732326179743,-33.365980088710785,108.4000015258789],[150.9873094316572,-33.3659777417779,108.4000015258789],[150.98727380856872,-33.365985034033656,108.19999694824219],[150.98722971975803,-33.36603163741529,107.4000015258789],[150.9872119501233,-33.36605083197355,107],[150.98716903477907,-33.36607513949275,106.4000015258789],[150.9871551208198,-33.36608067154884,106.19999694824219],[150.9870634227991,-33.36614026688039,105.19999694824219],[150.9870290569961,-33.36616373620927,104.80000305175781],[150.98696619272232,-33.3662071544677,104],[150.9869557991624,-33.36621335707605,104],[150.98690341226757,-33.36625853553414,103],[150.98687105812132,-33.36628284305334,102.5999984741211],[150.98685253411531,-33.36629633791745,102.4000015258789],[150.98680978640914,-33.3663366548717,102],[150.9867631830275,-33.36638459935784,101.4000015258789],[150.9867232851684,-33.36641561239958,101],[150.98669663071632,-33.36643639951944,100.80000305175781],[150.9866315871477,-33.36648308672011,100.19999694824219],[150.9866000711918,-33.36650898680091,99.80000305175781],[150.98659227602184,-33.36651644669473,99.5999984741211],[150.9865736681968,-33.36653891019523,99.19999694824219],[150.98654374480247,-33.36654921993613,98.80000305175781],[150.98650217056274,-33.36659515276551,98.4000015258789],[150.9864933695644,-33.36660512723029,98.19999694824219],[150.98647794686258,-33.36662574671209,98],[150.9864565730095,-33.36664284579456,97.80000305175781],[150.9864074550569,-33.3667114097625,97.19999694824219],[150.98639613948762,-33.36672272533178,97],[150.98637929186225,-33.366744853556156,96.80000305175781],[150.98636194132268,-33.366756001487374,96.4000015258789],[150.98633788526058,-33.366776537150145,96.19999694824219],[150.98632003180683,-33.3667959831655,96],[150.98630678839982,-33.366810819134116,95.80000305175781],[150.98626018501818,-33.36690050549805,94.5999984741211],[150.9862417448312,-33.36695272475481,94.19999694824219],[150.98622464574873,-33.366971500217915,93.80000305175781],[150.98622422665358,-33.366989605128765,93.4000015258789],[150.98621894605458,-33.36701508611441,93.19999694824219],[150.9862131625414,-33.3670639526099,92.80000305175781],[150.98621391691267,-33.36707392707467,92.5999984741211],[150.98621668294072,-33.36708951741457,92.4000015258789],[150.98622900433838,-33.36715640500188,91.5999984741211],[150.98623151890934,-33.36716487072408,91.5999984741211],[150.98623663187027,-33.36717610247433,91.4000015258789],[150.98624534904957,-33.367199655622244,91.4000015258789],[150.98625222221017,-33.367210971191525,91.19999694824219],[150.98630846478045,-33.3673227019608,90.4000015258789],[150.98637007176876,-33.367398055270314,89.4000015258789],[150.9863815549761,-33.367410376667976,89.4000015258789],[150.98639119416475,-33.367420602589846,89.19999694824219],[150.98642430268228,-33.36746393702924,88.80000305175781],[150.9864581655711,-33.36747458204627,88.19999694824219],[150.98646973259747,-33.36748447269201,88],[150.98651323467493,-33.367522694170475,87.5999984741211],[150.98656277172267,-33.367551947012544,87],[150.9865913540125,-33.36757516488433,86.80000305175781],[150.98663435317576,-33.36758731864393,86.4000015258789],[150.98667349666357,-33.36761489510536,86],[150.9866912662983,-33.36762998253107,85.80000305175781],[150.9867359418422,-33.367652110755444,85.4000015258789],[150.98674708977342,-33.367660911753774,85.19999694824219],[150.98677676171064,-33.367687398567796,85],[150.98678573034704,-33.36769410409033,85],[150.98689720965922,-33.367755291983485,84],[150.98690735176206,-33.36776241660118,84],[150.98700491711497,-33.367793932557106,83.19999694824219],[150.98703869618475,-33.367812959477305,83],[150.98710960708559,-33.36783525533974,82.4000015258789],[150.98713274113834,-33.367841793224216,82.19999694824219],[150.9871746506542,-33.36784875020385,81.80000305175781],[150.98718806169927,-33.367853444069624,81.80000305175781],[150.9872412867844,-33.367885714396834,81.19999694824219],[150.9873107727617,-33.36790423840284,80.80000305175781],[150.9873224236071,-33.367908764630556,80.5999984741211],[150.98742275498807,-33.36793717928231,79.5999984741211],[150.98753213882446,-33.36803901940584,78.80000305175781],[150.98753959871829,-33.368048407137394,78.5999984741211],[150.98756222985685,-33.368128035217524,77.5999984741211],[150.987565247342,-33.36817187257111,77.19999694824219],[150.9875301271677,-33.36825342848897,76.4000015258789],[150.98747472278774,-33.36828963831067,76],[150.98744572140276,-33.36830313317478,75.80000305175781],[150.98740188404918,-33.36831310763955,75.4000015258789],[150.9872912429273,-33.36835962720215,74.5999984741211],[150.98726626485586,-33.36836826056242,74.4000015258789],[150.98725335672498,-33.36837161332369,74.4000015258789],[150.9871561266482,-33.36840673349798,73.4000015258789],[150.9871191624552,-33.36841905489564,73],[150.987055208534,-33.36844445206225,72.19999694824219],[150.98698815330863,-33.368462389335036,71.80000305175781],[150.98695445805788,-33.368474962189794,71.4000015258789],[150.98691414110363,-33.36849424056709,71.19999694824219],[150.98685295321047,-33.36852156557143,70.5999984741211],[150.98682562820613,-33.36853346787393,70.4000015258789],[150.98679997958243,-33.3685487229377,70],[150.98676729016006,-33.36856473237276,69.5999984741211],[150.9867237880826,-33.36857705377042,69.19999694824219],[150.98669512197375,-33.3685833401978,69],[150.98668271675706,-33.36858945898712,69],[150.98660199902952,-33.368614269420505,68.5999984741211],[150.98651256412268,-33.36863421835005,68],[150.98647149279714,-33.36863782256842,67.5999984741211],[150.98635808564723,-33.36863555945456,66.80000305175781],[150.9863300062716,-33.36863656528294,66.4000015258789],[150.9862552396953,-33.368645533919334,66.19999694824219],[150.98619061522186,-33.36865467019379,65.80000305175781],[150.98616169765592,-33.368660202249885,65.5999984741211],[150.9860340412706,-33.36869549006224,64.5999984741211],[150.98602255806327,-33.36870010010898,64.5999984741211],[150.98589297384024,-33.36872641928494,63.400001525878906],[150.98582332022488,-33.36876371875405,63.20000076293945],[150.9857845120132,-33.36879137903452,62.400001525878906],[150.98571334965527,-33.368857176974416,61.599998474121094],[150.9857049677521,-33.36886748671532,61.400001525878906],[150.9856467973441,-33.3689615316689,60.20000076293945],[150.98562601022422,-33.369041411206126,59.599998474121094],[150.98563062027097,-33.36908114142716,59.20000076293945],[150.98563665524125,-33.36912414059043,58.79999923706055],[150.98564176820219,-33.36916948668659,58.400001525878906],[150.9856481384486,-33.36919354274869,58.20000076293945],[150.98564956337214,-33.36920737288892,58],[150.9856467973441,-33.369247019290924,57.79999923706055],[150.98566473461688,-33.36929622106254,57.20000076293945],[150.9856740385294,-33.36932807229459,56.79999923706055],[150.9856882877648,-33.369365790858865,56.599998474121094],[150.9856896288693,-33.36940233595669,56.400001525878906],[150.98569323308766,-33.36944064125419,56.20000076293945],[150.98570614121854,-33.3695004042238,55.79999923706055],[150.9856980945915,-33.369538290426135,55.599998474121094],[150.9856965020299,-33.369558742269874,55.400001525878906],[150.98569717258215,-33.369571063667536,55.400001525878906],[150.98569222725928,-33.36958095431328,55.20000076293945],[150.98568242043257,-33.36958925239742,55],[150.985662387684,-33.36963568814099,54.599998474121094],[150.98566205240786,-33.36964851245284,54.599998474121094],[150.98563875071704,-33.36967977695167,54.20000076293945],[150.98562642931938,-33.369682962074876,54.20000076293945],[150.9856185503304,-33.36969234980643,54],[150.98557052202523,-33.3697403781116,53.599998474121094],[150.9855294506997,-33.36982671171427,53],[150.98548234440386,-33.369865184649825,52.20000076293945],[150.98544764332473,-33.36989963427186,51.79999923706055],[150.98542367108166,-33.36994372308254,51.599998474121094],[150.98536306992173,-33.370018573477864,50.79999923706055],[150.98534320481122,-33.370032319799066,50.599998474121094],[150.98528671078384,-33.37010012939572,49.79999923706055],[150.9852802567184,-33.370110522955656,49.599998474121094],[150.98526139743626,-33.37012820877135,49.400001525878906],[150.98520884290338,-33.37017900310457,49],[150.98520347848535,-33.37019233033061,48.79999923706055],[150.98517833277583,-33.3702427893877,48.400001525878906],[150.98515092395246,-33.37027246132493,48.20000076293945],[150.98510147072375,-33.37033214047551,47.599998474121094],[150.98508923314512,-33.370344461873174,47.400001525878906],[150.98507682792842,-33.37035024538636,47.400001525878906],[150.9850487485528,-33.37035762146115,47],[150.98503064364195,-33.370368434116244,46.79999923706055],[150.98500767722726,-33.370384611189365,46.599998474121094],[150.98498043604195,-33.37040841579437,46.599998474121094],[150.98493316210806,-33.370474549010396,46],[150.98489485681057,-33.370516542345285,45.400001525878906],[150.98483752459288,-33.37056658230722,45],[150.9847889933735,-33.3706281054765,44.599998474121094],[150.9847723133862,-33.37064394727349,44.400001525878906],[150.98474448546767,-33.370672361925244,44.400001525878906],[150.98468195647,-33.37072005495429,43.400001525878906],[150.98466561175883,-33.37074453011155,43.20000076293945],[150.98464197479188,-33.370787780731916,42.79999923706055],[150.98459729924798,-33.37086824700236,42.20000076293945],[150.98455924540758,-33.37091468274593,41.599998474121094],[150.98455237224698,-33.370947958901525,41.400001525878906],[150.9845151565969,-33.37100042961538,41.20000076293945],[150.98448255099356,-33.37104996666312,40.599998474121094],[150.98445924930274,-33.37110101245344,40.20000076293945],[150.9844530466944,-33.37111031636596,40],[150.984444078058,-33.3711186144501,40],[150.98443150520325,-33.371139569208026,39.79999923706055],[150.9844160825014,-33.371173264458776,39.599998474121094],[150.98440887406468,-33.37118214927614,39.400001525878906],[150.98438691347837,-33.37123587727547,39],[150.98436704836786,-33.37126814760268,38.79999923706055],[150.98432824015617,-33.37133863940835,38],[150.98432161845267,-33.37140033021569,37.20000076293945],[150.98430938087404,-33.371416088193655,37],[150.98430619575083,-33.371425895020366,37],[150.98429990932345,-33.37146629579365,36.599998474121094],[150.98430301062763,-33.37156243622303,35.79999923706055],[150.98430602811277,-33.37157400324941,35.79999923706055],[150.984301334247,-33.37170165963471,34.79999923706055],[150.9842994902283,-33.37171456776559,34.79999923706055],[150.98437945358455,-33.371796794235706,33.79999923706055],[150.9843883384019,-33.3718076068908,33.79999923706055],[150.98441717214882,-33.3718800265342,33.20000076293945],[150.9844234585762,-33.371885139495134,33],[150.98442882299423,-33.37188304401934,32.79999923706055],[150.98443100228906,-33.37188245728612,32.79999923706055],[150.98442957736552,-33.37188488803804,32.599998474121094],[150.98444441333413,-33.37191087193787,32.400001525878906],[150.98445455543697,-33.371920343488455,32.400001525878906],[150.9845130611211,-33.371971221640706,32.400001525878906],[150.98452404141426,-33.37197826243937,32.20000076293945],[150.98453585989773,-33.371982872486115,32.20000076293945],[150.9845825470984,-33.37201975286007,32],[150.9846121352166,-33.37203827686608,31.600000381469727],[150.984650189057,-33.37208571843803,31.399999618530273],[150.98466494120657,-33.37209275923669,31.200000762939453],[150.98471967503428,-33.37212033569813,31.200000762939453],[150.98477382212877,-33.37214816361666,30.600000381469727],[150.98480282351375,-33.3721789252013,30.399999618530273],[150.9848645143211,-33.37224883027375,29.600000381469727],[150.98487675189972,-33.37225436232984,29.600000381469727],[150.98488211631775,-33.37225972674787,29.399999618530273],[150.9849242772907,-33.372323429211974,29],[150.98495353013277,-33.37238042615354,28.399999618530273],[150.9849924221635,-33.37242669425905,28.200000762939453],[150.98501404747367,-33.37245259433985,28],[150.98504472523928,-33.37247698567808,27.799999237060547],[150.98505302332342,-33.372487211599946,27.600000381469727],[150.98506635054946,-33.37250858545303,27.600000381469727],[150.9850733075291,-33.37251814082265,27.399999618530273],[150.98508370108902,-33.372535072267056,27.399999618530273],[150.98508160561323,-33.37265845388174,26.600000381469727],[150.98507976159453,-33.3726794924587,26.399999618530273],[150.985075738281,-33.37277429178357,26],[150.98506266251206,-33.37285182438791,25.600000381469727],[150.98505679517984,-33.372896080836654,25.399999618530273],[150.98505302332342,-33.37294779717922,25.200000762939453],[150.9850521851331,-33.372992137447,25],[150.98504673689604,-33.37303807027638,24.799999237060547],[150.98501639440656,-33.37310252711177,24.399999618530273],[150.9850072581321,-33.373113591223955,24.399999618530273],[150.98498387262225,-33.373174695298076,24],[150.9849353414029,-33.373278714716434,23.200000762939453],[150.98486652597785,-33.37336362339556,22.399999618530273],[150.98483928479254,-33.373410645872355,22.200000762939453],[150.98482151515782,-33.37345926091075,22],[150.9848201740533,-33.37347401306033,22],[150.98481363616884,-33.3735394757241,21.600000381469727],[150.98479838110507,-33.37354810908437,21.399999618530273],[150.98479402251542,-33.37357199750841,21.200000762939453],[150.98477273248136,-33.373589934781194,21],[150.9847097005695,-33.37366411462426,20.600000381469727],[150.98466804251075,-33.37369663640857,20.200000762939453],[150.9846652764827,-33.37370208464563,20],[150.9846629295498,-33.37370686233044,19.799999237060547],[150.98462278023362,-33.37379889562726,19.200000762939453],[150.98462093621492,-33.37381046265364,19],[150.98459268920124,-33.37387902662158,18.799999237060547],[150.98458749242127,-33.373903166502714,18.600000381469727],[150.98458338528872,-33.37391565553844,18.600000381469727],[150.98457919433713,-33.37396745570004,18.200000762939453],[150.9845802001655,-33.37398958392441,17.799999237060547],[150.9845796134323,-33.37400953285396,17.799999237060547],[150.9845648612827,-33.37405337020755,17.399999618530273],[150.98456787876785,-33.37408958002925,17],[150.9845717344433,-33.37413417175412,16.600000381469727],[150.98458170890808,-33.37419318035245,16],[150.9845870733261,-33.37421094998717,15.800000190734863],[150.98459671251476,-33.37429250590503,15],[150.984597383067,-33.374302899464965,14.800000190734863],[150.98461783491075,-33.374411445111036,14],[150.98462596535683,-33.37444178760052,13.600000381469727],[150.98464842885733,-33.374473471194506,13.399999618530273],[150.98464951850474,-33.37448235601187,13.399999618530273],[150.98464868031442,-33.37449140846729,13.199999809265137],[150.98464725539088,-33.37449769489467,13.199999809265137],[150.9846533741802,-33.37456349283457,12.800000190734863],[150.9846549667418,-33.37458495050669,12.800000190734863],[150.98465555347502,-33.37468142621219,12.199999809265137],[150.9846517816186,-33.37472291663289,11.800000190734863],[150.9846536256373,-33.37477320805192,11.600000381469727],[150.98465622402728,-33.374789552763104,11.399999618530273],[150.98465806804597,-33.37479751557112,11.199999809265137],[150.9846459981054,-33.37484252639115,10.600000381469727],[150.98464775830507,-33.374856524169445,10.399999618530273],[150.984660750255,-33.3749280218035,9.600000381469727],[150.98472319543362,-33.37500438094139,8.800000190734863],[150.98473023623228,-33.37501008063555,8.600000381469727],[150.98473786376417,-33.3750176243484,8.399999618530273],[150.98474498838186,-33.375023575499654,8.399999618530273],[150.98479578271508,-33.37504620663822,7.800000190734863],[150.98481321707368,-33.37504645809531,7.800000190734863],[150.9848392009735,-33.37506447918713,7.400000095367432],[150.98485252819955,-33.37507512420416,7.199999809265137],[150.98487817682326,-33.37507822550833,7.199999809265137],[150.98487021401525,-33.375089624896646,7.199999809265137],[150.98487180657685,-33.3750918880105,7],[150.98487901501358,-33.37510848417878,6.800000190734863],[150.98487817682326,-33.375114016234875,6.800000190734863],[150.9849128779024,-33.37516321800649,6.400000095367432],[150.98492813296616,-33.375165816396475,6.400000095367432],[150.9849800169468,-33.375210324302316,6.199999809265137],[150.98504732362926,-33.37524577975273,6.199999809265137],[150.98507640883327,-33.37524343281984,6.199999809265137],[150.98517179489136,-33.37526028044522,6],[150.98518160171807,-33.37526706978679,6],[150.9852458909154,-33.37527880445123,5.599999904632568],[150.9852781612426,-33.37528810836375,5.400000095367432],[150.98529090173542,-33.37528861127794,5.199999809265137],[150.9853740502149,-33.375307973474264,4.800000190734863],[150.98539819009602,-33.375313337892294,4.599999904632568],[150.985461557284,-33.37532934732735,4.199999809265137],[150.9854787401855,-33.37533261626959,4.199999809265137],[150.98552827723324,-33.37532884441316,4],[150.98565459251404,-33.375325156375766,3.5999999046325684],[150.98571536131203,-33.37530973367393,3.200000047683716],[150.9857612941414,-33.37530872784555,2.799999952316284],[150.98581024445593,-33.37530286051333,2.5999999046325684],[150.98583773709834,-33.375321216881275,2.4000000953674316],[150.98589280620217,-33.37533513084054,2.4000000953674316],[150.98590948618948,-33.375335885211825,2.4000000953674316],[150.98593521863222,-33.375344267115,2.4000000953674316],[150.98594251088798,-33.37535122409463,2.4000000953674316],[150.98594879731536,-33.3753664791584,2.4000000953674316],[150.98596941679716,-33.37537729181349,2.4000000953674316],[150.9859772119671,-33.37538542225957,2.4000000953674316],[150.98599841818213,-33.3754872623831,2.200000047683716],[150.9860070515424,-33.3754994161427,2.200000047683716],[150.9860290121287,-33.37555414997041,2],[150.98603513091803,-33.37559916079044,1.7999999523162842],[150.9860432613641,-33.37568306364119,1.399999976158142],[150.98603697493672,-33.37569479830563,1.2000000476837158],[150.98603831604123,-33.37571809999645,1],[150.98605055361986,-33.37575112469494,0.800000011920929],[150.98606052808464,-33.37577727623284,0.6000000238418579],[150.9860731009394,-33.375808373093605,0.4000000059604645],[150.98609657026827,-33.375861095264554,0.20000000298023224],[150.98612682893872,-33.375909039750695,0],[150.98618005402386,-33.37594248354435,-0.4000000059604645],[150.98619623109698,-33.37594784796238,-0.4000000059604645],[150.98625088110566,-33.37599956430495,-0.6000000238418579],[150.98625666461885,-33.37601138278842,-0.6000000238418579],[150.9862752724439,-33.376056058332324,-0.6000000238418579],[150.98631056025624,-33.376082964241505,-0.6000000238418579],[150.98636127077043,-33.37608606554568,-0.6000000238418579],[150.98643134348094,-33.37612730450928,-1],[150.98645590245724,-33.37614247575402,-1.2000000476837158],[150.9865232091397,-33.37619913741946,-1.600000023841858],[150.98653368651867,-33.376204166561365,-1.600000023841858],[150.98659940063953,-33.37623232975602,-2],[150.98661105148494,-33.37623844854534,-2],[150.98663493990898,-33.376249093562365,-2],[150.98671339452267,-33.37629921734333,-2.4000000953674316],[150.9867439046502,-33.376318495720625,-2.5999999046325684],[150.98678832873702,-33.37634498253465,-2.799999952316284],[150.98683417774737,-33.376406421884894,-3],[150.986859658733,-33.376427041366696,-3],[150.98688413389027,-33.37643953040242,-3.200000047683716],[150.98692663013935,-33.37645512074232,-3.200000047683716],[150.98699234426022,-33.37646517902613,-3.4000000953674316],[150.98700407892466,-33.37647230364382,-3.5999999046325684],[150.98703685216606,-33.3764857146889,-3.799999952316284],[150.98705026321113,-33.37649309076369,-3.799999952316284],[150.98706040531397,-33.37650247849524,-3.799999952316284],[150.98711564205587,-33.376551093533635,-4],[150.98712226375937,-33.37655805051327,-4],[150.98717724904418,-33.37658830918372,-4],[150.98721438087523,-33.376610688865185,-4],[150.98728235810995,-33.376690400764346,-4.599999904632568],[150.9873770736158,-33.37674010545015,-5],[150.98738419823349,-33.37674438022077,-5.199999809265137],[150.98750866949558,-33.37680607102811,-5.599999904632568],[150.9875443764031,-33.37682593613863,-5.800000190734863],[150.98758712410927,-33.37686055339873,-6],[150.9876385051757,-33.376894081011415,-6.199999809265137],[150.98769751377404,-33.376927776262164,-6.199999809265137],[150.98778921179473,-33.37699273601174,-6.400000095367432],[150.98789792507887,-33.37704478763044,-6.800000190734863],[150.98792399279773,-33.377056773751974,-6.800000190734863],[150.98793664947152,-33.37706155143678,-7],[150.98794838413596,-33.3770676702261,-7],[150.9879981726408,-33.377084685489535,-7.199999809265137],[150.98800462670624,-33.377085104584694,-7.199999809265137],[150.98800999112427,-33.37708694860339,-7.199999809265137],[150.98805064335465,-33.37710153311491,-7.199999809265137],[150.9881382342428,-33.37715190835297,-7.400000095367432],[150.98819104023278,-33.37718082591891,-7.599999904632568],[150.98824560642242,-33.37721787393093,-7.800000190734863],[150.98825801163912,-33.37722206488252,-7.800000190734863],[150.98831165581942,-33.377234218642116,-8.199999809265137],[150.98835431970656,-33.37726917117834,-8.199999809265137],[150.98844224587083,-33.37732348591089,-8.199999809265137],[150.98846026696265,-33.37733848951757,-8.600000381469727],[150.98847007378936,-33.37734628468752,-8.600000381469727],[150.9884994942695,-33.377372520044446,-8.800000190734863],[150.98854567855597,-33.37741082534194,-9],[150.98855598829687,-33.377419877797365,-9.199999809265137],[150.9885703213513,-33.377426164224744,-9.199999809265137],[150.98861642181873,-33.377450136467814,-9.399999618530273],[150.98869713954628,-33.377501936629415,-9.800000190734863],[150.98877693526447,-33.377541080117226,-10],[150.98879990167916,-33.37755214422941,-10.199999809265137],[150.98886444233358,-33.37759547866881,-10.800000190734863],[150.98892915062606,-33.37761551141739,-11],[150.98894557915628,-33.37761852890253,-11.199999809265137],[150.9889569785446,-33.37762573733926,-11.199999809265137],[150.988963348791,-33.37763738818467,-11.199999809265137],[150.98898958414793,-33.37765515781939,-11.399999618530273],[150.9890809468925,-33.37772120721638,-11.800000190734863],[150.98913786001503,-33.377747274935246,-12.199999809265137],[150.98915772512555,-33.37776361964643,-12.399999618530273],[150.9891662746668,-33.37777250446379,-12.399999618530273],[150.98927171900868,-33.3778393920511,-13],[150.98932863213122,-33.377873757854104,-13.399999618530273],[150.98934749141335,-33.37788968347013,-13.399999618530273],[150.98941069096327,-33.377916757017374,-13.800000190734863],[150.989486631006,-33.377955397590995,-14.399999618530273],[150.98949886858463,-33.37796118110418,-14.399999618530273],[150.98957296460867,-33.37802312336862,-15.199999809265137],[150.98962526768446,-33.37806276977062,-15.600000381469727],[150.98968578502536,-33.378098644316196,-16],[150.98972015082836,-33.378114653751254,-16.399999618530273],[150.98974362015724,-33.37812169454992,-16.600000381469727],[150.98976801149547,-33.378131752833724,-16.799999237060547],[150.98984722048044,-33.37817651219666,-17.399999618530273],[150.98985459655523,-33.37818271480501,-17.600000381469727],[150.98988510668278,-33.37818916887045,-17.799999237060547],[150.98990069702268,-33.37820375338197,-17.799999237060547],[150.98991226404905,-33.37821322493255,-18],[150.98996414802969,-33.37824264541268,-18.600000381469727],[150.98996741697192,-33.37824834510684,-18.799999237060547],[150.98997546359897,-33.37825479917228,-18.799999237060547],[150.98998677916825,-33.37826343253255,-19],[150.9900823328644,-33.37830265983939,-19.399999618530273],[150.99012549966574,-33.37833375670016,-19.799999237060547],[150.9901470411569,-33.37835202924907,-19.799999237060547],[150.99018677137792,-33.37837818078697,-20],[150.99024427123368,-33.37845537811518,-20.200000762939453],[150.99025097675622,-33.37846023961902,-20.200000762939453],[150.99031233228743,-33.37847197428346,-19.600000381469727],[150.99033965729177,-33.3784818649292,-19.600000381469727],[150.9903526492417,-33.37850340642035,-19.600000381469727],[150.9903555829078,-33.37850307114422,-19.600000381469727],[150.9903537388891,-33.37850734591484,-19.399999618530273],[150.99035751074553,-33.37850206531584,-19.799999237060547],[150.99035751074553,-33.37850332260132,-19.799999237060547],[150.9903619531542,-33.37850583717227,-19.799999237060547],[150.99036019295454,-33.37851187214255,-19.799999237060547],[150.99035910330713,-33.37851187214255,-19.600000381469727]]},"properties":{"name":"Ten Mile Hollow Hiking"}}]}
