{"type":"FeatureCollection","features":[{"type":"Feature","geometry":{"type":"LineString","coordinates":[[150.9869262110442,-33.3801880851388,0.20000000298023224],[150.9869238641113,-33.38019160553813,0.20000000298023224],[150.98689469508827,-33.380206944420934,0],[150.98689327016473,-33.38020761497319,0],[150.98688958212733,-33.38022295385599,-0.20000000298023224],[150.9868908394128,-33.38022437877953,-0.4000000059604645],[150.9868908394128,-33.38022437877953,-0.4000000059604645],[150.9868908394128,-33.38022437877953,-0.4000000059604645],[150.9868908394128,-33.38022437877953,-0.4000000059604645],[150.98690089769661,-33.38022287003696,0],[150.98690249025822,-33.380232844501734,-0.6000000238418579],[150.98690249025822,-33.380235861986876,-0.800000011920929],[150.98688991740346,-33.38024944067001,-1],[150.98688991740346,-33.38024944067001,-1.2000000476837158],[150.98688866011798,-33.38025262579322,-1],[150.98688513971865,-33.38025270961225,-1],[150.98687357269228,-33.38025270961225,-1.2000000476837158],[150.98687357269228,-33.38025270961225,-1.2000000476837158],[150.9868556354195,-33.38024533353746,-1.600000023841858],[150.9868567250669,-33.38024524971843,-1.600000023841858],[150.98685706034303,-33.38024524971843,-1.600000023841858],[150.98686208948493,-33.38024960830808,-1.7999999523162842],[150.98686426877975,-33.38024969212711,-2],[150.98686737008393,-33.38024969212711,-2],[150.98687063902617,-33.380250949412584,-2],[150.98689310252666,-33.38024617172778,-1],[150.98689544945955,-33.380237789824605,-1.2000000476837158],[150.9868984669447,-33.38023259304464,0],[150.98689813166857,-33.38022488169372,0.20000000298023224],[150.98689813166857,-33.38022488169372,-0.20000000298023224],[150.98689813166857,-33.38022488169372,-0.20000000298023224],[150.98690249025822,-33.3802242949605,0.20000000298023224],[150.98690249025822,-33.38022370822728,0.20000000298023224],[150.9868963714689,-33.38022639043629,0.20000000298023224],[150.98688170313835,-33.38023812510073,-0.20000000298023224],[150.9868815355003,-33.380239717662334,-1],[150.98687851801515,-33.38024390861392,-1],[150.9868715610355,-33.38024499826133,-1.2000000476837158],[150.9868712257594,-33.38024499826133,-1.2000000476837158],[150.98687239922583,-33.38022731244564,0],[150.9868791885674,-33.380230413749814,0.20000000298023224],[150.9868693817407,-33.38023309595883,-1.600000023841858],[150.9868683759123,-33.38023376651108,-1.600000023841858],[150.98686871118844,-33.38023368269205,-1.600000023841858],[150.9868810325861,-33.380233934149146,0],[150.98688866011798,-33.38023083284497,0.4000000059604645],[150.98690014332533,-33.38022789917886,0.20000000298023224],[150.98690207116306,-33.3802277315408,0.4000000059604645],[150.98690366372466,-33.38022764772177,0.4000000059604645],[150.98690995015204,-33.38022924028337,0.4000000059604645],[150.98695144057274,-33.38026201352477,-0.800000011920929],[150.98704917356372,-33.38033183477819,-1],[150.98705923184752,-33.380339462310076,-1],[150.9871535282582,-33.38037030771375,-1.2000000476837158],[150.98718722350895,-33.38035203516483,-1.2000000476837158],[150.9872122015804,-33.38033854030073,-1.2000000476837158],[150.98722217604518,-33.38033527135849,-1.2000000476837158],[150.98729032091796,-33.38029922917485,-1],[150.9873173944652,-33.38026964105666,-1],[150.98739149048924,-33.380243657156825,-0.800000011920929],[150.9874537680298,-33.38026846759021,-0.6000000238418579],[150.98755041137338,-33.38030090555549,-1.399999976158142],[150.98761428147554,-33.380306186154485,-1.7999999523162842],[150.9876958373934,-33.38032294996083,-1.7999999523162842],[150.98777387291193,-33.38030945509672,-2],[150.9878079034388,-33.38028397411108,-2],[150.98781511187553,-33.380277436226606,-2],[150.98782022483647,-33.38027433492243,-2],[150.98781226202846,-33.380274921655655,-2.200000047683716],[150.98786599002779,-33.38024374097586,-2],[150.9879606217146,-33.380171405151486,-2.200000047683716],[150.98804511129856,-33.380119018256664,-3],[150.98806916736066,-33.38009697385132,-3.200000047683716],[150.98807788453996,-33.38008222170174,-3.200000047683716],[150.98814493976533,-33.38003469631076,-2.799999952316284],[150.98817670717835,-33.38002388365567,-2.799999952316284],[150.98819288425148,-33.38001416064799,-2.799999952316284],[150.98819548264146,-33.38001424446702,-3],[150.98819548264146,-33.380013573914766,-3],[150.98819757811725,-33.380009550601244,-3],[150.98821450956166,-33.38000737130642,-2.799999952316284],[150.98821400664747,-33.38000829331577,-3.200000047683716],[150.98821341991425,-33.38000929914415,-2.799999952316284],[150.9882122464478,-33.38000988587737,-3],[150.98821023479104,-33.38000988587737,-2.799999952316284],[150.98819866776466,-33.38000879622996,-3],[150.98819724284112,-33.38000779040158,-3],[150.98820285871625,-33.38000829331577,-2.799999952316284],[150.98820554092526,-33.38001038879156,-2.799999952316284],[150.98822079598904,-33.3800033479929,-2.4000000953674316],[150.98821165971458,-33.37999764829874,-3],[150.98821819759905,-33.379993541166186,-2.799999952316284],[150.9882711712271,-33.37995557114482,-2.5999999046325684],[150.98831785842776,-33.37992338463664,-2.4000000953674316],[150.98836437799037,-33.379889857023954,-2.5999999046325684],[150.9883937984705,-33.37986915372312,-2.799999952316284],[150.98851902410388,-33.37978273630142,-3],[150.98863410763443,-33.3797131665051,-2.4000000953674316],[150.98868724890053,-33.37967771105468,-2.4000000953674316],[150.98886284977198,-33.37956422008574,-2.200000047683716],[150.98888154141605,-33.37955106049776,-2.200000047683716],[150.98891691304743,-33.37952264584601,-2.4000000953674316],[150.9889319166541,-33.379514599218965,-2.5999999046325684],[150.9890383668244,-33.37945466861129,-2.5999999046325684],[150.9890692960471,-33.37943212129176,-2.4000000953674316],[150.9891345910728,-33.37938576936722,-2.4000000953674316],[150.98927163518965,-33.37929097004235,-2.5999999046325684],[150.9894557017833,-33.37918099947274,-2.4000000953674316],[150.98955251276493,-33.37912257760763,-2.200000047683716],[150.98972694016993,-33.37900782935321,-2.200000047683716],[150.9897395130247,-33.37899433448911,-2.200000047683716],[150.9898896329105,-33.3788981102407,-2.200000047683716],[150.9898999426514,-33.37889199145138,-2.200000047683716],[150.98991016857326,-33.3788875490427,-2.200000047683716],[150.9899885393679,-33.37883817963302,-2.200000047683716],[150.99003665149212,-33.37881429120898,-2.200000047683716],[150.9900302812457,-33.37881563231349,-2.200000047683716],[150.9900289401412,-33.378816302865744,-2.200000047683716],[150.9900278504938,-33.37882309220731,-2.200000047683716],[150.9900321252644,-33.378813955932856,-2],[150.9900273475796,-33.37880289182067,-2.5999999046325684],[150.99002768285573,-33.37880155071616,-2.5999999046325684],[150.99002768285573,-33.37879995815456,-2.4000000953674316],[150.99002768285573,-33.37879861705005,-2.4000000953674316],[150.99007721990347,-33.37876056320965,-2.200000047683716],[150.9900933969766,-33.378748409450054,-2.200000047683716],[150.99013371393085,-33.378719156607985,-2.200000047683716],[150.9901523217559,-33.37871060706675,-2.200000047683716],[150.9901669062674,-33.3786993753165,-2.200000047683716],[150.9901832509786,-33.37868227623403,-2.200000047683716],[150.9902109950781,-33.37866274639964,-2.200000047683716],[150.99023572169244,-33.37865210138261,-2.4000000953674316],[150.99021065980196,-33.37866551242769,-2],[150.99020697176456,-33.37866811081767,-2],[150.99020722322166,-33.37866752408445,-2.200000047683716],[150.99021225236356,-33.37866517715156,-2],[150.9902131743729,-33.378664841875434,-2],[150.99026371724904,-33.37863273918629,-2],[150.99028349854052,-33.378621423617005,-2],[150.99032524041831,-33.378594601526856,-1.7999999523162842],[150.9903627075255,-33.37856995873153,-1.399999976158142],[150.9903677366674,-33.37854380719364,-1.2000000476837158],[150.99036119878292,-33.37853475473821,-1.2000000476837158],[150.99035038612783,-33.3785283844918,-1.2000000476837158],[150.99033622071147,-33.378522181883454,-1],[150.99027377553284,-33.37847884744406,-1],[150.9902633819729,-33.37846979498863,-1],[150.9902247413993,-33.37845646776259,-1],[150.99021627567708,-33.37845856323838,-1.2000000476837158],[150.99021107889712,-33.37845831178129,-1.2000000476837158],[150.99021065980196,-33.37845730595291,-1.2000000476837158],[150.99021057598293,-33.37845663540065,-1.2000000476837158],[150.99021124653518,-33.37845311500132,-1.2000000476837158],[150.9902113303542,-33.37845311500132,-1.7999999523162842],[150.99016757681966,-33.37841489352286,-1.2000000476837158],[150.99007688462734,-33.37835202924907,-0.800000011920929],[150.9900490567088,-33.37833878584206,-0.6000000238418579],[150.98999876528978,-33.37830953299999,-0.4000000059604645],[150.98994084633887,-33.37828849442303,0],[150.98992810584605,-33.3782868180424,0.20000000298023224],[150.98982735536993,-33.378222696483135,1],[150.9898132737726,-33.37821666151285,1.2000000476837158],[150.98969609476626,-33.37813401594758,2.200000047683716],[150.98965854384005,-33.378114234656096,2.5999999046325684],[150.98962199874222,-33.378085317090154,3],[150.98959081806242,-33.37805866263807,3.4000000953674316],[150.9895400237292,-33.37803276255727,3.799999952316284],[150.98950817249715,-33.37802555412054,3.799999952316284],[150.9894562046975,-33.37799588218331,4],[150.98941043950617,-33.37795942090452,4.400000095367432],[150.98929854109883,-33.37789295241237,5.400000095367432],[150.98921748809516,-33.37783528491855,6],[150.98915588110685,-33.377798069268465,6.400000095367432],[150.98909695632756,-33.37776655331254,6.599999904632568],[150.9890418034047,-33.37772950530052,6.800000190734863],[150.98899838514626,-33.377699414268136,7.400000095367432],[150.98896452225745,-33.37766446173191,7.599999904632568],[150.98890383727849,-33.37763160467148,7.800000190734863],[150.9887973871082,-33.37757217697799,8.399999618530273],[150.98875966854393,-33.377551808953285,8.600000381469727],[150.98870074376464,-33.377519119530916,8.800000190734863],[150.98864022642374,-33.37749011814594,9.199999809265137],[150.988551042974,-33.37743764743209,9.600000381469727],[150.98854634910822,-33.37742825970054,9.600000381469727],[150.98843721672893,-33.3773782197386,10.199999809265137],[150.98839639686048,-33.37736003100872,10.600000381469727],[150.98831727169454,-33.37731367908418,10.800000190734863],[150.98829271271825,-33.37730144150555,10.800000190734863],[150.98825088702142,-33.3772783074528,11],[150.98816673271358,-33.37722759693861,11.600000381469727],[150.98815390840173,-33.3772193826735,11.800000190734863],[150.988056845963,-33.377159368246794,11.800000190734863],[150.9879255015403,-33.377108154818416,12.199999809265137],[150.98783757537603,-33.37706347927451,12.600000381469727],[150.98780530504882,-33.37703598663211,12.600000381469727],[150.9877203963697,-33.376977648586035,13],[150.98760103806853,-33.37693112902343,13.199999809265137],[150.98755200393498,-33.376892153173685,13.600000381469727],[150.98751009441912,-33.37687429971993,13.600000381469727],[150.9874471463263,-33.37684613652527,13.800000190734863],[150.9873950947076,-33.37682543322444,14],[150.98737221211195,-33.37681168690324,14],[150.987338013947,-33.37678830139339,14],[150.9872182365507,-33.37671848013997,14.800000190734863],[150.98720281384885,-33.376709427684546,14.800000190734863],[150.98710365593433,-33.376658130437136,15.199999809265137],[150.9869928471744,-33.37660364806652,15.600000381469727],[150.9869029931724,-33.37656903080642,15.800000190734863],[150.98684557713568,-33.376548578962684,16],[150.98675035871565,-33.3764907438308,16.600000381469727],[150.98667978309095,-33.37643223814666,16.799999237060547],[150.98663670010865,-33.37640474550426,17],[150.98653729073703,-33.37631925009191,17.200000762939453],[150.9864801261574,-33.3762729819864,17.600000381469727],[150.98644349724054,-33.37624297477305,17.799999237060547],[150.98643100820482,-33.37623425759375,17.799999237060547],[150.9863749332726,-33.37619318626821,18.399999618530273],[150.9862512163818,-33.376106433570385,18.799999237060547],[150.98622079007328,-33.376061422750354,18.799999237060547],[150.98617862910032,-33.376016579568386,19],[150.98615943454206,-33.37597995065153,19.200000762939453],[150.98613596521318,-33.37594625540078,19.399999618530273],[150.98606882616878,-33.37583997286856,19.799999237060547],[150.98606404848397,-33.37582429870963,20],[150.98601057194173,-33.37570351548493,20.200000762939453],[150.9859896171838,-33.37560745887458,21],[150.9859859291464,-33.375589437782764,21.200000762939453],[150.98592365160584,-33.37551693432033,21.600000381469727],[150.98586682230234,-33.37543034926057,22],[150.98584360443056,-33.37541760876775,22],[150.98577336408198,-33.375359270721674,22.200000762939453],[150.9856674168259,-33.37534485384822,22.200000762939453],[150.98563455976546,-33.37536689825356,22.399999618530273],[150.98559600301087,-33.37536153383553,22.799999237060547],[150.9855390060693,-33.375348038971424,23.200000762939453],[150.98549550399184,-33.37535357102752,23.600000381469727],[150.98542769439518,-33.375344602391124,23.799999237060547],[150.9853671770543,-33.37536044418812,24],[150.98533289507031,-33.375362204387784,24.200000762939453],[150.98528226837516,-33.375354409217834,24.399999618530273],[150.98524597473443,-33.3753352984786,24.799999237060547],[150.98518788814545,-33.37532934732735,25],[150.9851690288633,-33.37532700039446,25.200000762939453],[150.9851518459618,-33.375329012051225,25.399999618530273],[150.9850606508553,-33.375313840806484,25.799999237060547],[150.9849552065134,-33.375267405062914,26],[150.9849084354937,-33.37523639202118,26],[150.984898628667,-33.375231362879276,26],[150.98484557121992,-33.375154165551066,26.200000762939453],[150.98484758287668,-33.37514502927661,26.200000762939453],[150.98484649322927,-33.37512298487127,26.399999618530273],[150.98484582267702,-33.3751212246716,26.799999237060547],[150.98481338471174,-33.375141341239214,27],[150.9848098643124,-33.375142430886626,27.200000762939453],[150.98479603417218,-33.37512600235641,27.399999618530273],[150.9847789350897,-33.37509071454406,27.799999237060547],[150.98476686514914,-33.37506213225424,28.200000762939453],[150.98477264866233,-33.37505693547428,28.200000762939453],[150.98473702557385,-33.375004045665264,28.600000381469727],[150.98471263423562,-33.37496289052069,29],[150.98469662480056,-33.37494277395308,29.399999618530273],[150.98468044772744,-33.374919975176454,29.600000381469727],[150.9846676234156,-33.3748986851424,29.600000381469727],[150.98464113660157,-33.37484168820083,30.600000381469727],[150.98461959511042,-33.37480681948364,31],[150.98460241220891,-33.374718725681305,31.600000381469727],[150.98459889180958,-33.37469844147563,31.799999237060547],[150.98459905944765,-33.37459593079984,32.599998474121094],[150.98459453321993,-33.374573551118374,32.79999923706055],[150.9845864865929,-33.37450104765594,33.400001525878906],[150.9845611732453,-33.37444773875177,33.79999923706055],[150.98454415798187,-33.37441421113908,34],[150.98452932201326,-33.37432720698416,34.599998474121094],[150.98452010191977,-33.374303402379155,34.79999923706055],[150.98451767116785,-33.37428169324994,35],[150.9845059365034,-33.37421187199652,35.599998474121094],[150.9845085348934,-33.37421262636781,35.79999923706055],[150.98450912162662,-33.37421572767198,36],[150.98451113328338,-33.37421463802457,36],[150.98450442776084,-33.37417700327933,36.20000076293945],[150.98449621349573,-33.374047419056296,36.79999923706055],[150.98452286794782,-33.373942309990525,37.79999923706055],[150.9845209401101,-33.37392680346966,38],[150.9845368657261,-33.3738574013114,38.599998474121094],[150.9845561441034,-33.37382471188903,39],[150.9845843911171,-33.37376436218619,39.400001525878906],[150.98459562286735,-33.373716585338116,39.599998474121094],[150.98461263813078,-33.37367392145097,40],[150.98461548797786,-33.37365757673979,40],[150.984613224864,-33.37364751845598,40.20000076293945],[150.9846451599151,-33.37360334582627,40.599998474121094],[150.98466251045465,-33.37357275187969,41],[150.98469863645732,-33.373515754938126,41.20000076293945],[150.9847289789468,-33.37345766834915,41.79999923706055],[150.98473300226033,-33.37344995699823,42],[150.98473216407,-33.373441910371184,42],[150.9847686253488,-33.37338843382895,42.599998474121094],[150.9847918432206,-33.373368652537465,42.599998474121094],[150.98484003916383,-33.37331810966134,43],[150.9848555456847,-33.373294807970524,43],[150.98487163893878,-33.37327318266034,43.20000076293945],[150.98489686846733,-33.37324074469507,43.400001525878906],[150.98493886180222,-33.37317829951644,44.20000076293945],[150.9849557094276,-33.373145274817944,44.400001525878906],[150.98499208688736,-33.373045613989234,45],[150.98499678075314,-33.373036393895745,45],[150.9850006364286,-33.37301476858556,45.20000076293945],[150.9849987924099,-33.37295341305435,45.599998474121094],[150.98498999141157,-33.37290974333882,45.79999923706055],[150.98498378880322,-33.37286313995719,46.20000076293945],[150.98498228006065,-33.37283447384834,46.400001525878906],[150.98498789593577,-33.372750068083405,46.79999923706055],[150.9849889855832,-33.3726794924587,47.400001525878906],[150.98498035222292,-33.37265023961663,47.599998474121094],[150.9849456511438,-33.372562481090426,48.400001525878906],[150.98491086624563,-33.372475393116474,48.79999923706055],[150.9848703816533,-33.37238377891481,49.400001525878906],[150.98481397144496,-33.37229300290346,50.400001525878906],[150.98480617627501,-33.37228185497224,50.400001525878906],[150.98474339582026,-33.37221002206206,51],[150.98469218239188,-33.37217263877392,51.599998474121094],[150.98467474803329,-33.372154869139194,51.79999923706055],[150.98459092900157,-33.37207750417292,52.400001525878906],[150.98456067033112,-33.37205143645406,52.599998474121094],[150.98450819961727,-33.37201623246074,53],[150.98444843664765,-33.371955547481775,53.599998474121094],[150.9844363667071,-33.37193585000932,54],[150.98440728150308,-33.37190693244338,54.20000076293945],[150.9843936190009,-33.371893521398306,54.20000076293945],[150.98436377942562,-33.37186192162335,54.599998474121094],[150.98435363732278,-33.37183895520866,54.599998474121094],[150.98430695012212,-33.37174566462636,55.20000076293945],[150.98429043777287,-33.37167869322002,55.79999923706055],[150.98428239114583,-33.37163284420967,56.20000076293945],[150.984261687845,-33.371549444273114,56.79999923706055],[150.98426110111177,-33.37150971405208,57],[150.9842849895358,-33.3714138250798,57.79999923706055],[150.98428507335484,-33.37138943374157,58],[150.98429613746703,-33.37129136547446,59],[150.98429638892412,-33.371282145380974,59],[150.98433628678322,-33.37119824253023,59.79999923706055],[150.98435414023697,-33.371157590299845,60],[150.98435891792178,-33.37114895693958,60],[150.98436964675784,-33.37112565524876,60.20000076293945],[150.9843970555812,-33.37104158475995,61],[150.98441507667303,-33.37100084871054,61.400001525878906],[150.98446696065366,-33.37090822868049,62.20000076293945],[150.9844842273742,-33.370890794321895,62.400001525878906],[150.9845611732453,-33.370806807652116,63.20000076293945],[150.98457600921392,-33.370784763246775,63.20000076293945],[150.98461230285466,-33.37071913294494,63.79999923706055],[150.9846345987171,-33.37067563086748,64.19999694824219],[150.98474490456283,-33.37056549265981,65.19999694824219],[150.98485227674246,-33.37047580629587,66.19999694824219],[150.9848816972226,-33.37044646963477,66.5999984741211],[150.98495378158987,-33.37037798948586,67.4000015258789],[150.98504547961056,-33.37028997950256,68.4000015258789],[150.9850588068366,-33.3702845312655,68.5999984741211],[150.98506073467433,-33.37028520181775,68.80000305175781],[150.98506190814078,-33.3702842798084,68.80000305175781],[150.98506215959787,-33.37028419598937,68.80000305175781],[150.985062494874,-33.37028402835131,68.80000305175781],[150.98506232723594,-33.37028386071324,68.80000305175781],[150.98506232723594,-33.37028377689421,68.80000305175781],[150.98506232723594,-33.37028335779905,68.80000305175781],[150.98506148904562,-33.3702826872468,68.80000305175781],[150.98507607355714,-33.37026642635465,69.19999694824219],[150.98510968498886,-33.37023030035198,69.5999984741211],[150.98520532250404,-33.370142290368676,70.19999694824219],[150.98525050096214,-33.37008856236935,70.5999984741211],[150.98528151400387,-33.370061069726944,71],[150.98531587980688,-33.37002653628588,71.4000015258789],[150.9853315539658,-33.37000139057636,71.5999984741211],[150.98538947291672,-33.36992997676134,72.5999984741211],[150.98541780374944,-33.369898376986384,72.80000305175781],[150.98546046763659,-33.369837775826454,73.4000015258789],[150.9854835178703,-33.36980743333697,73.80000305175781],[150.98549399524927,-33.369799721986055,73.80000305175781],[150.9855271037668,-33.36976082995534,74.4000015258789],[150.9855580329895,-33.369723027572036,74.80000305175781],[150.9856029599905,-33.36965882219374,75.4000015258789],[150.9856299497187,-33.369629150256515,75.80000305175781],[150.9856542572379,-33.36958430707455,76.19999694824219],[150.98565668798983,-33.36956553161144,76.4000015258789],[150.98566096276045,-33.36955857463181,76.4000015258789],[150.9856735356152,-33.36955178529024,76.80000305175781],[150.98566959612072,-33.369551030918956,76.80000305175781],[150.98567521199584,-33.369550528004766,76.80000305175781],[150.98567521199584,-33.369550528004766,76.80000305175781],[150.9856751281768,-33.369545163586736,76.80000305175781],[150.98567596636713,-33.3695437386632,76.80000305175781],[150.98567605018616,-33.369542229920626,76.80000305175781],[150.9856761340052,-33.36954206228256,76.80000305175781],[150.98567755892873,-33.369541643187404,76.80000305175781],[150.98568401299417,-33.36954097263515,76.80000305175781],[150.98568451590836,-33.369540302082896,77],[150.98568535409868,-33.36954013444483,77],[150.98568233661354,-33.36947835981846,77.19999694824219],[150.98566817119718,-33.36937811225653,78],[150.9856655728072,-33.369359923526645,78],[150.9856595378369,-33.36932262405753,78.4000015258789],[150.98564059473574,-33.36922128684819,79],[150.9856373257935,-33.36919790133834,79.4000015258789],[150.98563187755644,-33.369133695960045,80],[150.98563397303224,-33.36911994963884,80.19999694824219],[150.98562810570002,-33.36909589357674,80.5999984741211],[150.98563430830836,-33.36903118528426,81],[150.98563975654542,-33.368975361809134,81.4000015258789],[150.98564537242055,-33.368960274383426,81.4000015258789],[150.9856664109975,-33.36891325190663,82],[150.98567663691938,-33.36889171041548,82.4000015258789],[150.98568216897547,-33.368883579969406,82.4000015258789],[150.98572575487196,-33.368819039314985,83.19999694824219],[150.98575274460018,-33.36878643371165,83.5999984741211],[150.98578853532672,-33.368756510317326,84],[150.98580655641854,-33.36873807013035,84.4000015258789],[150.98580798134208,-33.36873387917876,84.5999984741211],[150.98581099882722,-33.36873262189329,84.5999984741211],[150.98581108264625,-33.36872968822718,84.5999984741211],[150.9858141001314,-33.368727676570415,84.80000305175781],[150.98591418005526,-33.368687611073256,85.4000015258789],[150.98596455529332,-33.36867118254304,85.5999984741211],[150.98603446036577,-33.36865374818444,86.19999694824219],[150.98607670515776,-33.368640169501305,86.5999984741211],[150.98612238653004,-33.36862491443753,87],[150.98622414283454,-33.368597086519,87.80000305175781],[150.9862858336419,-33.36859348230064,88.19999694824219],[150.98639437928796,-33.36858610622585,88.80000305175781],[150.9865578263998,-33.36858090944588,89.80000305175781],[150.9865961316973,-33.3685711864382,90.19999694824219],[150.98661264404655,-33.368569845333695,90.19999694824219],[150.98667944781482,-33.36854763329029,90.80000305175781],[150.98670920357108,-33.36853941902518,91],[150.98682361654937,-33.36848946288228,91.80000305175781],[150.98684356547892,-33.368473537266254,92],[150.9869333356619,-33.36842156946659,93],[150.98701782524586,-33.368397764861584,93.80000305175781],[150.9870364330709,-33.368393490090966,93.80000305175781],[150.98706996068358,-33.36838577874005,94],[150.98716526292264,-33.36834202520549,95.19999694824219],[150.98725595511496,-33.368313359096646,96.19999694824219],[150.98728311248124,-33.36830858141184,96.5999984741211],[150.98729576915503,-33.36830263026059,96.80000305175781],[150.98737070336938,-33.36826952174306,97.19999694824219],[150.98746072500944,-33.36820900440216,98.19999694824219],[150.98746835254133,-33.368192659690976,98.4000015258789],[150.98747547715902,-33.36813951842487,99.4000015258789],[150.9874540194869,-33.36810548789799,99.80000305175781],[150.98743055015802,-33.36805704049766,100.4000015258789],[150.98742669448256,-33.36804807186127,100.4000015258789],[150.98742166534066,-33.36803583428264,100.5999984741211],[150.98737372085452,-33.36798663251102,101.4000015258789],[150.9873554483056,-33.36795352399349,101.5999984741211],[150.98735108971596,-33.36794908158481,101.80000305175781],[150.98735150881112,-33.367946399375796,102],[150.9873094316572,-33.36793826892972,102.4000015258789],[150.98729585297406,-33.36793516762555,102.4000015258789],[150.9871860500425,-33.36790415458381,103.19999694824219],[150.98714682273567,-33.36788780987263,103.4000015258789],[150.98713483661413,-33.36788211017847,103.5999984741211],[150.9870987944305,-33.367871632799506,104],[150.98703701980412,-33.3678407035768,104.5999984741211],[150.98702494986355,-33.36783274076879,104.5999984741211],[150.98694724962115,-33.36777742020786,105.4000015258789],[150.98691984079778,-33.36776912212372,105.5999984741211],[150.98681263625622,-33.367723943665624,106.80000305175781],[150.986740719527,-33.36767541244626,107.4000015258789],[150.9867348521948,-33.36766870692372,107.4000015258789],[150.98673133179545,-33.36766895838082,107.80000305175781],[150.98673082888126,-33.367669712752104,107.80000305175781],[150.98673049360514,-33.36767097003758,107.80000305175781],[150.98673049360514,-33.367670299485326,108],[150.98672630265355,-33.36766719818115,108],[150.98669931292534,-33.36765672080219,108.19999694824219],[150.98666134290397,-33.36764071136713,108.19999694824219],[150.9866014122963,-33.36761296726763,108.80000305175781],[150.98651004955173,-33.36757633835077,109.19999694824219],[150.9864693135023,-33.367556892335415,109.5999984741211],[150.98644567653537,-33.36754105053842,110],[150.98633629269898,-33.367437617853284,111],[150.98627175204456,-33.36736083962023,112],[150.9862435888499,-33.36731566116214,112.4000015258789],[150.98622104153037,-33.36727484129369,113],[150.9861846640706,-33.36717006750405,113.80000305175781],[150.98618072457612,-33.36715648882091,114],[150.9861711692065,-33.36703428067267,115],[150.98620243370533,-33.366936296224594,116.19999694824219],[150.98620662465692,-33.366922130808234,116.19999694824219],[150.98626119084656,-33.36681827902794,117.19999694824219],[150.98628474399447,-33.36678860709071,117.5999984741211],[150.9863117337227,-33.36673957295716,118.19999694824219],[150.98639303818345,-33.366660699248314,119.19999694824219],[150.98640385083854,-33.36665206588805,119.4000015258789],[150.9864899329841,-33.36657092906535,120.5999984741211],[150.98654156550765,-33.36653086356819,121],[150.98658883944154,-33.366485768929124,121.5999984741211],[150.986597975716,-33.36647713556886,121.80000305175781],[150.98665329627693,-33.36642265319824,122.5999984741211],[150.98671381361783,-33.36636649444699,123.5999984741211],[150.98672487773,-33.36635953746736,123.5999984741211],[150.98682914860547,-33.36627898737788,124.80000305175781],[150.98691891878843,-33.366199443116784,125.80000305175781],[150.98694942891598,-33.36617228575051,126.4000015258789],[150.9869930986315,-33.36613968014717,126.80000305175781],[150.98708077333868,-33.36607622914016,127.80000305175781],[150.98708890378475,-33.36606868542731,128],[150.98716056905687,-33.36601856164634,129],[150.98718043416739,-33.36600271984935,129.1999969482422],[150.9872544463724,-33.365961983799934,130.1999969482422],[150.98733206279576,-33.36594605818391,130.8000030517578],[150.98735553212464,-33.3659447170794,131.1999969482422],[150.98740867339075,-33.365929210558534,131.60000610351562],[150.98746307194233,-33.36591890081763,132.39999389648438],[150.98746919073164,-33.36591873317957,132.39999389648438],[150.98746759817004,-33.36592074483633,132.39999389648438],[150.9874712023884,-33.365927282720804,132.39999389648438],[150.98750707693398,-33.365971790626645,132.8000030517578],[150.9875436220318,-33.36605208925903,133.1999969482422],[150.98754261620343,-33.36608385667205,133.39999389648438],[150.9875473100692,-33.36609517224133,133.39999389648438],[150.98755175247788,-33.36610481142998,133.39999389648438],[150.98756122402847,-33.36613582447171,133.60000610351562],[150.98756013438106,-33.36615979671478,133.8000030517578],[150.9875549376011,-33.36622668430209,134.39999389648438],[150.98755938000977,-33.366268845275044,134.60000610351562],[150.9875583741814,-33.36628074757755,134.60000610351562],[150.98755795508623,-33.366293739527464,134.8000030517578],[150.98756248131394,-33.36636682972312,135],[150.9875686839223,-33.36641527712345,135.39999389648438],[150.98757865838706,-33.366438914090395,135.60000610351562],[150.9875993616879,-33.366529354825616,136.1999969482422],[150.98760564811528,-33.36656757630408,136.39999389648438],[150.98762199282646,-33.36664251051843,136.8000030517578],[150.9876447916031,-33.3666958194226,137.39999389648438],[150.9876504074782,-33.36670688353479,137.60000610351562],[150.98766398616135,-33.366724820807576,137.8000030517578],[150.98767488263547,-33.366740830242634,137.8000030517578],[150.98765057511628,-33.36675742641091,138],[150.98763909190893,-33.366761868819594,137.8000030517578],[150.9876804985106,-33.36677787825465,138],[150.98775777965784,-33.36681148968637,138.39999389648438],[150.98778141662478,-33.366828337311745,138.60000610351562],[150.9878686722368,-33.366910479962826,139.1999969482422],[150.98791644908488,-33.366944091394544,139.39999389648438],[150.9879508987069,-33.366967560723424,139.60000610351562],[150.98796523176134,-33.36697326041758,139.60000610351562],[150.98808358423412,-33.36698826402426,140.1999969482422],[150.9881194587797,-33.366953395307064,140.60000610351562],[150.98811820149422,-33.36693503893912,141],[150.98807713016868,-33.36688634008169,141.60000610351562],[150.98806095309556,-33.3668670617044,141.8000030517578],[150.98805424757302,-33.366855243220925,142],[150.98800286650658,-33.36678835563362,142.60000610351562],[150.9879659023136,-33.3667547442019,143],[150.98790345713496,-33.366677379235625,143.8000030517578],[150.98788736388087,-33.36665407754481,144],[150.98786029033363,-33.36657436564565,145],[150.98785534501076,-33.36655307561159,145.1999969482422],[150.98783212713897,-33.36646355688572,146],[150.98782625980675,-33.36639700457454,146.39999389648438],[150.98783288151026,-33.366314275190234,147],[150.98783304914832,-33.36630337871611,147.1999969482422],[150.98783849738538,-33.366204891353846,148.1999969482422],[150.98784151487052,-33.366182930767536,148.39999389648438],[150.9878739528358,-33.3660847786814,149.1999969482422],[150.98789155483246,-33.36603892967105,149.8000030517578],[150.9879307821393,-33.3659846149385,150.1999969482422],[150.98795240744948,-33.36594262160361,150.60000610351562],[150.98799272440374,-33.36588688194752,151.1999969482422],[150.9880245756358,-33.36582879535854,151.60000610351562],[150.98805374465883,-33.365741707384586,152.1999969482422],[150.98805592395365,-33.36571555584669,152.39999389648438],[150.98804729059339,-33.365633664652705,153],[150.98803396336734,-33.365597538650036,153.39999389648438],[150.98799012601376,-33.365512881428,154],[150.98796959035099,-33.36545001715422,154.39999389648438],[150.98794285207987,-33.36540559306741,154.60000610351562],[150.9879083186388,-33.36531909182668,155.39999389648438],[150.9879021998495,-33.36530978791416,155.60000610351562],[150.98782357759774,-33.36516838520765,156.39999389648438],[150.98774772137403,-33.365046763792634,157.39999389648438],[150.98772978410125,-33.36502664722502,157.60000610351562],[150.98767454735935,-33.36495967581868,158],[150.9876215737313,-33.36488826200366,158.60000610351562],[150.98757698200643,-33.364843083545566,159],[150.98755535669625,-33.36482531391084,159.1999969482422],[150.98751679994166,-33.364781476557255,159.60000610351562],[150.98748184740543,-33.364746440202,159.8000030517578],[150.98740850575268,-33.364689191803336,160.60000610351562],[150.9873805101961,-33.364663710817695,161],[150.98734228871763,-33.36459900252521,161.60000610351562],[150.98733885213733,-33.364576203748584,162],[150.9873054921627,-33.36454217322171,162.8000030517578],[150.98730431869626,-33.3645424246788,162.8000030517578],[150.98730817437172,-33.36453932337463,163.1999969482422],[150.98730817437172,-33.36453630588949,163.1999969482422],[150.98731462843716,-33.36452993564308,163.39999389648438],[150.98737405613065,-33.36446598172188,163.60000610351562],[150.987390819937,-33.364452151581645,163.8000030517578],[150.9875126928091,-33.36437763646245,164.8000030517578],[150.98752543330193,-33.36437269113958,165],[150.9875924885273,-33.36435793899,165.60000610351562],[150.98763498477638,-33.36435073055327,165.8000030517578],[150.98764596506953,-33.364346539601684,165.8000030517578],[150.98765971139073,-33.364342097193,166],[150.98767555318773,-33.36433966644108,166],[150.98769231699407,-33.36433715187013,166],[150.9877224918455,-33.364333380013704,166.39999389648438],[150.98779524676502,-33.36431887932122,167],[150.98782441578805,-33.364313011989,167.1999969482422],[150.98789993673563,-33.364302115514874,167.60000610351562],[150.98797797225416,-33.364292308688164,168.1999969482422],[150.9879942331463,-33.36429105140269,168.39999389648438],[150.98811141215265,-33.364276215434074,169.1999969482422],[150.98820478655398,-33.36426657624543,169.8000030517578],[150.98828483372927,-33.36425450630486,170.39999389648438],[150.98836940713227,-33.364247465506196,170.8000030517578],[150.9884751867503,-33.3642419334501,171.39999389648438],[150.98857794888318,-33.364232713356614,171.8000030517578],[150.98876528441906,-33.36422483436763,172.39999389648438],[150.98880124278367,-33.36422123014927,172.39999389648438],[150.9889641031623,-33.36421838030219,172.8000030517578],[150.989121934399,-33.364211255684495,173.60000610351562],[150.98913861438632,-33.36421008221805,173.60000610351562],[150.98928621970117,-33.36420555599034,174.39999389648438],[150.98932477645576,-33.36421142332256,174.60000610351562],[150.98942284472287,-33.36420723237097,174.8000030517578],[150.98958436399698,-33.36420237086713,175.39999389648438],[150.98961420357227,-33.36420211941004,175.60000610351562],[150.98975677974522,-33.36420027539134,176.60000610351562],[150.9897728729993,-33.36420061066747,176.8000030517578],[150.98995509557426,-33.364211255684495,177.60000610351562],[150.98998962901533,-33.36421192623675,177.8000030517578],[150.9900598693639,-33.36421209387481,178.1999969482422],[150.99010722711682,-33.36421477608383,178.1999969482422],[150.99022281356156,-33.36421041749418,178.8000030517578],[150.99027067422867,-33.3642094116658,179],[150.99031878635287,-33.364211255684495,179.39999389648438],[150.99039766006172,-33.364212261512876,179.60000610351562],[150.99042976275086,-33.364213183522224,179.8000030517578],[150.99056186154485,-33.36421553045511,180.8000030517578],[150.99059513770044,-33.36421703919768,181],[150.9907078742981,-33.364227935671806,181.39999389648438],[150.99086637608707,-33.36424956098199,182],[150.99097609519958,-33.364263977855444,182.39999389648438],[150.99111054092646,-33.36429859511554,183],[150.99112504161894,-33.364301109686494,183],[150.9912533685565,-33.36430781520903,183.39999389648438],[150.99136945791543,-33.36432047188282,183.60000610351562],[150.99153424613178,-33.36434721015394,183.8000030517578],[150.99160213954747,-33.36436070501804,184],[150.99168009124696,-33.364355424419045,184.1999969482422],[150.99176525138319,-33.36434695869684,184.39999389648438],[150.99183859303594,-33.36433212272823,184.60000610351562],[150.99195828661323,-33.36428836919367,185],[150.99197421222925,-33.364286441355944,185],[150.9921011980623,-33.36423053406179,185.1999969482422],[150.99223237484694,-33.36416574195027,185.39999389648438],[150.99229314364493,-33.36414470337331,185.60000610351562],[150.9923670720309,-33.36412022821605,185.60000610351562],[150.99241811782122,-33.36410790681839,185.60000610351562],[150.9925264120102,-33.36407857015729,186.1999969482422],[150.9925901144743,-33.36405183188617,186.39999389648438],[150.9927891008556,-33.36398226208985,186.1999969482422],[150.99288079887629,-33.36395217105746,186],[150.99293930456042,-33.36392895318568,185.8000030517578],[150.99309286102653,-33.363862400874496,185],[150.99310375750065,-33.36385619826615,185],[150.99320207722485,-33.36378294043243,184],[150.9932082798332,-33.36377162486315,184],[150.99327181465924,-33.36369367316365,183],[150.99329905584455,-33.36365846917033,182.60000610351562],[150.9933393727988,-33.363600466400385,182],[150.99337474443018,-33.36352854967117,181.60000610351562],[150.99345252849162,-33.36341857910156,181],[150.99346158094704,-33.363405000418425,181],[150.99354741163552,-33.36331774480641,180.1999969482422],[150.99363818764687,-33.363230153918266,180],[150.99365503527224,-33.363206181675196,179.8000030517578],[150.9937516786158,-33.363081123679876,179.1999969482422],[150.99379124119878,-33.36301842704415,178.8000030517578],[150.99387036636472,-33.362885070964694,178],[150.9939461387694,-33.362724892795086,178],[150.9939770679921,-33.36264258250594,177.8000030517578],[150.9940043091774,-33.362588519230485,177.8000030517578],[150.99403959698975,-33.36247083730996,177.60000610351562],[150.9940460510552,-33.36241224780679,177.60000610351562],[150.99406197667122,-33.36233329027891,177],[150.99406734108925,-33.36230596527457,176.8000030517578],[150.9940732922405,-33.36223656311631,176.1999969482422],[150.9940780699253,-33.36218090727925,176],[150.99408745765686,-33.362141847610474,175.8000030517578],[150.99409039132297,-33.36211661808193,175.8000030517578],[150.99410832859576,-33.36204486899078,175.60000610351562],[150.9941523335874,-33.36191796697676,175.8000030517578],[150.99417471326888,-33.36179659701884,176.1999969482422],[150.99417882040143,-33.3617209084332,176.8000030517578],[150.99418753758073,-33.36168570443988,177.1999969482422],[150.99418359808624,-33.361628791317344,177.8000030517578],[150.99418275989592,-33.3616017177701,178],[150.99418460391462,-33.361589815467596,178],[150.99419742822647,-33.361537428572774,178.39999389648438],[150.99420195445418,-33.36148948408663,179],[150.99420287646353,-33.36147515103221,179],[150.9942374099046,-33.36136761121452,179.8000030517578],[150.9942479711026,-33.3613411244005,180],[150.99425861611962,-33.36128203198314,180.60000610351562],[150.9942664951086,-33.36124741472304,180.8000030517578],[150.99427395500243,-33.36120508611202,181.1999969482422],[150.99429222755134,-33.36113425903022,182.1999969482422],[150.99429340101779,-33.361109448596835,182.39999389648438],[150.99430278874934,-33.36106703616679,183.39999389648438],[150.9943460393697,-33.36102311499417,184],[150.99437965080142,-33.36101188324392,184.39999389648438],[150.99443840794265,-33.36097978055477,184.8000030517578],[150.9944681636989,-33.36094642058015,185],[150.9944987576455,-33.360909037292004,185.39999389648438],[150.99454376846552,-33.36084969341755,186],[150.99458743818104,-33.360784063115716,186.39999389648438],[150.99459984339774,-33.36076210252941,186.60000610351562],[150.9946140088141,-33.36074416525662,186.60000610351562],[150.99466815590858,-33.36067786440253,187.60000610351562],[150.99469154141843,-33.36064760573208,188],[150.9947324451059,-33.360575353726745,188.60000610351562],[150.99476194940507,-33.36053310893476,188.8000030517578],[150.99483914673328,-33.36042179726064,189.60000610351562],[150.99488340318203,-33.36032750084996,190],[150.99494241178036,-33.36025617085397,190.1999969482422],[150.99494207650423,-33.360246531665325,190.1999969482422],[150.9950252249837,-33.36009473539889,189.8000030517578],[150.99506956525147,-33.360004629939795,189.8000030517578],[150.99509756080806,-33.359967498108745,189.8000030517578],[150.9951481036842,-33.359861969947815,190],[150.99519772455096,-33.35972484201193,190.1999969482422],[150.99525505676866,-33.359634736552835,190.60000610351562],[150.99527098238468,-33.35959919728339,190.8000030517578],[150.99534390494227,-33.3594691939652,191.60000610351562],[150.99540509283543,-33.35935469716787,192.1999969482422],[150.99543292075396,-33.35928705520928,192.1999969482422],[150.9954687114805,-33.35924103856087,192.39999389648438],[150.99548941478133,-33.359184209257364,192.60000610351562],[150.99549762904644,-33.35916928946972,192.8000030517578],[150.99552302621305,-33.359140288084745,192.8000030517578],[150.99558538757265,-33.35900659672916,192.1999969482422],[150.9956209268421,-33.358939876779914,191.60000610351562],[150.9956782590598,-33.35886879824102,191],[150.9957269579172,-33.358780704438686,190.60000610351562],[150.99573290906847,-33.35876712575555,190.39999389648438],[150.99577708169818,-33.358696047216654,190],[150.9957790095359,-33.35869336500764,190],[150.9958077594638,-33.358677104115486,189.8000030517578],[150.99585469812155,-33.35862781852484,190],[150.99587154574692,-33.3586039301008,190],[150.9959732182324,-33.358480632305145,189.39999389648438],[150.99599048495293,-33.358456660062075,189.1999969482422],[150.9960495773703,-33.35835096426308,188.39999389648438],[150.99608084186912,-33.35831131786108,188.1999969482422],[150.99616516381502,-33.358216267079115,187.60000610351562],[150.9962110966444,-33.35815750993788,187.39999389648438],[150.99626465700567,-33.35809984244406,187.1999969482422],[150.9963722806424,-33.35799071006477,187],[150.99644386209548,-33.357919212430716,186.1999969482422],[150.99645559675992,-33.357908986508846,186.1999969482422],[150.99654100835323,-33.357819048687816,185.60000610351562],[150.99657671526074,-33.35777772590518,185.39999389648438],[150.99660554900765,-33.35774838924408,185.1999969482422],[150.99663681350648,-33.35771268233657,185],[150.99672080017626,-33.35757597349584,184.1999969482422],[150.99672675132751,-33.35756189189851,184.1999969482422],[150.99679321981966,-33.35741529241204,183.60000610351562],[150.99680135026574,-33.35740230046213,183.60000610351562],[150.99688927643,-33.35727397352457,183.60000610351562],[150.9969756938517,-33.357134498655796,183.1999969482422],[150.99699078127742,-33.35710968822241,183.1999969482422],[150.99704182706773,-33.35703307762742,183.1999969482422],[150.99713788367808,-33.35689921863377,183.60000610351562],[150.99721575155854,-33.35681430995464,183.39999389648438],[150.99726025946438,-33.35676569491625,183.39999389648438],[150.99734416231513,-33.35667341016233,183.1999969482422],[150.99738473072648,-33.35662404075265,183.39999389648438],[150.997444242239,-33.356553046032786,183.60000610351562],[150.99746922031045,-33.35651851259172,183.60000610351562],[150.99758673459291,-33.356382893398404,184],[150.99765320308506,-33.35631265304983,184.1999969482422],[150.99768597632647,-33.356279879808426,184.39999389648438],[150.99780801683664,-33.356145014986396,185],[150.9978533629328,-33.35608466528356,185],[150.99789183586836,-33.356034541502595,185.1999969482422],[150.99790742620826,-33.35600629448891,185.39999389648438],[150.9980121999979,-33.355879643931985,185.60000610351562],[150.99813306704164,-33.35574704222381,186],[150.99815921857953,-33.35571091622114,186.1999969482422],[150.99819333292544,-33.35565987043083,186.1999969482422],[150.99824245087802,-33.35558996535838,186.39999389648438],[150.99825686775148,-33.35556616075337,186.39999389648438],[150.99834135733545,-33.35543565452099,187],[150.9984395094216,-33.35526566952467,187.1999969482422],[150.998501367867,-33.35514698177576,187.1999969482422],[150.99857496097684,-33.35499937646091,187.1999969482422],[150.99861762486398,-33.3548426348716,187],[150.99860915914178,-33.35468991659582,187],[150.9986367356032,-33.354582041502,186.8000030517578],[150.9986443631351,-33.35457215085626,186.8000030517578],[150.9986771363765,-33.354456312954426,187],[150.99866380915046,-33.35433879867196,187],[150.99862458184361,-33.35424207150936,187],[150.9985978435725,-33.35417409427464,187],[150.99858904257417,-33.35410821251571,187.1999969482422],[150.99857764318585,-33.3539242297411,187],[150.99852642975748,-33.35379296913743,187.1999969482422],[150.99847873672843,-33.35368408821523,187.1999969482422],[150.99846842698753,-33.35365475155413,187.39999389648438],[150.9984469693154,-33.35356908850372,187.8000030517578],[150.99844026379287,-33.353545451536775,188],[150.99842852912843,-33.35351879708469,188.1999969482422],[150.99841696210206,-33.353464817628264,188.60000610351562],[150.99841545335948,-33.35342206992209,188.8000030517578],[150.99842517636716,-33.353394493460655,189],[150.99842878058553,-33.35331168025732,189.39999389648438],[150.99844160489738,-33.35327069275081,189.60000610351562],[150.99849600344896,-33.35315183736384,190],[150.99857085384429,-33.35306391119957,190.39999389648438],[150.99860069341958,-33.35302887484431,190.39999389648438],[150.9986454527825,-33.35296995006502,190.60000610351562],[150.99869398400187,-33.352897027507424,191],[150.9987601172179,-33.3528065867722,191.39999389648438],[150.99880881607533,-33.35273810662329,191.60000610351562],[150.99883010610938,-33.352713547647,191.60000610351562],[150.99892892874777,-33.35259050130844,191.39999389648438],[150.9989342931658,-33.352579437196255,191.39999389648438],[150.99900084547698,-33.35247809998691,191],[150.999040491879,-33.35237491875887,191.1999969482422],[150.9990482032299,-33.35234792903066,191.1999969482422],[150.9990904480219,-33.35221021436155,191],[150.9991502109915,-33.352079121395946,191.39999389648438],[150.99915876053274,-33.35206571035087,191.39999389648438],[150.99919103085995,-33.35200443863869,191.1999969482422],[150.99921726621687,-33.35194190964103,191],[150.9992249775678,-33.35193453356624,190.8000030517578],[150.99923118017614,-33.351923217996955,190.8000030517578],[150.99923805333674,-33.35185473784804,190.60000610351562],[150.99926663562655,-33.3517206273973,190.39999389648438],[150.99927711300552,-33.35163571871817,190.39999389648438],[150.9993024263531,-33.35159322246909,190.39999389648438],[150.99931005388498,-33.3515773806721,190.39999389648438],[150.99933084100485,-33.351531364023685,190.39999389648438],[150.99938113242388,-33.35145441815257,190.39999389648438],[150.99941323511302,-33.35140471346676,190.1999969482422],[150.99942572414875,-33.351378394290805,190.39999389648438],[150.999442236498,-33.35135241039097,190.39999389648438],[150.99949143826962,-33.35128141567111,190.60000610351562],[150.99951792508364,-33.35124034434557,190.60000610351562],[150.99956846795976,-33.351182425394654,190.8000030517578],[150.9996322542429,-33.351111179217696,191],[150.99968874827027,-33.35105317644775,191.1999969482422],[150.99976074881852,-33.35098821669817,191.60000610351562],[150.9997847210616,-33.350965082645416,191.60000610351562],[150.99990013986826,-33.35088017396629,191.60000610351562],[151.00002301856875,-33.3507673535496,192],[151.00011446513236,-33.35068789310753,192.8000030517578],[151.0001454781741,-33.350662579759955,193.39999389648438],[151.0001563746482,-33.35065981373191,193.60000610351562],[151.00018604658544,-33.35063575766981,193.8000030517578],[151.00022493861616,-33.35060038603842,194.39999389648438],[151.0002329852432,-33.35059242323041,194.8000030517578],[151.00024388171732,-33.35058303549886,195],[151.00028302520514,-33.350547747686505,195.39999389648438],[151.00031688809395,-33.350518411025405,196],[151.0003519244492,-33.35049661807716,196.60000610351562],[151.00040229968727,-33.350468538701534,197.1999969482422],[151.0004885494709,-33.350434927269816,197.8000030517578],[151.00051755085588,-33.35042864084244,198.1999969482422],[151.00065627135336,-33.350394777953625,199],[151.00067446008325,-33.3503891620785,199.1999969482422],[151.00083044730127,-33.350371308624744,199.39999389648438],[151.00095718167722,-33.35035496391356,200],[151.00098693743348,-33.35034457035363,200.1999969482422],[151.00113688968122,-33.35032328031957,200.8000030517578],[151.00128675810993,-33.350301906466484,200.8000030517578],[151.00146604701877,-33.3503027446568,200.8000030517578],[151.00153234787285,-33.350291177630424,201],[151.0016059409827,-33.3502924349159,201],[151.00167458876967,-33.350318586453795,201],[151.001778524369,-33.350349348038435,200.8000030517578],[151.0019320808351,-33.35040299221873,200.39999389648438],[151.00199033506215,-33.350433837622404,200.39999389648438],[151.00208831951022,-33.350501311942935,199.8000030517578],[151.00219988264143,-33.350582448765635,199.39999389648438],[151.0022571310401,-33.35064413957298,199.1999969482422],[151.00226978771389,-33.3506531920284,199],[151.00234212353826,-33.3507483266294,198.8000030517578],[151.00236936472356,-33.35078017786145,198.8000030517578],[151.00245159119368,-33.35085368715227,198.8000030517578],[151.00256457924843,-33.35098369047046,198.60000610351562],[151.00267832167447,-33.35110154002905,198.39999389648438],[151.00271562114358,-33.35114361718297,198.1999969482422],[151.00275116041303,-33.35119139403105,198],[151.00277177989483,-33.35121260024607,197.8000030517578],[151.00281352177262,-33.35124528966844,197.60000610351562],[151.00283950567245,-33.35125518031418,197.39999389648438],[151.0028658248484,-33.351261634379625,197.39999389648438],[151.0028879530728,-33.351267417892814,197.1999969482422],[151.002938747406,-33.35128485225141,196.39999389648438],[151.00297646597028,-33.351285522803664,196],[151.00299800746143,-33.35127747617662,195.8000030517578],[151.00308761000633,-33.35123296827078,195],[151.00311057642102,-33.35119969211519,194.39999389648438],[151.0031258314848,-33.35113381035626,194],[151.0031353868544,-33.35111201740801,194],[151.0031379852444,-33.35110053420067,193.8000030517578],[151.00313974544406,-33.35108796134591,193.8000030517578],[151.0031406674534,-33.35106264799833,193.60000610351562],[151.00314309820533,-33.35104973986745,193.39999389648438],[151.00314636714756,-33.351036915555596,193.39999389648438],[151.00315005518496,-33.35102308541536,193.39999389648438],[151.00316380150616,-33.35099768824875,193.39999389648438],[151.00318601354957,-33.35095309652388,193],[151.0031922161579,-33.35094228386879,193],[151.00320344790816,-33.35091822780669,193],[151.00325541570783,-33.35084455087781,192.1999969482422],[151.00328609347343,-33.35080004297197,192.1999969482422],[151.00331819616258,-33.35075695998967,192],[151.00332364439964,-33.350746147334576,191.8000030517578],[151.00333269685507,-33.35071220062673,191.60000610351562],[151.00333739072084,-33.35069895721972,191.39999389648438],[151.00334912538528,-33.35067171603441,191.1999969482422],[151.0033806413412,-33.35061622783542,190.8000030517578],[151.00339472293854,-33.35059158504009,190.8000030517578],[151.00340218283236,-33.35057767108083,190.8000030517578],[151.0034226346761,-33.3505376894027,190.60000610351562],[151.00345549173653,-33.350482787936926,190.1999969482422],[151.00348667241633,-33.35044054314494,190],[151.00349010899663,-33.35042788647115,190],[151.00350469350815,-33.35037508048117,189.8000030517578],[151.00351483561099,-33.35035362280905,189.8000030517578],[151.0035188589245,-33.35034188814461,189.8000030517578],[151.00352690555155,-33.35031573660672,189.39999389648438],[151.00356873124838,-33.35023024119437,189],[151.0035885963589,-33.350192522630095,189],[151.0036050248891,-33.350168131291866,189],[151.00361851975322,-33.350142147392035,188.8000030517578],[151.00363318808377,-33.350116247311234,188.8000030517578],[151.0036377981305,-33.35010484792292,188.60000610351562],[151.0036419890821,-33.3500905148685,188.60000610351562],[151.00366545841098,-33.35005782544613,188.39999389648438],[151.00368280895054,-33.3500384632498,188.39999389648438],[151.0036903526634,-33.35002941079438,188.1999969482422],[151.00371700711548,-33.34999001584947,188],[151.00372388027608,-33.3499800413847,187.8000030517578],[151.00373360328376,-33.34997400641441,187.8000030517578],[151.0037522111088,-33.34996000863612,187.60000610351562],[151.0037703998387,-33.34992773830891,187.1999969482422],[151.00378590635955,-33.34990410134196,187],[151.00383946672082,-33.34985808469355,186.60000610351562],[151.00385086610913,-33.349850038066506,186.1999969482422],[151.00386193022132,-33.34983914159238,186.1999969482422],[151.00397801958025,-33.34975934587419,185.60000610351562],[151.00401406176388,-33.349744006991386,185.60000610351562],[151.00412914529443,-33.349697990342975,184.60000610351562],[151.00414406508207,-33.34969631396234,184.60000610351562],[151.00416803732514,-33.34969421848655,184.8000030517578],[151.0042403731495,-33.3496777061373,184.8000030517578],[151.00431958213449,-33.349659936502576,184.8000030517578],[151.0043479129672,-33.349652141332626,184.8000030517578],[151.00436207838356,-33.34964853711426,184.8000030517578],[151.00437649525702,-33.34964317269623,184.8000030517578],[151.00446299649775,-33.34963034838438,184.8000030517578],[151.00448152050376,-33.3496277499944,184.8000030517578],[151.0045159701258,-33.34962205030024,185],[151.00466491654515,-33.349581649526954,185],[151.00479810498655,-33.3495672326535,185.60000610351562],[151.0048127733171,-33.34956916049123,185.8000030517578],[151.0048587899655,-33.34956740029156,186.39999389648438],[151.0049147810787,-33.34956077858806,186.60000610351562],[151.0049277730286,-33.34956103004515,186.60000610351562],[151.00499549880624,-33.34954007528722,186.8000030517578],[151.00503489375114,-33.34952725097537,187],[151.0050614643842,-33.34952037781477,187],[151.00518442690372,-33.349468326196074,187.60000610351562],[151.00519792176783,-33.349461033940315,187.60000610351562],[151.00531292147934,-33.34945097565651,188.39999389648438],[151.00533831864595,-33.34946019575,188.60000610351562],[151.0053717624396,-33.34947243332863,189],[151.0054073855281,-33.349485425278544,189.39999389648438],[151.00543865002692,-33.34948475472629,189.8000030517578],[151.00552196614444,-33.34947788156569,190.1999969482422],[151.00559866055846,-33.34946799091995,190.1999969482422],[151.00565381348133,-33.34947151131928,190.60000610351562],[151.0056780371815,-33.34947654046118,190.8000030517578],[151.00576294586062,-33.34947100840509,192],[151.00583645515144,-33.34946514107287,192.1999969482422],[151.00599126890302,-33.34944938309491,192.60000610351562],[151.00613619200885,-33.34940261207521,193],[151.00618539378047,-33.349394565448165,193],[151.0062993876636,-33.34939481690526,192.60000610351562],[151.00646786391735,-33.34939582273364,192.1999969482422],[151.0065401159227,-33.3493946492672,192],[151.00663877092302,-33.349399007856846,192],[151.00671228021383,-33.349403366446495,191.8000030517578],[151.006762906909,-33.34941191598773,191.60000610351562],[151.00681018084288,-33.34942406974733,191.60000610351562],[151.00693750195205,-33.349446784704924,191.1999969482422],[151.00697061046958,-33.34945181384683,191.1999969482422],[151.00713548250496,-33.349461453035474,191.1999969482422],[151.0072550084442,-33.3494461979717,191.1999969482422],[151.00736036896706,-33.34943672642112,190.8000030517578],[151.00737562403083,-33.34943639114499,190.8000030517578],[151.00755625404418,-33.34944217465818,190.39999389648438],[151.00758919492364,-33.349443431943655,190.39999389648438],[151.00768298842013,-33.34943689405918,190.1999969482422],[151.00776043720543,-33.3494565077126,190],[151.007793629542,-33.349458100274205,189.8000030517578],[151.007841238752,-33.34945843555033,189.8000030517578],[151.00797006860375,-33.349461033940315,189.1999969482422],[151.0080748423934,-33.34945918992162,188.8000030517578],[151.00811918266118,-33.34946061484516,188.1999969482422],[151.00816427730024,-33.34946019575,187.60000610351562],[151.00823778659105,-33.34946354851127,187.1999969482422],[151.00831096060574,-33.349467907100916,186.60000610351562],[151.00834038108587,-33.34947142750025,186.39999389648438],[151.00846393033862,-33.349493723362684,185.60000610351562],[151.00850215181708,-33.34950244054198,185.1999969482422],[151.0085410438478,-33.349511828273535,184.60000610351562],[151.00855202414095,-33.34951191209257,184.39999389648438],[151.00861656479537,-33.3494860958308,183.60000610351562],[151.00862435996532,-33.349483078345656,183.39999389648438],[151.0086993779987,-33.34945013746619,183.1999969482422],[151.00882770493627,-33.34941434673965,183],[151.0088843666017,-33.349418453872204,183],[151.00887472741306,-33.349423818290234,182.8000030517578],[151.0088753979653,-33.34942331537604,182.60000610351562],[151.00887514650822,-33.34942331537604,182.39999389648438],[151.00887154228985,-33.34942038170993,182.8000030517578],[151.0088687762618,-33.34941887296736,182.60000610351562],[151.00884983316064,-33.349415604025126,182.60000610351562],[151.00884740240872,-33.34941443055868,182.8000030517578],[151.0088573768735,-33.34941191598773,182.8000030517578],[151.00885938853025,-33.34940998815,183],[151.00885963998735,-33.34940990433097,183],[151.00885972380638,-33.349409736692905,183],[151.00885997526348,-33.34940956905484,183],[151.0088600590825,-33.34940956905484,183],[151.00886307656765,-33.34940269589424,182.8000030517578],[151.00886626169086,-33.34940118715167,182.60000610351562],[151.0088703688234,-33.34939498454332,183],[151.0088703688234,-33.34939423017204,183],[151.0088711231947,-33.34939288906753,183],[151.00887120701373,-33.3493928052485,183],[151.00887212902308,-33.34939221851528,183],[151.00887254811823,-33.34939238615334,183.1999969482422],[151.00887279957533,-33.34939448162913,183.39999389648438],[151.00887313485146,-33.34939498454332,183.1999969482422],[151.00887372158468,-33.34939498454332,183.1999969482422],[151.00887397304177,-33.34939523600042,183.1999969482422],[151.00887388922274,-33.34939531981945,183.39999389648438],[151.0088949277997,-33.34938643500209,183.39999389648438],[151.00892334245145,-33.34939045831561,183.39999389648438],[151.0089256055653,-33.3493946492672,183.39999389648438],[151.0088655911386,-33.34941040724516,183.39999389648438],[151.0088576283306,-33.34941568784416,183.39999389648438],[151.0088594723493,-33.34938274696469,182.8000030517578],[151.00885058753192,-33.34935232065618,183.39999389648438],[151.00884715095162,-33.34935860708356,183.39999389648438],[151.00891269743443,-33.3493116684258,183.39999389648438],[151.0088800918311,-33.34930898621678,183.39999389648438],[151.00886458531022,-33.349313512444496,183.39999389648438],[151.00884396582842,-33.34932005032897,183.39999389648438],[151.00885511375964,-33.349323654547334,183.39999389648438],[151.00885611958802,-33.349325163289905,183.39999389648438],[151.00885611958802,-33.34932549856603,183.1999969482422],[151.00885813124478,-33.349331030622125,183.39999389648438],[151.00886617787182,-33.34933463484049,183.39999389648438],[151.0088634956628,-33.349339831620455,183.39999389648438],[151.0088632442057,-33.34934025071561,183.39999389648438],[151.0088655911386,-33.349344274029136,183],[151.00885855033994,-33.349334970116615,183.39999389648438],[151.00885855033994,-33.34933631122112,183.60000610351562],[151.00885905325413,-33.34933874197304,183.39999389648438],[151.0088594723493,-33.34934066981077,183.60000610351562],[151.00885930471122,-33.34934460930526,183.8000030517578],[151.0088594723493,-33.3493460342288,183.8000030517578],[151.0088603105396,-33.34934829734266,183.8000030517578],[151.0088605619967,-33.34934930317104,183.8000030517578],[151.00886064581573,-33.34935030899942,184],[151.00886114872992,-33.34935240447521,184],[151.0088624060154,-33.34935709834099,183.8000030517578],[151.00886248983443,-33.34935726597905,183.8000030517578],[151.00886257365346,-33.34935810416937,184.1999969482422],[151.00886307656765,-33.34935927763581,184.60000610351562],[151.0088634956628,-33.34936061874032,184.8000030517578],[151.00886357948184,-33.349360786378384,184.8000030517578],[151.00886550731957,-33.34936271421611,184.60000610351562],[151.00886592641473,-33.349363300949335,185.39999389648438],[151.00886617787182,-33.34936355240643,185.60000610351562],[151.00886659696698,-33.34936397150159,185.1999969482422],[151.008866680786,-33.34936413913965,185.39999389648438],[151.00895142182708,-33.34935374557972,185.39999389648438],[151.0090466402471,-33.34933857433498,185.39999389648438],[151.0090904776007,-33.34931627847254,185.39999389648438],[151.00923682563007,-33.349255258217454,185.1999969482422],[151.0092726163566,-33.349243607372046,185.1999969482422],[151.009363476187,-33.349218210205436,185.1999969482422],[151.00949163548648,-33.349222568795085,185.1999969482422],[151.00961753167212,-33.34924687631428,185.39999389648438],[151.00967343896627,-33.34926129318774,185.39999389648438],[151.00971098989248,-33.34927646443248,185.39999389648438],[151.0097456909716,-33.34928685799241,185.39999389648438],[151.00978810340166,-33.34930404089391,185.60000610351562],[151.00983353331685,-33.349316446110606,185.60000610351562],[151.00984644144773,-33.34931862540543,185.60000610351562],[151.00995507091284,-33.349353997036815,185.8000030517578],[151.01003997959197,-33.34937964566052,186],[151.01007660850883,-33.34937755018473,186],[151.01015799678862,-33.34936120547354,186.39999389648438],[151.0101732518524,-33.34936447441578,186.39999389648438],[151.01019672118127,-33.3493684977293,186.39999389648438],[151.0102094616741,-33.349365312606096,186.39999389648438],[151.0102309193462,-33.349357014521956,186.60000610351562],[151.0103004053235,-33.34933027625084,187.1999969482422],[151.01031213998795,-33.34932558238506,187.1999969482422],[151.01037232205272,-33.349300771951675,187.8000030517578],[151.01044616661966,-33.34927906282246,188.8000030517578],[151.01046888157725,-33.3492717705667,189],[151.0105117969215,-33.34925852715969,189.39999389648438],[151.0105454083532,-33.34925123490393,189.60000610351562],[151.01056091487408,-33.34924134425819,189.8000030517578],[151.0105990525335,-33.34921393543482,190.39999389648438],[151.01061447523534,-33.34920287132263,190.60000610351562],[151.01064297370613,-33.349190298467875,191],[151.01069251075387,-33.34916615858674,191.1999969482422],[151.0107634216547,-33.34915400482714,192],[151.01078714244068,-33.34915107116103,192.1999969482422],[151.01084724068642,-33.34914989769459,193],[151.01085813716054,-33.34915040060878,193.1999969482422],[151.01089518517256,-33.34915350191295,193.39999389648438],[151.01098218932748,-33.349150316789746,194.1999969482422],[151.01101437583566,-33.34914998151362,194.39999389648438],[151.01102787069976,-33.34914671257138,194.39999389648438],[151.01111319847405,-33.3491425216198,195.39999389648438],[151.0112269409001,-33.34913095459342,195.8000030517578],[151.01129659451544,-33.349157525226474,196],[151.01130975410342,-33.34916163235903,196.1999969482422],[151.01134093478322,-33.34916381165385,196.39999389648438],[151.0113818384707,-33.34916179999709,196.39999389648438],[151.01152600720525,-33.34916766732931,197],[151.01163991726935,-33.34920295514166,197.39999389648438],[151.0116498079151,-33.34921460598707,197.39999389648438],[151.011752653867,-33.34926129318774,197.60000610351562],[151.01181954145432,-33.34929029457271,197.8000030517578],[151.01183161139488,-33.34929817356169,197.8000030517578],[151.01184058003128,-33.349305633455515,197.8000030517578],[151.01184887811542,-33.34931569173932,197.8000030517578],[151.01194258779287,-33.34937319159508,198.1999969482422],[151.01195549592376,-33.34937822073698,198.1999969482422],[151.01196639239788,-33.349384255707264,198.1999969482422],[151.01197787560523,-33.34939104504883,198.39999389648438],[151.01203311234713,-33.34942918270826,198.8000030517578],[151.0121160093695,-33.34952197037637,199.39999389648438],[151.01212346926332,-33.34952884353697,199.39999389648438],[151.01217610761523,-33.349589025601745,199.39999389648438],[151.0122378822416,-33.349645771086216,199.8000030517578],[151.0123015847057,-33.34969472140074,200],[151.01231851615012,-33.34971156902611,200],[151.01233980618417,-33.34972724318504,200],[151.01246419362724,-33.34983712993562,200.39999389648438],[151.0124751739204,-33.34984668530524,200.39999389648438],[151.01248648948967,-33.349857246503234,200.60000610351562],[151.01251498796046,-33.349881721660495,200.60000610351562],[151.0125441569835,-33.349907202646136,201],[151.0125510301441,-33.34991801530123,201],[151.01257156580687,-33.34994777105749,201.1999969482422],[151.012590425089,-33.34996126592159,201.1999969482422],[151.01262604817748,-33.349993117153645,201.39999389648438],[151.01263535209,-33.35000317543745,201.39999389648438],[151.012704083696,-33.35008439607918,202.1999969482422],[151.01271950639784,-33.350115744397044,202.60000610351562],[151.01276569068432,-33.35019017569721,203.1999969482422],[151.01280349306762,-33.3502387907356,203.60000610351562],[151.01283450610936,-33.350280029699206,203.8000030517578],[151.01289443671703,-33.35037005133927,204.1999969482422],[151.01291270926595,-33.35038882680237,204.1999969482422],[151.01292142644525,-33.35039695724845,204.1999969482422],[151.01297884248197,-33.350488152354956,204.60000610351562],[151.0129918344319,-33.35051321424544,204.60000610351562],[151.01301714777946,-33.350543808192015,204.8000030517578],[151.01302905008197,-33.35056836716831,204.8000030517578],[151.0130417905748,-33.35063349455595,205],[151.0130452271551,-33.350703567266464,205.60000610351562],[151.01304531097412,-33.350750003010035,206.1999969482422],[151.01304388605058,-33.350793085992336,206.8000030517578],[151.01303164847195,-33.35081655532122,207.1999969482422],[151.0130296368152,-33.35082711651921,207.39999389648438],[151.01302628405392,-33.35083759389818,207.60000610351562],[151.01302511058748,-33.35084765218198,207.8000030517578],[151.01303173229098,-33.35090255364776,208.60000610351562],[151.01302376948297,-33.35092233493924,209],[151.01299510337412,-33.350981594994664,210],[151.0129905771464,-33.35099249146879,210.1999969482422],[151.01299066096544,-33.351041693240404,211],[151.0129918344319,-33.35105183534324,211.1999969482422],[151.01299284026027,-33.351085782051086,211.39999389648438],[151.01302737370133,-33.35119508206844,212],[151.01303198374808,-33.35120363160968,212.1999969482422],[151.01306911557913,-33.35128183476627,212.60000610351562],[151.0130759049207,-33.35130237042904,212.8000030517578],[151.01312443614006,-33.35139909759164,213],[151.01313902065158,-33.351450730115175,213.1999969482422],[151.01316081359982,-33.351512756198645,213.8000030517578],[151.01319056935608,-33.35159280337393,213.60000610351562],[151.0132127813995,-33.35164192132652,213.8000030517578],[151.01326349191368,-33.351746862754226,214.1999969482422],[151.01327824406326,-33.351769326254725,214.39999389648438],[151.01328453049064,-33.35177871398628,214.39999389648438],[151.0133525915444,-33.35187904536724,215],[151.01337094791234,-33.35191022604704,215.39999389648438],[151.013412354514,-33.351990105584264,216],[151.01342593319714,-33.3520108088851,216.39999389648438],[151.01349332369864,-33.352087419480085,217],[151.01350556127727,-33.352132346481085,217.60000610351562],[151.01352274417877,-33.35218917578459,218.1999969482422],[151.0135370772332,-33.352210046723485,218.60000610351562],[151.01357060484588,-33.3522645290941,219],[151.013597343117,-33.35229327902198,219.39999389648438],[151.0136042162776,-33.35230325348675,219.60000610351562],[151.01369398646057,-33.35239729844034,220.60000610351562],[151.01370194926858,-33.35240760818124,220.60000610351562],[151.01375894621015,-33.35249804891646,220],[151.01377596147358,-33.35251238197088,219.60000610351562],[151.01381183601916,-33.35253627039492,219],[151.0138875246048,-33.35260357707739,218.60000610351562],[151.0139083955437,-33.35262461565435,218.60000610351562],[151.0140294302255,-33.352731401100755,218.39999389648438],[151.01403940469027,-33.35274095647037,218.39999389648438],[151.01416119374335,-33.35286073386669,218.60000610351562],[151.01424107328057,-33.352940613403916,219.60000610351562],[151.0142689011991,-33.35296458564699,220],[151.01431734859943,-33.35300825536251,220.8000030517578],[151.0143761895597,-33.35306357592344,221],[151.0144818853587,-33.353136498481035,221.8000030517578],[151.01457266137004,-33.35318083874881,222.1999969482422],[151.01461607962847,-33.35319676436484,222.1999969482422],[151.0147543810308,-33.35324479267001,222],[151.01480953395367,-33.35327295586467,222],[151.01487298496068,-33.35330857895315,221.8000030517578],[151.01489217951894,-33.35330832749605,221.8000030517578],[151.01493978872895,-33.35332375019789,221.8000030517578],[151.01504020392895,-33.353371527045965,221.8000030517578],[151.01510541513562,-33.35341184400022,222],[151.01519032381475,-33.35348174907267,222],[151.01527087390423,-33.35351192392409,221.39999389648438],[151.0153479874134,-33.35350303910673,220.8000030517578],[151.0153762344271,-33.353501027449965,220.60000610351562],[151.0154944192618,-33.35349306464195,220.39999389648438],[151.0155100096017,-33.353489711880684,220.1999969482422],[151.01562819443643,-33.35345727391541,220.1999969482422],[151.0157639812678,-33.35342793725431,220.39999389648438],[151.01578476838768,-33.35342651233077,220.39999389648438],[151.0159272607416,-33.35344788618386,221],[151.01600822992623,-33.35345283150673,221.60000610351562],[151.01606715470552,-33.35345081984997,221.8000030517578],[151.01613990962505,-33.3534683380276,222],[151.0162969864905,-33.353519132360816,222.60000610351562],[151.01640628650784,-33.35354897193611,223],[151.01650142110884,-33.35355936549604,223.60000610351562],[151.01652598008513,-33.35356431081891,223.8000030517578],[151.01655188016593,-33.3535629697144,224],[151.01660074666142,-33.353563053533435,224.39999389648438],[151.01671624928713,-33.353564059361815,225.1999969482422],[151.01672563701868,-33.35356439463794,225.1999969482422],[151.01684642024338,-33.353565568104386,225.39999389648438],[151.0168676264584,-33.3535629697144,225.60000610351562],[151.01694046519697,-33.35355408489704,226.1999969482422],[151.0169825423509,-33.35354771465063,226.39999389648438],[151.01712595671415,-33.35353983566165,226.60000610351562],[151.01722871884704,-33.353530783206224,226.8000030517578],[151.01726182736456,-33.353525418788195,226.8000030517578],[151.01734899915755,-33.35352583788335,226.8000030517578],[151.01742544211447,-33.353520054370165,227.39999389648438],[151.0174702014774,-33.353521479293704,227.8000030517578],[151.01753323338926,-33.35352114401758,228.39999389648438],[151.01754647679627,-33.353525921702385,228.60000610351562],[151.0175679344684,-33.35353824310005,228.8000030517578],[151.01757866330445,-33.353544948622584,228.8000030517578],[151.01759324781597,-33.35354855284095,228.8000030517578],[151.01763356477022,-33.35354243405163,229.1999969482422],[151.0176451317966,-33.35354536771774,229.1999969482422],[151.01766474545002,-33.3535492233932,229.60000610351562],[151.01768394000828,-33.35354461334646,230],[151.01771788671613,-33.353541512042284,230.39999389648438],[151.01773884147406,-33.35353581234813,230.8000030517578],[151.01780204102397,-33.35353447124362,231.60000610351562],[151.01783204823732,-33.35353480651975,231.8000030517578],[151.01789575070143,-33.35353748872876,232.39999389648438],[151.01790983229876,-33.353536734357476,232.39999389648438],[151.01795266382396,-33.353529274463654,232.8000030517578],[151.0180394165218,-33.35350764915347,233.60000610351562],[151.0180659033358,-33.353506894782186,233.8000030517578],[151.0180994309485,-33.353514689952135,234.1999969482422],[151.0181523207575,-33.35352231748402,234.60000610351562],[151.0181607864797,-33.35352625697851,234.8000030517578],[151.01830202154815,-33.35353924892843,235.39999389648438],[151.0183985810727,-33.35355408489704,235.8000030517578],[151.0184512194246,-33.35354771465063,236.1999969482422],[151.0185362957418,-33.3535164501518,236.8000030517578],[151.01854677312076,-33.353512259200215,237],[151.01858532987535,-33.35348082706332,237.60000610351562],[151.01860410533845,-33.353464314714074,237.8000030517578],[151.01867543533444,-33.35343246348202,238],[151.01868733763695,-33.35342693142593,238],[151.01871089078486,-33.35341377183795,238.1999969482422],[151.01875917054713,-33.35339759476483,238.1999969482422],[151.01881155744195,-33.353399857878685,238.60000610351562],[151.018819604069,-33.35340488702059,238.60000610351562],[151.0188523773104,-33.3534197229892,239.1999969482422],[151.01885832846165,-33.35342290811241,239.1999969482422],[151.0188888385892,-33.35340010933578,239.8000030517578],[151.01889562793076,-33.353390553966165,239.60000610351562],[151.01892915554345,-33.35334671661258,239],[151.019007274881,-33.35332425311208,238.60000610351562],[151.0190384555608,-33.35331402719021,238.60000610351562],[151.01906863041222,-33.35330983623862,238.60000610351562],[151.01915705949068,-33.353292318060994,238.8000030517578],[151.01917197927833,-33.3532886300236,238.8000030517578],[151.01924741640687,-33.35326809436083,239],[151.0193513520062,-33.35325543768704,239.1999969482422],[151.01953575387597,-33.35321973077953,239.39999389648438],[151.01958797313273,-33.35321428254247,239.60000610351562],[151.01962854154408,-33.35319424979389,239.39999389648438],[151.0197416972369,-33.353154603391886,239],[151.01991570554674,-33.353117974475026,238.1999969482422],[151.01994722150266,-33.353113532066345,238],[151.02000815793872,-33.35309919901192,238],[151.02005425840616,-33.3530901465565,238],[151.02008753456175,-33.35308209992945,237.8000030517578],[151.02013112045825,-33.35307078436017,237.8000030517578],[151.02017051540315,-33.35306089371443,237.60000610351562],[151.02019373327494,-33.35305133834481,237.60000610351562],[151.0203281790018,-33.35302351042628,238],[151.02044376544654,-33.35297992452979,237.8000030517578],[151.0205575916916,-33.35290306247771,238.39999389648438],[151.02066731080413,-33.35281480103731,239.1999969482422],[151.02067770436406,-33.35280742496252,239.1999969482422],[151.02070058695972,-33.3527912478894,239.39999389648438],[151.0207494534552,-33.352758223190904,239.39999389648438],[151.02076454088092,-33.352748500183225,239.39999389648438],[151.02085313759744,-33.352702986449,239.60000610351562],[151.02101038210094,-33.3526427205652,239.60000610351562],[151.02102555334568,-33.35263542830944,239.60000610351562],[151.02114289999008,-33.35258262231946,240],[151.0211569815874,-33.35257449187338,240],[151.02128421887755,-33.35249427706003,240],[151.02136384695768,-33.352437699213624,240.1999969482422],[151.02137826383114,-33.35243007168174,240.1999969482422],[151.0213942732662,-33.352424120530486,240.1999969482422],[151.0214091092348,-33.35241682827473,240.39999389648438],[151.02155059576035,-33.35233636200428,240.8000030517578],[151.0216899868101,-33.352240892127156,241.1999969482422],[151.02173156104982,-33.352208035066724,241.1999969482422],[151.02179585024714,-33.35215170867741,241],[151.0219482332468,-33.352056657895446,240.1999969482422],[151.02195912972093,-33.35205146111548,240.1999969482422],[151.02209692820907,-33.352011227980256,239.39999389648438],[151.0221731197089,-33.3519915305078,239.1999969482422],[151.0222397558391,-33.35197392851114,238.8000030517578],[151.02230178192258,-33.351946184411645,238],[151.02232860401273,-33.35191424936056,237.8000030517578],[151.0223692562431,-33.35188348777592,237.60000610351562],[151.02239733561873,-33.35188390687108,237.60000610351562],[151.02241158485413,-33.35188206285238,237.39999389648438],[151.02242432534695,-33.35187711752951,237.39999389648438],[151.02246388792992,-33.35188005119562,237.1999969482422],[151.0224775504321,-33.3518829010427,237.1999969482422],[151.02252608165145,-33.35187753662467,237],[151.0226393211633,-33.351848451420665,236.39999389648438],[151.022691372782,-33.35183177143335,235.8000030517578],[151.02277024649084,-33.35179338231683,234.60000610351562],[151.02292749099433,-33.35170998238027,233.60000610351562],[151.02301667444408,-33.35167762823403,232.39999389648438],[151.02306000888348,-33.35166639648378,232],[151.02309906855226,-33.35165340453386,231.39999389648438],[151.0231859050691,-33.351625660434365,231],[151.02332018315792,-33.35156673565507,230.60000610351562],[151.02335136383772,-33.35155324079096,230.60000610351562],[151.0234231967479,-33.35151627659798,230.60000610351562],[151.02357138879597,-33.351423908025026,231],[151.02360550314188,-33.35140144452453,231],[151.0236359294504,-33.35137956775725,231.1999969482422],[151.02372494526207,-33.351302621886134,230.8000030517578],[151.02382636629045,-33.351208325475454,231.1999969482422],[151.02389685809612,-33.35112702101469,231.1999969482422],[151.02396273985505,-33.351019481197,231.39999389648438],[151.0239948425442,-33.350973380729556,231.60000610351562],[151.02401428855956,-33.35095217451453,231.60000610351562],[151.0240704473108,-33.350870283320546,231.60000610351562],[151.02406793273985,-33.35085863247514,231.60000610351562],[151.02406441234052,-33.35084513761103,231.60000610351562],[151.0240722913295,-33.35076785646379,230.8000030517578],[151.02409324608743,-33.35066727362573,230.39999389648438],[151.02410254999995,-33.35064807906747,230.1999969482422],[151.0240915697068,-33.350561410188675,229.1999969482422],[151.02408955805004,-33.35054900497198,229],[151.02409970015287,-33.350500306114554,228.8000030517578],[151.02410950697958,-33.35045118816197,228.60000610351562],[151.02411101572216,-33.35040592588484,228.1999969482422],[151.024100035429,-33.35035580210388,227.60000610351562],[151.0240913182497,-33.35025915876031,227.1999969482422],[151.02409307844937,-33.350201742723584,227],[151.02409349754453,-33.35018640384078,227],[151.02410104125738,-33.350078612565994,227],[151.0241011250764,-33.35007207468152,227],[151.02410942316055,-33.35002320818603,227],[151.0241254325956,-33.349985741078854,227],[151.02416616864502,-33.34984324872494,227.1999969482422],[151.02427530102432,-33.349740486592054,226.60000610351562],[151.0244633909315,-33.3496708329767,226.39999389648438],[151.02456204593182,-33.349676532670856,226.1999969482422],[151.0246304422617,-33.34967133589089,225.8000030517578],[151.0247454419732,-33.34967686794698,225.1999969482422],[151.02477067150176,-33.349686758592725,225],[151.02494216524065,-33.34968742914498,224.8000030517578],[151.0250723361969,-33.34971785545349,224.39999389648438],[151.02522153407335,-33.349768398329616,224.39999389648438],[151.0252573247999,-33.34978859871626,224.1999969482422],[151.02529571391642,-33.34980335086584,224],[151.02540568448603,-33.34983319044113,223.1999969482422],[151.02541549131274,-33.34983260370791,223],[151.02545170113444,-33.349842159077525,222.8000030517578],[151.02548204362392,-33.34985808469355,222.39999389648438],[151.02550534531474,-33.349867556244135,222],[151.02557122707367,-33.34991089068353,221.60000610351562],[151.0255916789174,-33.34992120042443,221.39999389648438],[151.02564389817417,-33.349938970059156,221],[151.02569569833577,-33.34997031837702,220.60000610351562],[151.02574582211673,-33.34998884238303,220.60000610351562],[151.02578999474645,-33.35001398809254,220.39999389648438],[151.0258392803371,-33.35004164837301,220],[151.02587121538818,-33.35007014684379,219.60000610351562],[151.02591396309435,-33.35009906440973,219],[151.025928882882,-33.35010417737067,218.8000030517578],[151.0260020568967,-33.3501370344311,218.60000610351562],[151.02602871134877,-33.35014533251524,218.60000610351562],[151.02615385316312,-33.35018246434629,218.39999389648438],[151.0262296255678,-33.350203251466155,218.1999969482422],[151.02627790533006,-33.35021071135998,218.1999969482422],[151.0264127701521,-33.35025153122842,218.60000610351562],[151.02648049592972,-33.350269217044115,219],[151.02652056142688,-33.35028807632625,219.39999389648438],[151.02653506211936,-33.35029235109687,219.39999389648438],[151.02659532800317,-33.35031297057867,219.60000610351562],[151.02668803185225,-33.350355215370655,219.8000030517578],[151.02677897550166,-33.350372733548284,219.8000030517578],[151.02681778371334,-33.350389413535595,220],[151.0269963182509,-33.350425623357296,220.60000610351562],[151.02711852639914,-33.350445572286844,221],[151.02724324911833,-33.350473400205374,221.39999389648438],[151.02727551944554,-33.35047423839569,221.39999389648438],[151.02734735235572,-33.35049033164978,221.8000030517578],[151.02739320136607,-33.35050952620804,222],[151.0274501144886,-33.35053090006113,222.1999969482422],[151.02753376588225,-33.35056124255061,222.60000610351562],[151.02756318636239,-33.350569205358624,222.60000610351562],[151.0275801178068,-33.35057146847248,222.60000610351562],[151.02765823714435,-33.35059569217265,223],[151.02768564596772,-33.3506050799042,223.1999969482422],[151.02772856131196,-33.350625447928905,223.39999389648438],[151.02784247137606,-33.35066140629351,223.60000610351562],[151.02792377583683,-33.35067305713892,223.8000030517578],[151.02798655629158,-33.35068739019334,224],[151.0280132945627,-33.3506949339062,224],[151.02813055738807,-33.350706584751606,224.1999969482422],[151.02827355265617,-33.3506896533072,224.39999389648438],[151.0284121055156,-33.35068739019334,224.8000030517578],[151.0284689348191,-33.35067925974727,225],[151.0284821782261,-33.350679595023394,225.1999969482422],[151.0285450424999,-33.35066811181605,225.39999389648438],[151.02869206108153,-33.350648917257786,226.1999969482422],[151.02875132113695,-33.35064774379134,226.39999389648438],[151.02887738496065,-33.35065260529518,227.1999969482422],[151.02899389341474,-33.35063491947949,227.60000610351562],[151.0290350485593,-33.35062804631889,227.60000610351562],[151.0291499644518,-33.35062167607248,227.60000610351562],[151.02927292697132,-33.350605331361294,227.1999969482422],[151.02929228916764,-33.35060273297131,227.1999969482422],[151.02935523726046,-33.350603403523564,227.1999969482422],[151.0294872522354,-33.350606840103865,227],[151.0296278167516,-33.35061429999769,226.60000610351562],[151.0297274775803,-33.3506272919476,226.1999969482422],[151.02976008318365,-33.350629387423396,226],[151.02979042567313,-33.35062854923308,226],[151.02993182837963,-33.35061647929251,225.8000030517578],[151.03006753139198,-33.350645480677485,225.60000610351562],[151.03010625578463,-33.35064866580069,225.60000610351562],[151.03012477979064,-33.35064858198166,225.60000610351562],[151.0301788430661,-33.3506584726274,225.60000610351562],[151.03020440787077,-33.350662579759955,225.8000030517578],[151.03023977950215,-33.350660149008036,225.8000030517578],[151.0303284600377,-33.350647408515215,225.8000030517578],[151.03046961128712,-33.35063399747014,226],[151.03050280362368,-33.35063265636563,226.1999969482422],[151.03068209253252,-33.350623017176986,226.8000030517578],[151.03073062375188,-33.35061622783542,227.1999969482422],[151.03082198649645,-33.350619999691844,227.39999389648438],[151.03091896511614,-33.35064145736396,226.60000610351562],[151.03107939474285,-33.350643971934915,226.1999969482422],[151.03111107833683,-33.35064665414393,226.1999969482422],[151.03111619129777,-33.35064581595361,226],[151.03111820295453,-33.35064564831555,225.60000610351562],[151.03112641721964,-33.350648917257786,225.39999389648438],[151.03117117658257,-33.35068529471755,225],[151.03118400089443,-33.350697783753276,225],[151.031283326447,-33.35079275071621,224.1999969482422],[151.03131090290844,-33.35084748454392,224],[151.03130017407238,-33.35090607404709,223.60000610351562],[151.03128257207572,-33.350952761247754,223],[151.03127620182931,-33.351021157577634,222.39999389648438],[151.03125734254718,-33.35112157277763,221.8000030517578],[151.0312513075769,-33.351148981601,221.39999389648438],[151.03123420849442,-33.35120522417128,221],[151.03123739361763,-33.35124931298196,220.8000030517578],[151.0312497150153,-33.351360289379954,219.8000030517578],[151.03124518878758,-33.35137244313955,219.8000030517578],[151.03123932145536,-33.351386776193976,219.60000610351562],[151.03119540028274,-33.35146430879831,218.60000610351562],[151.03119011968374,-33.3514753729105,218.39999389648438],[151.03117419406772,-33.35153345949948,217.60000610351562],[151.03117327205837,-33.35156715475023,217.1999969482422],[151.0311939753592,-33.351583080366254,217],[151.0312217194587,-33.35157981142402,216.60000610351562],[151.03123085573316,-33.35156966932118,216.60000610351562],[151.03124242275953,-33.35155927576125,216.60000610351562],[151.03126061148942,-33.351523485034704,216.39999389648438],[151.03128449991345,-33.35145207121968,215.60000610351562],[151.0312856733799,-33.35144955664873,215.60000610351562],[151.03128181770444,-33.35145014338195,215.39999389648438],[151.03128156624734,-33.3514510653913,215.39999389648438],[151.0312822367996,-33.3514513168484,215.39999389648438],[151.03128399699926,-33.35145081393421,215.39999389648438],[151.03128399699926,-33.35145081393421,215.39999389648438],[151.031285924837,-33.351433547213674,215.39999389648438],[151.0313316900283,-33.351341262459755,214.39999389648438],[151.031344095245,-33.351319804787636,214.39999389648438],[151.03136354126036,-33.35126146674156,214],[151.03142288513482,-33.35120899602771,213.39999389648438],[151.0314809717238,-33.35113205015659,212.8000030517578],[151.0314955562353,-33.35110497660935,212.1999969482422],[151.03151734918356,-33.35106298327446,211.8000030517578],[151.03152740746737,-33.3510522544384,211.8000030517578],[151.03155900724232,-33.3510229177773,211.1999969482422],[151.03160535916686,-33.35098628886044,210.8000030517578],[151.03163813240826,-33.35093532688916,210.1999969482422],[151.0316406469792,-33.35092409513891,210],[151.03166897781193,-33.35088964551687,209.60000610351562],[151.031727315858,-33.350851591676474,209.1999969482422],[151.03173829615116,-33.35084522143006,209],[151.03177366778255,-33.35080448538065,208.39999389648438],[151.03181272745132,-33.35078462027013,208],[151.0318227019161,-33.3507776632905,208],[151.03184256702662,-33.35076768882573,207.60000610351562],[151.03188565000892,-33.350724186748266,207],[151.03190534748137,-33.350694347172976,206.8000030517578],[151.03193468414247,-33.35066626779735,206.60000610351562],[151.0320106241852,-33.35059334523976,205.60000610351562],[151.03206602856517,-33.35050382651389,205],[151.0320843849331,-33.35047516040504,204.60000610351562],[151.0321195051074,-33.3504150621593,203.60000610351562],[151.03212780319154,-33.35040626116097,203.39999389648438],[151.03219234384596,-33.35034373216331,202.39999389648438],[151.03220055811107,-33.35033593699336,202.39999389648438],[151.0322366002947,-33.35026544518769,201.39999389648438],[151.03224179707468,-33.35021330974996,200.60000610351562],[151.0322728101164,-33.350173914805055,200.39999389648438],[151.03231044486165,-33.350150529295206,200],[151.03243391029537,-33.35009160451591,199.60000610351562],[151.03254647925496,-33.35002597421408,199.39999389648438],[151.0326081700623,-33.350004851818085,199.1999969482422],[151.03268486447632,-33.349981969222426,199.1999969482422],[151.03283934295177,-33.34996989928186,199.1999969482422],[151.03296951390803,-33.34992287680507,199.1999969482422],[151.03311594575644,-33.349876357242465,199.39999389648438],[151.03320948779583,-33.34983696229756,199.8000030517578],[151.03324226103723,-33.34982723928988,199.60000610351562],[151.0333565901965,-33.3498003333807,199.8000030517578],[151.0334229748696,-33.34979807026684,200.39999389648438],[151.033468907699,-33.349797651171684,200.60000610351562],[151.0335447639227,-33.34980611689389,201],[151.0336047783494,-33.34981642663479,201.1999969482422],[151.03361911140382,-33.34981810301542,201.39999389648438],[151.03369639255106,-33.34985548630357,201.8000030517578],[151.0337556526065,-33.34986294619739,202.60000610351562],[151.0338175110519,-33.349853390827775,203],[151.03383167646825,-33.34984836168587,203.1999969482422],[151.03384399786592,-33.34984618239105,203.1999969482422],[151.03390065953135,-33.34983847104013,203.39999389648438],[151.0339256376028,-33.349836710840464,203.60000610351562],[151.03393737226725,-33.34983411245048,203.60000610351562],[151.03401876054704,-33.34982925094664,204.39999389648438],[151.03406058624387,-33.34983612410724,204.60000610351562],[151.03407542221248,-33.34983889013529,204.60000610351562],[151.03419369086623,-33.34988884627819,205.1999969482422],[151.03424792177975,-33.34989697672427,205.60000610351562],[151.03426242247224,-33.34989655762911,205.8000030517578],[151.03432067669928,-33.34991214796901,206.39999389648438],[151.03435076773167,-33.34992488846183,206.60000610351562],[151.03435923345387,-33.34992773830891,206.8000030517578],[151.03442360647023,-33.34994249045849,207.1999969482422],[151.03447305969894,-33.34997962228954,207.8000030517578],[151.0345025639981,-33.349995128810406,208.1999969482422],[151.0345390252769,-33.350015161558986,209],[151.03459853678942,-33.35003192536533,209.39999389648438],[151.0346463136375,-33.350045923143625,210],[151.034692581743,-33.35005288012326,210.39999389648438],[151.0347266960889,-33.35005950182676,211],[151.03476617485285,-33.35006411187351,211.60000610351562],[151.03479551151395,-33.350067883729935,211.8000030517578],[151.0348104313016,-33.35006260313094,212],[151.03482007049024,-33.35006243549287,212.1999969482422],[151.03485552594066,-33.350068051368,212.60000610351562],[151.03487899526954,-33.35007014684379,213.1999969482422],[151.03487857617438,-33.350071320310235,213.39999389648438],[151.03488117456436,-33.350072745233774,213.39999389648438],[151.0348773188889,-33.35007433779538,213.1999969482422],[151.03487530723214,-33.35007500834763,213.1999969482422],[151.03487530723214,-33.35007500834763,213.1999969482422],[151.03487530723214,-33.35007500834763,213.1999969482422],[151.03487321175635,-33.35007593035698,213.39999389648438],[151.03486441075802,-33.35007593035698,213.1999969482422],[151.03487664833665,-33.35007886402309,213.1999969482422],[151.03487648069859,-33.35008003748953,213.1999969482422],[151.03487581014633,-33.35008070804179,213.1999969482422],[151.0348759777844,-33.35008070804179,213.39999389648438],[151.03488662280142,-33.350085485726595,213],[151.03488821536303,-33.350085485726595,213],[151.0348883830011,-33.350085485726595,213.1999969482422],[151.03488343767822,-33.350082049146295,213],[151.03488184511662,-33.35008540190756,213.39999389648438],[151.0348812583834,-33.35008615627885,213.39999389648438],[151.03488083928823,-33.35008607245982,213.39999389648438],[151.03488058783114,-33.35008607245982,213.39999389648438],[151.0348805040121,-33.35008607245982,213.39999389648438],[151.03488033637404,-33.35008607245982,213.39999389648438],[151.03488000109792,-33.35008624009788,213.39999389648438],[151.03487924672663,-33.35008724592626,213.60000610351562],[151.03487765416503,-33.35008783265948,213.60000610351562],[151.03487815707922,-33.350090933963656,212.8000030517578],[151.03487824089825,-33.35009101778269,212.8000030517578],[151.03487840853631,-33.35009110160172,212.8000030517578],[151.03487899526954,-33.350092358887196,213],[151.0348786599934,-33.3500936999917,213.39999389648438],[151.0348786599934,-33.350094286724925,213],[151.03487849235535,-33.35009437054396,212.8000030517578],[151.0348786599934,-33.350094286724925,212.8000030517578],[151.03487857617438,-33.35009453818202,212.8000030517578],[151.0348789114505,-33.35009487345815,212.8000030517578],[151.03488000109792,-33.350095292553306,213.60000610351562],[151.03487974964082,-33.35009562782943,213.8000030517578],[151.03487949818373,-33.35009562782943,214],[151.03487958200276,-33.350095711648464,213.1999969482422],[151.03487933054566,-33.35009654983878,212.60000610351562],[151.03487974964082,-33.350097136572,213.1999969482422],[151.03487974964082,-33.3500973880291,213.1999969482422],[151.03487933054566,-33.35009696893394,213.1999969482422],[151.03487882763147,-33.35009680129588,213.39999389648438],[151.0348780732602,-33.350096214562654,213],[151.0348778218031,-33.35009596310556,213],[151.034877570346,-33.35009596310556,213.39999389648438],[151.03487480431795,-33.35007777437568,213.60000610351562],[151.03486985899508,-33.350034691393375,213.39999389648438],[151.0348849464208,-33.349932599812746,214.1999969482422],[151.03489533998072,-33.349908543750644,214.60000610351562],[151.03490548208356,-33.349864622578025,215],[151.03491076268256,-33.349837213754654,215.1999969482422],[151.03491679765284,-33.34979538805783,215.60000610351562],[151.0349230002612,-33.34977585822344,215.60000610351562],[151.0349259339273,-33.34976471029222,215.60000610351562],[151.0349296219647,-33.34975347854197,215.60000610351562],[151.03495585732162,-33.34972070530057,216],[151.03496675379574,-33.349711233749986,216.1999969482422],[151.03497656062245,-33.34970301948488,216.1999969482422],[151.03500355035067,-33.34967443719506,216.60000610351562],[151.03504923172295,-33.349599251523614,216.8000030517578],[151.03511930443347,-33.34946237504482,216.60000610351562],[151.03522189892828,-33.349352991208434,216.1999969482422],[151.0352747887373,-33.3493185415864,216.1999969482422],[151.03532164357603,-33.349274871870875,216.1999969482422],[151.0354047920555,-33.349235225468874,216],[151.03554636240005,-33.34917671978474,215.60000610351562],[151.0355589352548,-33.34916942752898,215.60000610351562],[151.035614926368,-33.34912751801312,215.39999389648438],[151.0356543213129,-33.349112598225474,215.39999389648438],[151.0356834065169,-33.349108658730984,215.1999969482422],[151.03576311841607,-33.349078483879566,215],[151.03591793216765,-33.349027605727315,214.39999389648438],[151.03595816530287,-33.3490040525794,214.1999969482422],[151.03608012199402,-33.348961640149355,213.8000030517578],[151.03617860935628,-33.348887795582414,213.8000030517578],[151.03627022355795,-33.348772125318646,214.1999969482422],[151.03634448722005,-33.34868042729795,214.1999969482422],[151.03634968400002,-33.348670871928334,214.1999969482422],[151.0363568086177,-33.348660143092275,214],[151.03647373616695,-33.34853173233569,213.60000610351562],[151.03656970895827,-33.348467694595456,213.39999389648438],[151.03659611195326,-33.348449086770415,213.1999969482422],[151.03665478527546,-33.34842285141349,213.1999969482422],[151.0367360059172,-33.34839904680848,212.8000030517578],[151.03690087795258,-33.34835420362651,212.39999389648438],[151.0370854474604,-33.34833827801049,212.39999389648438],[151.03720312938094,-33.34833299741149,212.39999389648438],[151.03730228729546,-33.3482994697988,212.60000610351562],[151.03741435334086,-33.34822587668896,212.8000030517578],[151.0374176222831,-33.34821682423353,212.8000030517578],[151.03741929866374,-33.348205760121346,212.8000030517578],[151.03742063976824,-33.34819285199046,212.8000030517578],[151.03745131753385,-33.34813996218145,213],[151.03750437498093,-33.34804021753371,213.1999969482422],[151.03751175105572,-33.348028399050236,213.1999969482422],[151.03755969554186,-33.34797542542219,213.39999389648438],[151.03760294616222,-33.34792052395642,213.39999389648438],[151.03770554065704,-33.347816253080964,213],[151.03773646987975,-33.347784569486976,213],[151.0378579236567,-33.34765632636845,212.8000030517578],[151.0379704926163,-33.347583739086986,212.60000610351562],[151.03807551786304,-33.34753395058215,212.60000610351562],[151.0381684731692,-33.347465470433235,212.60000610351562],[151.03819571435452,-33.347450299188495,212.39999389648438],[151.03834005072713,-33.34743747487664,212.1999969482422],[151.03836997412145,-33.347437642514706,212.1999969482422],[151.03846376761794,-33.347421465441585,211.1999969482422],[151.0384752508253,-33.34742037579417,211],[151.03854339569807,-33.34739003330469,210.39999389648438],[151.03855228051543,-33.34737938828766,210.1999969482422],[151.0385622549802,-33.34737176075578,210],[151.03863157331944,-33.347343849018216,209.60000610351562],[151.03864615783095,-33.34734468720853,209.39999389648438],[151.0387839563191,-33.34732197225094,209.1999969482422],[151.0388132929802,-33.34731677547097,209.1999969482422],[151.0388381872326,-33.34730688482523,209.1999969482422],[151.03886199183762,-33.34729665890336,209],[151.0388854611665,-33.34728450514376,208.8000030517578],[151.03899241425097,-33.34725005552173,208],[151.0390028078109,-33.347245529294014,207.8000030517578],[151.03907933458686,-33.34721099585295,206.8000030517578],[151.03916432708502,-33.34718534722924,206],[151.03917581029236,-33.34718819707632,205.8000030517578],[151.0392221622169,-33.34717746824026,204.8000030517578],[151.03926432318985,-33.34715726785362,204],[151.03931821882725,-33.34714435972273,203.60000610351562],[151.03934730403125,-33.34713815711439,203.39999389648438],[151.03945543058217,-33.347104378044605,202.39999389648438],[151.03949960321188,-33.34708836860955,201.39999389648438],[151.0395405907184,-33.3470597025007,200.8000030517578],[151.03955827653408,-33.347033048048615,200.39999389648438],[151.03956213220954,-33.347024163231254,200.1999969482422],[151.03958811610937,-33.34694721736014,199.1999969482422],[151.0395982582122,-33.34692366421223,198.8000030517578],[151.0396106634289,-33.346901619806886,198.8000030517578],[151.03962843306363,-33.34684160538018,198.60000610351562],[151.03967553935945,-33.346726186573505,198.60000610351562],[151.03973370976746,-33.34663080051541,198.60000610351562],[151.0397599451244,-33.34658511914313,199],[151.03976706974208,-33.34653373807669,199.39999389648438],[151.03976665064692,-33.34652326069772,199.39999389648438],[151.03978307917714,-33.34645620547235,200.1999969482422],[151.0398022737354,-33.346420833840966,200.39999389648438],[151.03983202949166,-33.34634380415082,201],[151.03983538225293,-33.34632905200124,201.1999969482422],[151.03984225541353,-33.34631094709039,201.39999389648438],[151.0398617014289,-33.3462636731565,202],[151.03986480273306,-33.34625160321593,202.1999969482422],[151.0398855060339,-33.34620399400592,202.8000030517578],[151.03989665396512,-33.34618614055216,203.1999969482422],[151.03988768532872,-33.34613727405667,204],[151.03989112190902,-33.34611908532679,204.1999969482422],[151.0398876015097,-33.3460908383131,204.60000610351562],[151.03989271447062,-33.346064100041986,205],[151.03989464230835,-33.3460511919111,205.1999969482422],[151.03989430703223,-33.34603199735284,205.39999389648438],[151.0399077180773,-33.34598120301962,206.1999969482422],[151.0399159323424,-33.34596963599324,206.39999389648438],[151.03996563702822,-33.345898892730474,207.1999969482422],[151.03997452184558,-33.34588925354183,207.39999389648438],[151.03999002836645,-33.34586821496487,207.39999389648438],[151.04000327177346,-33.34584675729275,207.60000610351562],[151.0400525573641,-33.34579512476921,208],[151.04006144218147,-33.345787497237325,208],[151.04011877439916,-33.34572580642998,208.39999389648438],[151.0401471890509,-33.345697559416294,208.60000610351562],[151.0402279905975,-33.34561918862164,209],[151.04026068001986,-33.345595970749855,209],[151.04026939719915,-33.345586750656366,209.1999969482422],[151.04028398171067,-33.34556847810745,209.39999389648438],[151.04029194451869,-33.3455572463572,209.60000610351562],[151.0403501149267,-33.345483150333166,210.1999969482422],[151.0404204390943,-33.34539597854018,210.39999389648438],[151.04044332168996,-33.345380472019315,210.60000610351562],[151.04047391563654,-33.345350213348866,210.60000610351562],[151.04052487760782,-33.34529128856957,211.1999969482422],[151.04054499417543,-33.345259772613645,211.1999969482422],[151.04055446572602,-33.34523814730346,211.39999389648438],[151.04061825200915,-33.3451565913856,211.39999389648438],[151.0406709741801,-33.34509498439729,211.39999389648438],[151.04070198722184,-33.34505525417626,211.60000610351562],[151.04073476046324,-33.345024827867746,211.60000610351562],[151.040763175115,-33.344992976635695,211.60000610351562],[151.04078521952033,-33.34496053867042,211.60000610351562],[151.04081405326724,-33.344927094876766,211.8000030517578],[151.0408380255103,-33.3449097443372,211.8000030517578],[151.04084992781281,-33.34490178152919,211.8000030517578],[151.04088471271098,-33.344869930297136,212],[151.04092746041715,-33.34480999968946,212],[151.04100415483117,-33.34473674185574,212],[151.04110021144152,-33.34463205188513,212],[151.04117799550295,-33.344544880092144,212.1999969482422],[151.04129006154835,-33.34443273022771,212.39999389648438],[151.0413377545774,-33.34438579156995,212.60000610351562],[151.04138553142548,-33.34433055482805,212.8000030517578],[151.0414305422455,-33.344274731352925,213],[151.04146658442914,-33.34421052597463,213.1999969482422],[151.0414949990809,-33.344172555953264,213.60000610351562],[151.04150497354567,-33.344157384708524,213.60000610351562],[151.04156414978206,-33.34408110938966,214],[151.0416136868298,-33.344037774950266,214.1999969482422],[151.04164176620543,-33.34402612410486,214.60000610351562],[151.04165341705084,-33.34402327425778,214.8000030517578],[151.04166515171528,-33.34401841275394,214.8000030517578],[151.0417130123824,-33.34397851489484,215.1999969482422],[151.04171971790493,-33.34396870806813,215.39999389648438],[151.04172374121845,-33.343960074707866,215.60000610351562],[151.04173170402646,-33.34394792094827,215.8000030517578],[151.04174117557704,-33.34393836557865,216],[151.04178132489324,-33.343911208212376,217],[151.0417918022722,-33.34390114992857,217],[151.04180471040308,-33.3438824582845,217.39999389648438],[151.04184142313898,-33.34383669309318,218],[151.04185516946018,-33.343830071389675,218.1999969482422],[151.041915519163,-33.34377785213292,218.8000030517578],[151.04192918166518,-33.34374918602407,219.1999969482422],[151.0419268347323,-33.343731332570314,219.39999389648438],[151.04192440398037,-33.34370819851756,220],[151.0419270861894,-33.34369788877666,220],[151.04193940758705,-33.34368707612157,220.1999969482422],[151.0419495496899,-33.34367978386581,220.39999389648438],[151.04197192937136,-33.3436665404588,221],[151.04198299348354,-33.34365053102374,221.39999389648438],[151.04198743589222,-33.343641394749284,221.39999389648438],[151.04199045337737,-33.34359529428184,222.1999969482422],[151.0419939737767,-33.34357752464712,222.8000030517578],[151.04200302623212,-33.34355975501239,223],[151.042005373165,-33.34354357793927,223.1999969482422],[151.04200847446918,-33.34352111443877,223.8000030517578],[151.04201559908688,-33.343496387824416,224.1999969482422],[151.04201601818204,-33.343484569340944,224.1999969482422],[151.04201048612595,-33.343465542420745,224.60000610351562],[151.04200503788888,-33.34345732815564,224.8000030517578],[151.04200302623212,-33.343450957909226,225],[151.04200922884047,-33.343412317335606,225.60000610351562],[151.0420095641166,-33.34340259432793,225.60000610351562],[151.04201794601977,-33.34337937645614,226],[151.04202641174197,-33.3433435857296,226.1999969482422],[151.0420553293079,-33.34329874254763,226.60000610351562],[151.0420645494014,-33.34329228848219,226.8000030517578],[151.0420743562281,-33.343286672607064,226.8000030517578],[151.04208734817803,-33.343282816931605,227],[151.04210964404047,-33.34328248165548,227.1999969482422],[151.04214560240507,-33.3432899415493,227.60000610351562],[151.0421676468104,-33.34333050996065,228.39999389648438],[151.04217410087585,-33.34334224462509,228.60000610351562],[151.04217720218003,-33.34335490129888,228.60000610351562],[151.04219446890056,-33.34348188713193,229.1999969482422],[151.04220209643245,-33.34352212026715,229.1999969482422],[151.04223260656,-33.343587247654796,229.1999969482422],[151.04223771952093,-33.343598982319236,229.1999969482422],[151.0422524716705,-33.343654219061136,229],[151.04226948693395,-33.34367978386581,229],[151.042285496369,-33.34370342083275,228.8000030517578],[151.04229412972927,-33.34371389821172,228.8000030517578],[151.04235146194696,-33.34376812912524,228.8000030517578],[151.0424620192498,-33.34383275359869,228.60000610351562],[151.04261599481106,-33.34384926594794,228.60000610351562],[151.04272303171456,-33.34386074915528,227.60000610351562],[151.04273736476898,-33.34386435337365,227.60000610351562],[151.04276452213526,-33.343869633972645,227.60000610351562],[151.0427778493613,-33.34387097507715,227.60000610351562],[151.04286183603108,-33.34388002753258,227.60000610351562],[151.0429112892598,-33.34388991817832,227.60000610351562],[151.04292654432356,-33.343890588730574,227.60000610351562],[151.04294423013926,-33.34388857707381,227.60000610351562],[151.04300793260336,-33.34389335475862,227.39999389648438],[151.0431386064738,-33.343932665884495,227.39999389648438],[151.04315436445177,-33.343937611207366,227.39999389648438],[151.0432168096304,-33.34395697340369,227.8000030517578],[151.04324673302472,-33.3439635951072,227.8000030517578],[151.04335100390017,-33.34398211911321,228.1999969482422],[151.04344320483506,-33.34402562119067,228],[151.0434594657272,-33.34403173997998,228],[151.0434760618955,-33.34403391927481,228],[151.04357421398163,-33.344028973951936,227.60000610351562],[151.04359047487378,-33.34403065033257,227.60000610351562],[151.04365250095725,-33.34404582157731,227.39999389648438],[151.04370170272887,-33.34405705332756,227.39999389648438],[151.04371704161167,-33.34406057372689,227.1999969482422],[151.04376171715558,-33.34406971000135,227],[151.04377429001033,-33.34407105110586,227],[151.04382801800966,-33.34408789873123,226.8000030517578],[151.0439013596624,-33.34410801529884,226.39999389648438],[151.04396321810782,-33.344130059704185,226.1999969482422],[151.04399297386408,-33.34413877688348,226],[151.04402381926775,-33.344147158786654,226],[151.0440554190427,-33.34415528923273,226],[151.04406933300197,-33.344157887622714,225.8000030517578],[151.0441225580871,-33.34417372941971,225.60000610351562],[151.04413806460798,-33.34417934529483,225.39999389648438],[151.04419774375856,-33.3442001324147,225.39999389648438],[151.0442298464477,-33.344211615622044,225.60000610351562],[151.0442470293492,-33.34421438165009,225.60000610351562],[151.04426379315555,-33.344218069687486,225.60000610351562],[151.04428114369512,-33.34422251209617,225.60000610351562],[151.0443461034447,-33.34423785097897,225.60000610351562],[151.04436395689845,-33.34424572996795,225.60000610351562],[151.0444354545325,-33.34426458925009,225.1999969482422],[151.04448189027607,-33.344270875677466,224.60000610351562],[151.0445123165846,-33.3442707080394,224.39999389648438],[151.0445284936577,-33.34427498281002,224.39999389648438],[151.04454492218792,-33.344277162104845,224.39999389648438],[151.04456118308008,-33.34427707828581,224.39999389648438],[151.04461926966906,-33.34426081739366,224.1999969482422],[151.04463544674218,-33.34425235167146,224],[151.04471021331847,-33.34420373663306,223.8000030517578],[151.04472286999226,-33.34419351071119,223.60000610351562],[151.04478355497122,-33.34412544965744,223.39999389648438],[151.04479294270277,-33.344115391373634,223.39999389648438],[151.04480325244367,-33.34409762173891,223.60000610351562],[151.04481121525168,-33.34408446215093,223.39999389648438],[151.04486242868006,-33.3440013974905,223.1999969482422],[151.04488849639893,-33.34396820515394,223.1999969482422],[151.04490274563432,-33.34394423291087,223],[151.04499394074082,-33.34384641610086,223.1999969482422],[151.04503710754216,-33.34379620850086,223.1999969482422],[151.04505764320493,-33.34377416409552,223],[151.0450641810894,-33.343762597069144,223],[151.04511380195618,-33.343687830492854,223.1999969482422],[151.04518965817988,-33.34359345026314,223],[151.04526199400425,-33.34350493736565,222.8000030517578],[151.04537489823997,-33.34343452937901,222.60000610351562],[151.04546106420457,-33.34337141364813,222.39999389648438],[151.04548662900925,-33.3433520514518,222.39999389648438],[151.04561059735715,-33.34325943142176,222.39999389648438],[151.04566474445164,-33.34323177114129,222],[151.04572987183928,-33.34321073256433,221.8000030517578],[151.04586875997484,-33.343182150274515,221.60000610351562],[151.04601913131773,-33.34316806867719,221.39999389648438],[151.04603631421924,-33.34316438063979,221.39999389648438],[151.0461128409952,-33.343143593519926,221.39999389648438],[151.04618995450437,-33.343097073957324,221.39999389648438],[151.04634786956012,-33.34304133430123,221.60000610351562],[151.04636295698583,-33.34303664043546,221.60000610351562],[151.04645012877882,-33.343016020953655,222],[151.04654140770435,-33.342979894950986,222.39999389648438],[151.0465856641531,-33.34295910783112,222.60000610351562],[151.04667032137513,-33.34292340092361,223],[151.04672111570835,-33.342905044555664,223.1999969482422],[151.04680828750134,-33.34290529601276,223.39999389648438],[151.04682161472738,-33.34290420636535,223.39999389648438],[151.04686972685158,-33.34290378727019,223.8000030517578],[151.0469382070005,-33.34290663711727,224],[151.04697450064123,-33.342908062040806,224],[151.0471071023494,-33.34294242784381,224.1999969482422],[151.04715462774038,-33.34295407868922,224.1999969482422],[151.04717097245157,-33.34295944310725,224.1999969482422],[151.0472326632589,-33.34298299625516,224.1999969482422],[151.04733576066792,-33.34302809089422,224.1999969482422],[151.04738236404955,-33.34304359741509,224.39999389648438],[151.04747540317476,-33.34308651275933,224.60000610351562],[151.04752074927092,-33.34310386329889,224.60000610351562],[151.04761328548193,-33.34313998930156,224.8000030517578],[151.0477229207754,-33.34320151247084,225],[151.04775024577975,-33.343212408944964,225],[151.04782316833735,-33.34324593655765,225],[151.04785091243684,-33.343254402279854,225],[151.04794772341847,-33.34330343641341,225.39999389648438],[151.04797563515604,-33.34332556463778,225.60000610351562],[151.04800916276872,-33.343346267938614,226],[151.04802039451897,-33.34335532039404,226.1999969482422],[151.0481042135507,-33.34341583773494,226.8000030517578],[151.04813246056437,-33.34342463873327,227.1999969482422],[151.04824452660978,-33.34346688352525,227.60000610351562],[151.04835340753198,-33.343522707000375,228],[151.04838961735368,-33.34353821352124,228.1999969482422],[151.04845583438873,-33.34356553852558,228.8000030517578],[151.04855901561677,-33.34358733147383,229.1999969482422],[151.04863353073597,-33.343663020059466,229.8000030517578],[151.04867284186184,-33.34369461983442,230.39999389648438],[151.04868474416435,-33.34370166063309,230.39999389648438],[151.0487332753837,-33.34374834783375,231],[151.04875850491226,-33.34378145635128,231.39999389648438],[151.04882329702377,-33.343822192400694,231.8000030517578],[151.04884693399072,-33.343842308968306,232],[151.04886596091092,-33.34387684240937,232.39999389648438],[151.0488854907453,-33.34392118267715,232.60000610351562],[151.0489811282605,-33.344000559300184,233.60000610351562],[151.0490744188428,-33.344028471037745,234.1999969482422],[151.04909738525748,-33.344009947031736,234.60000610351562],[151.0491177532822,-33.343993686139584,234.8000030517578],[151.049183299765,-33.343956554308534,235.60000610351562],[151.0491883289069,-33.34394599311054,235.8000030517578],[151.04920710437,-33.34387315437198,236.1999969482422],[151.0492066014558,-33.34383535198867,236.39999389648438],[151.04919327422976,-33.34379822015762,236.8000030517578],[151.04918430559337,-33.343751868233085,237],[151.049188580364,-33.34371448494494,236.8000030517578],[151.04919344186783,-33.34368774667382,236.8000030517578],[151.04919562116265,-33.343672743067145,236.8000030517578],[151.04919830337167,-33.34363242611289,237],[151.04920618236065,-33.3435817155987,237],[151.049212384969,-33.34352061152458,237],[151.04922336526215,-33.343398068100214,236.60000610351562],[151.04923887178302,-33.34328935481608,236.60000610351562],[151.0492483433336,-33.343258425593376,236.60000610351562],[151.0492575634271,-33.343206541612744,236.60000610351562],[151.0492533724755,-33.34315004758537,236.39999389648438],[151.0492559708655,-33.34308517165482,236.39999389648438],[151.04925119318068,-33.34302850998938,236.60000610351562],[151.04924633167684,-33.34301669150591,236.8000030517578],[151.04924683459103,-33.34294284693897,236.60000610351562],[151.04924825951457,-33.34291325882077,236.60000610351562],[151.04926795698702,-33.34285198710859,236.60000610351562],[151.04926745407283,-33.342799600213766,236.8000030517578],[151.04927332140505,-33.34275006316602,236.8000030517578],[151.04927726089954,-33.34273531101644,236.8000030517578],[151.04929067194462,-33.3426857739687,236.8000030517578],[151.04932688176632,-33.342576222494245,236.8000030517578],[151.0493315756321,-33.34247622638941,236.60000610351562],[151.04935320094228,-33.34230422973633,236.39999389648438],[151.04937155731022,-33.34224849008024,236.1999969482422],[151.04939033277333,-33.34219442680478,236.1999969482422],[151.04942788369954,-33.342083701863885,236.39999389648438],[151.04947842657566,-33.34199502132833,236.8000030517578],[151.0495387762785,-33.34189971908927,236.8000030517578],[151.0495932586491,-33.341813553124666,236.8000030517578],[151.04960264638066,-33.34180240519345,236.8000030517578],[151.04964246042073,-33.3417515270412,237],[151.04967179708183,-33.341714730486274,237],[151.04969610460103,-33.34169193170965,236.8000030517578],[151.04974195361137,-33.34163912571967,237],[151.04975402355194,-33.34163149818778,237],[151.0497716255486,-33.34161439910531,237.1999969482422],[151.04980926029384,-33.34156192839146,237.39999389648438],[151.04982996359468,-33.34154399111867,237.39999389648438],[151.0498437937349,-33.341533513739705,237.39999389648438],[151.04987396858633,-33.3415147382766,237.39999389648438],[151.04995376430452,-33.341472493484616,237.1999969482422],[151.0499846097082,-33.34145916625857,237.1999969482422],[151.04999684728682,-33.341454388573766,237.1999969482422],[151.05001646094024,-33.34145304746926,237.1999969482422],[151.0500287823379,-33.341449024155736,237],[151.05006784200668,-33.34143050014973,237],[151.0500776488334,-33.34142429754138,236.8000030517578],[151.05011578649282,-33.34138817153871,236.8000030517578],[151.05019038543105,-33.34136562421918,236.8000030517578],[151.05022022500634,-33.341347854584455,236.8000030517578],[151.0503107495606,-33.34128423593938,236.39999389648438],[151.05035475455225,-33.34126353263855,236.39999389648438],[151.05041233822703,-33.34120871499181,236.39999389648438],[151.05045651085675,-33.34118247963488,236.39999389648438],[151.05047637596726,-33.34116009995341,236.39999389648438],[151.05050906538963,-33.34114928729832,236.39999389648438],[151.05052976869047,-33.34114174358547,236.39999389648438],[151.0505869332701,-33.34111944772303,236.39999389648438],[151.0506001766771,-33.341115675866604,236.39999389648438],[151.05064451694489,-33.341106455773115,236.1999969482422],[151.05065742507577,-33.34110117517412,236.1999969482422],[151.0506696626544,-33.34109773859382,236.1999969482422],[151.05069732293487,-33.3410934638232,236.1999969482422],[151.05075021274388,-33.34107753820717,236.1999969482422],[151.0508823953569,-33.34103571251035,236],[151.0509151685983,-33.34102850407362,236],[151.05100812390447,-33.3410192001611,235.8000030517578],[151.0510761011392,-33.341024899855256,235.8000030517578],[151.05108808726072,-33.34102221764624,235.8000030517578],[151.05111859738827,-33.34101685322821,235.8000030517578],[151.0511535499245,-33.34100738167763,235.8000030517578],[151.05118037201464,-33.34100754931569,235.8000030517578],[151.05125497095287,-33.34099472500384,235.8000030517578],[151.05131247080863,-33.34099631756544,235.8000030517578],[151.0513589065522,-33.34099723957479,235.8000030517578],[151.05137592181563,-33.340995563194156,235.8000030517578],[151.05149930343032,-33.34099665284157,235.60000610351562],[151.0515317413956,-33.3410036098212,235.60000610351562],[151.05154305696487,-33.34100654348731,235.60000610351562],[151.05160810053349,-33.34102280437946,235.39999389648438],[151.05162855237722,-33.34102406166494,235.60000610351562],[151.0517479106784,-33.34104233421385,235.8000030517578],[151.05179149657488,-33.341036131605506,235.8000030517578],[151.05180650018156,-33.34103831090033,235.60000610351562],[151.05192149989307,-33.34106010384858,235.60000610351562],[151.0519826039672,-33.34108063951135,235.60000610351562],[151.05203289538622,-33.3410813100636,235.39999389648438],[151.0520463064313,-33.34107695147395,235.39999389648438],[151.05214747600257,-33.34104945883155,235.60000610351562],[151.0522152017802,-33.341047279536724,235.8000030517578],[151.05231779627502,-33.34103303030133,235.8000030517578],[151.05240052565932,-33.34102867171168,236],[151.052415529266,-33.34102808497846,236],[151.0524781420827,-33.341021463274956,236],[151.05256992392242,-33.34101542830467,236],[151.05263471603394,-33.34101123735309,236],[151.0526697523892,-33.341012159362435,236],[151.05272222310305,-33.34101869724691,236.1999969482422],[151.05277251452208,-33.341024229303,236.39999389648438],[151.05283806100488,-33.34101827815175,236.39999389648438],[151.05290335603058,-33.34102615714073,236.39999389648438],[151.05295616202056,-33.341028336435556,236.60000610351562],[151.05298968963325,-33.34103093482554,236.60000610351562],[151.05302304960787,-33.34102984517813,236.60000610351562],[151.0530572477728,-33.34102666005492,236.60000610351562],[151.05310854502022,-33.34101811051369,236.8000030517578],[151.05317207984626,-33.341022888198495,237],[151.05322991497815,-33.34103680215776,236.8000030517578],[151.05324265547097,-33.34104032255709,237],[151.0533486865461,-33.34105499088764,237.1999969482422],[151.0534139815718,-33.34106907248497,237.1999969482422],[151.0534288175404,-33.341073179617524,237.1999969482422],[151.05345832183957,-33.341079046949744,237.1999969482422],[151.05353250168264,-33.341098073869944,237.60000610351562],[151.05354624800384,-33.34110343828797,237.8000030517578],[151.0535752493888,-33.341114083305,238],[151.05359058827162,-33.34111944772303,238],[151.05373710393906,-33.341193879023194,238.1999969482422],[151.05374950915575,-33.341203937307,238.1999969482422],[151.053776582703,-33.3412213716656,238.1999969482422],[151.05385017581284,-33.34124945104122,238.1999969482422],[151.05386207811534,-33.34125523455441,238.1999969482422],[151.05387498624623,-33.341262275353074,238.1999969482422],[151.05391169898212,-33.34129278548062,238.1999969482422],[151.05393156409264,-33.341317009180784,238.1999969482422],[151.05394078418612,-33.3413284085691,238.1999969482422],[151.05401010252535,-33.34140418097377,238.1999969482422],[151.05411035008729,-33.341510044410825,237.8000030517578],[151.0541843622923,-33.341600988060236,237.60000610351562],[151.0541997011751,-33.34162613376975,237.60000610351562],[151.0542798321694,-33.34173887036741,238],[151.0543926525861,-33.3418464101851,237.60000610351562],[151.0544288624078,-33.34189393557608,237.39999389648438],[151.05446272529662,-33.341932659968734,237.39999389648438],[151.05448870919645,-33.3419656008482,237.39999389648438],[151.05449633672833,-33.34197700023651,237.39999389648438],[151.05455375276506,-33.34205746650696,237.60000610351562],[151.054646121338,-33.342121755704284,237.1999969482422],[151.0546677466482,-33.34214145317674,237.1999969482422],[151.0547026153654,-33.342201970517635,237.1999969482422],[151.0547962412238,-33.34228729829192,237.60000610351562],[151.05480428785086,-33.34234630689025,238],[151.05480026453733,-33.34236835129559,238],[151.05483194813132,-33.34247094579041,238.39999389648438],[151.05485449545085,-33.34252433851361,238.39999389648438],[151.05487159453332,-33.34257890470326,238.39999389648438],[151.05487436056137,-33.34259055554867,238.39999389648438],[151.05488098226488,-33.342602625489235,238.39999389648438],[151.05493739247322,-33.34266498684883,238.39999389648438],[151.05494610965252,-33.34267579950392,238.39999389648438],[151.05505557730794,-33.342756517231464,238.8000030517578],[151.05506714433432,-33.34276456385851,239],[151.05516269803047,-33.342823907732964,239.8000030517578],[151.05518993921578,-33.34282952360809,239.8000030517578],[151.05521952733397,-33.34283689968288,240],[151.05530887842178,-33.342856178060174,240.1999969482422],[151.05541951954365,-33.34291837178171,240.60000610351562],[151.0555148217827,-33.342982744798064,241],[151.05553024448454,-33.34298903122544,241],[151.05557617731392,-33.34300017915666,241.1999969482422],[151.0557407978922,-33.34303152747452,242],[151.05575588531792,-33.34303488023579,242],[151.0557703860104,-33.34303865209222,242.1999969482422],[151.05586116202176,-33.34305332042277,242.39999389648438],[151.0558905825019,-33.343059020116925,242.39999389648438],[151.05593567714095,-33.343068743124604,242.39999389648438],[151.0559508483857,-33.343070670962334,242.39999389648438],[151.05604673735797,-33.34307779558003,242.8000030517578],[151.056200126186,-33.34305910393596,242.8000030517578],[151.05621747672558,-33.34305860102177,242.8000030517578],[151.0562598053366,-33.34306379780173,242.60000610351562],[151.05635954998434,-33.343092296272516,241.1999969482422],[151.0563874617219,-33.343095229938626,241],[151.05642559938133,-33.3430983312428,240.60000610351562],[151.0564601328224,-33.343094140291214,240.39999389648438],[151.05650757439435,-33.343095649033785,240],[151.05652266182005,-33.34309388883412,240],[151.05655803345144,-33.34307301789522,239.60000610351562],[151.05659005232155,-33.34305390715599,239.1999969482422],[151.05661746114492,-33.343028761446476,239],[151.05666624382138,-33.34300353191793,238.60000610351562],[151.0567323770374,-33.3429807331413,237.8000030517578],[151.05679230764508,-33.342946115881205,237.1999969482422],[151.0568425990641,-33.34292583167553,236.8000030517578],[151.05686481110752,-33.342911414802074,236.1999969482422],[151.05690973810852,-33.34287637844682,235.60000610351562],[151.0569178685546,-33.34285902790725,235.39999389648438],[151.056963885203,-33.34281787276268,234.60000610351562],[151.0569911263883,-33.34280085749924,234.60000610351562],[151.0570310242474,-33.342771185562015,234.39999389648438],[151.05710864067078,-33.342736568301916,234.60000610351562],[151.05724434368312,-33.34268250502646,234.1999969482422],[151.05736194178462,-33.34263120777905,234.39999389648438],[151.0575513727963,-33.342593824490905,234.8000030517578],[151.0576666239649,-33.3426115103066,235],[151.05768045410514,-33.34261955693364,235.1999969482422],[151.05772336944938,-33.342634392902255,235.60000610351562],[151.05773485265672,-33.342635314911604,235.8000030517578],[151.05776058509946,-33.3426181320101,236.39999389648438],[151.05781632475555,-33.34260237403214,236.8000030517578],[151.0578433983028,-33.34260103292763,237.1999969482422],[151.05785127729177,-33.34260153584182,237.1999969482422],[151.05786385014653,-33.34260053001344,237.39999389648438],[151.05789620429277,-33.34259441122413,237.8000030517578],[151.05796267278492,-33.34257639013231,239],[151.0579758323729,-33.34257605485618,239],[151.05804389342666,-33.342581670731306,239.60000610351562],[151.05807163752615,-33.34257957525551,239.8000030517578],[151.05808530002832,-33.34257739596069,240],[151.05812201276422,-33.342567924410105,240.60000610351562],[151.05813735164702,-33.34255141206086,240.60000610351562],[151.0581597313285,-33.342528864741325,241.1999969482422],[151.05817817151546,-33.342512687668204,241.39999389648438],[151.05820725671947,-33.34249776788056,242.1999969482422],[151.05824522674084,-33.342474550008774,243],[151.05826769024134,-33.34243783727288,243.1999969482422],[151.05828839354217,-33.342414535582066,243.39999389648438],[151.05838445015252,-33.34238637238741,244.1999969482422],[151.05841940268874,-33.34236994385719,244.60000610351562],[151.05854152701795,-33.342335410416126,245.1999969482422],[151.05859701521695,-33.34232300519943,245.39999389648438],[151.0586116835475,-33.342319652438164,245.39999389648438],[151.05875300243497,-33.34229274652898,245.60000610351562],[151.05886892415583,-33.3422883041203,245.8000030517578],[151.0589930601418,-33.342270869761705,246.39999389648438],[151.05909288860857,-33.34225745871663,246.8000030517578],[151.05910579673946,-33.34225536324084,246.8000030517578],[151.05919883586466,-33.342246478423476,247.60000610351562],[151.05923001654446,-33.3422383479774,247.60000610351562],[151.05934451334178,-33.342201970517635,247.8000030517578],[151.05944559909403,-33.3421881403774,248],[151.05950326658785,-33.34217146039009,248],[151.05951894074678,-33.342169197276235,248],[151.05956613086164,-33.34216307848692,248.1999969482422],[151.05959253385663,-33.34215528331697,248.1999969482422],[151.05963251553476,-33.34214438684285,248],[151.0597047675401,-33.34212108515203,248],[151.05980895459652,-33.34209241904318,248.39999389648438],[151.059892186895,-33.342065596953034,248.60000610351562],[151.05996309779584,-33.34203558973968,248.8000030517578],[151.06000802479684,-33.34201807156205,249.1999969482422],[151.06005990877748,-33.342011449858546,249.60000610351562],[151.06014171615243,-33.34199317730963,250.8000030517578],[151.0601609107107,-33.341979095712304,251.1999969482422],[151.06019619852304,-33.34196995943785,251.39999389648438],[151.06023215688765,-33.34197364747524,251.8000030517578],[151.06026023626328,-33.341984543949366,252.1999969482422],[151.06036484241486,-33.342000134289265,252.60000610351562],[151.0603895690292,-33.34200642071664,252.8000030517578],[151.06041471473873,-33.3420052472502,252.8000030517578],[151.0604453086853,-33.34201354533434,253],[151.06045603752136,-33.34201748482883,253.1999969482422],[151.06046651490033,-33.342021675780416,253.1999969482422],[151.0605734679848,-33.342049000784755,254],[151.06066189706326,-33.342054868116975,254.60000610351562],[151.06069391593337,-33.34204933606088,254.8000030517578],[151.06070397421718,-33.34204874932766,255],[151.06075359508395,-33.34204841405153,255.39999389648438],[151.06078603304923,-33.342047492042184,255.8000030517578],[151.0607981029898,-33.342047994956374,256],[151.06082995422184,-33.342039696872234,256.3999938964844],[151.06083766557276,-33.34203592501581,256.3999938964844],[151.06086197309196,-33.34201748482883,257],[151.06088493950665,-33.34201614372432,257.3999938964844],[151.06089499779046,-33.34201647900045,257.3999938964844],[151.06094788759947,-33.34202636964619,258],[151.0609812475741,-33.34202150814235,258.3999938964844],[151.06108426116407,-33.342010444030166,259],[151.06109742075205,-33.34200616925955,259.20001220703125],[151.0611229017377,-33.3419981226325,259.20001220703125],[151.06114771217108,-33.34199518896639,259.3999938964844],[151.0611602012068,-33.341991836205125,259.3999938964844],[151.0611744504422,-33.34198881871998,259.3999938964844],[151.06120202690363,-33.34198219701648,259.6000061035156],[151.0612154379487,-33.34198026917875,259.6000061035156],[151.06125097721815,-33.341970378533006,259.79998779296875],[151.06128525920212,-33.341961996629834,260.20001220703125],[151.06132331304252,-33.34194330498576,260.6000061035156],[151.06136958114803,-33.34192620590329,261],[151.06140830554068,-33.341921512037516,261.20001220703125],[151.0614212974906,-33.34192017093301,261.3999938964844],[151.06146463193,-33.34190617315471,261.79998779296875],[151.06152498163283,-33.341880859807134,262.3999938964844],[151.06154803186655,-33.34186116233468,262.79998779296875],[151.0616025980562,-33.34183911792934,263.3999938964844],[151.06161382980645,-33.341837441548705,263.3999938964844],[151.06168013066053,-33.34184548817575,263.6000061035156],[151.0617854911834,-33.341838447377086,264.20001220703125],[151.0618412308395,-33.34183509461582,264.3999938964844],[151.06189370155334,-33.341834926977754,264.79998779296875],[151.06200501322746,-33.341825287789106,265.6000061035156],[151.06203351169825,-33.34182679653168,265.79998779296875],[151.06216829270124,-33.34180533885956,266.6000061035156],[151.06224725022912,-33.34180290810764,266.6000061035156],[151.06234397739172,-33.341797376051545,266.6000061035156],[151.06240038760006,-33.3417962025851,266.6000061035156],[151.06249527074397,-33.341799806803465,266.3999938964844],[151.06250876560807,-33.34180215373635,266.3999938964844],[151.0626520961523,-33.34179226309061,265.6000061035156],[151.06267782859504,-33.34179410710931,265.3999938964844],[151.06279140338302,-33.34181112237275,264.6000061035156],[151.06287446804345,-33.341825203970075,264.20001220703125],[151.0629877075553,-33.34183048456907,263.6000061035156],[151.063076807186,-33.34184121340513,263.3999938964844],[151.0631364863366,-33.34183827973902,263.20001220703125],[151.06319373473525,-33.34183735772967,263],[151.06323648244143,-33.341841297224164,262.79998779296875],[151.06329331174493,-33.34185269661248,262.79998779296875],[151.06334335170686,-33.34185286425054,262.6000061035156],[151.0633566789329,-33.34185462445021,262.6000061035156],[151.06343840248883,-33.341876082122326,262.20001220703125],[151.06344141997397,-33.341875495389104,262.20001220703125],[151.06344351544976,-33.34187247790396,262],[151.0633926372975,-33.34187423810363,262],[151.06337788514793,-33.341872058808804,262.20001220703125],[151.06325349770486,-33.34188622422516,262.79998779296875],[151.06324042193592,-33.341897036880255,263],[151.0632409248501,-33.34189619868994,263],[151.0632384940982,-33.34189963527024,263],[151.0632384940982,-33.34189963527024,263],[151.0632384940982,-33.34189963527024,263],[151.06323874555528,-33.341898461803794,263.3999938964844],[151.0632845107466,-33.34187784232199,262.79998779296875],[151.06329842470586,-33.341878931969404,262.6000061035156],[151.0633564274758,-33.34186996333301,262.6000061035156],[151.06337327510118,-33.3418670296669,262.6000061035156],[151.06339783407748,-33.3418688736856,262.6000061035156],[151.06345265172422,-33.341873567551374,262],[151.06345449574292,-33.34186619147658,262.20001220703125],[151.06344711966813,-33.341867197304964,262.20001220703125],[151.063441503793,-33.341865353286266,262.20001220703125],[151.06344854459167,-33.341853031888604,262.3999938964844],[151.0634456947446,-33.341851104050875,262],[151.06345105916262,-33.34184976294637,262.20001220703125],[151.06345399282873,-33.341851606965065,262.20001220703125],[151.06345223262906,-33.34184942767024,262.20001220703125],[151.06344435364008,-33.34185445681214,262.3999938964844],[151.0634465329349,-33.34185428917408,262.20001220703125],[151.06344611383975,-33.34185370244086,261.79998779296875],[151.06344527564943,-33.34184884093702,262],[151.06344820931554,-33.34184439852834,262],[151.06344938278198,-33.34184154868126,262.20001220703125],[151.0634483769536,-33.341840794309974,262],[151.0634497180581,-33.34184012375772,262],[151.06344980187714,-33.34183978848159,262],[151.06344963423908,-33.341839369386435,262.3999938964844],[151.06345307081938,-33.3418376930058,262.20001220703125],[151.06345633976161,-33.341830149292946,262.20001220703125],[151.06345633976161,-33.34182998165488,262.20001220703125],[151.06345642358065,-33.34182981401682,262.3999938964844],[151.0634642187506,-33.3418186660856,262.6000061035156],[151.06346271000803,-33.341809529811144,262.79998779296875],[151.063460027799,-33.34181673824787,262.3999938964844],[151.063460027799,-33.34181665442884,262.6000061035156],[151.0634565912187,-33.34181799553335,262.3999938964844],[151.06345650739968,-33.34181975573301,262.79998779296875],[151.06345650739968,-33.34181975573301,262.79998779296875],[151.0634565912187,-33.34181958809495,263],[151.0634565912187,-33.34181967191398,263],[151.0634568426758,-33.341819839552045,263],[151.06345692649484,-33.341819839552045,263],[151.06345717795193,-33.34181992337108,262.79998779296875],[151.06345726177096,-33.34182000719011,262.79998779296875],[151.06345742940903,-33.341819839552045,262.79998779296875],[151.06345776468515,-33.34181967191398,262.79998779296875],[151.06345784850419,-33.34181958809495,262.79998779296875],[151.06345784850419,-33.34181950427592,262.79998779296875],[151.0634575970471,-33.341820342466235,263],[151.06345751322806,-33.34182059392333,263],[151.06345751322806,-33.34182059392333,263],[151.06345751322806,-33.34182067774236,263],[151.06345734559,-33.34182092919946,263],[151.06345726177096,-33.341821264475584,263],[151.06345675885677,-33.34182294085622,262.79998779296875],[151.0634575970471,-33.341825203970075,263],[151.06345826759934,-33.34182503633201,263],[151.06345902197063,-33.341824281960726,262.79998779296875],[151.0634589381516,-33.341824281960726,262.79998779296875],[151.0634589381516,-33.34182411432266,262.79998779296875],[151.06345885433257,-33.341824198141694,262.79998779296875],[151.06345801614225,-33.34182537160814,263],[151.06345793232322,-33.34182545542717,263],[151.06345768086612,-33.341825706884265,263],[151.0634575970471,-33.3418257907033,263],[151.06345701031387,-33.341826628893614,263],[151.0634565912187,-33.34182679653168,263],[151.06345650739968,-33.34182654507458,263.20001220703125],[151.06345835141838,-33.341826712712646,263],[151.0634586866945,-33.341826209798455,263],[151.0634594410658,-33.34182679653168,262.6000061035156],[151.0634594410658,-33.3418273832649,262.79998779296875],[151.06345910578966,-33.34182830527425,262.79998779296875],[151.06345902197063,-33.34182872436941,262.79998779296875],[151.06345910578966,-33.34182880818844,262.79998779296875],[151.06345935724676,-33.34182880818844,263.20001220703125],[151.06345952488482,-33.341829143464565,263.3999938964844],[151.06345986016095,-33.34182973019779,263.20001220703125],[151.06345994397998,-33.34183040075004,263.3999938964844],[151.06346011161804,-33.34183090366423,263.20001220703125],[151.06346011161804,-33.341831574216485,263.6000061035156],[151.06346019543707,-33.34183182567358,263.6000061035156],[151.06346036307514,-33.34183216094971,263.3999938964844],[151.06346019543707,-33.3418324124068,263.3999938964844],[151.06346019543707,-33.341832496225834,263.3999938964844],[151.06345994397998,-33.34183274768293,263.6000061035156],[151.06345935724676,-33.34183434024453,263.3999938964844],[151.06346019543707,-33.34183417260647,263.20001220703125],[151.0634602792561,-33.34183509461582,263.3999938964844],[151.063460027799,-33.34183517843485,264.3999938964844],[151.06345977634192,-33.341835513710976,264.20001220703125],[151.06345960870385,-33.341835932806134,264.6000061035156],[151.0634591896087,-33.341836435720325,264.3999938964844],[151.0634589381516,-33.34183660335839,264.6000061035156],[151.06345885433257,-33.34183685481548,264.6000061035156],[151.0634586866945,-33.34183685481548,265],[151.06345860287547,-33.34183702245355,265.3999938964844],[151.06345851905644,-33.34183710627258,265.6000061035156],[151.06345776468515,-33.34183760918677,264.6000061035156],[151.0634581837803,-33.3418376930058,264.6000061035156],[151.06345826759934,-33.34183811210096,265],[151.06345793232322,-33.34183827973902,264.79998779296875],[151.06345742940903,-33.34183827973902,264.79998779296875],[151.06345742940903,-33.341838363558054,264.79998779296875],[151.06345726177096,-33.341838447377086,264.79998779296875],[151.0634570941329,-33.341838363558054,265.20001220703125],[151.06352163478732,-33.34188027307391,264.6000061035156],[151.06353940442204,-33.34188572131097,264.6000061035156],[151.063652895391,-33.341886727139354,264.3999938964844],[151.0637720860541,-33.341872645542026,264],[151.063822042197,-33.34187272936106,264],[151.0638859961182,-33.34187331609428,263.6000061035156],[151.06396009214222,-33.34187197498977,263],[151.06403200887144,-33.34186987951398,262.3999938964844],[151.0641252156347,-33.34186158142984,261.79998779296875],[151.06425069272518,-33.34186619147658,261.3999938964844],[151.0642911773175,-33.341870633885264,261],[151.06439972296357,-33.341846661642194,260.3999938964844],[151.0644201748073,-33.34183341823518,260],[151.06448178179562,-33.34179896861315,259],[151.0645075980574,-33.341782707720995,258.6000061035156],[151.06453601270914,-33.34175261668861,257.79998779296875],[151.06461287476122,-33.3416547998786,257],[151.064630812034,-33.34163116291165,256.79998779296875],[151.06466651894152,-33.34157961420715,256],[151.0647010523826,-33.3415406383574,255.8000030517578],[151.06474455446005,-33.34149864502251,255.1999969482422],[151.06480926275253,-33.34146402776241,254.60000610351562],[151.06484991498291,-33.341445503756404,254.39999389648438],[151.06496290303767,-33.341413317248225,253.8000030517578],[151.0649772360921,-33.34140778519213,253.60000610351562],[151.06503549031913,-33.341392781585455,253],[151.0650837700814,-33.34137735888362,252.60000610351562],[151.0650970134884,-33.341371240094304,252.39999389648438],[151.065180497244,-33.34133913740516,251.8000030517578],[151.06523581780493,-33.34131684154272,251.39999389648438],[151.0653319582343,-33.34127032198012,251],[151.06543220579624,-33.341187005862594,250.60000610351562],[151.0654431860894,-33.34117795340717,250.39999389648438],[151.06557394377887,-33.34109354764223,249.8000030517578],[151.06563211418688,-33.341047866269946,249.39999389648438],[151.06572691351175,-33.34098734892905,248.8000030517578],[151.06585448607802,-33.340894896537066,248.39999389648438],[151.0658880136907,-33.34086832590401,248.1999969482422],[151.066015670076,-33.34077453240752,247.39999389648438],[151.06602916494012,-33.34076816216111,247.1999969482422],[151.06612572446465,-33.34068878553808,246.8000030517578],[151.06620375998318,-33.340625585988164,246.1999969482422],[151.06622505001724,-33.34060337394476,246.1999969482422],[151.06623435392976,-33.340594824403524,246],[151.06631523929536,-33.34053874947131,246],[151.06632504612207,-33.34052969701588,245.8000030517578],[151.0663335956633,-33.3405183814466,245.8000030517578],[151.06634189374745,-33.34050631150603,245.60000610351562],[151.06639956124127,-33.34044076502323,245.39999389648438],[151.06643367558718,-33.34041201509535,245.1999969482422],[151.06648296117783,-33.340364657342434,244.8000030517578],[151.06655647046864,-33.34029072895646,244.1999969482422],[151.066565355286,-33.3402765635401,244.1999969482422],[151.06661799363792,-33.34021923132241,244],[151.0666356794536,-33.34019735455513,244],[151.06668177992105,-33.340120324864984,243.8000030517578],[151.06668571941555,-33.3401074167341,243.60000610351562],[151.06670055538416,-33.34005813114345,243.60000610351562],[151.0667196661234,-33.33993583917618,243.39999389648438],[151.06672360561788,-33.33992209285498,243.39999389648438],[151.06672612018883,-33.33980684168637,243.39999389648438],[151.06669267639518,-33.33968915976584,243.60000610351562],[151.06668379157782,-33.33965538069606,243.60000610351562],[151.0666723921895,-33.339600479230285,243.8000030517578],[151.06665009632707,-33.33955856971443,244.1999969482422],[151.06664464809,-33.339548176154494,244.1999969482422],[151.0666414629668,-33.33952805958688,244.1999969482422],[151.06662285514176,-33.339471481740475,244.8000030517578],[151.06660776771605,-33.33942546509206,245.1999969482422],[151.06660424731672,-33.339401576668024,245.39999389648438],[151.06660014018416,-33.3393822144717,245.60000610351562],[151.06657365337014,-33.339332174509764,246],[151.0665603261441,-33.33929671905935,246.1999969482422],[151.0665463283658,-33.339258413761854,246.39999389648438],[151.0665039997548,-33.33913402631879,246.60000610351562],[151.06644289568067,-33.339005280286074,247.1999969482422],[151.06639863923192,-33.33894652314484,247.1999969482422],[151.06630761176348,-33.338849041610956,247],[151.0662738326937,-33.33880864083767,247],[151.0662378743291,-33.33876530639827,247],[151.06618288904428,-33.33869003690779,247.39999389648438],[151.06617987155914,-33.33867880515754,247.39999389648438],[151.06616377830505,-33.338649133220315,247.60000610351562],[151.066155731678,-33.33862633444369,247.8000030517578],[151.066123964265,-33.33854687400162,248.39999389648438],[151.06612195260823,-33.33853262476623,248.39999389648438],[151.06611625291407,-33.338507479056716,248.8000030517578],[151.06609010137618,-33.3384376578033,249.60000610351562],[151.06608607806265,-33.33841200917959,249.8000030517578],[151.06607979163527,-33.33839817903936,250],[151.06606805697083,-33.338354006409645,250.1999969482422],[151.06605322100222,-33.338321233168244,250.39999389648438],[151.06604819186032,-33.33831125870347,250.39999389648438],[151.06603553518653,-33.33828787319362,250.60000610351562],[151.06600276194513,-33.338202545419335,251.1999969482422],[151.06598876416683,-33.338136076927185,251.8000030517578],[151.0659923683852,-33.33809341304004,252],[151.066020950675,-33.337985621765256,252.39999389648438],[151.0660269856453,-33.33796131424606,252.8000030517578],[151.06602933257818,-33.33794974721968,252.8000030517578],[151.06603109277785,-33.33793516270816,253],[151.0660457611084,-33.33786366507411,253.1999969482422],[151.0660484433174,-33.33784564398229,253.1999969482422],[151.06605112552643,-33.33783038891852,253.60000610351562],[151.06605380773544,-33.337821336463094,253.8000030517578],[151.06606009416282,-33.33776392042637,254.1999969482422],[151.06605011969805,-33.337669875472784,254.8000030517578],[151.06604701839387,-33.33765545859933,254.8000030517578],[151.06602983549237,-33.3375309035182,255.39999389648438],[151.06601893901825,-33.33746502175927,255.60000610351562],[151.06601449660957,-33.337436355650425,255.8000030517578],[151.06597912497818,-33.33727391436696,256.20001220703125],[151.06596319936216,-33.337149024009705,256.79998779296875],[151.06595850549638,-33.33712664432824,257],[151.0659450944513,-33.337033269926906,257.3999938964844],[151.06594132259488,-33.337004352360964,257.6000061035156],[151.06593151576817,-33.33690536208451,258],[151.06591667979956,-33.336788434535265,258.3999938964844],[151.06590268202126,-33.3366553299129,258.3999938964844],[151.06589119881392,-33.336476711556315,257.6000061035156],[151.06587812304497,-33.33633572794497,257],[151.06587736867368,-33.33632315509021,256.79998779296875],[151.06586990877986,-33.336253333836794,256.6000061035156],[151.0658647119999,-33.33619533106685,256.3999938964844],[151.06586571782827,-33.33605443127453,256],[151.06585825793445,-33.33593389950693,256],[151.06585607863963,-33.33590866997838,256],[151.0658541508019,-33.33586072549224,255.8000030517578],[151.06583931483328,-33.33573969081044,255.39999389648438],[151.06582992710173,-33.33562385290861,254.8000030517578],[151.06582816690207,-33.335608933120966,254.8000030517578],[151.0658274963498,-33.335558557882905,254.39999389648438],[151.06583202257752,-33.335484797134995,254.1999969482422],[151.0658316873014,-33.335436433553696,254.1999969482422],[151.06583059765399,-33.335366025567055,254.39999389648438],[151.06583110056818,-33.33526619710028,254.39999389648438],[151.06583026237786,-33.335253624245524,254.1999969482422],[151.06582598760724,-33.33520266227424,254.1999969482422],[151.06582338921726,-33.33516779355705,254.39999389648438],[151.06582397595048,-33.335153963416815,254.39999389648438],[151.06582548469305,-33.335079699754715,254.60000610351562],[151.06582607142627,-33.33506578579545,254.60000610351562],[151.0658213775605,-33.334984397515655,254.8000030517578],[151.06581986881793,-33.334954138845205,254.8000030517578],[151.0658131632954,-33.334929244592786,255],[151.06581802479923,-33.33479270339012,255.8000030517578],[151.06582632288337,-33.334742076694965,256.6000061035156],[151.06582716107368,-33.33472212776542,256.79998779296875],[151.0658274963498,-33.33471139892936,257],[151.06583654880524,-33.334647277370095,258],[151.06583847664297,-33.33463478833437,258],[151.0658401530236,-33.33462422713637,258],[151.0658554919064,-33.33457385189831,258.6000061035156],[151.06586429290473,-33.33454485051334,258.79998779296875],[151.06587946414948,-33.33449958823621,259.20001220703125],[151.0658805537969,-33.33443102426827,259.6000061035156],[151.06588549911976,-33.334417613223195,259.6000061035156],[151.06589044444263,-33.33440571092069,259.6000061035156],[151.06590318493545,-33.334368327632546,259.79998779296875],[151.06590947136283,-33.334355503320694,259.79998779296875],[151.0659345332533,-33.3343224786222,259.79998779296875],[151.06594249606133,-33.33431099541485,259.79998779296875],[151.06598834507167,-33.33422524854541,259.79998779296875],[151.06599454768002,-33.33421393297613,259.79998779296875],[151.06603486463428,-33.33415215834975,259.6000061035156],[151.0660521313548,-33.334130365401506,259.6000061035156],[151.06609948910773,-33.33404696546495,259.3999938964844],[151.06611985713243,-33.33401033654809,259.3999938964844],[151.06615698896348,-33.333959793671966,259],[151.06620820239186,-33.333899611607194,258.79998779296875],[151.066242903471,-33.33385921083391,258.3999938964844],[151.06628221459687,-33.333836160600185,258],[151.0662949550897,-33.33382937125862,258],[151.06632202863693,-33.33381788805127,257.79998779296875],[151.0664329212159,-33.333782348781824,257],[151.06650316156447,-33.33377128466964,256.6000061035156],[151.0666311532259,-33.333742283284664,255.8000030517578],[151.0666480846703,-33.33373566158116,255.60000610351562],[151.06678714044392,-33.3337143715471,254.8000030517578],[151.0668023955077,-33.33371361717582,254.8000030517578],[151.0669284593314,-33.33372065797448,254.1999969482422],[151.0669990349561,-33.3337265253067,254],[151.06705049984157,-33.33372292108834,253.8000030517578],[151.06707564555109,-33.333719903603196,253.60000610351562],[151.0672271065414,-33.33371914923191,253.39999389648438],[151.06738150119781,-33.333722837269306,253.60000610351562],[151.06745962053537,-33.333730632439256,253.60000610351562],[151.06747403740883,-33.333732057362795,253.60000610351562],[151.06753162108362,-33.33373633213341,253.39999389648438],[151.06760647147894,-33.33374295383692,253.39999389648438],[151.06768073514104,-33.33375183865428,253.39999389648438],[151.06784694828093,-33.33375393413007,254],[151.0679974872619,-33.333753095939755,254.8000030517578],[151.0680905263871,-33.333753012120724,255],[151.06815590523183,-33.33375133574009,255.1999969482422],[151.06837165541947,-33.33373415283859,255],[151.06852730736136,-33.33371713757515,254.39999389648438],[151.06867508031428,-33.33367078565061,254.1999969482422],[151.068772142753,-33.33364228717983,254.1999969482422],[151.0689013916999,-33.333579087629914,254.60000610351562],[151.06901437975466,-33.33349929191172,255],[151.06910138390958,-33.333443803712726,255.1999969482422],[151.06920733116567,-33.33336819894612,255.60000610351562],[151.0692349076271,-33.33335512317717,255.8000030517578],[151.06925938278437,-33.333344645798206,256],[151.06931034475565,-33.33331681787968,256.3999938964844],[151.06934420764446,-33.333288403227925,256.79998779296875],[151.06942735612392,-33.33324708044529,257.20001220703125],[151.06952223926783,-33.333208691328764,258],[151.0695443674922,-33.33319678902626,258.20001220703125],[151.06961745768785,-33.333152532577515,259],[151.06964888982475,-33.33313124254346,259.3999938964844],[151.0696603730321,-33.33312495611608,259.6000061035156],[151.06972298584878,-33.3330962061882,260.20001220703125],[151.06977185234427,-33.3330703061074,260.6000061035156],[151.06981451623142,-33.33304474130273,261.20001220703125],[151.0698430147022,-33.333034263923764,261.3999938964844],[151.06988525949419,-33.333011381328106,261.6000061035156],[151.07001358643174,-33.33295237272978,261.3999938964844],[151.07014711014926,-33.33293829113245,260.79998779296875],[151.07026512734592,-33.3329545520246,260.20001220703125],[151.07027904130518,-33.33295874297619,260],[151.0704061947763,-33.33299436606467,259.3999938964844],[151.07042237184942,-33.33299939520657,259.20001220703125],[151.07043754309416,-33.33300417289138,259.20001220703125],[151.07045204378664,-33.33300869911909,259],[151.0705118905753,-33.333023115992546,258.3999938964844],[151.0705465078354,-33.3330409694463,258],[151.07056888751686,-33.33305572159588,257.79998779296875],[151.07070073485374,-33.33311623893678,257.3999938964844],[151.07077868655324,-33.33316711708903,256.79998779296875],[151.07078908011317,-33.33317658863962,256.79998779296875],[151.0709292255342,-33.33325378596783,256.3999938964844],[151.07098747976124,-33.33329552784562,255.8000030517578],[151.0710301436484,-33.33333492279053,255.60000610351562],[151.07112259604037,-33.33342335186899,255.8000030517578],[151.0712127853185,-33.33350155502558,255.8000030517578],[151.07130113057792,-33.33360188640654,255.39999389648438],[151.07133599929512,-33.333641616627574,255],[151.07136416248977,-33.33366692997515,254.8000030517578],[151.0713706165552,-33.33367648534477,254.8000030517578],[151.07140556909144,-33.333735493943095,254.39999389648438],[151.0714220814407,-33.33375661633909,254.39999389648438],[151.0714696906507,-33.33383389748633,254.1999969482422],[151.07148955576122,-33.33388578146696,254],[151.071570944041,-33.3339701872319,253.60000610351562],[151.0715955030173,-33.333988627418876,253.60000610351562],[151.0716274380684,-33.33400153554976,253.39999389648438],[151.07165384106338,-33.33401360549033,253.1999969482422],[151.07166071422398,-33.33402190357447,253.1999969482422],[151.07176917605102,-33.334055515006185,252.60000610351562],[151.07194402255118,-33.33404294215143,252.1999969482422],[151.072062458843,-33.334029195830226,251.60000610351562],[151.07207243330777,-33.33402659744024,251.39999389648438],[151.07208249159157,-33.33402165211737,251.39999389648438],[151.07216496951878,-33.33400782197714,251],[151.07219631783664,-33.334004720672965,251],[151.07226714491844,-33.333987621590495,250.8000030517578],[151.07228357344866,-33.33398493938148,250.60000610351562],[151.0722963977605,-33.33398250862956,250.39999389648438],[151.07236370444298,-33.333964655175805,250],[151.0724126547575,-33.333946550264955,249.8000030517578],[151.07248222455382,-33.33392132073641,249.39999389648438],[151.07255791313946,-33.33388821221888,248.8000030517578],[151.07261331751943,-33.33386147394776,248.39999389648438],[151.07271415181458,-33.33381428383291,247.8000030517578],[151.07278891839087,-33.33377128466964,247.39999389648438],[151.0728133097291,-33.33374748006463,247.39999389648438],[151.07285203412175,-33.33372342400253,247],[151.07295915484428,-33.33366827107966,246.39999389648438],[151.0730157326907,-33.33363449200988,246.1999969482422],[151.07308354228735,-33.33360188640654,245.8000030517578],[151.07318018563092,-33.33355067297816,245.1999969482422],[151.07323265634477,-33.33353231661022,245],[151.07324740849435,-33.33352720364928,245],[151.07329795137048,-33.33350566215813,245],[151.0733289644122,-33.333501890301704,245.1999969482422],[151.0734486579895,-33.33348462358117,245],[151.07356424443424,-33.33349334076047,244.8000030517578],[151.0736783221364,-33.33356559276581,244.39999389648438],[151.07368787750602,-33.33357783034444,244],[151.07369592413306,-33.3337196521461,243.1999969482422],[151.0736902244389,-33.3337629865855,243],[151.07369173318148,-33.333841022104025,242.1999969482422],[151.0736907273531,-33.33387807011604,242],[151.07370615005493,-33.33394789136946,241.1999969482422],[151.07370941899717,-33.33397219888866,241],[151.07371285557747,-33.33398401737213,241],[151.07371360994875,-33.33399918861687,240.8000030517578],[151.07372408732772,-33.33403833210468,240.60000610351562],[151.0737271886319,-33.33405090495944,240.39999389648438],[151.07377647422254,-33.33413153886795,239.8000030517578],[151.0737903881818,-33.334136651828885,239.8000030517578],[151.07380136847496,-33.33414478227496,239.8000030517578],[151.07380899600685,-33.33415391854942,239.60000610351562],[151.07384596019983,-33.33418736234307,239.39999389648438],[151.07387278228998,-33.33420001901686,239.1999969482422],[151.0738979279995,-33.33420739509165,239],[151.07392282225192,-33.3342117536813,238.60000610351562],[151.0739605408162,-33.33421451970935,238.39999389648438],[151.07398048974574,-33.334215357899666,238],[151.07400831766427,-33.33420286886394,237.8000030517578],[151.07401753775775,-33.3341945707798,237.60000610351562],[151.07402625493705,-33.33418216556311,237.39999389648438],[151.07407562434673,-33.334178226068616,237],[151.07409540563822,-33.334178728982806,236.8000030517578],[151.0741096548736,-33.33417730405927,236.60000610351562],[151.07413572259247,-33.33417411893606,236.39999389648438],[151.07416464015841,-33.334172358736396,236.1999969482422],[151.07418668456376,-33.3341702632606,236],[151.07419934123755,-33.33416858687997,236],[151.07421157881618,-33.334168922156096,235.8000030517578],[151.0742972418666,-33.3341861050576,235.60000610351562],[151.07431216165423,-33.334186524152756,235.39999389648438],[151.0744275804609,-33.334196247160435,234.8000030517578],[151.0744947195053,-33.33419809117913,234.39999389648438],[151.0745087172836,-33.3341998513788,234.39999389648438],[151.07462002895772,-33.33422441035509,234],[151.07464048080146,-33.33422684110701,233.8000030517578],[151.07469043694437,-33.33424787968397,233.60000610351562],[151.07470435090363,-33.334258357062936,233.60000610351562],[151.0747402254492,-33.33429280668497,233.39999389648438],[151.07475665397942,-33.33429926075041,233.39999389648438],[151.07479210942984,-33.33432457409799,233.1999969482422],[151.07486268505454,-33.33432683721185,233.1999969482422],[151.07495010830462,-33.3343568444252,232.1999969482422],[151.07499620877206,-33.33436950109899,232],[151.07511011883616,-33.334426414221525,231.39999389648438],[151.0751321632415,-33.33444066345692,231.1999969482422],[151.0751633439213,-33.33445189520717,231.1999969482422],[151.07517449185252,-33.33446145057678,231],[151.07522495090961,-33.33450428210199,230.1999969482422],[151.07524917460978,-33.33452498540282,230],[151.0753226839006,-33.33458600565791,229.60000610351562],[151.07538328506052,-33.334622383117676,229.39999389648438],[151.07541287317872,-33.33463319577277,229.1999969482422],[151.07546023093164,-33.33464166149497,229],[151.07552577741444,-33.33472749218345,228.8000030517578],[151.07559978961945,-33.33478767424822,228.1999969482422],[151.07561353594065,-33.3347939606756,228.1999969482422],[151.07569634914398,-33.334855819121,227.39999389648438],[151.07572023756802,-33.33486462011933,227.1999969482422],[151.07573247514665,-33.3348698168993,227],[151.07577237300575,-33.334896974265575,226.60000610351562],[151.07583758421242,-33.334921365603805,226],[151.0758686810732,-33.33492840640247,226],[151.07593892142177,-33.33494232036173,225.39999389648438],[151.0759955830872,-33.33498037420213,225.39999389648438],[151.07604956254363,-33.3350061904639,225],[151.07606054283679,-33.33501046523452,225],[151.0761065594852,-33.335003005340695,224.60000610351562],[151.07618409208953,-33.335026893764734,224],[151.07619783841074,-33.335030833259225,223.8000030517578],[151.07621141709387,-33.33503217436373,223.8000030517578],[151.07629230245948,-33.335059164091945,223.39999389648438],[151.07633052393794,-33.335072407498956,222.8000030517578],[151.07634779065847,-33.3350719884038,222.60000610351562],[151.0764083918184,-33.33508078940213,222.1999969482422],[151.0764368902892,-33.3350873272866,222.1999969482422],[151.07649757526815,-33.33510392345488,221.8000030517578],[151.07651308178902,-33.33510668948293,221.8000030517578],[151.07661433517933,-33.335135439410806,221.1999969482422],[151.07664710842073,-33.33514139056206,221],[151.07672145590186,-33.33516980521381,220.8000030517578],[151.0767466854304,-33.33518254570663,220.8000030517578],[151.07675649225712,-33.33519193343818,220.8000030517578],[151.0767675563693,-33.33519830368459,220.8000030517578],[151.07684701681137,-33.33522344939411,220.39999389648438],[151.0769113060087,-33.33524851128459,219.8000030517578],[151.07692597433925,-33.33525152876973,219.8000030517578],[151.07694047503173,-33.33525630645454,219.8000030517578],[151.07695371843874,-33.33526460453868,219.60000610351562],[151.0770366154611,-33.335290756076574,219.1999969482422],[151.07707391493022,-33.33530710078776,219],[151.07713233679533,-33.33531590178609,218.8000030517578],[151.07715480029583,-33.33532000891864,218.60000610351562],[151.07720190659165,-33.335313219577074,218.39999389648438],[151.07723308727145,-33.33531556650996,218.1999969482422],[151.0772461630404,-33.33532487042248,218.1999969482422],[151.0772704705596,-33.33533777855337,218],[151.0773096140474,-33.335339454934,217.8000030517578],[151.07734934426844,-33.335352363064885,217.39999389648438],[151.07742620632052,-33.335376754403114,216.8000030517578],[151.07745034620166,-33.33538153208792,216.60000610351562],[151.0775365959853,-33.33538832142949,216],[151.07755688019097,-33.33539645187557,215.8000030517578],[151.07756534591317,-33.33540374413133,215.60000610351562],[151.07765100896358,-33.335432494059205,215],[151.0776872187853,-33.335438361391425,214.60000610351562],[151.07783725485206,-33.335452526807785,213.8000030517578],[151.0778735484928,-33.335456969216466,213.60000610351562],[151.07793599367142,-33.33546350710094,213],[151.07795066200197,-33.33546216599643,212.8000030517578],[151.0779766459018,-33.33545822650194,212.60000610351562],[151.07802350074053,-33.33545168861747,212.1999969482422],[151.07809441164136,-33.33544062450528,211.60000610351562],[151.07810648158193,-33.33543861284852,211.60000610351562],[151.07819482684135,-33.33541614934802,211],[151.07824553735554,-33.335406593978405,210.8000030517578],[151.0783011931926,-33.33539905026555,210.60000610351562],[151.07842046767473,-33.335374826565385,210],[151.07849028892815,-33.33535445854068,209.39999389648438],[151.07850353233516,-33.33535605110228,209.39999389648438],[151.07853940688074,-33.33535420708358,209],[151.0786119941622,-33.33533023484051,208.39999389648438],[151.0786447674036,-33.33532126620412,208.1999969482422],[151.0787274967879,-33.3353048376739,207.39999389648438],[151.07876060530543,-33.3353032451123,207.1999969482422],[151.07884945347905,-33.335282960906625,206.39999389648438],[151.07888541184366,-33.33527248352766,206.1999969482422],[151.079007871449,-33.33524524234235,205.1999969482422],[151.07902069576085,-33.335239039734006,205.1999969482422],[151.07909210957587,-33.335201321169734,204.60000610351562],[151.07912597246468,-33.33518363535404,204.1999969482422],[151.07915623113513,-33.33516754209995,204],[151.0792494378984,-33.33512404002249,203.1999969482422],[151.0792766790837,-33.33510811440647,202.8000030517578],[151.07936720363796,-33.33506779745221,202],[151.07939209789038,-33.33505447022617,201.8000030517578],[151.07941137626767,-33.33503837697208,201.39999389648438],[151.0794827900827,-33.334992695599794,201],[151.07951011508703,-33.33498121239245,200.8000030517578],[151.07957482337952,-33.33494491875172,200.39999389648438],[151.07963073067367,-33.33490837365389,199.8000030517578],[151.0796794295311,-33.33487719297409,199.39999389648438],[151.07970549724996,-33.33486235700548,199.1999969482422],[151.07975930906832,-33.33483159542084,198.8000030517578],[151.0797862149775,-33.3348198607564,198.60000610351562],[151.0798583831638,-33.33479412831366,197.8000030517578],[151.07989576645195,-33.33477744832635,197.39999389648438],[151.0799186490476,-33.33476487547159,197],[151.0799397714436,-33.33475691266358,196.8000030517578],[151.07997053302824,-33.3347419090569,196.60000610351562],[151.07999777421355,-33.33472581580281,196.39999389648438],[151.08003591187298,-33.33469798788428,196.1999969482422],[151.08007949776947,-33.33468524739146,195.8000030517578],[151.08009047806263,-33.33467644639313,195.8000030517578],[151.08011989854276,-33.33466722629964,195.60000610351562],[151.08019969426095,-33.33462732844055,194.60000610351562],[151.08023171313107,-33.33461542613804,194.39999389648438],[151.08032156713307,-33.33458550274372,193.39999389648438],[151.08033824712038,-33.334577875211835,193.1999969482422],[151.08037621714175,-33.334558764472604,192.8000030517578],[151.08044989407063,-33.33452004007995,192.1999969482422],[151.08048484660685,-33.33450176753104,191.8000030517578],[151.08049850910902,-33.334496822208166,191.60000610351562],[151.08052373863757,-33.334483159706,191.39999389648438],[151.08054980635643,-33.33446865901351,191],[151.08060454018414,-33.334441585466266,190],[151.08062013052404,-33.33443412557244,189.8000030517578],[151.0806560050696,-33.33441493101418,189.39999389648438],[151.08072825707495,-33.33439196459949,189.1999969482422],[151.08082900755107,-33.334346199408174,189],[151.0808573383838,-33.33433270454407,188.8000030517578],[151.08087150380015,-33.33432792685926,188.8000030517578],[151.08088650740683,-33.33432113751769,188.8000030517578],[151.0809237230569,-33.33429724909365,188.60000610351562],[151.08099245466292,-33.33426439203322,188.39999389648438],[151.0810569114983,-33.334224577993155,187.8000030517578],[151.0811335220933,-33.33418518304825,187.39999389648438],[151.08122832141817,-33.33412181586027,186.8000030517578],[151.08123804442585,-33.33411209285259,186.60000610351562],[151.0813296586275,-33.33404294215143,186],[151.08136301860213,-33.33401477895677,185.60000610351562],[151.08143283985555,-33.333957782015204,185.1999969482422],[151.08152529224753,-33.33385166712105,184.8000030517578],[151.0815328359604,-33.3338422793895,184.60000610351562],[151.08162445016205,-33.333768686279655,184],[151.08165060169995,-33.3337455522269,183.8000030517578],[151.0816861409694,-33.33371328189969,183.60000610351562],[151.08170223422348,-33.333694925531745,183.1999969482422],[151.08171505853534,-33.333681765943766,183],[151.0817757435143,-33.33362124860287,182.39999389648438],[151.08186073601246,-33.33352938294411,181.39999389648438],[151.08188604936004,-33.333511194214225,181.1999969482422],[151.0819258634001,-33.33347707986832,181],[151.08200004324317,-33.33339133299887,180.39999389648438],[151.08201127499342,-33.33337800577283,180.39999389648438],[151.08202376402915,-33.33336786366999,180.1999969482422],[151.0821285378188,-33.33327700383961,179.8000030517578],[151.0822017956525,-33.33320760168135,179.8000030517578],[151.08222207985818,-33.333184299990535,179.8000030517578],[151.08223314397037,-33.3331739064306,179.8000030517578],[151.08224940486252,-33.33316242322326,179.60000610351562],[151.08226843178272,-33.33312839269638,179.60000610351562],[151.08226885087788,-33.33309402689338,179.60000610351562],[151.0823130235076,-33.333034850656986,179.39999389648438],[151.0823191422969,-33.33302864804864,179.39999389648438],[151.0823452938348,-33.33300903439522,179.39999389648438],[151.08238963410258,-33.33297793753445,179],[151.08244746923447,-33.3329236228019,179],[151.0824631433934,-33.33290250040591,178.8000030517578],[151.08256104402244,-33.332799235358834,178.60000610351562],[151.08257395215333,-33.33278967998922,178.60000610351562],[151.08262231573462,-33.33274609409273,178.39999389648438],[151.082673529163,-33.33271290175617,178.39999389648438],[151.0826795641333,-33.332706950604916,178.39999389648438],[151.0827102418989,-33.33266009576619,178.39999389648438],[151.08273237012327,-33.332638554275036,178.60000610351562],[151.08275483362377,-33.33262170664966,178.60000610351562],[151.08278702013195,-33.33257728256285,178.8000030517578],[151.08282348141074,-33.33255708217621,178.8000030517578],[151.0828278400004,-33.332550544291735,178.8000030517578],[151.0828564222902,-33.33252397365868,178.8000030517578],[151.0828677378595,-33.332508550956845,178.8000030517578],[151.08296019025147,-33.3324193675071,179],[151.08296832069755,-33.33240855485201,179],[151.08298290520906,-33.332384917885065,179],[151.0829909518361,-33.3323778770864,179],[151.08302590437233,-33.3323466964066,178.8000030517578],[151.08309891074896,-33.332242760807276,178.8000030517578],[151.0831803828478,-33.332157768309116,178.8000030517578],[151.0832493659109,-33.332071769982576,179],[151.08332455158234,-33.33200882188976,178.60000610351562],[151.08342899009585,-33.331902623176575,178.39999389648438],[151.08344466425478,-33.33187948912382,178.39999389648438],[151.08348238281906,-33.33184721879661,178.39999389648438],[151.08355748467147,-33.331780917942524,178.39999389648438],[151.0836431477219,-33.331669606268406,178.39999389648438],[151.0837155673653,-33.33157514221966,178.60000610351562],[151.08380508609116,-33.331476487219334,178.1999969482422],[151.0838821157813,-33.331389147788286,178.1999969482422],[151.08395964838564,-33.33129602484405,178.1999969482422],[151.0840121190995,-33.331237602978945,178.1999969482422],[151.0840118676424,-33.33123257383704,178.1999969482422],[151.08404849655926,-33.33118203096092,178.1999969482422],[151.08410239219666,-33.33110441453755,178],[151.08415653929114,-33.331057308241725,178],[151.08423683792353,-33.330976255238056,178.39999389648438],[151.0842679347843,-33.33094666711986,178.60000610351562],[151.08427782543004,-33.330931747332215,178.60000610351562],[151.08424480073154,-33.3309221919626,178.39999389648438],[151.0842293780297,-33.330911211669445,178.39999389648438],[151.08422351069748,-33.33090811036527,178.1999969482422],[151.08421236276627,-33.330904338508844,178],[151.08418168500066,-33.33088958635926,177.8000030517578],[151.0841582994908,-33.33084600046277,177.1999969482422],[151.08415679074824,-33.33083719946444,177.1999969482422],[151.08416835777462,-33.330805599689484,177.1999969482422],[151.0841955151409,-33.330769054591656,177],[151.08422007411718,-33.33071465604007,177.1999969482422],[151.08422107994556,-33.33067886531353,177.1999969482422],[151.0842179786414,-33.3306217007339,177],[151.08423574827611,-33.33055296912789,176.60000610351562],[151.08425142243505,-33.33053578622639,176.1999969482422],[151.08425091952085,-33.33053318783641,176.1999969482422],[151.08425284735858,-33.3305527176708,176.60000610351562],[151.08424857258797,-33.33058951422572,176.39999389648438],[151.0842330660671,-33.3306132350117,176.1999969482422],[151.08423063531518,-33.330614073202014,176],[151.084267180413,-33.33060703240335,176],[151.08426064252853,-33.33062572404742,175.8000030517578],[151.08420020900667,-33.33066327497363,175.8000030517578],[151.08414472080767,-33.33066268824041,175.39999389648438],[151.0841315612197,-33.330665370449424,175.1999969482422],[151.0841308068484,-33.33066956140101,175],[151.08413826674223,-33.33065916784108,175],[151.08411052264273,-33.33065556362271,175.39999389648438],[151.08410691842437,-33.33065673708916,175.39999389648438],[151.08410524204373,-33.33065573126078,175.39999389648438],[151.0841022245586,-33.33063988946378,175.1999969482422],[151.08410339802504,-33.330639973282814,175.1999969482422],[151.08410339802504,-33.3306423202157,175.1999969482422],[151.08410255983472,-33.3306423202157,175.1999969482422],[151.0841022245586,-33.3306423202157,175.1999969482422],[151.0840987879783,-33.33064139820635,175],[151.08408914878964,-33.330573588609695,175],[151.08409040607512,-33.33051508292556,175],[151.08407758176327,-33.3304906077683,175],[151.08407883904874,-33.33047769963741,174.8000030517578],[151.08408839441836,-33.330465545877814,174.60000610351562],[151.08413239941,-33.33044056780636,174.60000610351562],[151.08416819013655,-33.330443166196346,175],[151.08417212963104,-33.33044249564409,175],[151.08417380601168,-33.33044048398733,175],[151.08417523093522,-33.33044341765344,175],[151.08417447656393,-33.33044475875795,175.1999969482422],[151.08417221345007,-33.33043796941638,175.1999969482422],[151.08417506329715,-33.33044090308249,175.1999969482422],[151.08418889343739,-33.33043989725411,175.39999389648438],[151.08417900279164,-33.33044283092022,175.8000030517578],[151.08417799696326,-33.33043687976897,176.1999969482422],[151.08417321927845,-33.33043796941638,176.1999969482422],[151.08417523093522,-33.33043704740703,176.1999969482422],[151.08415796421468,-33.33046060055494,175.8000030517578],[151.08415687456727,-33.330465629696846,175.8000030517578],[151.08410499058664,-33.33049069158733,176],[151.08410985209048,-33.33052799105644,176],[151.08410960063338,-33.33053612150252,175.8000030517578],[151.0841062478721,-33.33056026138365,175.60000610351562],[151.08409367501736,-33.33057526499033,175.39999389648438],[151.08409233391285,-33.33057476207614,175.39999389648438],[151.08409183099866,-33.33057182841003,175.39999389648438],[151.08409174717963,-33.33057241514325,175.39999389648438],[151.08409174717963,-33.33057241514325,175.39999389648438],[151.0840925015509,-33.33057283423841,175.39999389648438],[151.0840925015509,-33.33057526499033,175.39999389648438],[151.0840925015509,-33.33057777956128,175.39999389648438],[151.0840925015509,-33.33057962357998,175.39999389648438],[151.0840919148177,-33.33058054558933,175.39999389648438],[151.08409124426544,-33.33058306016028,175.1999969482422],[151.08408914878964,-33.3305905200541,175],[151.0840868856758,-33.33059680648148,175.1999969482422],[151.08408629894257,-33.33059730939567,175.1999969482422],[151.08407389372587,-33.330606780946255,175],[151.08407439664006,-33.33060745149851,175],[151.08407749794424,-33.33060787059367,175.1999969482422],[151.08409501612186,-33.330614659935236,175],[151.08409543521702,-33.33061491139233,175],[151.08409677632153,-33.33061600103974,175.60000610351562],[151.08409753069282,-33.330610720440745,175.60000610351562],[151.08409786596894,-33.33061030134559,175.60000610351562],[151.084098033607,-33.33061038516462,175.8000030517578],[151.084098033607,-33.330610636621714,176],[151.08409895561635,-33.33061038516462,175.60000610351562],[151.08409929089248,-33.33061038516462,175.60000610351562],[151.08410180546343,-33.330610720440745,175.1999969482422],[151.08410214073956,-33.33061105571687,175.39999389648438],[151.0841028112918,-33.330612145364285,175.60000610351562],[151.08410390093923,-33.330613151192665,175.60000610351562],[151.0841054096818,-33.33061390556395,176.1999969482422],[151.08410800807178,-33.33061281591654,176.1999969482422],[151.08410893008113,-33.330613151192665,176.1999969482422],[151.08411035500467,-33.33061340264976,176],[151.0842185653746,-33.33061776123941,177],[151.08425402082503,-33.330629244446754,177.1999969482422],[151.08428386040032,-33.330651288852096,177.1999969482422],[151.0842663422227,-33.330717757344246,177.60000610351562],[151.08423423953354,-33.330803671851754,177.8000030517578],[151.08423155732453,-33.33081280812621,177.8000030517578],[151.0842351615429,-33.33084348589182,177.8000030517578],[151.0842660907656,-33.33086938597262,178.1999969482422],[151.08427673578262,-33.3308791089803,178.39999389648438],[151.08434043824673,-33.3308978844434,178.60000610351562],[151.08435611240566,-33.330907775089145,178.8000030517578],[151.08436348848045,-33.33091012202203,179],[151.08438276685774,-33.330900399014354,179.39999389648438],[151.08438771218061,-33.33089386112988,179.39999389648438],[151.08439282514155,-33.33088564686477,179.39999389648438],[151.08440129086375,-33.33087617531419,179.39999389648438],[151.0844413563609,-33.33082923665643,179.1999969482422],[151.08450639992952,-33.33075019530952,179.1999969482422],[151.08451830223203,-33.330735275521874,179.1999969482422],[151.08458108268678,-33.33064525388181,179.39999389648438],[151.08463338576257,-33.330580964684486,179.60000610351562],[151.08468275517225,-33.33052933216095,180],[151.08475618064404,-33.33046671934426,180.39999389648438],[151.0848345514387,-33.330397149547935,180.1999969482422],[151.0849083121866,-33.33032690919936,179.8000030517578],[151.0849791392684,-33.33025281317532,179.60000610351562],[151.08511718921363,-33.33012482151389,179.8000030517578],[151.08519924804568,-33.330050725489855,180],[151.08523009344935,-33.33002541214228,179.8000030517578],[151.08534291386604,-33.32993061281741,179.1999969482422],[151.08543226495385,-33.329871352761984,179],[151.0855362843722,-33.32979205995798,179],[151.0855854023248,-33.329757107421756,178.60000610351562],[151.08559663407505,-33.32974914461374,178.60000610351562],[151.08565170317888,-33.32970363087952,178.60000610351562],[151.0857325885445,-33.32963950932026,178.1999969482422],[151.08575488440692,-33.32962132059038,178.1999969482422],[151.08577290549874,-33.329609921202064,178.1999969482422],[151.08581548556685,-33.32958393730223,178.1999969482422],[151.0858251247555,-33.32957563921809,178.1999969482422],[151.08588203787804,-33.32952467724681,178],[151.085932161659,-33.329486791044474,177.8000030517578],[151.08605328015983,-33.32940489985049,177.60000610351562],[151.08607289381325,-33.329389644786716,177.39999389648438],[151.08609192073345,-33.329371539875865,177.1999969482422],[151.08610373921692,-33.32936215214431,177.1999969482422],[151.08616568148136,-33.32930599339306,177],[151.08627900481224,-33.329208344221115,176.1999969482422],[151.08629258349538,-33.32920029759407,176.1999969482422],[151.08638235367835,-33.32912075333297,175.1999969482422],[151.08640448190272,-33.32909954711795,175.1999969482422],[151.08655527234077,-33.328984044492245,174.60000610351562],[151.08662568032742,-33.32893744111061,174],[151.08665669336915,-33.32891506142914,173.8000030517578],[151.08666675165296,-33.32890852354467,173.60000610351562],[151.08676398172975,-33.32882269285619,173],[151.0867971740663,-33.328798385336995,172.8000030517578],[151.0868975892663,-33.32871347665787,172],[151.08690965920687,-33.32870475947857,171.8000030517578],[151.0869351401925,-33.32868573255837,171.60000610351562],[151.08703664503992,-33.328607361763716,171.1999969482422],[151.0871013533324,-33.32856553606689,170.8000030517578],[151.08711074106395,-33.32855438813567,170.8000030517578],[151.08713136054575,-33.328536450862885,170.60000610351562],[151.08719313517213,-33.328484231606126,169.8000030517578],[151.08724770136178,-33.328436370939016,169.39999389648438],[151.08731634914875,-33.32838322967291,169],[151.08733571134508,-33.32836520858109,168.8000030517578],[151.08741357922554,-33.32829773426056,168],[151.08745113015175,-33.328268649056554,167.8000030517578],[151.08746194280684,-33.32825917750597,167.8000030517578],[151.0875334404409,-33.32819664850831,167.1999969482422],[151.08757216483355,-33.328160773962736,166.60000610351562],[151.08759672380984,-33.32813655026257,166.39999389648438],[151.08760803937912,-33.32812691107392,166.39999389648438],[151.08761969022453,-33.328118277713656,166.1999969482422],[151.0877364501357,-33.32802607677877,165.60000610351562],[151.08775933273137,-33.32799690775573,165.39999389648438],[151.08785421587527,-33.3279207162559,164.8000030517578],[151.08787399716675,-33.32790479063988,164.60000610351562],[151.08789511956275,-33.3278829138726,164.39999389648438],[151.08798782341182,-33.327811332419515,164],[151.08810047619045,-33.32772315479815,163.39999389648438],[151.088115144521,-33.32770521752536,163.39999389648438],[151.08812713064253,-33.327696500346065,163.1999969482422],[151.08816090971231,-33.32766649313271,162.8000030517578],[151.08818194828928,-33.327653501182795,162.60000610351562],[151.08821824193,-33.32763615064323,162.39999389648438],[151.08830482698977,-33.32760388031602,162.1999969482422],[151.08847598545253,-33.32755618728697,161.8000030517578],[151.0886059049517,-33.32752265967429,161.8000030517578],[151.08874638564885,-33.32746499218047,161.8000030517578],[151.08884914778173,-33.32744210958481,161.39999389648438],[151.0890097450465,-33.32740606740117,161.8000030517578],[151.08913195319474,-33.327394500374794,162.1999969482422],[151.08919020742178,-33.32739148288965,162],[151.0892265010625,-33.327403385192156,162],[151.0893628746271,-33.32741428166628,162.1999969482422],[151.08945222571492,-33.32744697108865,162.1999969482422],[151.0895274952054,-33.32746474072337,162.39999389648438],[151.0896371304989,-33.327483432367444,162.60000610351562],[151.08968591317534,-33.32751218229532,162.60000610351562],[151.08970410190523,-33.32751930691302,162.60000610351562],[151.08970644883811,-33.32751989364624,162.60000610351562],[151.08970896340907,-33.327519139274955,162.60000610351562],[151.08970527537167,-33.327532801777124,162.60000610351562],[151.08971323817968,-33.327566497027874,163],[151.08973092399538,-33.32756674848497,163],[151.08977945521474,-33.32756029441953,163.1999969482422],[151.08982128091156,-33.32757228054106,163.1999969482422],[151.08982739970088,-33.32757303491235,163],[151.08982739970088,-33.32757303491235,163.1999969482422],[151.0898374579847,-33.3275702688843,163.1999969482422],[151.0898380447179,-33.32757018506527,163.1999969482422],[151.08983821235597,-33.32757018506527,163.1999969482422],[151.08983913436532,-33.327569933608174,163.1999969482422],[151.08983955346048,-33.32757035270333,163.1999969482422],[151.0898396372795,-33.327570436522365,163.1999969482422],[151.08984005637467,-33.327570520341396,163.1999969482422],[151.08984047546983,-33.327570520341396,163.1999969482422],[151.08984081074595,-33.327570939436555,163.1999969482422],[151.08984131366014,-33.32757504656911,163.39999389648438],[151.0898412298411,-33.32757504656911,163.39999389648438],[151.08984106220305,-33.32757504656911,163.60000610351562],[151.089840894565,-33.32757504656911,163.60000610351562],[151.08984072692692,-33.327574878931046,163.60000610351562],[151.08989864587784,-33.32753699272871,163.39999389648438],[151.08994516544044,-33.32750866189599,163.39999389648438],[151.09003242105246,-33.32747739739716,163.1999969482422],[151.09004080295563,-33.32747790031135,163.1999969482422],[151.09004373662174,-33.32747630774975,163.1999969482422],[151.09005463309586,-33.32746893167496,163.1999969482422],[151.09005505219102,-33.327467422932386,163.1999969482422],[151.09005480073392,-33.327465411275625,163],[151.09005480073392,-33.327465411275625,163.1999969482422],[151.0900547169149,-33.32746650092304,163.1999969482422],[151.08998481184244,-33.327526515349746,163.60000610351562],[151.08995161950588,-33.327605137601495,163.39999389648438],[151.08992571942508,-33.32759709097445,163.39999389648438],[151.08987542800605,-33.3275618031621,163],[151.0898676328361,-33.32752835936844,163.1999969482422],[151.08986729755998,-33.32752768881619,163.1999969482422],[151.08986721374094,-33.327527521178126,163.1999969482422],[151.08986704610288,-33.327527437359095,163.1999969482422],[151.08986696228385,-33.32752710208297,163],[151.08986595645547,-33.3275253418833,163.1999969482422],[151.08986545354128,-33.32752618007362,163.1999969482422],[151.08986536972225,-33.32752659916878,163.1999969482422],[151.0898776911199,-33.32753841765225,163.8000030517578],[151.08988012187183,-33.327545039355755,163.8000030517578],[151.08987911604345,-33.32754562608898,163.60000610351562],[151.08987886458635,-33.32754520699382,163.60000610351562],[151.08987827785313,-33.327545039355755,163.60000610351562],[151.08987827785313,-33.327545039355755,163.60000610351562],[151.08987861312926,-33.32754470407963,163.39999389648438],[151.0898786969483,-33.327544620260596,163.60000610351562],[151.08987433835864,-33.32754495553672,163.8000030517578],[151.08987458981574,-33.32754512317479,163.8000030517578],[151.08987618237734,-33.32754478789866,162.8000030517578],[151.08987702056766,-33.32754512317479,162.8000030517578],[151.08987894840539,-33.32754478789866,162.8000030517578],[151.08987903222442,-33.32754478789866,162.8000030517578],[151.0898792836815,-33.32754512317479,163.1999969482422],[151.08987936750054,-33.32754487171769,163],[151.0898792836815,-33.32754495553672,163],[151.08987945131958,-33.32754512317479,163],[151.08987836167216,-33.327544033527374,162.8000030517578],[151.0898786969483,-33.32754428498447,163.1999969482422],[151.0898795351386,-33.327544536441565,163],[151.08988012187183,-33.32754470407963,162.60000610351562],[151.089880540967,-33.32754470407963,162.60000610351562],[151.08988062478602,-33.327544117346406,162.39999389648438],[151.08988020569086,-33.327544033527374,162.39999389648438],[151.08987903222442,-33.32754369825125,162.1999969482422],[151.0898792836815,-33.32754394970834,162.1999969482422],[151.0898797865957,-33.32754286006093,162.1999969482422],[151.0898800380528,-33.32754244096577,162.1999969482422],[151.08988045714796,-33.327541183680296,162],[151.08988045714796,-33.3275409322232,161.8000030517578],[151.08988070860505,-33.327540596947074,161.8000030517578],[151.0898816306144,-33.3275393396616,161.8000030517578],[151.08988263644278,-33.327538166195154,161.8000030517578],[151.0898853186518,-33.327536238357425,161.8000030517578],[151.08988598920405,-33.3275359030813,161.8000030517578],[151.08988624066114,-33.32753556780517,161.8000030517578],[151.0898864082992,-33.32753447815776,161.60000610351562],[151.08988674357533,-33.32753447815776,161.8000030517578],[151.08988707885146,-33.32753447815776,161.8000030517578],[151.08988699503243,-33.32753439433873,161.8000030517578],[151.08988196589053,-33.3275583665818,161.8000030517578],[151.08988204970956,-33.32756716758013,161.60000610351562],[151.0898774396628,-33.32756641320884,161.60000610351562],[151.0898774396628,-33.32756641320884,161.60000610351562],[151.0898774396628,-33.32756641320884,161.8000030517578],[151.0898774396628,-33.32756641320884,161.8000030517578],[151.08989730477333,-33.32756825722754,162],[151.08989898115396,-33.32756884396076,161.60000610351562],[151.08989872969687,-33.32756884396076,161.60000610351562],[151.0898935329169,-33.32758141681552,161.8000030517578],[151.08989395201206,-33.327583596110344,161.60000610351562],[151.08990099281073,-33.327586110681295,161.8000030517578],[151.08990308828652,-33.32758728414774,161.60000610351562],[151.08990350738168,-33.32758870907128,161.39999389648438],[151.08990342356265,-33.32758870907128,161.60000610351562],[151.0899033397436,-33.32758879289031,161.39999389648438],[151.08990451321006,-33.32758837379515,161.39999389648438],[151.08990468084812,-33.32759021781385,161.1999969482422],[151.08990468084812,-33.32759072072804,161.1999969482422],[151.08989998698235,-33.32758963108063,161.1999969482422],[151.08989981934428,-33.32758963108063,161.1999969482422],[151.08989789150655,-33.327589463442564,161.1999969482422],[151.0898977238685,-33.327589547261596,161.1999969482422],[151.0898972209543,-33.32758971489966,161.1999969482422],[151.08989663422108,-33.32758619450033,161],[151.08989621512592,-33.3275858592242,161],[151.08989571221173,-33.32758544012904,160.8000030517578],[151.0898951254785,-33.32758376374841,160.8000030517578],[151.0898953769356,-33.327583177015185,160.8000030517578]]},"properties":{"name":"Wisemans Ferry Hiking"}}]}
