{"type":"FeatureCollection","features":[{"type":"Feature","geometry":{"type":"LineString","coordinates":[[151.25605487264693,-33.4914121683687,86],[151.2560495082289,-33.49140990525484,86.19999694824219],[151.25601933337748,-33.491381825879216,87.19999694824219],[151.25601614825428,-33.49133471958339,88],[151.2560119573027,-33.49125701934099,88],[151.25603165477514,-33.4912187140435,88],[151.25604699365795,-33.49118325859308,88.19999694824219],[151.25607792288065,-33.49114956334233,87.5999984741211],[151.2560907471925,-33.4911272674799,87.4000015258789],[151.2560936808586,-33.49111041985452,87],[151.2560804374516,-33.49102961830795,86.80000305175781],[151.25608311966062,-33.49102299660444,86.80000305175781],[151.25612393952906,-33.49099491722882,86.80000305175781],[151.25613475218415,-33.49092073738575,87],[151.2561869714409,-33.490833565592766,88],[151.25622510910034,-33.49075804464519,88],[151.25623156316578,-33.49073658697307,88.4000015258789],[151.2562244385481,-33.49069610238075,89.4000015258789],[151.2562255281955,-33.49069098941982,89.80000305175781],[151.2562326528132,-33.49067414179444,90.4000015258789],[151.25623642466962,-33.49066508933902,90.5999984741211],[151.25621773302555,-33.49064287729561,91.19999694824219],[151.2562070041895,-33.49062887951732,91.5999984741211],[151.2561961915344,-33.49057146348059,92.80000305175781],[151.25618671998382,-33.49055813625455,93.19999694824219],[151.25618278048933,-33.49055386148393,93.4000015258789],[151.2561795115471,-33.49054933525622,93.5999984741211],[151.25617892481387,-33.49054271355271,93.80000305175781],[151.25617699697614,-33.49053466692567,94.4000015258789],[151.2561707943678,-33.49052159115672,95],[151.2561666034162,-33.490513460710645,95.4000015258789],[151.25615738332272,-33.490509521216154,96],[151.25615319237113,-33.49051019176841,96.4000015258789],[151.2561499234289,-33.49050851538777,96.5999984741211],[151.25615369528532,-33.49050482735038,96.80000305175781],[151.25615327619016,-33.49049946293235,97],[151.25614665448666,-33.49048085510731,97.5999984741211],[151.25614615157247,-33.49047381430864,97.80000305175781],[151.25614179298282,-33.4904570505023,98.19999694824219],[151.25611681491137,-33.49043567664921,99.19999694824219],[151.25610642135143,-33.49041153676808,100.4000015258789],[151.256081527099,-33.490394186228514,101.5999984741211],[151.25607624650002,-33.490387899801135,101.80000305175781],[151.25607297755778,-33.49036510102451,102.80000305175781],[151.25606082379818,-33.49034070968628,103.5999984741211],[151.2560513522476,-33.49033668637276,103.80000305175781],[151.25604615546763,-33.49030273966491,105],[151.25605151988566,-33.49029368720949,105],[151.2560460716486,-33.49027868360281,106],[151.25603567808867,-33.490254962816834,107],[151.2560272961855,-33.49024599418044,107.80000305175781],[151.25602209940553,-33.490245155990124,108],[151.25601572915912,-33.490244233980775,108.19999694824219],[151.25600424595177,-33.49024356342852,109],[151.255996953696,-33.49024498835206,109.4000015258789],[151.25598178245127,-33.49023568443954,110.19999694824219],[151.25596686266363,-33.490198301151395,111.19999694824219],[151.25596501864493,-33.49019369110465,111.4000015258789],[151.2559628393501,-33.49017407745123,112.4000015258789],[151.25596007332206,-33.49017424508929,112.5999984741211],[151.25594289042056,-33.49016888067126,113],[151.25592830590904,-33.49016569554806,113.4000015258789],[151.25590500421822,-33.49015689454973,114.4000015258789],[151.2558718957007,-33.49011590704322,115.5999984741211],[151.2558658607304,-33.49011062644422,116],[151.2558502703905,-33.49009059369564,116.80000305175781],[151.25584247522056,-33.490083469077945,117.4000015258789],[151.25584306195378,-33.49006511271,118],[151.2558420561254,-33.49004910327494,118.4000015258789],[151.25584012828767,-33.4899821318686,119.19999694824219],[151.25584767200053,-33.48995899781585,119.5999984741211],[151.25586544163525,-33.48992354236543,120.4000015258789],[151.25587994232774,-33.48989663645625,120.80000305175781],[151.2558843009174,-33.489873921498656,121.19999694824219],[151.25588555820286,-33.489866964519024,121.5999984741211],[151.25588019378483,-33.48986444994807,122],[151.25587172806263,-33.4898716583848,122],[151.2558322492987,-33.489867048338056,122.5999984741211],[151.25583585351706,-33.48985372111201,122.80000305175781],[151.25584800727665,-33.48984005860984,123],[151.25586519017816,-33.48983310163021,123.80000305175781],[151.2558703031391,-33.489800076931715,124.19999694824219],[151.25586904585361,-33.48978951573372,124.19999694824219],[151.2558599933982,-33.48976420238614,124.4000015258789],[151.2558539584279,-33.48975481465459,124.5999984741211],[151.255840966478,-33.489736039191484,124.5999984741211],[151.25582898035645,-33.48971684463322,124.80000305175781],[151.25582319684327,-33.48970879800618,124.80000305175781],[151.25579251907766,-33.4896663017571,125.19999694824219],[151.25578648410738,-33.489660769701004,125.19999694824219],[151.25577324070036,-33.48962154239416,125.4000015258789],[151.25576703809202,-33.48960243165493,125.4000015258789],[151.25575647689402,-33.48958910442889,125.4000015258789],[151.25574625097215,-33.489544093608856,125.19999694824219],[151.25575312413275,-33.489534286782146,125.19999694824219],[151.2557542975992,-33.48953160457313,125.19999694824219],[151.2557535432279,-33.48953051492572,125.19999694824219],[151.25575329177082,-33.489530347287655,125.19999694824219],[151.25575781799853,-33.48952221684158,124.5999984741211],[151.25575991347432,-33.489522049203515,124.4000015258789],[151.25576184131205,-33.48952196538448,124.5999984741211],[151.2557609193027,-33.489522552117705,124.4000015258789],[151.25575806945562,-33.4895193669945,124.5999984741211],[151.25575471669436,-33.48951266147196,124.5999984741211],[151.25575304031372,-33.489511739462614,124.5999984741211],[151.25575262121856,-33.48951023072004,124.80000305175781],[151.25575312413275,-33.48950972780585,124.80000305175781],[151.2557345163077,-33.48938190378249,124.4000015258789],[151.25571113079786,-33.48929280415177,124.4000015258789],[151.25570610165596,-33.489282075315714,124.4000015258789],[151.25568623654544,-33.48925609141588,124.4000015258789],[151.25566804781556,-33.48921602591872,124.5999984741211],[151.25562965869904,-33.489181911572814,124.80000305175781],[151.25562203116715,-33.48917520605028,124.80000305175781],[151.25558984465897,-33.48914670757949,124.80000305175781],[151.25553754158318,-33.48912935703993,125],[151.2554863281548,-33.4890772216022,125.80000305175781],[151.2554377131164,-33.48903279751539,126.4000015258789],[151.25539496541023,-33.488992312923074,126.80000305175781],[151.25538331456482,-33.48897395655513,126.80000305175781],[151.25536780804396,-33.48894629627466,127.4000015258789],[151.25536168925464,-33.488939255476,127.4000015258789],[151.25534299761057,-33.48891100846231,127.80000305175781],[151.25528667122126,-33.48885401152074,128.60000610351562],[151.25525423325598,-33.48883464932442,129],[151.25523017719388,-33.48882266320288,129.39999389648438],[151.25521961599588,-33.488815454766154,129.39999389648438],[151.25516446307302,-33.48878058604896,130],[151.25507201068103,-33.48872937262058,131],[151.25505189411342,-33.48871612921357,131.39999389648438],[151.2550386507064,-33.48870825022459,131.60000610351562],[151.25498634763062,-33.488689977675676,132.1999969482422],[151.25492884777486,-33.488671872764826,132.39999389648438],[151.25486858189106,-33.488657707348466,132.8000030517578],[151.25484972260892,-33.48866080865264,133.1999969482422],[151.2548383232206,-33.48866273649037,133.39999389648438],[151.2548266723752,-33.48866164684296,133.60000610351562],[151.25481703318655,-33.48866458050907,133.8000030517578],[151.2547941505909,-33.48866969347,134.39999389648438],[151.25476338900626,-33.488680254668,135.1999969482422],[151.25475182197988,-33.48868478089571,135.60000610351562],[151.25467579811811,-33.48871453665197,136.60000610351562],[151.25466481782496,-33.488717218860984,136.8000030517578],[151.25463447533548,-33.48872920498252,137.1999969482422],[151.2545951642096,-33.48873792216182,137.8000030517578],[151.2545092497021,-33.48872643895447,138.8000030517578],[151.25441151671112,-33.488712441176176,139.8000030517578],[151.2543887179345,-33.488704059273005,140.1999969482422],[151.2543057370931,-33.48866960965097,140.8000030517578],[151.2542671803385,-33.48865385167301,141.1999969482422],[151.2541551142931,-33.48860180005431,142],[151.25410021282732,-33.48858268931508,142.39999389648438],[151.25401706434786,-33.48854790441692,143],[151.2540010549128,-33.488542791455984,143.1999969482422],[151.253895862028,-33.488504737615585,144.1999969482422],[151.25387222506106,-33.48849459551275,144.39999389648438],[151.25375806353986,-33.48844598047435,145.1999969482422],[151.25374582596123,-33.488441202789545,145.1999969482422],[151.25367416068912,-33.48840281367302,146.39999389648438],[151.25365287065506,-33.48838873207569,146.8000030517578],[151.2536112125963,-33.488367358222604,147.60000610351562],[151.25356058590114,-33.48837481811643,148.1999969482422],[151.25352898612618,-33.48838076926768,148.60000610351562],[151.25348472967744,-33.48839602433145,149.39999389648438],[151.25346939079463,-33.4884038195014,149.60000610351562],[151.2534574046731,-33.48840859718621,149.8000030517578],[151.25341155566275,-33.488431898877025,150.60000610351562],[151.25338959507644,-33.48843994550407,150.60000610351562],[151.25337878242135,-33.48844229243696,150.8000030517578],[151.25333695672452,-33.48845570348203,151.1999969482422],[151.25332061201334,-33.48846240900457,151.60000610351562],[151.25331088900566,-33.488463163375854,151.8000030517578],[151.25330158509314,-33.488464169204235,152],[151.2532776966691,-33.48847079090774,153],[151.25323243439198,-33.4884712100029,153.8000030517578],[151.2532222084701,-33.48847037181258,154],[151.25311668030918,-33.48843642510474,155],[151.2530906125903,-33.488419158384204,155.1999969482422],[151.25301056541502,-33.488365765661,156.1999969482422],[151.2529843300581,-33.48833626136184,156.39999389648438],[151.25296086072922,-33.48826048895717,157],[151.25295826233923,-33.48824799992144,157],[151.25294954515994,-33.488227631896734,157.1999969482422],[151.25294267199934,-33.48820290528238,157.1999969482422],[151.25294568948448,-33.48811405710876,157.60000610351562],[151.25294216908514,-33.487978521734476,158],[151.2529412470758,-33.487881207838655,157.8000030517578],[151.25293638557196,-33.48785664886236,157.8000030517578],[151.25291341915727,-33.48776369355619,157.8000030517578],[151.2529016006738,-33.48773821257055,158.39999389648438],[151.252875700593,-33.487664703279734,159],[151.2528575118631,-33.48762069828808,159.1999969482422],[151.252846615389,-33.48759018816054,159.39999389648438],[151.2528339587152,-33.48751542158425,159.60000610351562],[151.25279732979834,-33.48739773966372,159.8000030517578],[151.25275458209217,-33.48730495199561,159.8000030517578],[151.25273656100035,-33.48726773634553,160],[151.2526830844581,-33.48715282045305,160.1999969482422],[151.25268484465778,-33.487129770219326,160.39999389648438],[151.25269129872322,-33.48705776967108,160.8000030517578],[151.2526968307793,-33.486993899568915,161.39999389648438],[151.25269557349384,-33.486946960911155,161.8000030517578],[151.2526891194284,-33.48686138167977,162.60000610351562],[151.2526891194284,-33.48685098811984,162.60000610351562],[151.25268216244876,-33.486712938174605,163.1999969482422],[151.25269750133157,-33.48661067895591,163.1999969482422],[151.25268241390586,-33.48650950938463,163.1999969482422],[151.2526727747172,-33.48640725016594,163.39999389648438],[151.25266497954726,-33.486373387277126,163.60000610351562],[151.25265098176897,-33.48635117523372,163.60000610351562],[151.25263798981905,-33.48631580360234,163.8000030517578],[151.25262499786913,-33.486265847459435,164],[151.2526156939566,-33.486218489706516,164],[151.2525995168835,-33.4861658513546,164.1999969482422],[151.2525749579072,-33.486079182475805,164.60000610351562],[151.252563893795,-33.48603693768382,164.8000030517578],[151.25251963734627,-33.48593719303608,165.1999969482422],[151.25244537368417,-33.48581657744944,165.60000610351562],[151.25243271701038,-33.48578229546547,165.60000610351562],[151.25239508226514,-33.48570769652724,165.60000610351562],[151.2523468863219,-33.485577777028084,166.1999969482422],[151.25227228738368,-33.48548314534128,166.8000030517578],[151.25225049443543,-33.485439978539944,167],[151.25220715999603,-33.48534978926182,167.39999389648438],[151.25217522494495,-33.48528348840773,167.8000030517578],[151.25213792547584,-33.485213248059154,168.39999389648438],[151.25211319886148,-33.485171254724264,168.8000030517578],[151.25209693796933,-33.485102942213416,169.39999389648438],[151.25206768512726,-33.48503513261676,169.8000030517578],[151.2520390190184,-33.48497771658003,170],[151.25203549861908,-33.484966568648815,170],[151.25197841785848,-33.484857603907585,170.8000030517578],[151.25196215696633,-33.48483748733997,170.8000030517578],[151.2519039027393,-33.48470186814666,170.8000030517578],[151.25190197490156,-33.48457429558039,171.1999969482422],[151.25191865488887,-33.48438452929258,171.60000610351562],[151.2519261147827,-33.4843335673213,171.8000030517578],[151.2519522663206,-33.48421529866755,172.1999969482422],[151.25196140259504,-33.48408294841647,172.8000030517578],[151.25196433626115,-33.48405998200178,173],[151.25194162130356,-33.483935594558716,173.60000610351562],[151.25193659216166,-33.483871556818485,173.8000030517578],[151.2519414536655,-33.48380927927792,174.60000610351562],[151.25198177061975,-33.483723951503634,175],[151.25201035290956,-33.48368723876774,175.8000030517578],[151.2520479876548,-33.48365538753569,176.1999969482422],[151.2520950101316,-33.48361188545823,177.1999969482422],[151.25210615806282,-33.483605179935694,177.39999389648438],[151.25217279419303,-33.48356754519045,178.60000610351562],[151.25220137648284,-33.48355354741216,179.39999389648438],[151.2522102613002,-33.48354885354638,179.60000610351562],[151.25224043615162,-33.483523624017835,180.1999969482422],[151.25226147472858,-33.483510883525014,180.60000610351562],[151.2523061502725,-33.4834873303771,181.39999389648438],[151.25232584774494,-33.483476182445884,181.8000030517578],[151.2523751333356,-33.483422538265586,182.8000030517578],[151.2523796595633,-33.48341105505824,183],[151.2523931544274,-33.48337585106492,183.39999389648438],[151.25239206478,-33.483335031196475,184],[151.25238753855228,-33.48331516608596,184.1999969482422],[151.25239005312324,-33.48327275365591,184.60000610351562],[151.25237152911723,-33.48323696292937,185],[151.2523680087179,-33.48322573117912,185.1999969482422],[151.2523535080254,-33.48311140201986,186],[151.2523476406932,-33.483100002631545,186],[151.2523175496608,-33.48301517777145,186.60000610351562],[151.25229810364544,-33.4829315263778,187],[151.25228754244745,-33.482905039563775,187.1999969482422],[151.25226876698434,-33.482813593000174,187.60000610351562],[151.25226323492825,-33.482775120064616,187.60000610351562],[151.25223515555263,-33.482649475336075,188],[151.25222149305046,-33.48259591497481,188.1999969482422],[151.25220858491957,-33.4824996907264,188.60000610351562],[151.2521997001022,-33.482447639107704,188.8000030517578],[151.2521883007139,-33.48235904239118,189],[151.25218050554395,-33.4823339805007,189.1999969482422],[151.25216944143176,-33.48228360526264,190],[151.25216407701373,-33.482259046286345,190.1999969482422],[151.2521555274725,-33.482216047123075,190.1999969482422],[151.2521344050765,-33.48209937103093,190.39999389648438],[151.25210674479604,-33.4820004645735,190.39999389648438],[151.25208277255297,-33.48194958642125,190.1999969482422],[151.2520427070558,-33.4818968642503,190.39999389648438],[151.2519597262144,-33.48183173686266,190.39999389648438],[151.25194346532226,-33.481822768226266,190.39999389648438],[151.2518048286438,-33.481739200651646,191],[151.25172100961208,-33.4816621709615,191.1999969482422],[151.25170064158738,-33.48164322786033,191.39999389648438],[151.2515625078231,-33.481502663344145,191.60000610351562],[151.2515458278358,-33.48148380406201,191.60000610351562],[151.25144918449223,-33.48135061562061,191.39999389648438],[151.2513952050358,-33.48124206997454,191.39999389648438],[151.25136679038405,-33.481119107455015,191.1999969482422],[151.25133351422846,-33.4809663053602,191],[151.25132027082145,-33.48087561316788,190.8000030517578],[151.25129168853164,-33.48072549328208,190.60000610351562],[151.251271488145,-33.480579145252705,190.1999969482422],[151.25125103630126,-33.480458445847034,190.1999969482422],[151.25124768354,-33.480431623756886,190.1999969482422],[151.25124441459775,-33.480419386178255,190.1999969482422],[151.25123754143715,-33.48031939007342,190.1999969482422],[151.25123175792396,-33.48029248416424,190.1999969482422],[151.2512086238712,-33.48019818775356,190.8000030517578],[151.25119420699775,-33.48014303483069,191],[151.2511848192662,-33.48008117638528,191.1999969482422],[151.25116822309792,-33.48004186525941,191.39999389648438],[151.25109907239676,-33.479910185560584,192.1999969482422],[151.25106831081212,-33.479866683483124,192.39999389648438],[151.2510273233056,-33.47978915087879,192.8000030517578],[151.25098717398942,-33.4797178208828,193.1999969482422],[151.2509588431567,-33.479641545563936,193.8000030517578],[151.25096186064184,-33.479603407904506,194.1999969482422],[151.25099178403616,-33.479536855593324,195],[151.2509968969971,-33.47952403128147,195.1999969482422],[151.25103478319943,-33.47943929024041,195.60000610351562],[151.25104760751128,-33.47940115258098,195.8000030517578],[151.25111147761345,-33.47924491390586,195.8000030517578],[151.25117543153465,-33.47912639379501,196],[151.25124181620777,-33.479039473459125,196.1999969482422],[151.25127509236336,-33.478990690782666,196.39999389648438],[151.25132999382913,-33.478903686627746,196.39999389648438],[151.251400988549,-33.478801092132926,196.39999389648438],[151.25145111232996,-33.47871283069253,196],[151.25146108679473,-33.4786884393543,196],[151.25151506625116,-33.478595400229096,195],[151.25154783949256,-33.47855114378035,194.39999389648438],[151.25157323665917,-33.47851803526282,194],[151.25162369571626,-33.4784275945276,193.1999969482422],[151.25163970515132,-33.478403287008405,192.8000030517578],[151.25170910730958,-33.47828350961208,192],[151.25171857886016,-33.47825408913195,191.8000030517578],[151.25173140317202,-33.47821452654898,191.8000030517578],[151.2517506815493,-33.47814512439072,192],[151.25179644674063,-33.47799165174365,192.39999389648438],[151.2517977040261,-33.47795410081744,192.8000030517578],[151.2517979554832,-33.47794379107654,193],[151.25179803930223,-33.47787723876536,193.8000030517578],[151.25179284252226,-33.4778440464288,194.1999969482422],[151.25178546644747,-33.477823259308934,194.60000610351562],[151.25177750363946,-33.47778051160276,195.39999389648438],[151.25176744535565,-33.477762658149004,195.60000610351562],[151.25175529159606,-33.4777317289263,196.39999389648438],[151.2517443113029,-33.477653274312615,197.39999389648438],[151.25175101682544,-33.4776196628809,197.8000030517578],[151.25176752917469,-33.47755076363683,198.39999389648438],[151.25179124996066,-33.47750751301646,199],[151.25181438401341,-33.4774555452168,199.39999389648438],[151.25185335986316,-33.477386981248856,199.8000030517578],[151.25185855664313,-33.47729964181781,200.60000610351562],[151.2518571317196,-33.47728882916272,200.60000610351562],[151.25183584168553,-33.47721280530095,201.39999389648438],[151.25183089636266,-33.47720165736973,201.60000610351562],[151.25181295908988,-33.47712957300246,202.60000610351562],[151.25181497074664,-33.47712269984186,202.60000610351562],[151.25182846561074,-33.477117167785764,203.1999969482422],[151.2518323212862,-33.47711959853768,203],[151.25182695686817,-33.47712077200413,202.8000030517578],[151.2518262024969,-33.47712186165154,203],[151.25182637013495,-33.477121107280254,202.8000030517578],[151.25182637013495,-33.47711959853768,202.8000030517578],[151.25182637013495,-33.47711926326156,202.8000030517578],[151.25182536430657,-33.47711901180446,203],[151.25182402320206,-33.477118676528335,202.8000030517578],[151.25182259827852,-33.477119179442525,202.8000030517578],[151.25182947143912,-33.477120101451874,201.39999389648438],[151.25188110396266,-33.47712932154536,200.8000030517578],[151.2519116140902,-33.47713158465922,200.1999969482422],[151.251982441172,-33.47714482806623,199.1999969482422],[151.25199258327484,-33.477146588265896,198.8000030517578],[151.25201907008886,-33.477158239111304,197.8000030517578],[151.25206047669053,-33.47717106342316,196.8000030517578],[151.25210121273994,-33.47718447446823,195.8000030517578],[151.25210406258702,-33.47719268873334,195.60000610351562],[151.2521103490144,-33.47719947807491,195.39999389648438],[151.25213239341974,-33.47721867263317,194.60000610351562],[151.25214094296098,-33.47722680307925,194.60000610351562],[151.2521608080715,-33.47724750638008,194.1999969482422],[151.2522065732628,-33.47726510837674,193.39999389648438],[151.25222962349653,-33.47727642394602,192.8000030517578],[151.25224848277867,-33.47728019580245,192.39999389648438],[151.25228192657232,-33.47728472203016,191.60000610351562],[151.2523024622351,-33.477279022336006,191.1999969482422],[151.25234269537032,-33.47726980224252,190.60000610351562],[151.25236121937633,-33.47726460546255,190],[151.25237085856497,-33.477263767272234,190],[151.25243263319135,-33.47725127823651,189],[151.2524903845042,-33.47724842838943,188],[151.25250346027315,-33.47724851220846,187.8000030517578],[151.25252416357398,-33.477254966273904,187.39999389648438],[151.25256506726146,-33.47725806757808,186.8000030517578],[151.25257696956396,-33.47725932486355,186.60000610351562],[151.25264938920736,-33.47726946696639,185.60000610351562],[151.2526798993349,-33.47727675922215,184.8000030517578],[151.2527063023299,-33.477292684838176,184.39999389648438],[151.252759443596,-33.47731011919677,184.1999969482422],[151.25281509943306,-33.47734264098108,183.60000610351562],[151.25283303670585,-33.4773535374552,183.39999389648438],[151.25286505557597,-33.47737206146121,182.8000030517578],[151.25289095565677,-33.477377174422145,182.39999389648438],[151.25291702337563,-33.477376252412796,181.8000030517578],[151.25293127261102,-33.47737742587924,181.60000610351562],[151.25295625068247,-33.4773831255734,181.39999389648438],[151.25299137085676,-33.47737608477473,181],[151.25302649103105,-33.47735974006355,180.1999969482422],[151.25303830951452,-33.47735797986388,180.1999969482422],[151.25311869196594,-33.47734021022916,179.1999969482422],[151.25315967947245,-33.477344904094934,179],[151.2531817238778,-33.477351777255535,178.8000030517578],[151.2532435823232,-33.47735932096839,178.60000610351562],[151.25331692397594,-33.47737994045019,178.1999969482422],[151.25335279852152,-33.47738530486822,177.8000030517578],[151.25342203304172,-33.4774034935981,177],[151.25345547683537,-33.47741179168224,176.8000030517578],[151.2535050138831,-33.47741028293967,176],[151.2535314168781,-33.47740475088358,175.8000030517578],[151.25357961282134,-33.477412294596434,175],[151.25360190868378,-33.47741472534835,174.60000610351562],[151.25363677740097,-33.47742905840278,174],[151.25364641658962,-33.47743945196271,174],[151.2536756694317,-33.477474907413125,173.8000030517578],[151.2537349294871,-33.47748898901045,173.8000030517578],[151.25384029000998,-33.477458730340004,174.8000030517578],[151.25385018065572,-33.4774521086365,175],[151.25390198081732,-33.47743425518274,175.1999969482422],[151.2539236061275,-33.47743299789727,175.1999969482422],[151.25397708266973,-33.47740969620645,175.60000610351562],[151.25399376265705,-33.47737851552665,175.60000610351562],[151.25400197692215,-33.47735831514001,175.60000610351562],[151.25402729026973,-33.47733534872532,175.8000030517578],[151.25405645929277,-33.47731581889093,175.8000030517578],[151.25410239212215,-33.47725764848292,175.1999969482422],[151.2541056610644,-33.47724608145654,175],[151.25412669964135,-33.47722898237407,174.60000610351562],[151.2541826069355,-33.47721020691097,174.39999389648438],[151.25426089391112,-33.477159747853875,174.1999969482422],[151.25427765771747,-33.47714734263718,174],[151.25428478233516,-33.47713837400079,173.8000030517578],[151.2543139513582,-33.4771085344255,173],[151.25432367436588,-33.477103086188436,172.8000030517578],[151.25432996079326,-33.477097218856215,172.60000610351562],[151.25433071516454,-33.47706972621381,171.8000030517578],[151.25433239154518,-33.47705966793001,171.60000610351562],[151.2543432880193,-33.47703150473535,171],[151.25435627996922,-33.4770168364048,170.8000030517578],[151.2543905619532,-33.47698993049562,170.39999389648438],[151.25446306541562,-33.4769634436816,169.60000610351562],[151.2544860318303,-33.476957492530346,169.39999389648438],[151.25451159663498,-33.47696109674871,169],[151.2545309588313,-33.47696361131966,168.60000610351562],[151.2545877881348,-33.476948188617826,167.60000610351562],[151.25460186973214,-33.47694165073335,167.39999389648438],[151.25465677119792,-33.47689798101783,167.39999389648438],[151.25473346561193,-33.476797146722674,167.1999969482422],[151.25475668348372,-33.476752219721675,167.1999969482422],[151.25479591079056,-33.47671391442418,167.1999969482422],[151.25487335957587,-33.47662925720215,167.60000610351562],[151.25493865460157,-33.476555831730366,168.1999969482422],[151.25504619441926,-33.476459020748734,167.8000030517578],[151.25505667179823,-33.476450722664595,167.8000030517578],[151.25514317303896,-33.4763970784843,168],[151.25518340617418,-33.476397497579455,168.39999389648438],[151.2552114855498,-33.47639095969498,168.60000610351562],[151.2553121522069,-33.47635273821652,169],[151.25536177307367,-33.476339327171445,169],[151.25538440421224,-33.47632801160216,169.1999969482422],[151.25541742891073,-33.476290460675955,169],[151.25548071227968,-33.47618359141052,168.39999389648438],[151.25559001229703,-33.47612441517413,168],[151.25576443970203,-33.476141011342406,168.1999969482422],[151.25585680827498,-33.47616791725159,168],[151.25586971640587,-33.476154087111354,168],[151.2558927666396,-33.476137490943074,167.60000610351562],[151.25590525567532,-33.47613631747663,167.39999389648438],[151.25595001503825,-33.47614252008498,166.8000030517578],[151.25602000392973,-33.47620848566294,166.8000030517578],[151.25609166920185,-33.476270008832216,167.1999969482422],[151.25612284988165,-33.47637528553605,167.39999389648438],[151.2561721354723,-33.476463463157415,167.39999389648438],[151.25617934390903,-33.476465390995145,167.1999969482422],[151.25622242689133,-33.476463882252574,166.60000610351562],[151.25623684376478,-33.476475197821856,166.39999389648438],[151.25624514184892,-33.47647494636476,166.1999969482422],[151.25626190565526,-33.47647050395608,165.60000610351562],[151.25627380795777,-33.47648366354406,165.1999969482422],[151.2562805134803,-33.4764919616282,165],[151.2562910746783,-33.47651543095708,164.39999389648438],[151.25632108189166,-33.47653269767761,164],[151.25635259784758,-33.47652808763087,163.60000610351562],[151.25637765973806,-33.476527417078614,162.8000030517578],[151.2564166355878,-33.47653605043888,161.8000030517578],[151.25643080100417,-33.47653076983988,161.39999389648438],[151.25646080821753,-33.476516185328364,160.60000610351562],[151.25651294365525,-33.47649590112269,159.8000030517578],[151.2565339822322,-33.47649581730366,159.39999389648438],[151.25660724006593,-33.476489279419184,158.39999389648438],[151.25666943378747,-33.47649489529431,158],[151.2566821742803,-33.47649447619915,158],[151.2567334715277,-33.47649598494172,157.1999969482422],[151.2567446194589,-33.47649464383721,157],[151.25675325281918,-33.47649162635207,157],[151.25678284093738,-33.47646715119481,156],[151.25677144154906,-33.47645675763488,155.39999389648438],[151.25675417482853,-33.476447286084294,155.1999969482422],[151.2567199766636,-33.476443849503994,155],[151.2567146960646,-33.476434545591474,155],[151.25671612098813,-33.47642591223121,155],[151.2567432783544,-33.47640495747328,154.1999969482422],[151.25676238909364,-33.47640277817845,153.8000030517578],[151.25677722506225,-33.476404789835215,153.60000610351562],[151.2568037956953,-33.476414093747735,153.1999969482422],[151.25681536272168,-33.47641861997545,153.1999969482422],[151.25686020590365,-33.476462038233876,152.8000030517578],[151.25686070881784,-33.47647259943187,152.8000030517578],[151.2568560987711,-33.47648123279214,152.8000030517578],[151.2568579427898,-33.476522555574775,152.8000030517578],[151.25686842016876,-33.476529344916344,152.8000030517578],[151.25690203160048,-33.476552311331034,152.1999969482422],[151.2569356430322,-33.47658097743988,151.8000030517578],[151.25694561749697,-33.47658491693437,152],[151.25698023475707,-33.476596316322684,152],[151.25702331773937,-33.47661207430065,152],[151.2570453621447,-33.47662447951734,151.8000030517578],[151.25712800770998,-33.476664293557405,150.8000030517578],[151.25714007765055,-33.47667083144188,150.60000610351562],[151.2571769580245,-33.47671324387193,150.1999969482422],[151.25718165189028,-33.476732689887285,149.8000030517578],[151.25718953087926,-33.47674056887627,149.60000610351562],[151.25724862329662,-33.47679102793336,148.8000030517578],[151.25729841180146,-33.47682983614504,148.8000030517578],[151.25732506625354,-33.476828495040536,148.8000030517578],[151.25744911842048,-33.47683411091566,149.39999389648438],[151.25754810869694,-33.476805528625846,148.8000030517578],[151.2576145771891,-33.476773174479604,148.8000030517578],[151.2576954625547,-33.47672204487026,149],[151.2577229551971,-33.47671642899513,149],[151.25777835957706,-33.47670963965356,149.39999389648438],[151.25787081196904,-33.476683823391795,150.39999389648438],[151.25793820247054,-33.47665163688362,150],[151.25799268484116,-33.476624144241214,149.60000610351562],[151.25803845003247,-33.47662054002285,149.39999389648438],[151.25810869038105,-33.476596316322684,149.39999389648438],[151.25813174061477,-33.476590029895306,149.60000610351562],[151.2581453192979,-33.47658885642886,149.8000030517578],[151.2581843789667,-33.47656186670065,150],[151.25820860266685,-33.47654049284756,150],[151.25821966677904,-33.47653437405825,150],[151.25827490352094,-33.47650864161551,149.8000030517578],[151.2583778332919,-33.476458098739386,149.60000610351562],[151.2584101036191,-33.47645105794072,149.39999389648438],[151.2584341596812,-33.47646513953805,149.39999389648438],[151.25844933092594,-33.47647704184055,149.60000610351562],[151.25848403200507,-33.47648072987795,150.8000030517578],[151.2584965210408,-33.47646748647094,151.60000610351562],[151.25853734090924,-33.476448291912675,151.60000610351562],[151.25858419574797,-33.47644871100783,151],[151.25863968394697,-33.47644619643688,151.60000610351562],[151.25864764675498,-33.47644669935107,151.8000030517578],[151.25871906057,-33.47643521614373,151.60000610351562],[151.25878427177668,-33.4764330368489,150.8000030517578],[151.25882408581674,-33.47643085755408,150.60000610351562],[151.25884051434696,-33.47644259221852,150.8000030517578],[151.25890899449587,-33.476471258327365,152],[151.25892064534128,-33.47647150978446,152],[151.25896180048585,-33.4764660615474,151.8000030517578],[151.2589693441987,-33.476452650502324,151.39999389648438],[151.25897789373994,-33.47643739543855,150.8000030517578],[151.25897839665413,-33.47637176513672,150],[151.25900094397366,-33.47628400661051,151.1999969482422],[151.259036231786,-33.476230362430215,151.1999969482422],[151.25905852764845,-33.476171270012856,151.1999969482422],[151.2590736988932,-33.47609239630401,151],[151.25911510549486,-33.47604411654174,151.39999389648438],[151.25916246324778,-33.476039506495,151.1999969482422],[151.25932331196964,-33.476079320535064,150.60000610351562],[151.25937092117965,-33.4761034604162,151.1999969482422],[151.25944015569985,-33.476126845926046,151.60000610351562],[151.25947108492255,-33.476129779592156,151.8000030517578],[151.2595579214394,-33.476153668016195,152.39999389648438],[151.25967778265476,-33.47617143765092,152.8000030517578],[151.25978557392955,-33.47617797553539,152.39999389648438],[151.2598110549152,-33.47618333995342,152.39999389648438],[151.25992907211185,-33.47620664164424,152],[151.25998774543405,-33.4762120898813,152],[151.26005019061267,-33.47622457891703,151.8000030517578],[151.26009461469948,-33.476205384358764,151.60000610351562],[151.26022118143737,-33.47613346762955,151.1999969482422],[151.2602894101292,-33.47612760029733,151],[151.26030885614455,-33.47612156532705,150.60000610351562],[151.26032092608511,-33.476109746843576,150],[151.26031422056258,-33.47609298303723,149.60000610351562],[151.2603111192584,-33.47608175128698,149.39999389648438],[151.2603359296918,-33.47602819092572,148.8000030517578],[151.2604110315442,-33.47599424421787,148.39999389648438],[151.26047288998961,-33.475994328036904,148.1999969482422],[151.26054354943335,-33.476000195369124,148],[151.26058503985405,-33.47598678432405,147.8000030517578],[151.26068394631147,-33.475963566452265,147.60000610351562],[151.26069920137525,-33.47596574574709,147.60000610351562],[151.26077832654119,-33.47600011155009,148],[151.26082031987607,-33.47601511515677,148.1999969482422],[151.2608573678881,-33.47599416039884,148.39999389648438],[151.26099332235754,-33.475950406864285,148.39999389648438],[151.2610968388617,-33.47597320564091,147.8000030517578],[151.2611229903996,-33.475980162620544,147.8000030517578],[151.26119817607105,-33.47597815096378,147.39999389648438],[151.26125148497522,-33.47596666775644,147],[151.26125651411712,-33.475941522046924,146.8000030517578],[151.26130336895585,-33.47592165693641,146.60000610351562],[151.26132457517087,-33.47593146376312,146.60000610351562],[151.26141836866736,-33.47594328224659,147.8000030517578],[151.261449130252,-33.47595241852105,148],[151.2615059595555,-33.47595585510135,148],[151.2615596037358,-33.47596666775644,148.39999389648438],[151.26157368533313,-33.4759737085551,148.60000610351562],[151.2615825701505,-33.47598276101053,148.60000610351562],[151.26163143664598,-33.47602425143123,149],[151.2616467755288,-33.476028526201844,149],[151.2616602703929,-33.47602886147797,149.1999969482422],[151.26168549992144,-33.47601117566228,149.39999389648438],[151.2616925407201,-33.475993825122714,149.39999389648438],[151.2616964802146,-33.47598485648632,149.1999969482422],[151.26178331673145,-33.475926434621215,148.39999389648438],[151.2618605978787,-33.47589408047497,147.39999389648438],[151.261922204867,-33.47584814764559,146.39999389648438],[151.26193502917886,-33.47584169358015,146.39999389648438],[151.2619983125478,-33.47580975852907,145.8000030517578],[151.26201507635415,-33.47578704357147,145.39999389648438],[151.2620342709124,-33.47574111074209,145.1999969482422],[151.2620474305004,-33.475719820708036,145.1999969482422],[151.2620601709932,-33.47568176686764,145.39999389648438],[151.2621008232236,-33.47564371302724,144],[151.26213225536048,-33.47562368027866,143.1999969482422],[151.26216704025865,-33.475599121302366,143],[151.26223292201757,-33.475535502657294,142.39999389648438],[151.26225538551807,-33.47551337443292,142],[151.26227164641023,-33.4754987899214,141.8000030517578],[151.262294864282,-33.475493090227246,141.1999969482422],[151.26230441965163,-33.47549409605563,140.8000030517578],[151.262342389673,-33.475500298663974,139.8000030517578],[151.26234984956682,-33.47549946047366,139.39999389648438],[151.2623788509518,-33.47550289705396,138.60000610351562],[151.26240810379386,-33.475510105490685,137.60000610351562],[151.26243400387466,-33.47552007995546,137.1999969482422],[151.26245914958417,-33.47552301362157,136.8000030517578],[151.26247088424861,-33.47552225925028,136.60000610351562],[151.26250592060387,-33.47552636638284,136.1999969482422],[151.26256115734577,-33.47551924176514,135.39999389648438],[151.26260625198483,-33.47550759091973,135],[151.26266920007765,-33.47551773302257,134.39999389648438],[151.2626830302179,-33.47552410326898,134.1999969482422],[151.26269166357815,-33.47552661783993,134.1999969482422],[151.26270004548132,-33.47552703693509,134],[151.26273156143725,-33.475530138239264,133.39999389648438],[151.26276307739317,-33.47553776577115,132.39999389648438],[151.26276969909668,-33.475537933409214,132.1999969482422],[151.2628468964249,-33.475558971986175,131.1999969482422],[151.2629071623087,-33.475570287555456,130.60000610351562],[151.26292719505727,-33.47558084875345,130.39999389648438],[151.26294932328165,-33.475592164322734,130],[151.26299986615777,-33.47560624592006,129.39999389648438],[151.26302920281887,-33.475610855966806,129.39999389648438],[151.26306147314608,-33.47560113295913,129.1999969482422],[151.2631077412516,-33.475579507648945,129.1999969482422],[151.26313716173172,-33.47557741217315,129],[151.26323849894106,-33.47559258341789,128.1999969482422],[151.26325190998614,-33.47559451125562,128],[151.26328627578914,-33.47560280933976,127.5999984741211],[151.2633115053177,-33.475602474063635,127],[151.26331770792603,-33.475603396072984,126.80000305175781],[151.26333698630333,-33.47560364753008,126.4000015258789],[151.26335148699582,-33.475602474063635,125.80000305175781],[151.26337327994406,-33.47561052069068,125],[151.26338694244623,-33.47561689093709,124.5999984741211],[151.26339968293905,-33.475628374144435,123.4000015258789],[151.2634042929858,-33.47562653012574,123],[151.26342407427728,-33.475614711642265,122.19999694824219],[151.26347369514406,-33.47558269277215,121.19999694824219],[151.2634907104075,-33.4755283780396,120.19999694824219],[151.2634854298085,-33.475518403574824,120.19999694824219],[151.26348090358078,-33.475494012236595,120.19999694824219],[151.2634645588696,-33.47547221928835,120.5999984741211],[151.2634262535721,-33.475448582321405,120.5999984741211],[151.26341183669865,-33.47540776245296,120],[151.26345173455775,-33.47539812326431,118.80000305175781],[151.26346833072603,-33.47539879381657,118.4000015258789],[151.26348341815174,-33.47540197893977,118],[151.26350848004222,-33.47540273331106,117.80000305175781],[151.2635702546686,-33.475401224568486,116.80000305175781],[151.26359967514873,-33.475409019738436,116.4000015258789],[151.2636313587427,-33.475424610078335,115.5999984741211],[151.2636466138065,-33.47543366253376,115.4000015258789],[151.2636844161898,-33.47543818876147,114.19999694824219],[151.2636923789978,-33.47544112242758,114],[151.26370117999613,-33.47543869167566,113],[151.26370495185256,-33.47543014213443,112.5999984741211],[151.26373630017042,-33.4754110313952,111.80000305175781],[151.26377628184855,-33.4754144679755,110.5999984741211],[151.26382724381983,-33.47539451904595,109.5999984741211],[151.2638475280255,-33.4753935970366,109.19999694824219],[151.26387837342918,-33.47539661452174,108.4000015258789],[151.26394442282617,-33.475394267588854,107.4000015258789],[151.26400510780513,-33.47540784627199,106.4000015258789],[151.264097224921,-33.47541932947934,105.19999694824219],[151.26410351134837,-33.47542352043092,105],[151.2641255557537,-33.475438272580504,104.19999694824219],[151.2641292437911,-33.475433411076665,104],[151.26413628458977,-33.47542645409703,103.5999984741211],[151.2641680520028,-33.475416814908385,103],[151.2642090395093,-33.47539208829403,101.80000305175781],[151.26422982662916,-33.475365433841944,101.19999694824219],[151.26424139365554,-33.475343557074666,100.5999984741211],[151.26425036229193,-33.47530424594879,100.19999694824219],[151.26425589434803,-33.47527767531574,100],[151.26426989212632,-33.47524171695113,99.5999984741211],[151.26428657211363,-33.47523811273277,99.19999694824219],[151.26430819742382,-33.4752244502306,98.4000015258789],[151.26433820463717,-33.47521757707,97.5999984741211],[151.26434340141714,-33.475217912346125,97.4000015258789],[151.2643660325557,-33.47518069669604,96.19999694824219],[151.26440157182515,-33.47516451962292,95.80000305175781],[151.26442043110728,-33.475144654512405,95.19999694824219],[151.2644345127046,-33.47513216547668,94.80000305175781],[151.26447231508791,-33.47512093372643,94.19999694824219],[151.2644847203046,-33.475119760259986,93.5999984741211],[151.26449285075068,-33.47511984407902,93.19999694824219],[151.2645079381764,-33.47512990236282,92.19999694824219],[151.26451891846955,-33.47513409331441,91.4000015258789],[151.26452897675335,-33.47513895481825,91],[151.2645565532148,-33.475145073607564,90],[151.26457449048758,-33.47515756264329,89],[151.26459049992263,-33.475137781351805,88],[151.26459946855903,-33.47511464729905,87.5999984741211],[151.26466048881412,-33.47509209997952,86.5999984741211],[151.26470633782446,-33.47508765757084,85.19999694824219],[151.26474162563682,-33.47507734782994,84.19999694824219],[151.26474749296904,-33.47507743164897,84],[151.26477004028857,-33.47507550381124,83],[151.2648105248809,-33.475066954270005,82.19999694824219],[151.26481999643147,-33.47506913356483,81.80000305175781],[151.2648422922939,-33.475101152434945,80.5999984741211],[151.26487489789724,-33.47508396953344,79.4000015258789],[151.2648782506585,-33.47507416270673,79.4000015258789],[151.26490398310125,-33.47505236975849,78.4000015258789],[151.264911275357,-33.47503116354346,78],[151.26492912881076,-33.47502118907869,77.4000015258789],[151.26495201140642,-33.47501406446099,77],[151.26497304998338,-33.47499973140657,76.4000015258789],[151.26500205136836,-33.47498958930373,75.80000305175781],[151.26501386985183,-33.47497911192477,75.5999984741211],[151.2650405243039,-33.47497324459255,75.19999694824219],[151.26508603803813,-33.4749879129231,74.19999694824219],[151.2651425320655,-33.47498120740056,73],[151.26513549126685,-33.47496695816517,72.5999984741211],[151.2651509977877,-33.47493619658053,72],[151.26519240438938,-33.4749202709645,71],[151.26524127088487,-33.4749517031014,70],[151.26525250263512,-33.474977100268006,69.4000015258789],[151.26525132916868,-33.475027894601226,68.80000305175781],[151.26525593921542,-33.475029822438955,68.5999984741211],[151.26528527587652,-33.47502211108804,67.5999984741211],[151.26530195586383,-33.47502697259188,67],[151.2653243355453,-33.475041557103395,66.5999984741211],[151.2653602939099,-33.4750516153872,65.4000015258789],[151.26538502052426,-33.47503493539989,64.19999694824219],[151.2653996888548,-33.475017165765166,63],[151.26541159115732,-33.47501875832677,62.79999923706055],[151.2654221523553,-33.47501825541258,62],[151.26544201746583,-33.47500752657652,61],[151.26548619009554,-33.47500375472009,60.20000076293945],[151.26548929139972,-33.47500367090106,59.79999923706055],[151.26551016233861,-33.475008280947804,58.599998474121094],[151.26552164554596,-33.474992187693715,57.20000076293945],[151.2655265070498,-33.47498858347535,56.79999923706055],[151.26553765498102,-33.47497156821191,56],[151.26554695889354,-33.47496310248971,55.20000076293945],[151.26555274240673,-33.47495446912944,55],[151.26557311043143,-33.4749377053231,53.79999923706055],[151.26559574157,-33.4749239590019,53],[151.26560546457767,-33.47490736283362,52.79999923706055],[151.26561552286148,-33.47488850355148,52.599998474121094],[151.26562583260238,-33.47489319741726,52.20000076293945],[151.26562491059303,-33.47489797510207,51.79999923706055],[151.26562491059303,-33.47489797510207,51.79999923706055],[151.26562491059303,-33.47489797510207,52],[151.26562491059303,-33.47489856183529,52.20000076293945],[151.26563094556332,-33.474921779707074,51.400001525878906],[151.26565324142575,-33.47492756322026,52],[151.26565433107316,-33.47492597065866,52],[151.26565508544445,-33.4749170858413,51.599998474121094],[151.26565332524478,-33.47491239197552,51.599998474121094],[151.26565064303577,-33.474911050871015,51.400001525878906],[151.26565340906382,-33.47490753047168,51.400001525878906],[151.26567704603076,-33.474916918203235,51.79999923706055],[151.26567914150655,-33.47491716966033,51.79999923706055],[151.2656771298498,-33.47491750493646,52],[151.26567511819303,-33.47493049688637,52],[151.2657099030912,-33.47493099980056,51.599998474121094],[151.265709400177,-33.47494415938854,51.599998474121094],[151.26573177985847,-33.4749620128423,51.599998474121094],[151.2657313607633,-33.47496251575649,51.599998474121094],[151.26572876237333,-33.47496226429939,51.599998474121094],[151.26572675071657,-33.474961845204234,51.599998474121094],[151.26572398468852,-33.47496352158487,51],[151.26572540961206,-33.47496268339455,50.79999923706055],[151.26572758890688,-33.47496251575649,50.79999923706055],[151.26572926528752,-33.47496310248971,50.79999923706055],[151.26573144458234,-33.47496310248971,50.79999923706055],[151.26572884619236,-33.47496327012777,51],[151.26572909764946,-33.474963773041964,51],[151.26572901383042,-33.47496352158487,51],[151.2657289300114,-33.47496402449906,50.79999923706055],[151.265727924183,-33.4749636054039,50.79999923706055],[151.2657286785543,-33.47496503032744,51.599998474121094],[151.26572716981173,-33.474962934851646,51.79999923706055],[151.2657273374498,-33.474962851032615,52],[151.2657265830785,-33.47496218048036,52.20000076293945],[151.26573965884745,-33.474980955943465,51.400001525878906],[151.26574376598,-33.47499243915081,51.400001525878906],[151.26573094166815,-33.47499009221792,51.400001525878906],[151.26573521643877,-33.47499428316951,51.79999923706055],[151.26573379151523,-33.47499486990273,51.79999923706055],[151.26574804075062,-33.4749773517251,51.79999923706055],[151.26574804075062,-33.4749773517251,52],[151.26574804075062,-33.4749773517251,52],[151.26574804075062,-33.4749773517251,52],[151.26581836491823,-33.47501046024263,53],[151.2658272497356,-33.475014148280025,53.20000076293945],[151.2658531498164,-33.47501431591809,54],[151.26588759943843,-33.47502127289772,55],[151.26589581370354,-33.47502554766834,55.20000076293945],[151.2658983282745,-33.47502906806767,56.20000076293945],[151.26590218394995,-33.47502630203962,56.79999923706055],[151.26591970212758,-33.47503040917218,57.400001525878906],[151.26595214009285,-33.47503501921892,58.20000076293945],[151.26596068963408,-33.475041976198554,58.400001525878906],[151.26598407514393,-33.47505890764296,59.20000076293945],[151.26600402407348,-33.47506804391742,59.400001525878906],[151.2660146690905,-33.475082125514746,60],[151.2660355400294,-33.47509268671274,60],[151.26606973819435,-33.47510861232877,59.400001525878906],[151.2660862505436,-33.47511506639421,59.400001525878906],[151.2661393918097,-33.475149096921086,59.400001525878906],[151.26618758775294,-33.47518019378185,59.599998474121094],[151.2662271503359,-33.475202322006226,59.400001525878906],[151.26634516753256,-33.47523341886699,60],[151.26640275120735,-33.475221851840615,60.599998474121094],[151.26640979200602,-33.47521715797484,60.599998474121094],[151.26643862575293,-33.475184720009565,61.599998474121094],[151.26644692383707,-33.47518262453377,62],[151.26646586693823,-33.4751813672483,62.79999923706055],[151.26649335958064,-33.47518648020923,63.599998474121094],[151.26651951111853,-33.475188072770834,64.19999694824219],[151.26656150445342,-33.475203244015574,65],[151.2665860634297,-33.4752157330513,65.19999694824219],[151.2666095327586,-33.47521824762225,65.4000015258789],[151.26664557494223,-33.47521296702325,66.4000015258789],[151.26665697433054,-33.475210620090365,66.80000305175781],[151.26667172648013,-33.475206261500716,66.80000305175781],[151.26669561490417,-33.475203327834606,67.19999694824219],[151.26673677004874,-33.47520248964429,67.5999984741211],[151.2667573057115,-33.475209111347795,67.80000305175781],[151.26683458685875,-33.475221348926425,68.19999694824219],[151.2668735627085,-33.475215984508395,68.4000015258789],[151.26690482720733,-33.4752173256129,68.5999984741211],[151.26691698096693,-33.47520978190005,68.80000305175781],[151.26694346778095,-33.47517700865865,69.19999694824219],[151.26699132844806,-33.47514783963561,70],[151.26703784801066,-33.47512881271541,70.5999984741211],[151.26704287715256,-33.47511892206967,70.80000305175781],[151.26704832538962,-33.475109450519085,71],[151.2670670170337,-33.47507500089705,72.19999694824219],[151.26707397401333,-33.47506712190807,72.4000015258789],[151.26709920354187,-33.47504172474146,73.4000015258789],[151.26714538782835,-33.47500911913812,74.4000015258789],[151.2671555299312,-33.47500761039555,74.5999984741211],[151.26716617494822,-33.47501087933779,74.5999984741211],[151.26721227541566,-33.475021524354815,74.5999984741211],[151.2672488205135,-33.474999563768506,74.5999984741211],[151.26726281829178,-33.474992187693715,74.80000305175781],[151.2673741299659,-33.47495245747268,75.19999694824219],[151.26744068227708,-33.47491390071809,75],[151.26745115965605,-33.474906189367175,75],[151.26750262454152,-33.47487165592611,75],[151.26753078773618,-33.474858161062,74.80000305175781],[151.26753724180162,-33.474857741966844,74.5999984741211],[151.26755341887474,-33.47485866397619,74.5999984741211],[151.2676246650517,-33.47485514357686,74.80000305175781],[151.26770320348442,-33.47483268007636,75.80000305175781],[151.26773321069777,-33.47481884993613,76.19999694824219],[151.26780630089343,-33.47480610944331,76.80000305175781],[151.26782004721463,-33.47480024211109,77],[151.26783907413483,-33.47478683106601,77.19999694824219],[151.2678953167051,-33.474767468869686,77.4000015258789],[151.26790445297956,-33.47476269118488,77.19999694824219],[151.26791392453015,-33.474758081138134,77.19999694824219],[151.26792716793716,-33.4747582487762,77],[151.267950553447,-33.47476704977453,76.5999984741211],[151.26797955483198,-33.474778700619936,75.80000305175781],[151.26801702193916,-33.474795799702406,74.5999984741211],[151.26808944158256,-33.474800158292055,73.5999984741211],[151.26810075715184,-33.474790351465344,73.4000015258789],[151.26811131834984,-33.47478607669473,73.19999694824219],[151.26812238246202,-33.47478029318154,73.19999694824219],[151.2681715004146,-33.47477593459189,72.4000015258789],[151.26823587343097,-33.474793788045645,71.80000305175781],[151.26826990395784,-33.47480619326234,71.4000015258789],[151.268339054659,-33.47480870783329,70.4000015258789],[151.2683453410864,-33.47481055185199,70.19999694824219],[151.26840971410275,-33.474793788045645,69.19999694824219],[151.26845388673246,-33.47479018382728,68.5999984741211],[151.26846436411142,-33.47479060292244,68.5999984741211],[151.26856377348304,-33.4747944585979,68],[151.26858171075583,-33.47479387186468,68],[151.26860459335148,-33.47479202784598,67.5999984741211],[151.26863099634647,-33.474779203534126,67],[151.26868003048003,-33.47476612776518,66.19999694824219],[151.26872001215816,-33.47476118244231,65.80000305175781],[151.2687692977488,-33.47474919632077,65],[151.26877835020423,-33.47474483773112,64.5999984741211],[151.26883610151708,-33.474733270704746,63.400001525878906],[151.26885169185698,-33.47473285160959,63.20000076293945],[151.268888739869,-33.474723463878036,62.400001525878906],[151.26890525221825,-33.474703934043646,61.79999923706055],[151.26892981119454,-33.47467987798154,61.20000076293945],[151.26895420253277,-33.474664790555835,60.599998474121094],[151.26896761357784,-33.47464886493981,60],[151.26899887807667,-33.47462480887771,58.79999923706055],[151.26900692470372,-33.474624222144485,58.599998474121094],[151.26904539763927,-33.47461508587003,57.79999923706055],[151.26907146535814,-33.47461340948939,56.79999923706055],[151.26907892525196,-33.474614499136806,56.599998474121094],[151.26912091858685,-33.474635956808925,55.599998474121094],[151.2691202480346,-33.47463830374181,55.20000076293945],[151.26912167295814,-33.47463478334248,54.599998474121094],[151.26912284642458,-33.47462288103998,53.79999923706055],[151.26912997104228,-33.47461760044098,53.400001525878906],[151.26914438791573,-33.474617935717106,53],[151.2691725511104,-33.474636459723115,52.400001525878906],[151.26922845840454,-33.474637968465686,52.599998474121094],[151.2692505866289,-33.4746512118727,52.599998474121094],[151.2692685239017,-33.47466596402228,52.400001525878906],[151.26927799545228,-33.47466906532645,52.400001525878906],[151.26934530213475,-33.47465531900525,52.599998474121094],[151.26936114393175,-33.47466118633747,53],[151.2693504150957,-33.47466713748872,53.599998474121094],[151.26932987943292,-33.47466546110809,54],[151.26935720443726,-33.47466940060258,54.20000076293945],[151.26935645006597,-33.47466931678355,54.599998474121094],[151.2693443801254,-33.47468012943864,55.400001525878906],[151.26934270374477,-33.474684404209256,55.599998474121094],[151.26931931823492,-33.47470410168171,56.599998474121094],[151.2693184800446,-33.474718099460006,57.400001525878906],[151.26934454776347,-33.47473829984665,58],[151.26937220804393,-33.47477048635483,58.79999923706055],[151.26937195658684,-33.47477409057319,59.20000076293945],[151.2693774048239,-33.47478817217052,60],[151.26938209868968,-33.47479345276952,60.20000076293945],[151.2693929951638,-33.47480191849172,60.599998474121094],[151.26939517445862,-33.47481499426067,61.20000076293945],[151.26939953304827,-33.474822118878365,61.400001525878906],[151.26942291855812,-33.47482832148671,62.400001525878906],[151.26943934708834,-33.47482480108738,62.599998474121094],[151.26946851611137,-33.47483444027603,63.599998474121094],[151.2694614753127,-33.474861262366176,64.4000015258789],[151.26945518888533,-33.474871991202235,64.80000305175781],[151.2694968469441,-33.47490057349205,66],[151.2694899737835,-33.47493284381926,67],[151.26948720775545,-33.47493317909539,67.4000015258789],[151.2695021275431,-33.474950697273016,68.19999694824219],[151.26951394602656,-33.474968718364835,68.4000015258789],[151.26951713114977,-33.47499595955014,69.4000015258789],[151.26952392049134,-33.47503409720957,70],[151.26950682140887,-33.47504876554012,70.19999694824219],[151.26950061880052,-33.475054297596216,70.5999984741211],[151.26949961297214,-33.47508732229471,71.5999984741211],[151.26950757578015,-33.47509947605431,71.80000305175781],[151.26949827186763,-33.475160328671336,73],[151.2695167120546,-33.4751639328897,74],[151.26953138038516,-33.47515261732042,75.19999694824219],[151.2695426121354,-33.47512294538319,75.4000015258789],[151.2695960048586,-33.47505630925298,75.4000015258789],[151.2696345616132,-33.47503216937184,76.19999694824219],[151.2696478050202,-33.475032756105065,77.19999694824219],[151.2696794886142,-33.475042479112744,78],[151.26968652941287,-33.475046921521425,78.4000015258789],[151.2696927320212,-33.47508321516216,79.5999984741211],[151.26969541423023,-33.47509017214179,79.80000305175781],[151.26971318386495,-33.47508145496249,80.80000305175781],[151.26971259713173,-33.47506418824196,81.4000015258789],[151.26971167512238,-33.475033175200224,82],[151.2697482202202,-33.47503208555281,83],[151.26975911669433,-33.47501674667001,84.19999694824219],[151.26976850442588,-33.47501289099455,84.5999984741211],[151.26977537758648,-33.47499336116016,85.4000015258789],[151.26979591324925,-33.47497517243028,86.19999694824219],[151.26980563625693,-33.47496033646166,86.4000015258789],[151.26985877752304,-33.474927144125104,86.4000015258789],[151.26995215192437,-33.47483997233212,86.80000305175781],[151.27001702785492,-33.47478029318154,87.4000015258789],[151.27002825960517,-33.47477249801159,87.4000015258789],[151.2700547464192,-33.474762104451656,87.4000015258789],[151.27009724266827,-33.47473695874214,87.80000305175781],[151.2701446004212,-33.47465666010976,87.19999694824219],[151.27016060985625,-33.47462640143931,87],[151.27017754130065,-33.47458189353347,86.5999984741211],[151.27017745748162,-33.47456747666001,86.4000015258789],[151.27019095234573,-33.47451358102262,86],[151.27019925042987,-33.474491368979216,85.80000305175781],[151.27026982605457,-33.47442506812513,86.19999694824219],[151.27031123265624,-33.47439497709274,86.5999984741211],[151.2703299243003,-33.474377458915114,86.80000305175781],[151.27033671364188,-33.474366227164865,86.80000305175781],[151.27036730758846,-33.474333537742496,87],[151.27039195038378,-33.47431518137455,87],[151.27046789042652,-33.474258771166205,86.5999984741211],[151.270559001714,-33.474211413413286,86.80000305175781],[151.27057216130197,-33.47421116195619,86.80000305175781],[151.27060166560113,-33.474204540252686,87.4000015258789],[151.27066452987492,-33.474189369007945,88],[151.2707115523517,-33.47417897544801,88.19999694824219],[151.2707260530442,-33.474180568009615,88.19999694824219],[151.2707395479083,-33.47418408840895,88.4000015258789],[151.2708174996078,-33.47420386970043,89.4000015258789],[151.27082839608192,-33.47421023994684,89.5999984741211],[151.27088002860546,-33.47424058243632,90.5999984741211],[151.27088706940413,-33.474247036501765,90.80000305175781],[151.27089117653668,-33.47427528351545,91.80000305175781],[151.27088799141347,-33.47429087385535,92.4000015258789],[151.2708825431764,-33.474305123090744,92.80000305175781],[151.2708743289113,-33.474319372326136,94.19999694824219],[151.27088019624352,-33.474323730915785,94.4000015258789],[151.2708819564432,-33.474331106990576,95.19999694824219],[151.27089235000312,-33.47435021772981,96.19999694824219],[151.2708975467831,-33.47435315139592,96.4000015258789],[151.27094230614603,-33.474361365661025,97.4000015258789],[151.2709752470255,-33.47435675561428,97.80000305175781],[151.27098203636706,-33.47435424104333,98.19999694824219],[151.2709982972592,-33.47435088828206,98.4000015258789],[151.27103140577674,-33.474354073405266,99.5999984741211],[151.27104230225086,-33.474360443651676,100],[151.2710556294769,-33.47438215278089,100.5999984741211],[151.27106493338943,-33.47440805286169,101.5999984741211],[151.2710785958916,-33.47442414611578,103],[151.27109452150762,-33.474427331238985,103.4000015258789],[151.2711417954415,-33.47444384358823,104],[151.27115118317306,-33.4744421672076,104],[151.27117155119777,-33.47445633262396,105],[151.27117280848324,-33.47445800900459,105.19999694824219],[151.2711787596345,-33.47447921521962,106.19999694824219],[151.27116300165653,-33.474492374807596,106.80000305175781],[151.2711523566395,-33.47450511530042,107.4000015258789],[151.2711235228926,-33.474559262394905,108.4000015258789],[151.2711209245026,-33.47456496208906,108.5999984741211],[151.27111279405653,-33.47458524629474,109.5999984741211],[151.2710950244218,-33.474611565470695,110.5999984741211],[151.27109217457473,-33.47461726516485,110.80000305175781],[151.27105680294335,-33.47465582191944,111.80000305175781],[151.27104087732732,-33.47466361708939,112.19999694824219],[151.27104858867824,-33.474661940708756,112.4000015258789],[151.27106652595103,-33.47467669285834,113],[151.27105596475303,-33.474692199379206,113.5999984741211],[151.271045319736,-33.474711226299405,114.19999694824219],[151.27105940133333,-33.474726397544146,115.19999694824219],[151.27108303830028,-33.47474525682628,116.4000015258789],[151.27110994420946,-33.474755650386214,117],[151.2711319886148,-33.47476193681359,117.4000015258789],[151.2711679469794,-33.47478180192411,118],[151.2711819447577,-33.47479437477887,118.80000305175781],[151.2711798492819,-33.47481222823262,119.19999694824219],[151.27118068747222,-33.47482438199222,119.80000305175781],[151.2711766641587,-33.47485070116818,120.80000305175781],[151.27116962336004,-33.4748531319201,121.19999694824219],[151.27115688286722,-33.4748600050807,122],[151.27112452872097,-33.47489370033145,122.5999984741211],[151.27109829336405,-33.47496050409973,122.80000305175781],[151.27109594643116,-33.47496737726033,123],[151.27109192311764,-33.47502797842026,123.80000305175781],[151.27108161337674,-33.47504373639822,124],[151.27107960171998,-33.475047843530774,124],[151.27106367610395,-33.47506821155548,124.4000015258789],[151.2709895800799,-33.4751086961478,125.19999694824219],[151.27095974050462,-33.47516058012843,126.19999694824219],[151.27094071358442,-33.4751863963902,127.4000015258789],[151.2709084432572,-33.47519972361624,128.39999389648438],[151.2709023244679,-33.47520634531975,128.60000610351562],[151.2708843871951,-33.475227216258645,129.8000030517578],[151.27086284570396,-33.47525076940656,130.39999389648438],[151.27083451487124,-33.47526744939387,130.8000030517578],[151.27083057537675,-33.47527717240155,131.60000610351562],[151.27083342522383,-33.47528521902859,131.8000030517578],[151.2708489317447,-33.47531296312809,133],[151.27085647545755,-33.47531924955547,133.1999969482422],[151.27088128589094,-33.4753521066159,134.1999969482422],[151.27089092507958,-33.475364008918405,134.39999389648438],[151.27092445269227,-33.47537943162024,135.1999969482422],[151.27094322815537,-33.47538714297116,135.39999389648438],[151.27097834832966,-33.475406505167484,136],[151.2709895800799,-33.47539854235947,136.1999969482422],[151.2709969561547,-33.47539083100855,136.1999969482422],[151.2710604071617,-33.47533936612308,136.60000610351562],[151.27114104107022,-33.47528421320021,136.60000610351562],[151.27126500941813,-33.4752294793725,136.39999389648438],[151.27135754562914,-33.47518790513277,136.39999389648438],[151.27138654701412,-33.47518446855247,136.39999389648438],[151.27141035161912,-33.475209614261985,136.8000030517578],[151.27141068689525,-33.47521757707,137.1999969482422],[151.27140507102013,-33.47524272277951,138.1999969482422],[151.27140121534467,-33.47524951212108,138.60000610351562],[151.27137975767255,-33.47530114464462,139.8000030517578],[151.27138059586287,-33.475305419415236,140],[151.27137732692063,-33.47532486543059,141],[151.27137238159776,-33.47535160370171,141.60000610351562],[151.27136819064617,-33.475354788824916,141.8000030517578],[151.27136156894267,-33.475360153242946,142.1999969482422],[151.27132686786354,-33.475426035001874,142.8000030517578],[151.27131915651262,-33.47544673830271,142.8000030517578],[151.27132896333933,-33.47547766752541,143],[151.271333405748,-33.47548068501055,143.1999969482422],[151.27136391587555,-33.47547775134444,144.60000610351562],[151.2714102678001,-33.47549267113209,145.60000610351562],[151.2714345753193,-33.475489653646946,145.8000030517578],[151.27147120423615,-33.47551513463259,146.60000610351562],[151.27146357670426,-33.475540364161134,147.1999969482422],[151.27145376987755,-33.47555075772107,147.8000030517578],[151.27145159058273,-33.47555251792073,148],[151.27145477570593,-33.47555863671005,147.8000030517578],[151.2714517582208,-33.47555863671005,147.8000030517578],[151.27145083621144,-33.47555721178651,147.8000030517578],[151.27144848927855,-33.47555670887232,147.60000610351562],[151.27144840545952,-33.47555662505329,147.60000610351562],[151.2714483216405,-33.475556541234255,147.60000610351562],[151.27144840545952,-33.47555645741522,147.60000610351562],[151.27144848927855,-33.47555628977716,147.60000610351562],[151.27144848927855,-33.47555628977716,147.60000610351562],[151.27144848927855,-33.47555620595813,147.60000610351562],[151.27144848927855,-33.475556122139096,147.60000610351562],[151.27144589088857,-33.47555536776781,147.60000610351562],[151.27144312486053,-33.47555486485362,147.60000610351562],[151.27143952064216,-33.47555419430137,147.60000610351562],[151.27143449150026,-33.47555176354945,147.60000610351562],[151.27143130637705,-33.47555092535913,147.39999389648438],[151.27142786979675,-33.475549751892686,147.60000610351562],[151.27142443321645,-33.47555176354945,147.39999389648438],[151.27142309211195,-33.47555419430137,147.39999389648438],[151.27142585814,-33.475554613396525,147.1999969482422],[151.2714261095971,-33.47555377520621,147.1999969482422],[151.27142585814,-33.47555494867265,147.1999969482422],[151.27142887562513,-33.475555535405874,147],[151.27142812125385,-33.47555335611105,147],[151.27142795361578,-33.47555385902524,146.8000030517578],[151.27142803743482,-33.47555394284427,146.8000030517578],[151.2714282888919,-33.47555377520621,146.8000030517578],[151.27143122255802,-33.475553188472986,146.8000030517578],[151.27143315039575,-33.47555302083492,146.8000030517578],[151.27143315039575,-33.47555327229202,146.60000610351562],[151.27143315039575,-33.47555335611105,146.60000610351562],[151.27143390476704,-33.475554613396525,146.60000610351562],[151.27143474295735,-33.47555528394878,146.60000610351562],[151.27143583260477,-33.47555595450103,146.60000610351562],[151.27143633551896,-33.47555620595813,146.39999389648438],[151.27143633551896,-33.475556122139096,146.39999389648438],[151.27143667079508,-33.475557044148445,146.8000030517578],[151.27143658697605,-33.47555712796748,147],[151.27147405408323,-33.4755801782012,147.1999969482422],[151.27158159390092,-33.47564966417849,147.39999389648438],[151.27170078456402,-33.47576038911939,147.60000610351562],[151.27172484062612,-33.47577572800219,147.60000610351562],[151.27175828441978,-33.475802382454276,147.8000030517578],[151.27181905321777,-33.475840017199516,148.39999389648438],[151.27184218727052,-33.47584990784526,148.60000610351562],[151.27186481840909,-33.47586063668132,148.60000610351562],[151.27187085337937,-33.4758685156703,148.8000030517578],[151.27188275568187,-33.475884441286325,149.1999969482422],[151.27189641818404,-33.475914280861616,150],[151.2719048000872,-33.475943114608526,150.1999969482422],[151.27191997133195,-33.475948479026556,150.60000610351562],[151.27194662578404,-33.47595551982522,151],[151.27196095883846,-33.475963063538074,151.1999969482422],[151.27196984365582,-33.475974379107356,151.39999389648438],[151.27197839319706,-33.47599893808365,151.39999389648438],[151.27198308706284,-33.47600916400552,151.60000610351562],[151.27199230715632,-33.476018803194165,151.8000030517578],[151.27201225608587,-33.47602433525026,152.1999969482422],[151.27203932963312,-33.476039338856936,152.39999389648438],[151.2720765452832,-33.476056437939405,152.39999389648438],[151.27211677841842,-33.4760669991374,152.60000610351562],[151.27211845479906,-33.47606976516545,152.60000610351562],[151.27212549559772,-33.47609826363623,152.60000610351562],[151.27212029881775,-33.47614008933306,152.60000610351562],[151.27208509482443,-33.47621611319482,153.39999389648438],[151.27207956276834,-33.476225500926375,153.39999389648438],[151.27204343676567,-33.476297250017524,154.39999389648438],[151.27203279174864,-33.47632013261318,154.8000030517578],[151.27198702655733,-33.476372603327036,155.39999389648438],[151.27196892164648,-33.47639540210366,156],[151.27195877954364,-33.47640864551067,156],[151.27192927524447,-33.476449800655246,156.39999389648438],[151.27185274846852,-33.47653294913471,157],[151.27179407514632,-33.47659748978913,157.60000610351562],[151.27177278511226,-33.47664560191333,157.8000030517578],[151.271782675758,-33.47675004042685,158],[151.27179181203246,-33.476748866960406,158],[151.27179239876568,-33.476748783141375,158.39999389648438],[151.2717918958515,-33.476748866960406,158.39999389648438],[151.27172073349357,-33.47677216865122,157.8000030517578],[151.2715746369213,-33.47686051391065,157],[151.27149157226086,-33.476926144212484,156.60000610351562],[151.2714789994061,-33.47693460993469,156.60000610351562],[151.27146617509425,-33.47694299183786,156.39999389648438],[151.2713563721627,-33.4770289901644,155.60000610351562],[151.27134505659342,-33.47703720442951,155.39999389648438],[151.27130214124918,-33.477075258269906,155],[151.27123969607055,-33.47712630406022,154.60000610351562],[151.2712142150849,-33.477144660428166,154.39999389648438],[151.27110072411597,-33.47721959464252,154],[151.2710859719664,-33.47722789272666,154.1999969482422],[151.27093241550028,-33.477338114753366,154],[151.27082931809127,-33.477452443912625,153.8000030517578],[151.27073024399579,-33.477563839405775,154],[151.27062622457743,-33.477648412808776,154.1999969482422],[151.27050938084722,-33.47771605476737,154.8000030517578],[151.2704115640372,-33.47775653935969,155],[151.27036009915173,-33.47777657210827,155],[151.27019757404923,-33.47787908278406,154.39999389648438],[151.2700613681227,-33.47802794538438,153.60000610351562],[151.2700047902763,-33.47808091901243,153.39999389648438],[151.26991359516978,-33.47813816741109,153.60000610351562],[151.269898340106,-33.47814789041877,153.60000610351562],[151.2698303628713,-33.4781773108989,153.60000610351562],[151.26973883248866,-33.47820287570357,153.8000030517578],[151.26964109949768,-33.478242019191384,154],[151.26962349750102,-33.478246880695224,154.1999969482422],[151.26956700347364,-33.478278731927276,154.60000610351562],[151.26950145699084,-33.478309912607074,154.39999389648438],[151.26935142092407,-33.47837537527084,153.8000030517578],[151.2693121097982,-33.47842323593795,153.39999389648438],[151.2692907359451,-33.47849456593394,152.8000030517578],[151.2692933343351,-33.47854318097234,152.39999389648438],[151.26931034959853,-33.47863177768886,151.8000030517578],[151.26932979561388,-33.47874652594328,151.60000610351562],[151.26933314837515,-33.47876605577767,151.60000610351562],[151.26933574676514,-33.478778628632426,151.60000610351562],[151.26934153027833,-33.47890377044678,151.60000610351562],[151.2693361658603,-33.479073503986,151.60000610351562],[151.2693086732179,-33.47918917424977,151.60000610351562],[151.26926290802658,-33.479345915839076,151.60000610351562],[151.2692680209875,-33.47946435213089,151.8000030517578],[151.26927179284394,-33.479569125920534,151.8000030517578],[151.26927665434778,-33.4796107839793,151.60000610351562],[151.26927372068167,-33.47963836044073,151.60000610351562],[151.26928352750838,-33.4797833673656,151.8000030517578],[151.2693113554269,-33.4798888117075,152.39999389648438],[151.26935879699886,-33.47999660298228,153.39999389648438],[151.2694209907204,-33.48010204732418,154.39999389648438],[151.26948075369,-33.480202378705144,155.39999389648438],[151.26950078643858,-33.48023833706975,155.8000030517578],[151.26953188329935,-33.48029583692551,155.8000030517578],[151.26955568790436,-33.480337830260396,156],[151.26958259381354,-33.480392564088106,156],[151.2696118466556,-33.480532206594944,155.1999969482422],[151.2696242518723,-33.480615857988596,154.60000610351562],[151.26963254995644,-33.48064091987908,154.60000610351562],[151.26964931376278,-33.48069414496422,154.39999389648438],[151.26969306729734,-33.48079388961196,153.8000030517578],[151.26972198486328,-33.480833703652024,153.39999389648438],[151.26977294683456,-33.48090176470578,153.39999389648438],[151.26990194432437,-33.48096379078925,153],[151.26997042447329,-33.4809713345021,152.39999389648438],[151.27005441114306,-33.480972507968545,151.8000030517578],[151.27022456377745,-33.48090964369476,151.60000610351562],[151.27028147689998,-33.480874355882406,151.39999389648438],[151.27035984769464,-33.480817107483745,151.39999389648438],[151.27041248604655,-33.480765307322145,151.60000610351562],[151.27043578773737,-33.480730606243014,151.60000610351562],[151.27051264978945,-33.48063865676522,151.60000610351562],[151.27060770057142,-33.48057419992983,151.39999389648438],[151.2706758454442,-33.4805466234684,151.39999389648438],[151.27069026231766,-33.480538157746196,151.39999389648438],[151.27084700390697,-33.4805016964674,151],[151.27098035998642,-33.48050069063902,150.8000030517578],[151.27114146016538,-33.48052726127207,150.60000610351562],[151.2712839525193,-33.48056137561798,150.8000030517578],[151.27130155451596,-33.48056321963668,150.8000030517578],[151.2713614013046,-33.48058031871915,151],[151.2714065797627,-33.48059079609811,151.1999969482422],[151.2715640757233,-33.48062859848142,152],[151.2717123515904,-33.480710657313466,152.39999389648438],[151.27173657529056,-33.480734042823315,152.39999389648438],[151.27183875069022,-33.4808365534991,152.60000610351562],[151.27188920974731,-33.48088055849075,152.60000610351562],[151.27194670960307,-33.48091693595052,152.60000610351562],[151.27196229994297,-33.48092598840594,152.39999389648438],[151.27205827273428,-33.48096731118858,152.1999969482422],[151.27208911813796,-33.48098088987172,152],[151.2721347156912,-33.48100502975285,152],[151.2722142599523,-33.48104450851679,152.1999969482422],[151.27236052416265,-33.48109136335552,152.39999389648438],[151.272440738976,-33.48110435530543,152.60000610351562],[151.27249170094728,-33.481117095798254,152.8000030517578],[151.27253679558635,-33.481134781613946,152.60000610351562],[151.2726502865553,-33.48117258399725,152.60000610351562],[151.27269504591823,-33.48118859343231,152.8000030517578],[151.2727084569633,-33.48119563423097,152.8000030517578],[151.27280317246914,-33.48127123899758,153],[151.27292948774993,-33.48140140995383,152.60000610351562],[151.27302420325577,-33.481463519856334,152.60000610351562],[151.27303627319634,-33.481473829597235,152.60000610351562],[151.2731201760471,-33.48151188343763,152.1999969482422],[151.27314959652722,-33.48153191618621,152],[151.27317113801837,-33.48153870552778,152],[151.27319796010852,-33.4815548826009,152],[151.27321866340935,-33.481576424092054,152],[151.27330197952688,-33.48167801275849,151.60000610351562],[151.27333047799766,-33.48170860670507,151.39999389648438],[151.27338638529181,-33.481791503727436,151.1999969482422],[151.27339334227145,-33.481805166229606,151.1999969482422],[151.27342318184674,-33.48186057060957,150.60000610351562],[151.27343324013054,-33.48187574185431,150.39999389648438],[151.27347422763705,-33.481964003294706,149.8000030517578],[151.27348294481635,-33.48199585452676,149.60000610351562],[151.27348562702537,-33.48200675100088,149.60000610351562],[151.2734983675182,-33.482046481221914,149.1999969482422],[151.2735150475055,-33.48210180178285,149],[151.27355276606977,-33.482206827029586,148.39999389648438],[151.2735528498888,-33.48222308792174,148.1999969482422],[151.27355377189815,-33.48229886032641,147.60000610351562],[151.2735583819449,-33.48234839737415,147.1999969482422],[151.27356232143939,-33.48236382007599,147.1999969482422],[151.27356751821935,-33.48239064216614,147],[151.27357791177928,-33.482476975768805,146.8000030517578],[151.2735835276544,-33.48249223083258,146.8000030517578],[151.2736183963716,-33.48263665102422,146.8000030517578],[151.27362652681768,-33.482693480327725,147],[151.27362912520766,-33.482779394835234,147.60000610351562],[151.2736477330327,-33.48284192383289,148],[151.2736530136317,-33.48286866210401,148.1999969482422],[151.27365871332586,-33.48288685083389,148.39999389648438],[151.27367430366576,-33.482940746471286,149.1999969482422],[151.27367463894188,-33.48295382224023,149.1999969482422],[151.27367950044572,-33.48299422301352,149.39999389648438],[151.27368176355958,-33.48304895684123,150],[151.2736910674721,-33.48309405148029,150.1999969482422],[151.27369416877627,-33.483108803629875,150.39999389648438],[151.27369693480432,-33.483121041208506,150.60000610351562],[151.27370129339397,-33.48313411697745,150.8000030517578],[151.27371042966843,-33.4831627830863,151.1999969482422],[151.2737140338868,-33.48317728377879,151.39999389648438],[151.2737174704671,-33.48318633623421,151.39999389648438],[151.2737320549786,-33.48321558907628,152.39999389648438],[151.27373741939664,-33.483226569369435,152.60000610351562],[151.27381352707744,-33.483310639858246,153.8000030517578],[151.27382576465607,-33.48331826739013,154],[151.27384588122368,-33.483333606272936,154.39999389648438],[151.27386591397226,-33.48334835842252,154.8000030517578],[151.27394671551883,-33.48338993266225,155.8000030517578],[151.27395970746875,-33.48339529708028,156],[151.27399516291916,-33.483414156362414,156.1999969482422],[151.2740676663816,-33.48343796096742,156.39999389648438],[151.27416347153485,-33.483450366184115,157],[151.27421879209578,-33.483460173010826,157.60000610351562],[151.2742455303669,-33.4834648668766,157.8000030517578],[151.27428794279695,-33.48346285521984,158],[151.2743803113699,-33.483461095020175,158.1999969482422],[151.2744192034006,-33.4834667108953,158.1999969482422],[151.2744297645986,-33.48347073420882,158.39999389648438],[151.274494221434,-33.48349319770932,159.1999969482422],[151.27458122558892,-33.48352454602718,160.1999969482422],[151.2745954748243,-33.48353133536875,160.39999389648438],[151.2746303435415,-33.4835547208786,161.39999389648438],[151.27465498633683,-33.483581291511655,162.60000610351562],[151.27467040903866,-33.48360065370798,163],[151.27470544539392,-33.48361917771399,163.60000610351562],[151.2747362907976,-33.48362730816007,164.1999969482422],[151.27475213259459,-33.48363141529262,164.8000030517578],[151.2747635319829,-33.483630158007145,165],[151.27480535767972,-33.483634097501636,166],[151.27487886697054,-33.48363275639713,166.60000610351562],[151.27489998936653,-33.48363091237843,167],[151.2749390490353,-33.48362839780748,168.1999969482422],[151.27496805042028,-33.483628733083606,169.39999389648438],[151.27500023692846,-33.483638959005475,169.60000610351562],[151.27500551752746,-33.48364440724254,170],[151.27503359690309,-33.48366217687726,170.39999389648438],[151.2750629335642,-33.48368162289262,171.1999969482422],[151.27512554638088,-33.48371992819011,171.39999389648438],[151.27515010535717,-33.48373149521649,171.8000030517578],[151.2751983013004,-33.48375538364053,172],[151.27524993382394,-33.48379570059478,172.60000610351562],[151.27527398988605,-33.48382260650396,173],[151.27531103789806,-33.48385948687792,173.39999389648438],[151.27537071704865,-33.48392696119845,173.39999389648438],[151.2754131294787,-33.483979096636176,173.1999969482422],[151.27545269206166,-33.48402293398976,173.1999969482422],[151.2755210045725,-33.4840867202729,173.1999969482422],[151.27556568011642,-33.484127121046185,173.1999969482422],[151.27566458657384,-33.48420146852732,173.39999389648438],[151.27577262930572,-33.484281012788415,173.39999389648438],[151.2758518382907,-33.48433549515903,173.39999389648438],[151.27591989934444,-33.48437941633165,173],[151.27593255601823,-33.48439056426287,173],[151.27596633508801,-33.48441897891462,172.8000030517578],[151.27604998648167,-33.48446952179074,172.39999389648438],[151.2761050555855,-33.48450195975602,172.1999969482422],[151.27616984769702,-33.48452308215201,172.1999969482422],[151.27621452324092,-33.48452601581812,172.1999969482422],[151.2763746175915,-33.484521405771375,172.1999969482422],[151.27655348740518,-33.48451394587755,172.1999969482422],[151.27676110714674,-33.48449910990894,172.39999389648438],[151.27680159173906,-33.48450363613665,172.60000610351562],[151.27688038162887,-33.484516963362694,172.60000610351562],[151.27707987092435,-33.48454956896603,172.1999969482422],[151.27718221396208,-33.48450028337538,172.39999389648438],[151.2773138936609,-33.484516544267535,172.39999389648438],[151.27747264690697,-33.484503384679556,172],[151.27758035436273,-33.48445409908891,172.1999969482422],[151.27768504433334,-33.484434988349676,172],[151.27778252586722,-33.48438444547355,171.8000030517578],[151.27782904542983,-33.48435292951763,172],[151.27789962105453,-33.48434119485319,171.8000030517578],[151.27792979590595,-33.484332310035825,171.60000610351562],[151.27795418724418,-33.484327951446176,171.60000610351562],[151.27799509093165,-33.484324514865875,171.39999389648438],[151.2781046424061,-33.4843285381794,170.60000610351562],[151.27811394631863,-33.4843285381794,170.1999969482422],[151.2781727872789,-33.48432292230427,169.1999969482422],[151.27818485721946,-33.48432116210461,169.1999969482422],[151.2782235816121,-33.48431596532464,168.1999969482422],[151.2782396748662,-33.48431001417339,167.8000030517578],[151.27827127464116,-33.48430096171796,167],[151.2783036287874,-33.484290316700935,166.39999389648438],[151.27839306369424,-33.48428914323449,166],[151.27840362489223,-33.48428897559643,166],[151.2784273456782,-33.48428377881646,165.8000030517578],[151.27845014445484,-33.48426181823015,165.60000610351562],[151.27848819829524,-33.48425284959376,165.60000610351562],[151.27854444086552,-33.48425142467022,165.1999969482422],[151.2785596959293,-33.484251759946346,165],[151.27861887216568,-33.484269781038165,164.8000030517578],[151.27865625545382,-33.48431219346821,164.60000610351562],[151.27870260737836,-33.4843544382602,164.39999389648438],[151.2787191197276,-33.48436919040978,164.1999969482422],[151.27876555547118,-33.48439073190093,163.8000030517578],[151.2787751108408,-33.48439425230026,163.39999389648438],[151.27880302257836,-33.48441168665886,163],[151.27883504144847,-33.4844424482435,162.60000610351562],[151.27887074835598,-33.484476897865534,162.39999389648438],[151.27898122183979,-33.484561052173376,162.1999969482422],[151.27901072613895,-33.4845925681293,162.39999389648438],[151.27903905697167,-33.48462316207588,162.39999389648438],[151.27905531786382,-33.484706142917275,162.39999389648438],[151.2790967244655,-33.484820891171694,161.60000610351562],[151.2791776098311,-33.48489364609122,161.60000610351562],[151.2792537175119,-33.48496782593429,161.1999969482422],[151.27928724512458,-33.485034964978695,160.60000610351562],[151.27929068170488,-33.48504544235766,160.39999389648438],[151.27930073998868,-33.48509196192026,159.60000610351562],[151.27930769696832,-33.48509875126183,159.39999389648438],[151.2793256342411,-33.485100008547306,159.1999969482422],[151.27937785349786,-33.485109731554985,159],[151.27939243800938,-33.485124902799726,159],[151.2794572301209,-33.48520872183144,158.60000610351562],[151.27947030588984,-33.485231939703226,158.39999389648438],[151.2794860638678,-33.48531014285982,157.60000610351562],[151.27951322123408,-33.4853471070528,157.39999389648438],[151.27953451126814,-33.48536881618202,157],[151.27954406663775,-33.48537812009454,157],[151.27957365475595,-33.48541432991624,156.60000610351562],[151.27958714962006,-33.485429333522916,156.60000610351562],[151.27963760867715,-33.48549169488251,157.39999389648438],[151.2796985451132,-33.48555011674762,157.8000030517578],[151.27971220761538,-33.48555648699403,157.8000030517578],[151.27974808216095,-33.48557869903743,157.8000030517578],[151.27979217097163,-33.48561272956431,157.8000030517578],[151.27981362864375,-33.48562806844711,157.8000030517578],[151.27989619039,-33.485683808103204,157.60000610351562],[151.27991882152855,-33.48572261631489,157.1999969482422],[151.2799158040434,-33.48576184362173,157.1999969482422],[151.279906751588,-33.485868545249104,156.60000610351562],[151.279925275594,-33.48589754663408,156.8000030517578],[151.27994656562805,-33.48592881113291,157],[151.28000079654157,-33.48598027601838,157.60000610351562],[151.2800003774464,-33.485980527475476,157.60000610351562],[151.2800013832748,-33.48598304204643,157.8000030517578],[151.27999912016094,-33.485980024561286,157.60000610351562],[151.28000875934958,-33.4860154800117,158],[151.28002208657563,-33.48607591353357,158.39999389648438],[151.28002820536494,-33.486113799735904,159.39999389648438],[151.2800334021449,-33.486125618219376,159.39999389648438],[151.2800556141883,-33.48622804507613,160],[151.28006944432855,-33.48627054132521,160],[151.2800756469369,-33.48634270951152,159.8000030517578],[151.28004061058164,-33.486445220187306,158.8000030517578],[151.28002217039466,-33.486476484686136,158.39999389648438],[151.28002183511853,-33.486489057540894,158],[151.28002921119332,-33.48655711859465,157.60000610351562],[151.28002854064107,-33.48658611997962,157.39999389648438],[151.28002820536494,-33.4866008721292,157.39999389648438],[151.2800251878798,-33.48661478608847,157.39999389648438],[151.28003910183907,-33.48665686324239,157.1999969482422],[151.2800455559045,-33.486662646755576,157],[151.28004681318998,-33.4866735432297,156.1999969482422],[151.2800249364227,-33.48668100312352,155.8000030517578],[151.27997967414558,-33.48669357597828,155.1999969482422],[151.27996433526278,-33.48669818602502,154.8000030517578],[151.2799390219152,-33.48670195788145,154],[151.2798798456788,-33.48671754822135,153.1999969482422],[151.27986023202538,-33.48673607222736,153],[151.2798230163753,-33.48675241693854,152.8000030517578],[151.2797889020294,-33.48676264286041,152],[151.27977817319334,-33.486767672002316,151.8000030517578],[151.2797432206571,-33.486781837418675,151],[151.27970994450152,-33.48680849187076,150.60000610351562],[151.27969225868583,-33.48686498589814,150],[151.2796829547733,-33.48688962869346,150],[151.27966719679534,-33.48694670945406,149.8000030517578],[151.2796644307673,-33.48696925677359,149.60000610351562],[151.27962118014693,-33.487052991986275,149.39999389648438],[151.27954465337098,-33.48716086708009,149],[151.27951741218567,-33.48717989400029,149],[151.27942194230855,-33.48725759424269,148.1999969482422],[151.27940987236798,-33.487265137955546,148.1999969482422],[151.27938229590654,-33.48728341050446,148],[151.27937039360404,-33.487289026379585,147.8000030517578],[151.27934508025646,-33.4873054549098,147.60000610351562],[151.27934348769486,-33.48735365085304,147.39999389648438],[151.27932420931756,-33.48743973299861,147.1999969482422],[151.27927366644144,-33.48752782680094,147.1999969482422],[151.27918004058301,-33.48756914958358,147.1999969482422],[151.27913368865848,-33.48762120120227,147.60000610351562],[151.2790882587433,-33.487648693844676,147.39999389648438],[151.27901567146182,-33.487717593088746,147.39999389648438],[151.27901701256633,-33.487726813182235,147.39999389648438],[151.2790139950812,-33.48782488144934,147.1999969482422],[151.27891274169087,-33.48793510347605,147.60000610351562],[151.27882733009756,-33.48801037296653,147.39999389648438],[151.2787468638271,-33.4881273843348,147.1999969482422],[151.27866312861443,-33.48822159692645,146.8000030517578],[151.27859741449356,-33.48835101351142,146.39999389648438],[151.27857855521142,-33.48841706290841,146.1999969482422],[151.27852373756468,-33.48845595493913,146.1999969482422],[151.27842424437404,-33.48850599490106,145.8000030517578],[151.2784014455974,-33.488517394289374,145.60000610351562],[151.27827621996403,-33.48860951140523,145],[151.27826683223248,-33.4886178933084,145],[151.27824109978974,-33.48863884806633,144.8000030517578],[151.27817982807755,-33.48874295130372,144.1999969482422],[151.278138756752,-33.48879131488502,143.8000030517578],[151.2781257648021,-33.48880061879754,143.8000030517578],[151.27808460965753,-33.488876139745116,144.1999969482422],[151.27799643203616,-33.48893732763827,144.39999389648438],[151.27784497104585,-33.48892911337316,144.39999389648438],[151.27767054364085,-33.48888577893376,144.39999389648438],[151.2775760795921,-33.488858453929424,144.60000610351562],[151.27749008126557,-33.48884110338986,144.8000030517578],[151.27745965495706,-33.488836996257305,144.8000030517578],[151.27733057364821,-33.4888113476336,145.60000610351562],[151.27728757448494,-33.48881361074746,145.8000030517578],[151.2771442439407,-33.488832553848624,146.60000610351562],[151.2770440801978,-33.48885887302458,146.60000610351562],[151.27699202857912,-33.48888837732375,146.60000610351562],[151.27691223286092,-33.48892483860254,146.8000030517578],[151.27687057480216,-33.4889461286366,147],[151.2767871748656,-33.48901460878551,147.39999389648438],[151.27673872746527,-33.489048136398196,148],[151.2766962312162,-33.48907068371773,148.1999969482422],[151.27660805359483,-33.48908451385796,148.8000030517578],[151.27657419070601,-33.48908451385796,149],[151.27655717544258,-33.489084681496024,149],[151.27643798477948,-33.48904402926564,150],[151.27642725594342,-33.48903497681022,150],[151.276336312294,-33.48893799819052,150.8000030517578],[151.2763114180416,-33.488924503326416,151],[151.2762876972556,-33.48890908062458,151.1999969482422],[151.27627747133374,-33.488900028169155,151.1999969482422],[151.27618468366563,-33.488830206915736,152.1999969482422],[151.27617118880153,-33.48882467485964,152.1999969482422],[151.27605409361422,-33.488795505836606,153],[151.27602349966764,-33.48878880031407,153.1999969482422],[151.27599701285362,-33.48879282362759,153.1999969482422],[151.27595879137516,-33.48880464211106,153.39999389648438],[151.27594043500721,-33.488812102004886,153.60000610351562],[151.27594680525362,-33.48882023245096,153.60000610351562],[151.275945128873,-33.48887764848769,153.60000610351562],[151.2759007886052,-33.48900882527232,154.1999969482422],[151.2758830189705,-33.48908107727766,154.60000610351562],[151.27587346360087,-33.48912013694644,154.8000030517578],[151.27586650662124,-33.489212756976485,155.1999969482422],[151.27585544250906,-33.4892500564456,155.1999969482422],[151.27585167065263,-33.489263048395514,155.1999969482422],[151.27583951689303,-33.48933412693441,155.60000610351562],[151.27581470645964,-33.48944719880819,156.1999969482422],[151.27581261098385,-33.48945767618716,156.39999389648438],[151.27580037340522,-33.489582566544414,156.60000610351562],[151.27579408697784,-33.48967711441219,157.1999969482422],[151.27580339089036,-33.48976872861385,157.39999389648438],[151.27581026405096,-33.489808375015855,157.60000610351562],[151.2758172210306,-33.48987123928964,158.60000610351562],[151.27582845278084,-33.48990376107395,159],[151.27583457157016,-33.48992018960416,159.39999389648438],[151.2758378405124,-33.4899440780282,159.60000610351562],[151.2758336495608,-33.48999805748463,160],[151.27577078528702,-33.49010190926492,160.39999389648438],[151.2757395207882,-33.49011825397611,160.60000610351562],[151.27568118274212,-33.4901409689337,162],[151.27564212307334,-33.49016142077744,162.8000030517578],[151.27563667483628,-33.49017223343253,163],[151.27563558518887,-33.490214478224516,163.8000030517578],[151.27563902176917,-33.490264769643545,164],[151.2756256107241,-33.49032201804221,165],[151.27562100067735,-33.490326292812824,165.1999969482422],[151.27557607367635,-33.490345319733024,166.1999969482422],[151.27553097903728,-33.4903449844569,167.39999389648438],[151.2754770833999,-33.4903534501791,168.60000610351562],[151.27547230571508,-33.49035722203553,168.8000030517578],[151.27543793991208,-33.490361580625176,169.8000030517578],[151.27537365071476,-33.490364011377096,170.1999969482422],[151.27525152638555,-33.49042285233736,169.8000030517578],[151.27508606761694,-33.49043894559145,170.1999969482422],[151.2750489357859,-33.49047599360347,170.8000030517578],[151.27501607872546,-33.49050926975906,171.39999389648438],[151.27500995993614,-33.490518322214484,171.8000030517578],[151.27501230686903,-33.4905262850225,172],[151.27500493079424,-33.49055629223585,172.8000030517578],[151.2749895080924,-33.49057339131832,173],[151.2749292422086,-33.490649834275246,174],[151.27492429688573,-33.49065838381648,174],[151.27485053613782,-33.49073759280145,175],[151.2748343590647,-33.49082266911864,175.60000610351562],[151.27482648007572,-33.49086902104318,176],[151.27480862662196,-33.4909182228148,177],[151.27480904571712,-33.490928281098604,177.1999969482422],[151.2748121470213,-33.490937165915966,177.39999389648438],[151.27482178620994,-33.490981087088585,178.39999389648438],[151.27481793053448,-33.490994246676564,178.39999389648438],[151.27478633075953,-33.49103649146855,179.1999969482422],[151.27478079870343,-33.49105753004551,179.39999389648438],[151.27477560192347,-33.491131039336324,180.1999969482422],[151.27475950866938,-33.49115123972297,180.39999389648438],[151.27473293803632,-33.491167249158025,180.60000610351562],[151.2746879272163,-33.49120010621846,181],[151.27468809485435,-33.491209829226136,181],[151.27470385283232,-33.49125098437071,181.60000610351562],[151.27471005544066,-33.49130001850426,182.39999389648438],[151.27471080981195,-33.49131267517805,182.8000030517578],[151.27472212538123,-33.491381322965026,183.8000030517578],[151.2747259810567,-33.49138869903982,184],[151.27480192109942,-33.49145541898906,184.60000610351562],[151.2748657912016,-33.491514176130295,184.8000030517578],[151.27486906014383,-33.49153253249824,185],[151.274882722646,-33.49155005067587,185.60000610351562],[151.27489982172847,-33.49156958051026,185.8000030517578],[151.27489957027137,-33.491591876372695,186.1999969482422],[151.27490904182196,-33.49161660298705,187],[151.27493167296052,-33.49162247031927,187.1999969482422],[151.27494240179658,-33.491626577451825,187.60000610351562],[151.27497274428606,-33.4916399884969,188.1999969482422],[151.27497685141861,-33.49164401181042,188.39999389648438],[151.27500610426068,-33.49165658466518,189],[151.2750426493585,-33.491674605757,189.60000610351562],[151.27509051002562,-33.491730596870184,190.60000610351562],[151.27515815198421,-33.49180117249489,191.60000610351562],[151.2751662824303,-33.491803016513586,191.8000030517578],[151.27521338872612,-33.49185054190457,193],[151.275244820863,-33.49186386913061,193.1999969482422],[151.27531053498387,-33.49190628156066,194],[151.2753727287054,-33.49193276837468,195],[151.27542779780924,-33.49196839146316,196],[151.27547297626734,-33.49199378862977,196.8000030517578],[151.27549845725298,-33.492006193846464,197.1999969482422],[151.27553860656917,-33.49202614277601,198],[151.27555419690907,-33.49203611724079,198.39999389648438],[151.2755971122533,-33.49208464846015,199.39999389648438],[151.27560172230005,-33.49209235981107,199.60000610351562],[151.27561119385064,-33.49212873727083,200.60000610351562],[151.27560406923294,-33.49216494709253,201.8000030517578],[151.27559962682426,-33.49219109863043,203],[151.27563290297985,-33.49221909418702,204],[151.27565503120422,-33.492238288745284,204.39999389648438],[151.27567917108536,-33.492251532152295,204.60000610351562],[151.27569903619587,-33.492266116663814,204.8000030517578],[151.27572200261056,-33.49227759987116,205.1999969482422],[151.27580045722425,-33.492324873805046,206.1999969482422],[151.2758082523942,-33.49233099259436,206.39999389648438],[151.2758629862219,-33.49237340502441,207.39999389648438],[151.27590380609035,-33.49239947274327,208],[151.27591252326965,-33.492413805797696,208.39999389648438],[151.2759216595441,-33.492458732798696,209.39999389648438],[151.2758857011795,-33.49244758486748,210.39999389648438],[151.27588259987533,-33.4924465790391,210.39999389648438],[151.27587866038084,-33.492445573210716,210.60000610351562],[151.27588427625597,-33.492445992305875,210.39999389648438],[151.27589659765363,-33.49243802949786,210],[151.275897603482,-33.492437694221735,210.1999969482422],[151.2758983578533,-33.49243752658367,210.1999969482422],[151.27589852549136,-33.49243744276464,210.1999969482422],[151.27589869312942,-33.49243735894561,210.1999969482422],[151.27589911222458,-33.492436688393354,210.1999969482422],[151.27589936368167,-33.492436269298196,210.1999969482422],[151.27590053714812,-33.492435766384006,210.39999389648438],[151.2759026326239,-33.492435766384006,210.1999969482422],[151.27590296790004,-33.49243492819369,210.1999969482422],[151.27590330317616,-33.492433251813054,210],[151.2759033869952,-33.49243199452758,210],[151.27590699121356,-33.49243115633726,210],[151.2759086675942,-33.49243048578501,210],[151.27591243945062,-33.49242604337633,209.8000030517578],[151.27591243945062,-33.492425456643105,209.8000030517578],[151.27591034397483,-33.49242512136698,209.8000030517578],[151.27590690739453,-33.49242864176631,209.60000610351562],[151.27590305171907,-33.49243107251823,209.39999389648438],[151.27590280026197,-33.49243492819369,209.60000610351562],[151.27590280026197,-33.49243501201272,209.60000610351562],[151.2759026326239,-33.49243501201272,209.60000610351562],[151.2759026326239,-33.49243501201272,209.60000610351562],[151.2759026326239,-33.49243501201272,209.8000030517578],[151.2759026326239,-33.49243501201272,209.8000030517578],[151.27590238116682,-33.49243585020304,210.1999969482422],[151.27590221352875,-33.49243610166013,209.8000030517578],[151.27590212970972,-33.49243652075529,210.1999969482422],[151.27590187825263,-33.492436688393354,210.8000030517578],[151.27589525654912,-33.49244046024978,211.8000030517578],[151.2758439593017,-33.4924722276628,212],[151.27578218467534,-33.49250391125679,212.60000610351562],[151.27576055936515,-33.49251380190253,212.8000030517578],[151.27575553022325,-33.49251656793058,213],[151.2757342401892,-33.492531487718225,213.8000030517578],[151.2757183983922,-33.49253718741238,214.39999389648438],[151.2757104355842,-33.49254070781171,214.60000610351562],[151.27569174394011,-33.49254724569619,214.8000030517578],[151.2756816856563,-33.492549592629075,215.1999969482422],[151.27563256770372,-33.492557387799025,216.1999969482422],[151.27556735649705,-33.49258949048817,217.1999969482422],[151.2755553703755,-33.49259586073458,217.39999389648438],[151.27552159130573,-33.492605248466134,218.1999969482422],[151.27551027573645,-33.492607260122895,218.39999389648438],[151.27547381445765,-33.49262963980436,219],[151.27545579336584,-33.49264062009752,219.39999389648438],[151.27541019581258,-33.49266668781638,220.60000610351562],[151.2753594852984,-33.4926794283092,221.39999389648438],[151.27531288191676,-33.492698119953275,221.60000610351562],[151.2752725649625,-33.49273935891688,222.8000030517578],[151.275255382061,-33.49275930784643,223.1999969482422],[151.27524834126234,-33.49276383407414,223.39999389648438],[151.27522830851376,-33.492780681699514,224],[151.2752221059054,-33.49280926398933,225.1999969482422],[151.2752205133438,-33.49281513132155,225.39999389648438],[151.27519662491977,-33.49283365532756,226.1999969482422],[151.2751905899495,-33.49283960647881,226.39999389648438],[151.27519235014915,-33.49284555763006,226.39999389648438],[151.27517122775316,-33.49286885932088,227.60000610351562],[151.27513887360692,-33.49290548823774,228.60000610351562],[151.2751242890954,-33.492919486016035,229],[151.27510375343263,-33.492931220680475,229.60000610351562],[151.27508925274014,-33.49296625703573,230.39999389648438],[151.27507835626602,-33.492979081347585,230.8000030517578],[151.27506150864065,-33.493004562333226,232],[151.27503569237888,-33.493026522919536,232.60000610351562],[151.2750053498894,-33.49303683266044,233],[151.27497618086636,-33.49304052069783,233],[151.27485824748874,-33.49305275827646,233],[151.27484223805368,-33.49305317737162,233],[151.2748045194894,-33.49305569194257,233],[151.27477283589542,-33.49306080490351,233],[151.27465297468007,-33.49308745935559,233],[151.27462305128574,-33.493106653913856,233],[151.27459614537656,-33.493116460740566,233.1999969482422],[151.27457435242832,-33.49312878213823,233.39999389648438],[151.27454987727106,-33.49314269609749,233.60000610351562],[151.27453160472214,-33.49315568804741,234.1999969482422],[151.27450277097523,-33.49318661727011,234.39999389648438],[151.27446153201163,-33.49321972578764,235.1999969482422],[151.27444677986205,-33.4932426083833,235.60000610351562],[151.2744540721178,-33.49325920455158,236],[151.27445993945003,-33.49326775409281,236.1999969482422],[151.2744616996497,-33.49329633638263,237.39999389648438],[151.27445365302265,-33.49330522119999,237.60000610351562],[151.2744471989572,-33.49331494420767,238],[151.27440813928843,-33.49334687925875,238.60000610351562],[151.27439389005303,-33.493368001654744,238.8000030517578],[151.27437964081764,-33.49339222535491,239],[151.27437788061798,-33.493426255881786,239.60000610351562],[151.27435700967908,-33.49346003495157,240.60000610351562],[151.274346197024,-33.49347026087344,240.60000610351562],[151.27431333996356,-33.493501944467425,240.8000030517578],[151.27425567246974,-33.4935948997736,240.39999389648438],[151.2742420937866,-33.49362004548311,240.1999969482422],[151.2742244079709,-33.49364594556391,240.1999969482422],[151.274206135422,-33.49368341267109,240],[151.27419012598693,-33.49371526390314,239.8000030517578],[151.27418585121632,-33.49373035132885,239.8000030517578],[151.27416665665805,-33.4937743563205,239.60000610351562],[151.27413857728243,-33.49384727887809,239.1999969482422],[151.27411116845906,-33.49391148425639,239],[151.2741160299629,-33.49393394775689,239],[151.27411242574453,-33.494035955518484,239.1999969482422],[151.27411519177258,-33.49415707401931,240.1999969482422],[151.27410714514554,-33.49420384503901,240.60000610351562],[151.27408895641565,-33.49423904903233,241.1999969482422],[151.2740777246654,-33.49426285363734,241.39999389648438],[151.2740679178387,-33.494288166984916,241.60000610351562],[151.27402014099061,-33.49437391385436,242.1999969482422],[151.2740092445165,-33.49444901570678,242.8000030517578],[151.2740094959736,-33.49446167238057,243],[151.27395501360297,-33.494544737041,243.39999389648438],[151.27386809326708,-33.4946758300066,243.39999389648438],[151.27382023259997,-33.49472285248339,243.1999969482422],[151.2738187238574,-33.49474003538489,243.39999389648438],[151.2737907283008,-33.49484137259424,243.39999389648438],[151.27377505414188,-33.49497640505433,243.60000610351562],[151.273775389418,-33.49504999816418,243.60000610351562],[151.27379156649113,-33.49508402869105,243.8000030517578],[151.27379978075624,-33.4950989484787,243.8000030517578],[151.27380380406976,-33.4951126947999,243.8000030517578],[151.27383372746408,-33.49518595263362,244],[151.27384479157627,-33.495198441669345,244.1999969482422],[151.2738633994013,-33.49522467702627,244.1999969482422],[151.27390639856458,-33.49532417021692,244.60000610351562],[151.27394814044237,-33.495402624830604,245],[151.27396230585873,-33.49542919546366,245],[151.27403900027275,-33.49554126150906,245],[151.2741554249078,-33.49562097340822,244],[151.27416632138193,-33.495625667274,243.8000030517578],[151.27421393059194,-33.49564293399453,243.60000610351562],[151.27425986342132,-33.49566447548568,243.1999969482422],[151.27426765859127,-33.49567109718919,243],[151.27429272048175,-33.49568601697683,242.8000030517578],[151.27436329610646,-33.49575575441122,242],[151.27437075600028,-33.49576790817082,241.60000610351562],[151.2743951473385,-33.49584057927132,240.39999389648438],[151.2743974942714,-33.49587243050337,240],[151.27439757809043,-33.49589112214744,239],[151.27442766912282,-33.495931439101696,238],[151.27444309182465,-33.495963960886,237.60000610351562],[151.27445465885103,-33.49600637331605,237],[151.27447242848575,-33.49604828283191,236.39999389648438],[151.27449774183333,-33.496079966425896,236.39999389648438],[151.27452481538057,-33.49610703997314,236],[151.27453319728374,-33.496117517352104,235.8000030517578],[151.2745687365532,-33.49613101221621,235.60000610351562],[151.2746070418507,-33.49613771773875,235],[151.27460729330778,-33.496135203167796,234.8000030517578],[151.27460243180394,-33.496133694425225,235],[151.27460243180394,-33.496133694425225,235.39999389648438],[151.27460226416588,-33.49613159894943,234.8000030517578],[151.27460528165102,-33.49613620899618,235.39999389648438],[151.27460720948875,-33.4961315151304,235.60000610351562],[151.27460301853716,-33.496134113520384,235.39999389648438],[151.2745948880911,-33.49613914266229,234.60000610351562],[151.27459673210979,-33.496136125177145,234],[151.27459874376655,-33.49613604135811,234],[151.27460092306137,-33.496134700253606,235.1999969482422],[151.27460025250912,-33.49613436497748,235.1999969482422],[151.27459865994751,-33.496135203167796,234.60000610351562],[151.27459715120494,-33.496137550100684,235],[151.27459681592882,-33.496137633919716,235],[151.27459631301463,-33.496137550100684,235],[151.27459337934852,-33.49613847211003,234.60000610351562],[151.2745930440724,-33.4961386397481,234.60000610351562],[151.2745914515108,-33.49613964557648,234.60000610351562],[151.27459161914885,-33.49613931030035,235],[151.27459170296788,-33.496139058843255,234.60000610351562],[151.27459011040628,-33.49613830447197,234.39999389648438],[151.27459111623466,-33.496138555929065,234.39999389648438],[151.27459136769176,-33.49613830447197,234.60000610351562],[151.2745896074921,-33.49613922648132,235.1999969482422],[151.274589356035,-33.496139561757445,235.39999389648438],[151.2745886016637,-33.49613964557648,235],[151.27458734437823,-33.496139477938414,235.39999389648438],[151.2745870091021,-33.496139561757445,235.1999969482422],[151.27458650618792,-33.49613981321454,235.60000610351562],[151.2745856679976,-33.49613931030035,235.39999389648438],[151.27458482980728,-33.496139477938414,234.8000030517578],[151.27458374015987,-33.49613931030035,234.8000030517578],[151.2745835725218,-33.496139058843255,234.60000610351562],[151.27458340488374,-33.49613931030035,234.60000610351562],[151.27458340488374,-33.49613939411938,234.60000610351562],[151.27458231523633,-33.49613872356713,235.1999969482422],[151.27458181232214,-33.49613880738616,235.39999389648438],[151.2745952233672,-33.49609228782356,235.8000030517578],[151.2746033538133,-33.49605901166797,235.8000030517578],[151.274684490636,-33.49598156288266,235.39999389648438],[151.2748155836016,-33.495977288112044,234],[151.2748423218727,-33.49598248489201,233.8000030517578],[151.274906527251,-33.495997320860624,233],[151.2749178428203,-33.49600578658283,233],[151.27493326552212,-33.49601282738149,232.8000030517578],[151.27502295188606,-33.49606244824827,231.60000610351562],[151.2750328425318,-33.49607133306563,231.60000610351562],[151.2751160748303,-33.49613914266229,231.39999389648438],[151.2751557212323,-33.49619245156646,230.60000610351562],[151.27519763074815,-33.49626403301954,229.60000610351562],[151.2752061802894,-33.49627325311303,229.39999389648438],[151.27528765238822,-33.49631172604859,228.1999969482422],[151.27538739703596,-33.496302757412195,227.1999969482422],[151.27539468929172,-33.496300242841244,227],[151.27541036345065,-33.49629999138415,226.1999969482422],[151.2754392810166,-33.496298901736736,226.1999969482422],[151.2754997983575,-33.496293453499675,225.8000030517578],[151.27564061433077,-33.496276354417205,225],[151.27573021687567,-33.49627308547497,224.1999969482422],[151.2757683545351,-33.49627560004592,224],[151.27594311721623,-33.49630493670702,223],[151.27596164122224,-33.496311977505684,222.8000030517578],[151.27608091570437,-33.496348690241575,222],[151.276098433882,-33.49635363556445,221.8000030517578],[151.27627403475344,-33.49639646708965,220.8000030517578],[151.27629306167364,-33.4963992331177,220.60000610351562],[151.27651643939316,-33.49644214846194,219.8000030517578],[151.2765321135521,-33.49644709378481,219.8000030517578],[151.27667636610568,-33.49649906158447,219.1999969482422],[151.2767860852182,-33.49653409793973,218.60000610351562],[151.2768194451928,-33.49653761833906,218.60000610351562],[151.2769047729671,-33.49654382094741,217.60000610351562],[151.27699135802686,-33.49655153229833,217.1999969482422],[151.27707316540182,-33.49656133912504,216.60000610351562],[151.27715413458645,-33.49656376987696,216.39999389648438],[151.27732537686825,-33.4966029971838,216],[151.2774853873998,-33.496682373806834,216],[151.27754875458777,-33.496732749044895,215.8000030517578],[151.27756224945188,-33.49674180150032,215.8000030517578],[151.27758940681815,-33.49675873294473,215.39999389648438],[151.277631316334,-33.49678521975875,214.39999389648438],[151.27771999686956,-33.49684749729931,213.1999969482422],[151.2778413668275,-33.49693047814071,212.1999969482422],[151.27788067795336,-33.49695864133537,211.8000030517578],[151.27794823609293,-33.497005831450224,211.1999969482422],[151.27806943841279,-33.49709074012935,210],[151.27821126021445,-33.49720112979412,209.60000610351562],[151.27826314419508,-33.49724270403385,209],[151.27842114306986,-33.497344963252544,208.1999969482422],[151.2784785591066,-33.49738175980747,208],[151.2786059640348,-33.49745811894536,207.60000610351562],[151.2787045352161,-33.49750732071698,207],[151.2787653040141,-33.49753866903484,207],[151.2787925451994,-33.49755677394569,206.8000030517578],[151.27894149161875,-33.4975837636739,206.60000610351562],[151.27914684824646,-33.4975718613714,206.39999389648438],[151.2793488521129,-33.49758124910295,206.1999969482422],[151.2793641909957,-33.497583428397775,206.1999969482422],[151.2794905062765,-33.49763271398842,206.1999969482422],[151.27954557538033,-33.49766029044986,206.1999969482422],[151.27959209494293,-33.49767655134201,205.8000030517578],[151.279655713588,-33.497688956558704,205.39999389648438],[151.2797357607633,-33.497696835547686,204.8000030517578],[151.27983533777297,-33.49768107756972,204.39999389648438],[151.27989786677063,-33.497652327641845,203.8000030517578],[151.27992561087012,-33.49763254635036,203.60000610351562],[151.28000766970217,-33.49758644588292,202.60000610351562],[151.28005377016962,-33.49756448529661,202],[151.28011588007212,-33.49754277616739,201.39999389648438],[151.2801636569202,-33.497531209141016,200.8000030517578],[151.28023490309715,-33.4975097514689,200.39999389648438],[151.28025610931218,-33.49750346504152,200.1999969482422],[151.2803320493549,-33.49750556051731,200],[151.28045274876058,-33.49751126021147,199.1999969482422],[151.28055224195123,-33.49752542562783,198.60000610351562],[151.2806243263185,-33.49754269234836,198.1999969482422],[151.28077201545238,-33.49758384749293,197.39999389648438],[151.28083261661232,-33.497630869969726,197],[151.28085298463702,-33.497670935466886,196.8000030517578],[151.28089506179094,-33.49779674783349,196],[151.28090570680797,-33.49782348610461,195.8000030517578],[151.28092330880463,-33.49791157990694,194.8000030517578],[151.2809237278998,-33.49796916358173,194.39999389648438],[151.2809335347265,-33.49803898483515,193.8000030517578],[151.28093470819294,-33.49815146997571,193.1999969482422],[151.28093755804002,-33.49819405004382,193],[151.2809287570417,-33.498279210180044,192.8000030517578],[151.2809200398624,-33.49836730398238,192.39999389648438],[151.28088743425906,-33.49845648743212,192],[151.28085047006607,-33.49846512079239,192],[151.28072574734688,-33.49848314188421,191.8000030517578],[151.28065642900765,-33.49849412217736,191.60000610351562],[151.28058987669647,-33.49851063452661,191.60000610351562],[151.28049197606742,-33.49855212494731,191.8000030517578],[151.28047454170883,-33.49856050685048,191.8000030517578],[151.2803254276514,-33.498640889301896,191.8000030517578],[151.28021210432053,-33.49869520403445,191.8000030517578],[151.28013188950717,-33.49874381907284,192],[151.2800613977015,-33.49878329783678,192],[151.27990054897964,-33.49889410659671,192.8000030517578],[151.27988453954458,-33.498903242871165,192.8000030517578],[151.27984430640936,-33.498938363045454,193.1999969482422],[151.27977431751788,-33.498988738283515,193.39999389648438],[151.27968748100102,-33.49903550930321,193.8000030517578],[151.2796731479466,-33.49904338829219,193.8000030517578],[151.2794995587319,-33.4991604834795,194.1999969482422],[151.27938657067716,-33.49926215596497,194.1999969482422],[151.27937668003142,-33.49927028641105,194.1999969482422],[151.2791968882084,-33.499360140413046,192.8000030517578],[151.27901240251958,-33.49938319064677,192.39999389648438],[151.27884501591325,-33.4993832744658,192.39999389648438],[151.27882883884013,-33.49938293918967,192.39999389648438],[151.27867159433663,-33.499363493174314,192],[151.27857855521142,-33.49936340935528,191.8000030517578],[151.27853111363947,-33.499357374385,191.60000610351562],[151.27834981307387,-33.499352261424065,190.60000610351562],[151.27821813337505,-33.499375311657786,189.60000610351562],[151.27818385139108,-33.49938729777932,189.1999969482422],[151.27803079783916,-33.499437840655446,188.60000610351562],[151.2780134472996,-33.49944295361638,188.39999389648438],[151.27789040096104,-33.49948477931321,188.39999389648438],[151.27787824720144,-33.499494502320886,188.1999969482422],[151.2777629122138,-33.4995886310935,187.8000030517578],[151.27764355391264,-33.499693321064115,187.60000610351562],[151.27761664800346,-33.4997371584177,187.60000610351562],[151.2775509338826,-33.49980488419533,187.8000030517578],[151.27754188142717,-33.49981385283172,187.8000030517578],[151.27749955281615,-33.49984796717763,188],[151.27742537297308,-33.499894151464105,188],[151.27730500884354,-33.499975288286805,188],[151.27721205353737,-33.50005122832954,187.8000030517578],[151.2771804537624,-33.50007126107812,187.8000030517578],[151.27710334025323,-33.50012004375458,187.8000030517578],[151.2770588323474,-33.50015080533922,187.8000030517578],[151.27697912044823,-33.50025490857661,188],[151.2769636977464,-33.50027795881033,188],[151.27691592089832,-33.5003518871963,188.1999969482422],[151.27687635831535,-33.50044693797827,188.39999389648438],[151.27683134749532,-33.500475184991956,188.39999389648438],[151.27681684680283,-33.50046898238361,188.60000610351562],[151.27679161727428,-33.50045674480498,188.8000030517578],[151.27677720040083,-33.50045288912952,189],[151.27677535638213,-33.50045096129179,189.1999969482422],[151.27677041105926,-33.50045339204371,188.8000030517578],[151.27677041105926,-33.50045339204371,188.60000610351562],[151.27670595422387,-33.500443836674094,189.1999969482422],[151.27666815184057,-33.500436041504145,189.8000030517578],[151.27653563395143,-33.500417517498136,190.60000610351562],[151.27650369890034,-33.500413158908486,190.8000030517578],[151.2764546647668,-33.50040880031884,191],[151.2764110788703,-33.50039924494922,191.1999969482422],[151.27633354626596,-33.500380301848054,191.8000030517578],[151.2762593664229,-33.50036940537393,192.8000030517578],[151.276243776083,-33.50036580115557,193],[151.27621326595545,-33.50036110728979,193.1999969482422],[151.27609332092106,-33.500364711508155,194],[151.27607789821923,-33.50036940537393,194.1999969482422],[151.27604696899652,-33.50038155913353,194.39999389648438],[151.27602215856314,-33.50039396435022,194.8000030517578],[151.2760117650032,-33.500404777005315,195],[151.27597144804895,-33.50042950361967,195.1999969482422],[151.2759538460523,-33.5004364605993,195.1999969482422],[151.27581713721156,-33.50049982778728,195.39999389648438],[151.27565377391875,-33.50057593546808,196.1999969482422],[151.27555126324296,-33.50062253884971,196.39999389648438],[151.27548496238887,-33.50064801983535,196.60000610351562],[151.27534875646234,-33.50070551969111,196.8000030517578],[151.27518497407436,-33.50074818357825,197],[151.27504575066268,-33.50075497291982,197],[151.27499462105334,-33.50075111724436,197],[151.27490594051778,-33.50074399262667,197.1999969482422],[151.27485531382263,-33.50074332207441,197.1999969482422],[151.27467401325703,-33.50073083303869,196.8000030517578],[151.27462724223733,-33.500718511641026,196.8000030517578],[151.27454241737723,-33.50069168955088,196.8000030517578],[151.27438366413116,-33.500676518306136,196.8000030517578],[151.2742902059108,-33.50069956853986,197.1999969482422],[151.2742397468537,-33.50071188993752,197.39999389648438],[151.27415785565972,-33.50073426961899,197.1999969482422],[151.2741141859442,-33.500748770311475,197.1999969482422],[151.27408677712083,-33.5007596667856,197],[151.27405618317425,-33.5007646959275,197],[151.27395149320364,-33.50078523159027,196.8000030517578],[151.27387588843703,-33.50079822354019,196.8000030517578],[151.27376675605774,-33.50081632845104,196.8000030517578],[151.2736567016691,-33.50084197707474,196.8000030517578],[151.27360532060266,-33.500855807214975,197],[151.27344505861402,-33.500885060057044,197.1999969482422],[151.27325252629817,-33.50093510001898,197],[151.2730646878481,-33.50098195485771,197.1999969482422],[151.27290786243975,-33.5010427236557,197.1999969482422],[151.27278531901538,-33.5010670311749,197.8000030517578],[151.2726986501366,-33.50108429789543,198.1999969482422],[151.2726476881653,-33.50109779275954,198.60000610351562],[151.2724999152124,-33.50114758126438,198.8000030517578],[151.27248315140605,-33.50115152075887,198.8000030517578],[151.27241844311357,-33.501174906268716,198.8000030517578],[151.2723204586655,-33.501220587641,199.1999969482422],[151.27224870957434,-33.50125168450177,199.39999389648438],[151.27216975204647,-33.50128227844834,199.39999389648438],[151.27205944620073,-33.501329720020294,199.39999389648438],[151.27204201184213,-33.501333240419626,199.39999389648438],[151.271999347955,-33.50135209970176,199.39999389648438],[151.2719520740211,-33.50137213245034,199.39999389648438],[151.2717787362635,-33.50144044496119,199.60000610351562],[151.2716877926141,-33.50146936252713,199.60000610351562],[151.27165401354432,-33.501476403325796,199.60000610351562],[151.2714464776218,-33.50153088569641,199.8000030517578],[151.27139358781278,-33.50154748186469,199.39999389648438],[151.27134723588824,-33.50156399421394,198.8000030517578],[151.271280515939,-33.50158369168639,198.60000610351562],[151.271092845127,-33.501626858487725,198.39999389648438],[151.27094188705087,-33.501673210412264,198.60000610351562],[151.2708117160946,-33.501722076907754,198.60000610351562],[151.27066302113235,-33.50176868028939,198.60000610351562],[151.2705296650529,-33.501794077456,198.8000030517578],[151.27038650214672,-33.50180891342461,199],[151.27027854323387,-33.50181612186134,198.8000030517578],[151.27019279636443,-33.50181335583329,198.8000030517578],[151.27003689296544,-33.5018041357398,198.8000030517578],[151.26990403980017,-33.50178728811443,198.60000610351562],[151.26977504231036,-33.501768009737134,198.60000610351562],[151.26963196322322,-33.50171889178455,198.60000610351562],[151.26959592103958,-33.501705564558506,198.1999969482422],[151.26955283805728,-33.50169500336051,198.1999969482422],[151.2695084977895,-33.501679161563516,198.1999969482422],[151.26938545145094,-33.50164613686502,197.1999969482422],[151.2693673465401,-33.50164311937988,197.1999969482422],[151.26930112950504,-33.50161738693714,197],[151.26928243786097,-33.50161688402295,196.8000030517578],[151.26915897242725,-33.501605316996574,196],[151.26912100240588,-33.50160892121494,195.8000030517578],[151.26900566741824,-33.50162065587938,195],[151.26898798160255,-33.50162426009774,194.8000030517578],[151.2689008936286,-33.501648316159844,194],[151.2688662763685,-33.50165753625333,193.60000610351562],[151.26877675764263,-33.50169173441827,192.8000030517578],[151.2686638534069,-33.501720651984215,192],[151.2686379533261,-33.50172073580325,192],[151.26858196221292,-33.50171654485166,191.8000030517578],[151.26844307407737,-33.50173414684832,191.39999389648438],[151.2684264779091,-33.50174093618989,191.39999389648438],[151.2683702353388,-33.50176985375583,190.60000610351562],[151.26833494752645,-33.50178100168705,190.39999389648438],[151.26824199222028,-33.50181830115616,189.8000030517578],[151.2682277429849,-33.50182416848838,189.8000030517578],[151.26818055287004,-33.5018265992403,189.60000610351562],[151.26812900416553,-33.50183917209506,188.60000610351562],[151.26806404441595,-33.50184001028538,187.39999389648438],[151.26795440912247,-33.501830538734794,186.1999969482422],[151.26781987957656,-33.50181779824197,185.39999389648438],[151.26778542995453,-33.501823833212256,185.1999969482422],[151.26775014214218,-33.50183766335249,184.60000610351562],[151.26771569252014,-33.50187127478421,184.1999969482422],[151.26770588569343,-33.50188460201025,184],[151.26765576191247,-33.501989375799894,183],[151.2676537502557,-33.50201108492911,182.8000030517578],[151.2676629703492,-33.50204695947468,182.39999389648438],[151.26767822541296,-33.50209138356149,182],[151.26767721958458,-33.50213471800089,180.8000030517578],[151.26765936613083,-33.50219967775047,179.60000610351562],[151.26760052517056,-33.50229799747467,178.39999389648438],[151.267591137439,-33.50231308490038,178.39999389648438],[151.2675231602043,-33.50240143015981,177.39999389648438],[151.26750974915922,-33.50241073407233,177.39999389648438],[151.2674898840487,-33.50243143737316,177.39999389648438],[151.26743104308844,-33.50246806629002,177.39999389648438],[151.26733548939228,-33.50254802964628,177.60000610351562],[151.26725208945572,-33.502623131498694,178],[151.2672068271786,-33.50265900604427,178.39999389648438],[151.26715837977827,-33.502691611647606,178.8000030517578],[151.26713801175356,-33.50271130912006,179.1999969482422],[151.26709970645607,-33.50274374708533,178.60000610351562],[151.2670662626624,-33.50277333520353,178.1999969482422],[151.26702988520265,-33.502798564732075,178.60000610351562],[151.26696417108178,-33.50282924249768,179.60000610351562],[151.26689032651484,-33.502854723483324,180],[151.2668479140848,-33.502863524481654,180.39999389648438],[151.2668191641569,-33.50287106819451,180.60000610351562],[151.26680525019765,-33.50287601351738,180.60000610351562],[151.26679200679064,-33.50287945009768,180.8000030517578],[151.2667635921389,-33.50288288667798,180.8000030517578],[151.26667256467044,-33.50290685892105,181.60000610351562],[151.26665848307312,-33.50291113369167,181.8000030517578],[151.26651632599533,-33.50297341123223,182.60000610351562],[151.26647433266044,-33.50298506207764,182.8000030517578],[151.26640199683607,-33.503020433709025,183.1999969482422],[151.2663190998137,-33.503056140616536,183.39999389648438],[151.26623201183975,-33.50309637375176,183.8000030517578],[151.2662191875279,-33.50310182198882,184],[151.26612237654626,-33.50314339622855,184.60000610351562],[151.26610787585378,-33.50314767099917,184.60000610351562],[151.26607770100236,-33.50315948948264,185],[151.26598826609552,-33.5031979624182,185.39999389648438],[151.26580654643476,-33.50327029824257,185.8000030517578],[151.26575030386448,-33.503297455608845,186],[151.26568752340972,-33.50331866182387,186.1999969482422],[151.26557797193527,-33.50337699986994,187.1999969482422],[151.2655638065189,-33.50338420830667,187.1999969482422],[151.26554972492158,-33.50338940508664,187.39999389648438],[151.26548719592392,-33.50342276506126,188.1999969482422],[151.26547386869788,-33.503432655707,188.1999969482422],[151.26538124866784,-33.503527622669935,189],[151.26536750234663,-33.50355084054172,189.39999389648438],[151.26531804911792,-33.50362560711801,189.8000030517578],[151.2652899697423,-33.503661984577775,190],[151.26526373438537,-33.50370272062719,190.1999969482422],[151.26523330807686,-33.50375812500715,190.39999389648438],[151.26519944518805,-33.50381721742451,190.8000030517578],[151.26510749571025,-33.50397253409028,190.8000030517578],[151.26507103443146,-33.504020646214485,190.60000610351562],[151.2650508340448,-33.504053838551044,190.39999389648438],[151.26501948572695,-33.504104129970074,190.60000610351562],[151.2649707030505,-33.50417638197541,191.39999389648438],[151.2649525143206,-33.50420027039945,191.60000610351562],[151.26491647213697,-33.504264978691936,192],[151.2648594751954,-33.50436581298709,192.39999389648438],[151.26477850601077,-33.50448936223984,192.39999389648438],[151.26466141082346,-33.50459757260978,192.39999389648438],[151.26455479301512,-33.504652893170714,192.39999389648438],[151.26449310220778,-33.50467317737639,192.60000610351562],[151.2643763422966,-33.504696395248175,192.39999389648438],[151.26428917050362,-33.50470930337906,192.60000610351562],[151.26427341252565,-33.50471265614033,192.60000610351562],[151.26410510390997,-33.50473000667989,193],[151.26401382498443,-33.50473964586854,193],[151.26394936814904,-33.50473855622113,193],[151.26376706175506,-33.50473905913532,193],[151.26359439454973,-33.50474593229592,192.60000610351562],[151.2634322885424,-33.50474291481078,192.1999969482422],[151.26326389610767,-33.50475247018039,191.60000610351562],[151.26324922777712,-33.50475414656103,191.60000610351562],[151.26307480037212,-33.50479496642947,190.60000610351562],[151.26306013204157,-33.50480125285685,190.60000610351562],[151.26304579898715,-33.50480670109391,190.39999389648438],[151.262960806489,-33.504845928400755,189.39999389648438],[151.26290204934776,-33.504872750490904,189],[151.26280565746129,-33.50492061115801,188.39999389648438],[151.2627324834466,-33.50495313294232,187.8000030517578],[151.26269350759685,-33.50497433915734,187.1999969482422],[151.262617232278,-33.5050265584141,186],[151.26257968135178,-33.505053548142314,185.39999389648438],[151.26256668940187,-33.50506109185517,185.1999969482422],[151.26254322007298,-33.50507793948054,184.8000030517578],[151.26244800165296,-33.50515153259039,183.8000030517578],[151.2624264601618,-33.5051682125777,183.8000030517578],[151.2623944412917,-33.50519520230591,183.8000030517578],[151.26236627809703,-33.505223197862506,183.1999969482422],[151.26234297640622,-33.505237279459834,182.8000030517578],[151.2622940260917,-33.50526535883546,182],[151.26227323897183,-33.505283212289214,181.8000030517578],[151.26222445629537,-33.50532000884414,180.60000610351562],[151.26219872385263,-33.50534322671592,180.1999969482422],[151.26214725896716,-33.50537591613829,179.60000610351562],[151.2621074449271,-33.50541112013161,178.39999389648438],[151.26207274384797,-33.50543827749789,177.8000030517578],[151.2620448321104,-33.505457723513246,177.39999389648438],[151.26199286431074,-33.505495274439454,177],[151.26193209551275,-33.50553718395531,176.60000610351562],[151.2619203608483,-33.505546655505896,176.39999389648438],[151.26187744550407,-33.50558940321207,175.8000030517578],[151.2618365418166,-33.50562016479671,175.39999389648438],[151.26178876496851,-33.5056571289897,174.60000610351562],[151.26175607554615,-33.50568814203143,174.1999969482422],[151.26173185184598,-33.50570775568485,173.8000030517578],[151.2617041915655,-33.5057380143553,173.39999389648438],[151.2616523914039,-33.50578059442341,173.1999969482422],[151.26162213273346,-33.50579593330622,173],[151.26157611608505,-33.505818732082844,173],[151.26148802228272,-33.50591235794127,173],[151.26140043139458,-33.506000032648444,173],[151.26134360209107,-33.50607035681605,172.60000610351562],[151.26131501980126,-33.50609005428851,172.39999389648438],[151.26130127348006,-33.50609919056296,172.39999389648438],[151.2612440250814,-33.50615283474326,172],[151.2612096592784,-33.50618443451822,171.8000030517578],[151.26111209392548,-33.50628920830786,171],[151.26108854077756,-33.506310330703855,171],[151.2609380017966,-33.50641627795994,170.8000030517578],[151.2608531769365,-33.506473526358604,170.60000610351562],[151.26079735346138,-33.50651476532221,170.8000030517578],[151.26064052805305,-33.50661266595125,170.60000610351562],[151.26051614060998,-33.50665859878063,170],[151.26050231046975,-33.5066635441035,170],[151.26042402349412,-33.50668575614691,169.39999389648438],[151.26037708483636,-33.50670084357262,169],[151.26030332408845,-33.50673411972821,168.39999389648438],[151.26013811677694,-33.506819447502494,168],[151.25999914482236,-33.50689287297428,168.39999389648438],[151.25992689281702,-33.506926568225026,168.39999389648438],[151.25983578152955,-33.5069674719125,168.8000030517578],[151.25976763665676,-33.50698985159397,168.8000030517578],[151.25965984538198,-33.50702706724405,168.8000030517578],[151.25946949236095,-33.50711474195123,168.8000030517578],[151.25933127477765,-33.50716955959797,168.60000610351562],[151.25917956233025,-33.50724776275456,168.1999969482422],[151.25910102389753,-33.507277853786945,168.1999969482422],[151.25905836001039,-33.50729822181165,167.8000030517578],[151.2590399198234,-33.50730635225773,167.8000030517578],[151.2588873691857,-33.50738153792918,167.39999389648438],[151.2587687652558,-33.50744130089879,167.39999389648438],[151.25863406807184,-33.507499722763896,167],[151.25860154628754,-33.50751296617091,167],[151.25858419574797,-33.50752243772149,166.8000030517578],[151.258478583768,-33.50756434723735,166.39999389648438],[151.25840943306684,-33.50760709494352,165.60000610351562],[151.2583160586655,-33.5076738987118,165.39999389648438],[151.258224863559,-33.507729806005955,165.39999389648438],[151.2582029029727,-33.50774388760328,165.39999389648438],[151.25809393823147,-33.50782091729343,165.60000610351562],[151.25795597210526,-33.507893085479736,165.8000030517578],[151.25787315890193,-33.50795838050544,166.1999969482422],[151.25778204761446,-33.508009845390916,166.39999389648438],[151.2576782796532,-33.50806709378958,166.60000610351562],[151.25764399766922,-33.50809894502163,166.8000030517578],[151.25753226689994,-33.508176393806934,167.1999969482422],[151.25742925330997,-33.508248226717114,167.39999389648438],[151.25736420974135,-33.50830522365868,167.8000030517578],[151.25729992054403,-33.50836783647537,167.8000030517578],[151.25719975680113,-33.50848258472979,168],[151.2571217212826,-33.50860948674381,168.39999389648438],[151.25706749036908,-33.50869523361325,168.8000030517578],[151.25702952034771,-33.508803779259324,169.1999969482422],[151.257017031312,-33.50890318863094,170],[151.25700906850398,-33.508945014327765,170.1999969482422],[151.25700948759913,-33.508987510576844,170.39999389648438],[151.25703698024154,-33.509108293801546,171],[151.25705466605723,-33.50918113254011,171.1999969482422],[151.25708987005055,-33.50931532680988,172],[151.2570947315544,-33.509326223284006,172.1999969482422],[151.25718181952834,-33.50950383581221,172.39999389648438],[151.25718835741282,-33.50951607339084,172.39999389648438],[151.2572131678462,-33.5095735732466,172.60000610351562],[151.2572466954589,-33.5096391197294,173],[151.25725583173335,-33.50965244695544,173.1999969482422],[151.2573397345841,-33.509778594598174,174],[151.257365886122,-33.50981790572405,174],[151.2573783751577,-33.50983408279717,174.1999969482422],[151.2574124056846,-33.50989501923323,174.1999969482422],[151.25747317448258,-33.510034242644906,174.60000610351562],[151.25751399435103,-33.51021193899214,175],[151.25752857886255,-33.51024270057678,175],[151.25753922387958,-33.510289806872606,175.1999969482422],[151.25756822526455,-33.51039273664355,175.60000610351562],[151.25761365517974,-33.51054109632969,175.60000610351562],[151.2576555646956,-33.510687947273254,176],[151.2576878350228,-33.51083379238844,175.8000030517578],[151.25769135542214,-33.510985504835844,175.60000610351562],[151.2576885893941,-33.51099950261414,175.8000030517578],[151.25768205150962,-33.51109069772065,175.8000030517578],[151.25767844729125,-33.51110452786088,175.8000030517578],[151.2576714064926,-33.51113671436906,175.60000610351562],[151.25764542259276,-33.51131558418274,175.39999389648438],[151.257643410936,-33.51132966578007,175.39999389648438],[151.2576283235103,-33.511523958295584,175],[151.2576307542622,-33.51154960691929,175],[151.25762715004385,-33.511667205020785,174.8000030517578],[151.25759856775403,-33.51182570680976,174.1999969482422],[151.25756696797907,-33.51195713505149,174],[151.2575636152178,-33.51198948919773,174],[151.2575231306255,-33.51208579726517,174],[151.25752061605453,-33.51219627074897,174],[151.2575313448906,-33.512291656807065,173],[151.25754266045988,-33.51232627406716,172.8000030517578],[151.25753763131797,-33.51236675865948,172],[151.2575308419764,-33.51243590936065,171.39999389648438],[151.25753520056605,-33.51257203146815,171],[151.25753754749894,-33.51261670701206,171],[151.25754442065954,-33.51268032565713,170.8000030517578],[151.257553556934,-33.51280295290053,170.1999969482422],[151.2575321830809,-33.51291451603174,170],[151.2575020082295,-33.51302834227681,170],[151.25745590776205,-33.51317225955427,170],[151.25744744203985,-33.51327812299132,170],[151.25747367739677,-33.51339136250317,169.8000030517578],[151.25747811980546,-33.51340695284307,169.8000030517578],[151.2575490307063,-33.51354927755892,169.1999969482422],[151.25757434405386,-33.51359940133989,168.8000030517578],[151.25762505456805,-33.513692608103156,168],[151.25765112228692,-33.51381397806108,167.8000030517578],[151.25765413977206,-33.51383929140866,167.60000610351562],[151.25765749253333,-33.51395554840565,167.1999969482422],[151.2576598394662,-33.5140944365412,166.60000610351562],[151.2576610967517,-33.514102566987276,166.39999389648438],[151.25767744146287,-33.51412578485906,165.60000610351562],[151.25767392106354,-33.51415956392884,164.8000030517578],[151.2576745916158,-33.51416735909879,164.60000610351562],[151.25768448226154,-33.514222260564566,163.39999389648438],[151.25768666155636,-33.514271127060056,162.8000030517578],[151.25768481753767,-33.51428361609578,162.39999389648438],[151.25768213532865,-33.51429627276957,162.39999389648438],[151.25766394659877,-33.514405908063054,161.1999969482422],[151.2576610967517,-33.51441806182265,160.8000030517578],[151.25765883363783,-33.514448404312134,160],[151.2576534692198,-33.514456702396274,159.60000610351562],[151.25765154138207,-33.514466090127826,159.39999389648438],[151.25764835625887,-33.51448838599026,158.8000030517578],[151.2576439138502,-33.514507161453366,158.1999969482422],[151.25764248892665,-33.51452685892582,157.60000610351562],[151.25765522941947,-33.51457379758358,156.60000610351562],[151.25765724107623,-33.51458829827607,156.1999969482422],[151.25766344368458,-33.514650240540504,155.39999389648438],[151.25766201876104,-33.51467723026872,155],[151.25766159966588,-33.514730874449015,154.1999969482422],[151.25766528770328,-33.514743614941835,154],[151.2576626893133,-33.514757780358195,154],[151.25766134820879,-33.51480136625469,153.60000610351562],[151.25767928548157,-33.51485677063465,153.1999969482422],[151.25767559744418,-33.514881329610944,153.1999969482422],[151.25768112950027,-33.51489725522697,153.1999969482422],[151.2577126454562,-33.51497990079224,152.8000030517578],[151.25771675258875,-33.515002615749836,152.60000610351562],[151.25775145366788,-33.51508651860058,152.60000610351562],[151.25778950750828,-33.51517394185066,152.39999389648438],[151.25782043673098,-33.51523647084832,152.1999969482422],[151.25784382224083,-33.51528097875416,152],[151.257857484743,-33.515340238809586,151.8000030517578],[151.25787072815,-33.51541810669005,151.8000030517578],[151.25787558965385,-33.51546269841492,151.8000030517578],[151.25790182501078,-33.51554945111275,151.8000030517578],[151.25790844671428,-33.51565137505531,152],[151.25791875645518,-33.51568741723895,151.8000030517578],[151.25793845392764,-33.5157832223922,151.1999969482422],[151.25793660990894,-33.5158109664917,151],[151.2579333409667,-33.51585396565497,151],[151.25793426297605,-33.51592043414712,151],[151.25793317332864,-33.515952955931425,150.8000030517578],[151.2579344306141,-33.51599964313209,150.60000610351562],[151.2579444050789,-33.51613836362958,150.60000610351562],[151.25792093575,-33.516259314492345,150.8000030517578],[151.25790023244917,-33.51638663560152,151.39999389648438],[151.25789863988757,-33.51639753207564,151.39999389648438],[151.25790232792497,-33.516544215381145,150.60000610351562],[151.25791255384684,-33.516628202050924,150],[151.2579124700278,-33.51663960143924,150],[151.25791238620877,-33.51665334776044,149.8000030517578],[151.2579164095223,-33.51674814708531,149.39999389648438],[151.25790668651462,-33.516800701618195,149],[151.25790735706687,-33.516847137361765,148.60000610351562],[151.2579081952572,-33.51694596000016,148],[151.25790987163782,-33.51697194389999,148],[151.25792521052063,-33.51710454560816,147],[151.25792345032096,-33.51718258112669,146.8000030517578],[151.25792973674834,-33.51721099577844,146.60000610351562],[151.25792772509158,-33.51722566410899,146.60000610351562],[151.25792680308223,-33.51724117062986,146.39999389648438],[151.2579296529293,-33.51728509180248,145.8000030517578],[151.25793593935668,-33.51734099909663,145.39999389648438],[151.2579874880612,-33.51748022250831,145.1999969482422],[151.25800358131528,-33.51752355694771,145.39999389648438],[151.25801933929324,-33.51757334545255,145.60000610351562],[151.25805077143013,-33.5176725871861,146.60000610351562],[151.25808991491795,-33.51774408482015,146.8000030517578],[151.25810500234365,-33.517792616039515,146.60000610351562],[151.2581315729767,-33.51785405538976,147],[151.25813635066152,-33.51794634014368,146.8000030517578],[151.25813107006252,-33.51812168955803,147.1999969482422],[151.25814481638372,-33.51826552301645,147.1999969482422],[151.2581460736692,-33.51827952079475,147.1999969482422],[151.25814808532596,-33.51830986328423,147.1999969482422],[151.25816208310425,-33.51843005977571,147.1999969482422],[151.25817130319774,-33.51849057711661,146.8000030517578],[151.25817256048322,-33.51851647719741,146.60000610351562],[151.25818823464215,-33.51856199093163,146.60000610351562],[151.25822109170258,-33.518705908209085,146.1999969482422],[151.25822997651994,-33.51879366673529,145.8000030517578],[151.25823031179607,-33.51880858652294,145.8000030517578],[151.25823760405183,-33.51899634115398,145.1999969482422],[151.25823969952762,-33.519009333103895,145.1999969482422],[151.25824514776468,-33.51905518211424,144.8000030517578],[151.25826224684715,-33.51917177438736,144],[151.25826073810458,-33.51918778382242,143.60000610351562],[151.25827792100608,-33.519279984757304,142.8000030517578],[151.25828018411994,-33.51930965669453,142.60000610351562],[151.2583136279136,-33.519437899813056,142.1999969482422],[151.25834489241242,-33.51961257867515,141.8000030517578],[151.258375486359,-33.519719783216715,142.1999969482422],[151.25838831067085,-33.51976118981838,142.1999969482422],[151.2584542762488,-33.51986671797931,142.8000030517578],[151.25848269090056,-33.51993268355727,143.1999969482422],[151.25851999036968,-33.519993368536234,143.39999389648438],[151.25856357626617,-33.52007618173957,143.8000030517578],[151.2585691921413,-33.52008984424174,143.8000030517578],[151.25858184881508,-33.52017684839666,144],[151.25858151353896,-33.520221104845405,144],[151.25858922488987,-33.52036099880934,144],[151.25859048217535,-33.52048865519464,143.8000030517578],[151.25858679413795,-33.52063911035657,143.1999969482422],[151.25854974612594,-33.52082351222634,143.8000030517578],[151.25851445831358,-33.52100841701031,143.8000030517578],[151.2585139553994,-33.52102140896022,143.60000610351562],[151.25848880968988,-33.52111805230379,143.1999969482422],[151.2584795895964,-33.52124855853617,143.60000610351562],[151.25849216245115,-33.521314691752195,143.39999389648438],[151.25849802978337,-33.521344447508454,143.39999389648438],[151.2584888935089,-33.52148450911045,143.1999969482422],[151.25849769450724,-33.52152591571212,143],[151.25851906836033,-33.521567825227976,143],[151.25852895900607,-33.521565897390246,143],[151.25859911553562,-33.52155089378357,143.1999969482422],[151.25865418463945,-33.52153371088207,142.60000610351562],[151.25868184491992,-33.52152742445469,142.39999389648438],[151.25877572223544,-33.521501356735826,142],[151.25878913328052,-33.52149490267038,142],[151.25881754793227,-33.52148450911045,141.60000610351562],[151.25891989097,-33.521455340087414,141.1999969482422],[151.25897470861673,-33.52145324461162,141.1999969482422],[151.25897915102541,-33.521452909335494,140.8000030517578],[151.25897915102541,-33.52145274169743,141.1999969482422],[151.25898619182408,-33.5214439406991,140.60000610351562],[151.25900018960238,-33.52144058793783,140.39999389648438],[151.25892248935997,-33.52148207835853,141],[151.2588586192578,-33.521508146077394,141],[151.258800951764,-33.52152407169342,141.1999969482422],[151.25871361233294,-33.52154158987105,141.60000610351562],[151.25859551131725,-33.521561454981565,142.1999969482422],[151.25858017243445,-33.52156396955252,142.1999969482422],[151.25855033285916,-33.52156992070377,142.39999389648438],[151.25853004865348,-33.52158014662564,142.8000030517578],[151.25850481912494,-33.52162037976086,143],[151.25848453491926,-33.521665055304766,143.1999969482422],[151.25844832509756,-33.521701181307435,143.39999389648438],[151.2584174796939,-33.52172154933214,143.60000610351562],[151.25839568674564,-33.52173655293882,143.60000610351562],[151.25838696956635,-33.52174686267972,143.8000030517578],[151.2583546154201,-33.521830681711435,144.60000610351562],[151.25834447331727,-33.52183629758656,144.60000610351562],[151.25831170007586,-33.52187502197921,144.8000030517578],[151.25831069424748,-33.52189086377621,144.8000030517578],[151.2583033181727,-33.5219154227525,144.8000030517578],[151.258285632357,-33.521977197378874,145.1999969482422],[151.25825772061944,-33.52203411050141,145.8000030517578],[151.25824355520308,-33.522062776610255,146.1999969482422],[151.2582288030535,-33.52209077216685,146.60000610351562],[151.25822092406452,-33.52211533114314,147],[151.25820457935333,-33.52214944548905,147.1999969482422],[151.25816996209323,-33.52219252847135,147.8000030517578],[151.25816543586552,-33.522201078012586,148],[151.25815445557237,-33.522212728857994,148.39999389648438],[151.25812461599708,-33.522255308926105,149],[151.25811606645584,-33.52228246629238,149.60000610351562],[151.25811078585684,-33.522293446585536,149.8000030517578],[151.25810466706753,-33.52231850847602,150.1999969482422],[151.25808564014733,-33.522355472669005,150.8000030517578],[151.25806636177003,-33.52237240411341,151],[151.25805613584816,-33.52238338440657,151],[151.2579835485667,-33.522457061335444,150.8000030517578],[151.2579565588385,-33.522488325834274,150.60000610351562],[151.25792898237705,-33.52252378128469,150.39999389648438],[151.25789914280176,-33.52255814708769,149.8000030517578],[151.25787408091128,-33.52262545377016,149],[151.25786553137004,-33.52266803383827,148.8000030517578],[151.25784608535469,-33.52270910516381,148.60000610351562],[151.25784700736403,-33.52271597832441,148.60000610351562],[151.257849521935,-33.52272754535079,148.39999389648438],[151.25786980614066,-33.522766437381506,148],[151.2579005677253,-33.52280566468835,148],[151.2579470872879,-33.522868528962135,147.8000030517578],[151.25795538537204,-33.52289308793843,147.60000610351562],[151.25793191604316,-33.522933991625905,146.8000030517578],[151.2579092849046,-33.5229567065835,146.39999389648438],[151.25787818804383,-33.522983780130744,146],[151.2578606698662,-33.522985288873315,145.8000030517578],[151.2578371167183,-33.52298587560654,145.8000030517578],[151.2577848136425,-33.52300540544093,145.1999969482422],[151.2577346060425,-33.52303130552173,144.8000030517578],[151.25769051723182,-33.52304941043258,144],[151.25767375342548,-33.52305192500353,143.60000610351562],[151.25758406706154,-33.52306357584894,143],[151.25753939151764,-33.5230774898082,142.8000030517578],[151.25751139596105,-33.52308411151171,142.8000030517578],[151.25748449005187,-33.523089895024896,142.60000610351562],[151.2574581708759,-33.523111855611205,142],[151.25743688084185,-33.523125015199184,141.39999389648438],[151.25738591887057,-33.523152843117714,140.8000030517578],[151.2573193665594,-33.52320070378482,140.8000030517578],[151.2573149241507,-33.523201793432236,140.8000030517578],[151.25730763189495,-33.52322358638048,140.8000030517578],[151.25730310566723,-33.52323666214943,140.8000030517578],[151.25729623250663,-33.523247139528394,140.8000030517578],[151.25724426470697,-33.52326021529734,140.60000610351562],[151.25723118893802,-33.523272117599845,140.60000610351562],[151.25721350312233,-33.52328913286328,140.60000610351562],[151.25720771960914,-33.52329374291003,140.39999389648438],[151.25720000825822,-33.52330262772739,140.1999969482422],[151.2571613676846,-33.52333917282522,139.8000030517578],[151.2571478728205,-33.52336138486862,139.39999389648438],[151.25712633132935,-33.52338803932071,139.39999389648438],[151.2571182847023,-33.52339491248131,139.39999389648438],[151.2570632994175,-33.52346733212471,139.1999969482422],[151.25705290585756,-33.52347319945693,139.1999969482422],[151.25702750869095,-33.52349842898548,139],[151.25701669603586,-33.52352801710367,139],[151.25700177624822,-33.5235524084419,139],[151.25699305906892,-33.52356665767729,139],[151.25692105852067,-33.52359482087195,138.8000030517578],[151.25690672546625,-33.52359926328063,138.8000030517578],[151.2568907160312,-33.52361544035375,138.60000610351562],[151.25687370076776,-33.52363639511168,138.60000610351562],[151.25684654340148,-33.52365919388831,138.39999389648438],[151.25683145597577,-33.52368626743555,138.1999969482422],[151.25678703188896,-33.523743180558085,137.1999969482422],[151.25678300857544,-33.52375072427094,137.1999969482422],[151.2567747104913,-33.52375374175608,137],[151.2567570246756,-33.52376639842987,136.60000610351562],[151.25674973241985,-33.52377369068563,136.1999969482422],[151.2567084096372,-33.52380394935608,135.39999389648438],[151.2566983513534,-33.523816019296646,135.1999969482422],[151.25669550150633,-33.5238235630095,135],[151.25669181346893,-33.523849127814174,134.1999969482422],[151.25670346431434,-33.5238735191524,133.39999389648438],[151.2567126005888,-33.52388558909297,133.1999969482422],[151.256721066311,-33.52389472536743,133],[151.25672467052937,-33.52394417859614,132.1999969482422],[151.25672902911901,-33.52396345697343,131.8000030517578],[151.25675140880048,-33.52397879585624,131.60000610351562],[151.2567736208439,-33.52400025352836,130.8000030517578],[151.25679591670632,-33.52402254939079,129.8000030517578],[151.25679918564856,-33.524027578532696,129.60000610351562],[151.25679709017277,-33.52407971397042,128.39999389648438],[151.25680044293404,-33.524093963205814,128.1999969482422],[151.25678996555507,-33.52412556298077,128],[151.25678233802319,-33.524137968197465,127.5999984741211],[151.256792396307,-33.52417811751366,127.4000015258789],[151.25680966302752,-33.52421541698277,126.5999984741211],[151.2568058911711,-33.524228828027844,126.4000015258789],[151.2568051367998,-33.524234695360065,126.19999694824219],[151.25682005658746,-33.52425732649863,126],[151.2568127643317,-33.52429764345288,125.5999984741211],[151.2568035442382,-33.52430711500347,125.19999694824219],[151.2568310368806,-33.52434139698744,124.4000015258789],[151.25683849677444,-33.524348102509975,124.19999694824219],[151.25683061778545,-33.52437417022884,123.80000305175781],[151.2567889597267,-33.52443049661815,123.19999694824219],[151.25677303411067,-33.52442990988493,123.19999694824219],[151.25674394890666,-33.52444323711097,123],[151.25674453563988,-33.524465281516314,122.19999694824219],[151.2567472178489,-33.52449185214937,121.4000015258789],[151.2567524984479,-33.52450417354703,121],[151.25673254951835,-33.52454625070095,120],[151.25671142712235,-33.524567456915975,118.80000305175781],[151.25669659115374,-33.52458572946489,118.4000015258789],[151.25668887980282,-33.52460810914636,117.80000305175781],[151.2566703557968,-33.524641217663884,117.4000015258789],[151.25661545433104,-33.524676924571395,117.19999694824219],[151.2565257679671,-33.52468270808458,117],[151.25645393505692,-33.52468463592231,117.4000015258789],[151.25644706189632,-33.524695951491594,117.19999694824219],[151.25643951818347,-33.524698382243514,117],[151.2564338184893,-33.524697963148355,116.80000305175781],[151.25639040023088,-33.52470517158508,116.80000305175781],[151.25636936165392,-33.524710116907954,116.5999984741211],[151.2563183158636,-33.52470492012799,116.80000305175781],[151.25628805719316,-33.5247009806335,117],[151.25625838525593,-33.52469980716705,117.19999694824219],[151.25623784959316,-33.52471003308892,117.19999694824219],[151.2561927549541,-33.52473517879844,115.80000305175781],[151.2561824452132,-33.52474054321647,115.80000305175781],[151.25613475218415,-33.52474230341613,115.19999694824219],[151.25612502917647,-33.52474263869226,115.19999694824219],[151.25606384128332,-33.52475487627089,115.19999694824219],[151.255994271487,-33.52478262037039,114.5999984741211],[151.25597348436713,-33.524790247902274,114],[151.25592285767198,-33.52480022236705,113.5999984741211],[151.2559099495411,-33.524806424975395,113.4000015258789],[151.2558713927865,-33.52482033893466,113.19999694824219],[151.25581724569201,-33.52483349852264,113.19999694824219],[151.25581079162657,-33.52483224123716,113.19999694824219],[151.25575211830437,-33.52482218295336,113],[151.25569235533476,-33.52484246715903,112.4000015258789],[151.25560635700822,-33.52486275136471,111.80000305175781],[151.2555312551558,-33.52488010190427,111.80000305175781],[151.2554792035371,-33.52490549907088,111.4000015258789],[151.25539504922926,-33.5248994641006,111.5999984741211],[151.25533503480256,-33.524920251220465,111.19999694824219],[151.2553034350276,-33.52494606748223,111],[151.25526370480657,-33.52500272914767,110.19999694824219],[151.2552608549595,-33.525011194869876,110.19999694824219],[151.25526496209204,-33.525066431611776,109.19999694824219],[151.25525909475982,-33.525072718039155,109],[151.25521475449204,-33.525109849870205,108.80000305175781],[151.25520603731275,-33.52511437609792,109],[151.2551601883024,-33.52512317709625,109],[151.25512842088938,-33.525126026943326,109],[151.25511827878654,-33.52513994090259,109],[151.25511123798788,-33.5251534357667,108.80000305175781],[151.25510587356985,-33.52515796199441,108.5999984741211],[151.25506413169205,-33.525174306705594,108.4000015258789],[151.25502104870975,-33.525182185694575,108.19999694824219],[151.25500788912177,-33.525181263685226,108.19999694824219],[151.25500939786434,-33.52518134750426,108.19999694824219],[151.25500151887536,-33.52519375272095,108],[151.25496321357787,-33.52521521039307,108],[151.2549577653408,-33.52521604858339,108],[151.25491920858622,-33.52522065863013,107.5999984741211],[151.25491158105433,-33.525221748277545,107.5999984741211],[151.2548477947712,-33.525220323354006,107.80000305175781],[151.25480161048472,-33.5252533480525,107.5999984741211],[151.2547790631652,-33.52528704330325,107.19999694824219],[151.2547584436834,-33.52528469637036,107],[151.25474494881928,-33.525289138779044,106.5999984741211],[151.25468007288873,-33.5252895578742,107.19999694824219],[151.25460723415017,-33.525298442691565,106.80000305175781],[151.25453950837255,-33.5253381729126,106.5999984741211],[151.25452199019492,-33.525413274765015,106],[151.25452358275652,-33.525427943095565,105.80000305175781],[151.25453959219158,-33.52544244378805,105.19999694824219],[151.25455132685602,-33.52545702829957,105],[151.25455610454082,-33.52548158727586,104.80000305175781],[151.2545282766223,-33.52554386481643,104.19999694824219],[151.25452953390777,-33.52556557394564,104],[151.25454059801996,-33.52558636106551,103.5999984741211],[151.25455794855952,-33.525650817900896,102.80000305175781],[151.2545740418136,-33.525718208402395,101.80000305175781],[151.2545740418136,-33.5257317032665,101.5999984741211],[151.25454830937088,-33.52577084675431,101.19999694824219],[151.2545032147318,-33.5258197132498,101],[151.25449667684734,-33.525840835645795,100.80000305175781],[151.25447739847004,-33.52586363442242,100],[151.25445518642664,-33.52587972767651,99.5999984741211],[151.25441981479526,-33.52590168826282,99.4000015258789],[151.2543684337288,-33.52591769769788,99.19999694824219],[151.2543047312647,-33.525944435968995,98.80000305175781],[151.25427765771747,-33.52596773765981,98.5999984741211],[151.25428201630712,-33.52600277401507,98.4000015258789],[151.25426575541496,-33.52605021558702,98.4000015258789],[151.2542468123138,-33.526059268042445,98.4000015258789],[151.25422627665102,-33.52610528469086,98.19999694824219],[151.25421898439527,-33.52613780647516,97.5999984741211],[151.2541693635285,-33.52619731798768,97.4000015258789],[151.25414220616221,-33.52621575817466,96.80000305175781],[151.25413994304836,-33.52622137404978,96.80000305175781],[151.25413969159126,-33.52621626108885,96.5999984741211],[151.25413969159126,-33.52621626108885,96.4000015258789],[151.25414027832448,-33.526217518374324,96.4000015258789],[151.25414220616221,-33.52621684782207,96.19999694824219],[151.2541487440467,-33.52621676400304,96.5999984741211],[151.25414924696088,-33.52621575817466,96.5999984741211],[151.25414815731347,-33.52621383033693,96.5999984741211],[151.2541477382183,-33.526212740689516,96.80000305175781],[151.25412904657423,-33.526187762618065,96],[151.2541085947305,-33.526178542524576,95.5999984741211],[151.2541033141315,-33.526175608858466,95.5999984741211],[151.25409627333283,-33.52616949006915,96],[151.25409627333283,-33.52617133408785,96.5999984741211],[151.2540948484093,-33.52617292664945,96.4000015258789],[151.2540948484093,-33.52617426775396,96.5999984741211],[151.25409887172282,-33.52618315257132,96.5999984741211],[151.25409887172282,-33.52618323639035,96.4000015258789],[151.25409375876188,-33.52617787197232,95.80000305175781],[151.25408814288676,-33.52616982534528,96],[151.25408898107708,-33.526170244440436,96],[151.2540898192674,-33.52617233991623,95.80000305175781],[151.25409526750445,-33.526173094287515,95.5999984741211],[151.25409635715187,-33.526173094287515,95.5999984741211],[151.2540975306183,-33.52617301046848,95.5999984741211],[151.25410105101764,-33.526171669363976,95.5999984741211],[151.25410876236856,-33.526176111772656,95.80000305175781],[151.2541133724153,-33.52618801407516,96.19999694824219],[151.25411580316722,-33.5261944681406,96],[151.25411588698626,-33.52619522251189,96],[151.25411613844335,-33.52619597688317,96.19999694824219],[151.2541165575385,-33.526196144521236,96],[151.25411714427173,-33.52619622834027,96],[151.2541173119098,-33.52619639597833,95.80000305175781],[151.2541194073856,-33.526197988539934,96],[151.25411923974752,-33.526197988539934,96],[151.25412041321397,-33.526198994368315,96],[151.2541215866804,-33.52620058692992,96],[151.2541215866804,-33.52620058692992,96],[151.25412267632782,-33.526202430948615,96.19999694824219],[151.25412250868976,-33.52620226331055,96.19999694824219],[151.25412334688008,-33.52620259858668,96.19999694824219],[151.25412242487073,-33.526201928034425,96.4000015258789],[151.25412250868976,-33.52620301768184,96.19999694824219],[151.2541223410517,-33.52620326913893,96.19999694824219],[151.25412267632782,-33.52620410732925,96.4000015258789],[151.25412301160395,-33.52620402351022,96.4000015258789],[151.25412317924201,-33.52620402351022,96.4000015258789],[151.25412334688008,-33.52620402351022,96.19999694824219],[151.25412477180362,-33.52620645426214,96.4000015258789],[151.25412477180362,-33.52620645426214,96.4000015258789],[151.25412493944168,-33.52620670571923,96.4000015258789],[151.25412485562265,-33.526206789538264,96.4000015258789],[151.25412460416555,-33.526206286624074,96.4000015258789],[151.25412426888943,-33.526206286624074,96.19999694824219],[151.25412452034652,-33.526206286624074,96.4000015258789],[151.25412452034652,-33.52620645426214,96.19999694824219],[151.25412477180362,-33.52620838209987,96.5999984741211],[151.25412460416555,-33.52620838209987,96.5999984741211],[151.25412468798459,-33.526208801195025,96.80000305175781],[151.25412460416555,-33.526208717375994,96.80000305175781],[151.2541241850704,-33.52620854973793,96.80000305175781],[151.2541236821562,-33.5262084659189,97],[151.25412384979427,-33.526208298280835,96.80000305175781],[151.2541236821562,-33.52620854973793,97],[151.2541234306991,-33.526208801195025,97],[151.25412376597524,-33.5262084659189,97.19999694824219],[151.25412376597524,-33.52620838209987,97.19999694824219],[151.25412359833717,-33.5262082144618,97.4000015258789],[151.2541234306991,-33.52620813064277,97.19999694824219],[151.25412326306105,-33.52620796300471,97.19999694824219],[151.2541234306991,-33.52620787918568,97.4000015258789],[151.25412334688008,-33.52620771154761,97.4000015258789],[151.25412334688008,-33.52620704099536,97.5999984741211],[151.25412401743233,-33.526206873357296,97.4000015258789],[151.25412477180362,-33.52620704099536,97.5999984741211],[151.25412468798459,-33.52620704099536,97.5999984741211],[151.25412544235587,-33.52620645426214,97.5999984741211],[151.25412468798459,-33.526205783709884,97.19999694824219],[151.25412477180362,-33.526205783709884,97.4000015258789],[151.25412493944168,-33.52620595134795,97.4000015258789],[151.25412510707974,-33.52620611898601,96.5999984741211],[151.25412510707974,-33.526206286624074,96.5999984741211],[151.25412519089878,-33.52620645426214,97.5999984741211],[151.2541252747178,-33.52620645426214,97.5999984741211],[151.2541252747178,-33.52620645426214,97.5999984741211],[151.25412519089878,-33.526206789538264,98],[151.25412519089878,-33.52620645426214,98],[151.2541252747178,-33.52620645426214,98.5999984741211],[151.25412519089878,-33.526206286624074,98.19999694824219],[151.25412519089878,-33.526206286624074,98.19999694824219],[151.2541252747178,-33.526206286624074,98.19999694824219],[151.25412519089878,-33.526206286624074,98.5999984741211],[151.25412477180362,-33.52620595134795,98],[151.25412493944168,-33.52620595134795,98],[151.25412485562265,-33.526205867528915,98],[151.25412493944168,-33.526205783709884,98],[151.25412510707974,-33.52620595134795,98.5999984741211],[151.25412477180362,-33.52620544843376,98.5999984741211],[151.25412485562265,-33.526205364614725,98],[151.25412493944168,-33.52620528079569,98],[151.25412460416555,-33.526204861700535,98],[151.2541244365275,-33.52620461024344,98],[151.25412435270846,-33.52620452642441,98],[151.2541241850704,-33.526204442605376,98],[151.25412359833717,-33.52620377205312,98],[151.2541234306991,-33.52620377205312,98],[151.25412292778492,-33.52620360441506,98.19999694824219],[151.25412276014686,-33.52620368823409,98],[151.25412167049944,-33.52620276622474,98.19999694824219],[151.2541453074664,-33.52621098048985,96.4000015258789],[151.25416617840528,-33.526224391534925,96.4000015258789],[151.25416617840528,-33.526224391534925,96.4000015258789],[151.25418411567807,-33.526248363777995,96.4000015258789],[151.25419031828642,-33.526229839771986,96.4000015258789],[151.25418562442064,-33.526235204190016,96],[151.25417975708842,-33.52623646147549,96.19999694824219],[151.25417497940361,-33.52624040096998,96.19999694824219],[151.25417313538492,-33.52624090388417,96.19999694824219],[151.2541691120714,-33.52624953724444,95.4000015258789],[151.25414723530412,-33.526259092614055,96.5999984741211],[151.25414698384702,-33.52626378647983,96.5999984741211],[151.25414237380028,-33.52626537904143,96.5999984741211],[151.25413122586906,-33.526261104270816,97.19999694824219],[151.25412795692682,-33.52625791914761,97.19999694824219],[151.25412695109844,-33.52625599130988,96.4000015258789],[151.2541268672794,-33.52625540457666,96.4000015258789],[151.25412426888943,-33.52625012397766,96.4000015258789],[151.25412032939494,-33.526249788701534,96.5999984741211],[151.2541202455759,-33.52625247091055,96.5999984741211],[151.2541202455759,-33.52625238709152,96.80000305175781],[151.25411982648075,-33.52625112980604,96.80000305175781],[151.25411957502365,-33.52625104598701,97],[151.2541287112981,-33.526248363777995,97.4000015258789],[151.25413985922933,-33.52624534629285,97.4000015258789],[151.25413910485804,-33.526245933026075,97.4000015258789],[151.25413910485804,-33.52625825442374,97.4000015258789],[151.25415075570345,-33.52625381201506,97.4000015258789],[151.25414606183767,-33.52624601684511,97.4000015258789],[151.25414866022766,-33.52624794468284,97.4000015258789],[151.25415226444602,-33.526250794529915,97.4000015258789],[151.25415226444602,-33.526250794529915,97.4000015258789],[151.25415226444602,-33.526250794529915,97.4000015258789],[151.25415226444602,-33.526250794529915,97.4000015258789],[151.25414891168475,-33.52622237987816,97.4000015258789],[151.25414094887674,-33.526204442605376,96.4000015258789],[151.2541376799345,-33.526202933862805,96.19999694824219],[151.2541376799345,-33.52619958110154,97],[151.2541376799345,-33.5261979047209,96],[151.2541376799345,-33.52619086392224,96.19999694824219],[151.2541477382183,-33.52618566714227,96.5999984741211],[151.25413709320128,-33.52618181146681,96],[151.25414027832448,-33.526183906942606,96],[151.25415385700762,-33.52618709206581,96.4000015258789],[151.25414832495153,-33.52618365548551,96.4000015258789],[151.2541479896754,-33.52618365548551,96.4000015258789],[151.25414622947574,-33.52618248201907,96.4000015258789],[151.25414572656155,-33.526182398200035,96.4000015258789],[151.25414698384702,-33.52618449367583,96.5999984741211],[151.25414631329477,-33.52618407458067,96.5999984741211],[151.2541461456567,-33.52618399076164,96.5999984741211],[151.25414539128542,-33.526183823123574,96.80000305175781],[151.2541445530951,-33.52618365548551,96.80000305175781],[151.25414388254285,-33.52618357166648,96.80000305175781],[151.25414379872382,-33.52618365548551,96.80000305175781],[151.25413935631514,-33.52618156000972,97.19999694824219],[151.25413960777223,-33.52618214674294,97.19999694824219],[151.2541387695819,-33.5261841583997,96.5999984741211],[151.25413885340095,-33.526184326037765,96.5999984741211],[151.254139021039,-33.526184326037765,96.5999984741211],[151.254139021039,-33.526184409856796,96.5999984741211],[151.25413885340095,-33.52618474513292,96.5999984741211],[151.25413801521063,-33.52618466131389,96.5999984741211],[151.25413784757257,-33.52618499659002,96.4000015258789],[151.2541376799345,-33.52618474513292,96.4000015258789],[151.25413784757257,-33.52618566714227,96],[151.25413801521063,-33.52618591859937,96.19999694824219],[151.25413801521063,-33.5261860024184,96.19999694824219],[151.25413809902966,-33.52618608623743,96.4000015258789],[151.25413809902966,-33.52618617005646,96.4000015258789],[151.25413809902966,-33.52618617005646,96.19999694824219],[151.25413809902966,-33.52618617005646,96.4000015258789],[151.25413826666772,-33.526186840608716,96.4000015258789],[151.2541379313916,-33.52618667297065,96.19999694824219],[151.25413726083934,-33.52618759498,96.5999984741211],[151.25413700938225,-33.52618751116097,96.80000305175781],[151.25413700938225,-33.52618742734194,96.80000305175781],[151.2541371770203,-33.52618742734194,96.80000305175781],[151.2541371770203,-33.526187343522906,96.80000305175781],[151.25413709320128,-33.52618692442775,96.5999984741211],[151.2541379313916,-33.5261878464371,96.4000015258789],[151.2541379313916,-33.52618809789419,96.4000015258789],[151.25413809902966,-33.52618809789419,97.4000015258789],[151.25413826666772,-33.526188265532255,97.4000015258789],[151.25413809902966,-33.52618860080838,96.80000305175781],[151.25413726083934,-33.52618793025613,97.4000015258789],[151.2541371770203,-33.52618809789419,97.4000015258789],[151.25413700938225,-33.52618818171322,97.80000305175781],[151.25413692556322,-33.52618818171322,97],[151.25413692556322,-33.52618834935129,97],[151.2541365902871,-33.526188265532255,96.4000015258789],[151.25413466244936,-33.52618717588484,97],[151.2541344948113,-33.52618692442775,96.19999694824219],[151.25413457863033,-33.52618700824678,96.19999694824219],[151.25413432717323,-33.526186840608716,95.19999694824219],[151.25413566827774,-33.52618759498,96.19999694824219],[151.25414120033383,-33.52619580924511,96.19999694824219],[151.25416341237724,-33.52621776983142,96.4000015258789],[151.25419124029577,-33.52623109705746,96.4000015258789],[151.2541979458183,-33.52623310871422,96.4000015258789],[151.2542328145355,-33.52623880840838,96.5999984741211],[151.25427028164268,-33.526245849207044,97.4000015258789],[151.25427489168942,-33.52624425664544,98],[151.2543437909335,-33.526263535022736,98],[151.25436063855886,-33.526269905269146,98.19999694824219],[151.25437388196588,-33.52626998908818,98.5999984741211],[151.25438905321062,-33.526266971603036,99],[151.25440481118858,-33.52625649422407,99.4000015258789],[151.25442828051746,-33.52625800296664,99.80000305175781],[151.2544764764607,-33.526275772601366,100.4000015258789],[151.25448561273515,-33.52627141401172,100.80000305175781],[151.2545044720173,-33.52624962106347,101.19999694824219],[151.25451520085335,-33.52623042650521,101.4000015258789],[151.2545285280794,-33.52622271515429,101.4000015258789],[151.25455275177956,-33.52620603516698,101.4000015258789],[151.25457907095551,-33.52620419114828,101.4000015258789],[151.25459281727672,-33.526192707940936,101.5999984741211],[151.25463430769742,-33.52618013508618,101.4000015258789],[151.25467194244266,-33.526158509775996,101.5999984741211],[151.2546942383051,-33.52615565992892,101.80000305175781],[151.25472793355584,-33.526137974113226,102],[151.25474838539958,-33.52613286115229,102],[151.25480345450342,-33.52612263523042,102.19999694824219],[151.25484553165734,-33.52613671682775,102.5999984741211],[151.25487444922328,-33.526145266368985,102.5999984741211],[151.2549085635692,-33.52615540847182,102.80000305175781],[151.254939744249,-33.52616504766047,103.19999694824219],[151.25497737899423,-33.526142751798034,103.4000015258789],[151.25498433597386,-33.52613227441907,103.5999984741211],[151.2550359684974,-33.52612498216331,103.80000305175781],[151.25507871620357,-33.526139901950955,104],[151.25513495877385,-33.52614258415997,104.4000015258789],[151.25519279390574,-33.52614652365446,104.5999984741211],[151.2552280817181,-33.5261616948992,105],[151.2552564125508,-33.52615121752024,105.5999984741211],[151.2552608549595,-33.52614006958902,105.80000305175781],[151.25526630319655,-33.52612154558301,106],[151.25527946278453,-33.52612188085914,106],[151.25533235259354,-33.52614048868418,106.19999694824219],[151.25534911639988,-33.526137387380004,106.19999694824219],[151.25540242530406,-33.52615918032825,106.4000015258789],[151.2554810475558,-33.52614845149219,106.4000015258789],[151.25549420714378,-33.52614811621606,106.4000015258789],[151.25552421435714,-33.52615901269019,106.19999694824219],[151.25561021268368,-33.526172088459134,105.5999984741211],[151.25568648800254,-33.5261825658381,105.4000015258789],[151.25575656071305,-33.526184409856796,105.4000015258789],[151.255819844082,-33.526210309937596,105.5999984741211],[151.25584163703024,-33.52622179314494,105.5999984741211],[151.25591045245528,-33.52625900879502,106.19999694824219],[151.25591984018683,-33.526264959946275,106.19999694824219],[151.25593040138483,-33.52627166546881,106.4000015258789],[151.25597700476646,-33.52628733962774,106.5999984741211],[151.25605260953307,-33.52630435489118,106.5999984741211],[151.25606551766396,-33.526307037100196,106.5999984741211],[151.2561232689768,-33.526327069848776,106.5999984741211],[151.2561956886202,-33.52634534239769,106.80000305175781],[151.25621932558715,-33.52634534239769,106.5999984741211],[151.25624237582088,-33.526372918859124,106.5999984741211],[151.25625478103757,-33.5263984836638,106.5999984741211],[151.25627112574875,-33.526422288268805,106.5999984741211],[151.25633633695543,-33.52653158828616,106.80000305175781],[151.25636416487396,-33.52656897157431,107],[151.25640825368464,-33.526581544429064,107],[151.256483187899,-33.52664935402572,107],[151.25650866888463,-33.52666787803173,107],[151.25650187954307,-33.52670249529183,107],[151.25648763030767,-33.5267195943743,107.19999694824219],[151.2564810924232,-33.52674398571253,108],[151.25648008659482,-33.526754127815366,108.19999694824219],[151.25648570246994,-33.52675731293857,108.19999694824219],[151.25649400055408,-33.52675613947213,108.4000015258789],[151.25652174465358,-33.526769718155265,108.5999984741211],[151.25656558200717,-33.52680668234825,108.5999984741211],[151.2565675098449,-33.52681774646044,108.5999984741211],[151.25657170079648,-33.52682721801102,108.80000305175781],[151.2566121853888,-33.52692763321102,108.5999984741211],[151.25663925893605,-33.526965603232384,108.5999984741211],[151.256641773507,-33.52698110975325,109],[151.25664303079247,-33.52698840200901,109.19999694824219],[151.2566454615444,-33.52699770592153,109.4000015258789],[151.25666071660817,-33.52703106589615,110.4000015258789],[151.25669583678246,-33.52704489603639,111],[151.25670589506626,-33.52706518024206,111.4000015258789],[151.2567178811878,-33.52708839811385,112],[151.25673648901284,-33.527115220203996,112.4000015258789],[151.25674411654472,-33.52712133899331,112.5999984741211],[151.2567477207631,-33.52715838700533,113.5999984741211],[151.25674579292536,-33.52717883884907,114.19999694824219],[151.25676532275975,-33.52719065733254,114.4000015258789],[151.25677110627294,-33.5271961055696,114.80000305175781],[151.25678384676576,-33.52720884606242,115.19999694824219],[151.25679750926793,-33.52722795680165,115.80000305175781],[151.2567964196205,-33.52727095596492,117],[151.2568230740726,-33.52729266509414,118.19999694824219],[151.2568249180913,-33.52729375474155,118.4000015258789],[151.25684201717377,-33.52729777805507,119.4000015258789],[151.2568780593574,-33.52731621824205,120],[151.25688853673637,-33.52733516134322,120.5999984741211],[151.2568709347397,-33.52736072614789,121.5999984741211],[151.2568709347397,-33.52736885659397,121.5999984741211],[151.25688107684255,-33.52739106863737,122.4000015258789],[151.25688711181283,-33.527398612350225,122.5999984741211],[151.25691100023687,-33.52743205614388,123.19999694824219],[151.25692105852067,-33.52744588628411,123.80000305175781],[151.25692675821483,-33.527451334521174,123.80000305175781],[151.25694469548762,-33.527475809678435,124.80000305175781],[151.25694897025824,-33.5274794138968,125],[151.2569702602923,-33.527508080005646,125.80000305175781],[151.2569705117494,-33.5275121871382,126.19999694824219],[151.25698224641383,-33.52751838974655,126.5999984741211],[151.25699020922184,-33.52753900922835,126.80000305175781],[151.25699020922184,-33.52753900922835,126.80000305175781],[151.25699020922184,-33.52753900922835,127.80000305175781],[151.25702222809196,-33.52758251130581,128.60000610351562],[151.2570305261761,-33.52758971974254,129],[151.25707486644387,-33.52763732895255,130.1999969482422],[151.25707930885255,-33.52765828371048,130.39999389648438],[151.25710923224688,-33.527709329500794,131.1999969482422],[151.25711099244654,-33.52771787904203,131.39999389648438],[151.2571217212826,-33.527757441625,132],[151.25713219866157,-33.52776490151882,132.1999969482422],[151.25714804045856,-33.527780240401626,132.39999389648438],[151.25718282535672,-33.52780647575855,132.8000030517578],[151.25721006654203,-33.527843691408634,133.1999969482422],[151.25721601769328,-33.527854001149535,133.1999969482422],[151.2572409119457,-33.52788241580129,134],[151.2572519760579,-33.527883840724826,134],[151.2572610285133,-33.52788786403835,134.1999969482422],[151.25727091915905,-33.52789423428476,134.1999969482422],[151.25731953419745,-33.527940921485424,134.39999389648438],[151.25740855000913,-33.528003953397274,134.60000610351562],[151.25742103904486,-33.52800998836756,134.60000610351562],[151.25747233629227,-33.528020633384585,134.39999389648438],[151.2574808858335,-33.52801887318492,134.39999389648438],[151.25751474872231,-33.52801359258592,134.1999969482422],[151.25752748921514,-33.52801702916622,134.1999969482422],[151.25753645785153,-33.52802272886038,134.1999969482422],[151.257587922737,-33.52805323898792,134.39999389648438],[151.25761667266488,-33.52807402610779,134.39999389648438],[151.25762538984418,-33.528119791299105,135],[151.25763092190027,-33.52814057841897,135.39999389648438],[151.2576394714415,-33.52816564030945,135.8000030517578],[151.2576523795724,-33.528196066617966,136.1999969482422],[151.25766042619944,-33.52821467444301,136.39999389648438],[151.2577039282769,-33.528267396613955,137],[151.25773016363382,-33.52828977629542,137.1999969482422],[151.25774684362113,-33.52831492200494,137.39999389648438],[151.25774743035436,-33.5283222142607,137.39999389648438],[151.25775103457272,-33.52836177684367,138],[151.25775589607656,-33.52837166748941,138.1999969482422],[151.25776561908424,-33.52837946265936,138.60000610351562],[151.25779571011662,-33.528405698016286,139.60000610351562],[151.25779428519309,-33.52841315791011,139.8000030517578],[151.25779705122113,-33.5284324362874,140.60000610351562],[151.2577890045941,-33.52843729779124,141.1999969482422],[151.2577930279076,-33.52844601497054,141.8000030517578],[151.2577980570495,-33.52846152149141,142.60000610351562],[151.25782622024417,-33.52848373353481,143],[151.25783669762313,-33.52851348929107,143.60000610351562],[151.25786259770393,-33.528532264754176,144],[151.25787131488323,-33.5285431612283,144],[151.25787902623415,-33.52856134995818,144.1999969482422],[151.2578889168799,-33.52860418148339,144.60000610351562],[151.25795915722847,-33.52865640074015,145],[151.25801640562713,-33.528679786249995,145],[151.2580625899136,-33.52869235910475,145],[151.258135009557,-33.52872529998422,144.8000030517578],[151.25814842060208,-33.5287228692323,144.8000030517578],[151.25826484523714,-33.528760420158505,144.8000030517578],[151.25835344195366,-33.52880895137787,144.8000030517578],[151.2583672720939,-33.528811214491725,144.8000030517578],[151.25845377333462,-33.5288367792964,144.8000030517578],[151.25846492126584,-33.52887215092778,144.8000030517578],[151.25847095623612,-33.52888195775449,144.8000030517578],[151.25850113108754,-33.52893115952611,145],[151.25851018354297,-33.52893996052444,145.1999969482422],[151.25854429788888,-33.528966112062335,145.60000610351562],[151.25860339030623,-33.5289921797812,146],[151.2586131133139,-33.52899922057986,146.1999969482422],[151.25864680856466,-33.52903140708804,146.39999389648438],[151.25866918824613,-33.529064264148474,146.8000030517578],[151.25870087184012,-33.529116651043296,147.1999969482422],[151.2587021291256,-33.529143054038286,147.39999389648438],[151.25871369615197,-33.52919661439955,148.1999969482422],[151.2587124388665,-33.52920331992209,148.1999969482422],[151.25870447605848,-33.52928688749671,148.8000030517578],[151.25868016853929,-33.52932158857584,149.39999389648438],[151.2586796656251,-33.529329132288694,149.39999389648438],[151.2586709484458,-33.529348159208894,149.8000030517578],[151.25863708555698,-33.529423931613564,150.39999389648438],[151.2586339842528,-33.529434157535434,150.39999389648438],[151.25862509943545,-33.52952325716615,150.8000030517578],[151.25861948356032,-33.52955410256982,151.1999969482422],[151.25861554406583,-33.52956508286297,151],[151.25861554406583,-33.52956508286297,151],[151.25861101783812,-33.52958302013576,151],[151.2585919070989,-33.529620654881,151.1999969482422],[151.25858469866216,-33.52964295074344,151.39999389648438],[151.2585742212832,-33.52968469262123,151.8000030517578],[151.25857464037836,-33.52969441562891,151.8000030517578],[151.25857313163579,-33.529713274911046,151.8000030517578],[151.25856307335198,-33.529736660420895,151.39999389648438],[151.25856198370457,-33.52975007146597,151.1999969482422],[151.25855393707752,-33.529786029830575,151],[151.25854605808854,-33.52980237454176,151],[151.2585375085473,-33.5298193898052,151],[151.25854136422276,-33.52987948805094,151.39999389648438],[151.25855343416333,-33.5299158655107,151.60000610351562],[151.258523510769,-33.529973113909364,151.39999389648438],[151.25851328484714,-33.52998333983123,151.39999389648438],[151.25848134979606,-33.53000136092305,151.60000610351562],[151.25844882801175,-33.53000764735043,152],[151.25843290239573,-33.53001837618649,152],[151.2584064155817,-33.53006824851036,152.60000610351562],[151.25839870423079,-33.530079731717706,152.60000610351562],[151.25838805921376,-33.53009020909667,152.60000610351562],[151.25834028236568,-33.530119713395834,152.39999389648438],[151.25831723213196,-33.53013429790735,152.60000610351562],[151.25824011862278,-33.5301870200783,153.1999969482422],[151.2582311499864,-33.530193557962775,153.39999389648438],[151.25820726156235,-33.530218536034226,153.60000610351562],[151.25820281915367,-33.530244855210185,153.8000030517578],[151.25821229070425,-33.530271761119366,153.60000610351562],[151.25822360627353,-33.53032196871936,153.1999969482422],[151.2582256179303,-33.530333284288645,153],[151.25823441892862,-33.53037795983255,152.8000030517578],[151.25825109891593,-33.530406039208174,152.60000610351562],[151.25826627016068,-33.53043319657445,152.39999389648438],[151.25827046111226,-33.53049664758146,152],[151.25827155075967,-33.530504861846566,152],[151.25827607698739,-33.53051475249231,151.8000030517578],[151.25829149968922,-33.53053939528763,151.39999389648438],[151.2582927569747,-33.530574683099985,150.8000030517578],[151.25825277529657,-33.53063411079347,150.60000610351562],[151.2582507636398,-33.530643582344055,150.60000610351562],[151.25825252383947,-33.5306791216135,151],[151.2582483328879,-33.53072597645223,150.8000030517578],[151.2582515180111,-33.53076059371233,150.8000030517578],[151.25822888687253,-33.53082907386124,151.60000610351562],[151.25821832567453,-33.530866876244545,152.60000610351562],[151.2582187447697,-33.530886573717,153.1999969482422],[151.2582044955343,-33.53091607801616,153.60000610351562],[151.25820390880108,-33.53092043660581,153.60000610351562],[151.25818664208055,-33.530948432162404,154],[151.25818119384348,-33.5309555567801,154],[151.258201058954,-33.53099989704788,154.60000610351562],[151.2582464888692,-33.5310765914619,154.1999969482422],[151.25824875198305,-33.531089248135686,154.1999969482422],[151.2582557927817,-33.53111498057842,154.1999969482422],[151.25827800482512,-33.531128726899624,154.1999969482422],[151.25833667814732,-33.53121154010296,154.1999969482422],[151.25832955352962,-33.53123802691698,154.1999969482422],[151.25833022408187,-33.53128395974636,154.1999969482422],[151.2583284638822,-33.531293934211135,154.1999969482422],[151.25832988880575,-33.531324192881584,154.39999389648438],[151.25835075974464,-33.53134171105921,154.1999969482422],[151.25832519493997,-33.53140105493367,154.1999969482422],[151.2583049107343,-33.531422009691596,154.8000030517578],[151.25830910168588,-33.53143357671797,155.1999969482422],[151.25832770951092,-33.53147246874869,154],[151.25833550468087,-33.531479174271226,153.60000610351562],[151.2583519332111,-33.53150272741914,152.8000030517578],[151.25835872255266,-33.53151764720678,152.39999389648438],[151.2583681102842,-33.531567016616464,151.39999389648438],[151.2583525199443,-33.53162745013833,151],[151.25834690406919,-33.5316411126405,151],[151.25832729041576,-33.53168511763215,152.1999969482422],[151.25832628458738,-33.53169031441212,152.39999389648438],[151.25832058489323,-33.53169869631529,152.8000030517578],[151.25832963734865,-33.53173046372831,153.60000610351562],[151.2583268713206,-33.531755274161696,154.1999969482422],[151.258327877149,-33.53176265023649,154.60000610351562],[151.2583310622722,-33.53176818229258,154.8000030517578],[151.25833625905216,-33.53177539072931,155.1999969482422],[151.25835419632494,-33.531769439578056,155.39999389648438],[151.2583929207176,-33.53177069686353,155],[151.25838043168187,-33.53180514648557,155.60000610351562],[151.25836475752294,-33.53181763552129,156],[151.25838428735733,-33.53183314204216,156.39999389648438],[151.25845075584948,-33.531880751252174,157],[151.25852015800774,-33.531935485079885,157.1999969482422],[151.25859123654664,-33.53197035379708,156.39999389648438],[151.2585966847837,-33.531981920823455,156.39999389648438],[151.25859366729856,-33.53198745287955,156.1999969482422],[151.25858151353896,-33.53200312703848,156.1999969482422],[151.2585792504251,-33.53201251477003,156.39999389648438],[151.25858201645315,-33.53205149061978,157.1999969482422],[151.25859886407852,-33.532069846987724,157.60000610351562],[151.2586040608585,-33.53208191692829,157.8000030517578],[151.25861101783812,-33.532097004354,158],[151.2586321402341,-33.532114354893565,158.1999969482422],[151.25865183770657,-33.532138746231794,158.60000610351562],[151.25866558402777,-33.53215903043747,159.1999969482422],[151.25867111608386,-33.532166071236134,159.1999969482422],[151.25866826623678,-33.532176464796066,159.39999389648438],[151.25867689959705,-33.53221518918872,159.39999389648438],[151.25868905335665,-33.53222616948187,159.39999389648438],[151.2587129417807,-33.53225911036134,159.1999969482422],[151.25870489515364,-33.53231937624514,160],[151.25870816409588,-33.532331278547645,160.39999389648438],[151.2587272748351,-33.53235055692494,160.8000030517578],[151.25872928649187,-33.532359693199396,160.8000030517578],[151.25872945412993,-33.53236673399806,160.8000030517578],[151.25874579884112,-33.532406967133284,161.39999389648438],[151.25877605751157,-33.532434878870845,162],[151.25877857208252,-33.53246823884547,162.39999389648438],[151.2587841041386,-33.53247486054897,162.39999389648438],[151.2588070705533,-33.53252976201475,162.39999389648438],[151.25884738750756,-33.53257393464446,162.60000610351562],[151.25888116657734,-33.532642498612404,162.60000610351562],[151.25890103168786,-33.53268826380372,162.1999969482422],[151.25894537195563,-33.53270745836198,161.60000610351562],[151.2589688412845,-33.53271408006549,161.39999389648438],[151.25898376107216,-33.5327204503119,161.39999389648438],[151.25901066698134,-33.53272983804345,160.8000030517578],[151.25901913270354,-33.53273813612759,160.39999389648438],[151.2590351421386,-33.53274065069854,160.1999969482422],[151.25904972665012,-33.53276219218969,160],[151.2590454518795,-33.532809717580676,160],[151.25904603861272,-33.53281273506582,160],[151.25901938416064,-33.532878030091524,159.8000030517578],[151.25896557234228,-33.53290602564812,161.39999389648438],[151.25895224511623,-33.53290820494294,161.8000030517578],[151.25893883407116,-33.532906360924244,162.39999389648438],[151.25892986543477,-33.532909797504544,162.8000030517578],[151.2589214835316,-33.53291088715196,163.60000610351562],[151.25891578383744,-33.53290216997266,164],[151.2589079886675,-33.53288867510855,164.60000610351562],[151.25888301059604,-33.53288029320538,165.1999969482422],[151.25887362286448,-33.53285590186715,165.60000610351562],[151.258885525167,-33.53284643031657,165.60000610351562],[151.25888803973794,-33.532813154160976,164.8000030517578],[151.2588971760124,-33.532797396183014,164.60000610351562],[151.25890069641173,-33.53278792463243,164.39999389648438],[151.25889491289854,-33.53277677670121,164.1999969482422],[151.25884939916432,-33.53272195905447,165.1999969482422],[151.25881427899003,-33.53267158381641,165.60000610351562],[151.2588007003069,-33.53266932070255,165.39999389648438],[151.25878494232893,-33.532663118094206,165.1999969482422],[151.25879416242242,-33.53264761157334,164.8000030517578],[151.25879089348018,-33.53265163488686,164.8000030517578],[151.25879877246916,-33.53265264071524,165],[151.25879961065948,-33.53265096433461,165.1999969482422],[151.25879927538335,-33.532649371773005,165.39999389648438],[151.25879265367985,-33.53263780474663,165.39999389648438],[151.25878209248185,-33.53260989300907,165.1999969482422],[151.25877999700606,-33.532595643773675,165],[151.25878217630088,-33.53258701041341,164.8000030517578],[151.25878636725247,-33.53258667513728,164.8000030517578],[151.2587809190154,-33.53258667513728,164.8000030517578],[151.25879550352693,-33.532602433115244,165],[151.25881168060005,-33.53261500597,165.1999969482422],[151.25883204862475,-33.53262757882476,165.39999389648438],[151.25885719433427,-33.53264979086816,165.60000610351562],[151.25886884517968,-33.5326736792922,165.60000610351562],[151.2588710244745,-33.5326892696321,165.39999389648438],[151.25890689902008,-33.53271349333227,165],[151.25891452655196,-33.53273402899504,164.8000030517578],[151.25893564894795,-33.532749786973,164.60000610351562],[151.25892776995897,-33.53276043199003,164.60000610351562],[151.25891343690455,-33.532799407839775,165.1999969482422],[151.25890756957233,-33.532819440588355,165.60000610351562],[151.25890505500138,-33.53282991796732,165.8000030517578],[151.2589017022401,-33.53284617885947,165.8000030517578],[151.25892165116966,-33.53285305202007,164.8000030517578],[151.25892190262675,-33.53285975754261,164.39999389648438],[151.2589368224144,-33.532878533005714,164],[151.25894067808986,-33.53288062848151,163.39999389648438],[151.2589640635997,-33.53287945501506,163.1999969482422],[151.2589555978775,-33.53288901038468,162.60000610351562],[151.25897085294127,-33.53288037702441,162.60000610351562],[151.258972780779,-33.53287786245346,162.39999389648438],[151.258972780779,-33.53287786245346,162.39999389648438],[151.258972780779,-33.53288205340505,161.1999969482422],[151.25901862978935,-33.53292320854962,160.39999389648438],[151.25903916545212,-33.53294433094561,160],[151.2590483855456,-33.53296687826514,159.8000030517578],[151.25906640663743,-33.5330190975219,159.39999389648438],[151.25908811576664,-33.533056899905205,159.1999969482422],[151.25908610410988,-33.533057905733585,159],[151.25911619514227,-33.53309822268784,158.39999389648438],[151.25912834890187,-33.53310517966747,158],[151.25920278020203,-33.533158069476485,157],[151.25919993035495,-33.5331657808274,157],[151.25918568111956,-33.53319528512657,157],[151.2591918837279,-33.533212719485164,157.1999969482422],[151.2592006009072,-33.53323652409017,157.39999389648438],[151.25924938358366,-33.5332780983299,157.8000030517578],[151.25925282016397,-33.53330349549651,158],[151.25924846157432,-33.53337373584509,157.39999389648438],[151.25922105275095,-33.53342620655894,157],[151.25920713879168,-33.533439952880144,156.8000030517578],[151.2591614574194,-33.53347398340702,156.1999969482422],[151.25915919430554,-33.533478174358606,155.8000030517578],[151.25914284959435,-33.53350826539099,154.8000030517578],[151.2591329589486,-33.53351539000869,154.60000610351562],[151.2591151893139,-33.53353165090084,154],[151.25910798087716,-33.53354975581169,153.8000030517578],[151.25907361507416,-33.53358051739633,152.60000610351562],[151.25901569612324,-33.533669197931886,151.60000610351562],[151.25893900170922,-33.53372753597796,151],[151.25890899449587,-33.53374069556594,151],[151.25889516435564,-33.5337495803833,151],[151.2588614691049,-33.533776653930545,150.8000030517578],[151.2588240019977,-33.53381680324674,150.60000610351562],[151.25881746411324,-33.533827448263764,150.60000610351562],[151.25877412967384,-33.53387162089348,151.1999969482422],[151.2587626464665,-33.53387597948313,151.39999389648438],[151.25874278135598,-33.533892910927534,151.39999389648438],[151.25873766839504,-33.53390892036259,151.39999389648438],[151.25870355404913,-33.533968683332205,151.39999389648438],[151.2587029673159,-33.534006820991635,150.39999389648438],[151.25869324430823,-33.53401352651417,150.1999969482422],[151.2586495745927,-33.534048311412334,149.60000610351562],[151.2586276140064,-33.53406658396125,149.60000610351562],[151.25859366729856,-33.53408661670983,149.60000610351562],[151.2585575412959,-33.53412986733019,149.60000610351562],[151.25853834673762,-33.53415400721133,149.60000610351562],[151.25850984826684,-33.53420748375356,150],[151.25850113108754,-33.53421469219029,150.39999389648438],[151.25846936367452,-33.53425609879196,150.8000030517578],[151.25846626237035,-33.534264145419,150.8000030517578],[151.25846575945616,-33.534292140975595,150.39999389648438],[151.25846181996167,-33.534339079633355,149.60000610351562],[151.2584555335343,-33.53434511460364,149.39999389648438],[151.2584011349827,-33.534360118210316,149.39999389648438],[151.25838202424347,-33.5343748703599,150.1999969482422],[151.25836048275232,-33.53438962250948,150.39999389648438],[151.25833114609122,-33.534416276961565,150.60000610351562],[151.25832997262478,-33.53442180901766,150.8000030517578],[151.25832452438772,-33.534431867301464,151.60000610351562],[151.25832066871226,-33.53444871492684,152],[151.2582922540605,-33.53450403548777,152],[151.25831379555166,-33.53454259224236,150.39999389648438],[151.25832167454064,-33.53457368910313,149.1999969482422],[151.25832519493997,-33.53461400605738,149],[151.25831346027553,-33.53467435576022,150],[151.25836031511426,-33.53474820032716,149.8000030517578],[151.25836140476167,-33.53476596996188,149.8000030517578],[151.25836500898004,-33.53477284312248,149.8000030517578],[151.25838504172862,-33.53480687364936,149.60000610351562],[151.2584002967924,-33.53484618477523,149.8000030517578],[151.25842351466417,-33.53491449728608,149.8000030517578],[151.25844136811793,-33.53500074706972,149.8000030517578],[151.25847062096,-33.53509437292814,149.1999969482422],[151.2584904860705,-33.53513519279659,148.8000030517578],[151.2584933359176,-33.53515254333615,148.60000610351562],[151.2584898993373,-33.53519730269909,148.60000610351562],[151.2584822718054,-33.53523384779692,148.1999969482422],[151.25848562456667,-33.535243570804596,148.1999969482422],[151.2585018016398,-33.53530542925,147.39999389648438],[151.2585070822388,-33.535332921892405,147.1999969482422],[151.2585224211216,-33.53536996990442,147],[151.25853340141475,-33.535388577729464,147],[151.25851093791425,-33.53541967459023,147],[151.25850859098136,-33.53542160242796,147],[151.25846022740006,-33.535450771450996,147.1999969482422],[151.25843902118504,-33.53547164238989,147.39999389648438],[151.25838805921376,-33.535545989871025,148.1999969482422],[151.2583406176418,-33.5355488397181,148.60000610351562],[151.2583110295236,-33.53555906563997,148.8000030517578],[151.25825503841043,-33.53557147085667,149.1999969482422],[151.25822100788355,-33.53557742200792,149.60000610351562],[151.25819343142211,-33.535593431442976,149.60000610351562],[151.25811346806586,-33.53563911281526,150.39999389648438],[151.2580863945186,-33.53565730154514,150.39999389648438],[151.2580335047096,-33.53568077087402,150.60000610351562],[151.25801372341812,-33.535689152777195,150.60000610351562],[151.25792311504483,-33.53570390492678,150.60000610351562],[151.2578968796879,-33.535708179697394,150.60000610351562],[151.25786880031228,-33.5357113648206,150.60000610351562],[151.25783259049058,-33.53571572341025,150.60000610351562],[151.25781884416938,-33.53571379557252,150.60000610351562],[151.25774273648858,-33.53574179112911,150.1999969482422],[151.25767677091062,-33.53576014749706,150.1999969482422],[151.25766595825553,-33.535766853019595,150],[151.2576280720532,-33.53580867871642,149.39999389648438],[151.25761927105486,-33.53581882081926,149.1999969482422],[151.25760225579143,-33.53583491407335,149.1999969482422],[151.25756881199777,-33.53589216247201,148.60000610351562],[151.2575620226562,-33.53589710779488,148.39999389648438],[151.2575548980385,-33.53590842336416,148.1999969482422],[151.25754626467824,-33.53593030013144,148],[151.2575340270996,-33.535946728661656,147.8000030517578],[151.25745959579945,-33.53601730428636,147.1999969482422],[151.25741072930396,-33.536056615412235,146.8000030517578],[151.25737393274903,-33.536071283742785,146.60000610351562],[151.25734644010663,-33.53608729317784,146.1999969482422],[151.25729598104954,-33.53611160069704,146],[151.25722758471966,-33.536163652315736,145.60000610351562],[151.25721383839846,-33.5361759737134,145.39999389648438],[151.25720512121916,-33.536180751398206,145.1999969482422],[151.25715935602784,-33.53619860485196,145],[151.25715306960046,-33.53620572946966,145],[151.2571182847023,-33.53625174611807,144.60000610351562],[151.25707117840648,-33.536327267065644,144.60000610351562],[151.25703773461282,-33.53642315603793,145],[151.2570141814649,-33.53648618794978,145.1999969482422],[151.25700445845723,-33.536495408043265,145],[151.25695961527526,-33.53656992316246,145],[151.2569269258529,-33.536617029458284,145],[151.2569248303771,-33.53663085959852,145],[151.25688317231834,-33.536690371111035,145],[151.25686791725457,-33.53670151904225,145],[151.25683480873704,-33.536728005856276,145.1999969482422],[151.2567966710776,-33.53675113990903,145.1999969482422],[151.2567197252065,-33.536846274510026,144.60000610351562],[151.2566830124706,-33.53689354844391,144.1999969482422],[151.25667328946292,-33.53691617958248,144],[151.25666541047394,-33.53693780489266,143.8000030517578],[151.25664395280182,-33.536988347768784,143.60000610351562],[151.25663607381284,-33.53701894171536,143.39999389648438],[151.2566328048706,-33.53704391978681,143.1999969482422],[151.25662534497678,-33.53705406188965,143.1999969482422],[151.25658712349832,-33.537114998325706,142.60000610351562],[151.2565926555544,-33.537130169570446,142.39999389648438],[151.2566163763404,-33.537189178168774,142.60000610351562],[151.25662132166326,-33.53719789534807,142.60000610351562],[151.25664479099214,-33.53726310655475,142.60000610351562],[151.25665593892336,-33.53728758171201,142.60000610351562],[151.2566578667611,-33.537348015233874,142.39999389648438],[151.25665375962853,-33.53742957115173,142],[151.25663800165057,-33.537507271394134,142],[151.25665652565658,-33.53755144402385,142],[151.25667597167194,-33.53758564218879,142],[151.25669030472636,-33.53760726749897,142],[151.2567118462175,-33.537655882537365,142],[151.25676238909364,-33.53773660026491,141.60000610351562],[151.2567570246756,-33.53777666576207,141],[151.25674788840115,-33.53778789751232,140.8000030517578],[151.25672693364322,-33.53781044483185,140.60000610351562],[151.25670924782753,-33.537860065698624,140],[151.25671536661685,-33.53787800297141,139.8000030517578],[151.25672022812068,-33.537954948842525,139],[151.25672047957778,-33.53796584531665,138.8000030517578],[151.25670488923788,-33.53802024386823,137.8000030517578],[151.2567068170756,-33.538024770095944,137.8000030517578],[151.2567199766636,-33.53807388804853,137.39999389648438],[151.25675467774272,-33.538129795342684,138],[151.256755432114,-33.53816432878375,138.1999969482422],[151.25671905465424,-33.53826776146889,138.1999969482422],[151.25672944821417,-33.53835401125252,138.1999969482422],[151.25673145987093,-33.53838016279042,138],[151.25672601163387,-33.53841796517372,137.8000030517578],[151.25673020258546,-33.538428861647844,137.8000030517578],[151.2567522469908,-33.53846808895469,137.60000610351562],[151.25678644515574,-33.538494324311614,137.39999389648438],[151.25678652897477,-33.538503209128976,137.39999389648438],[151.25677068717778,-33.538529109209776,137.1999969482422],[151.2567728664726,-33.53854411281645,136.8000030517578],[151.25676398165524,-33.53859566152096,135.8000030517578],[151.25675635412335,-33.538603875786066,135.60000610351562],[151.25674579292536,-33.538612592965364,135.39999389648438],[151.25670614652336,-33.53863338008523,134.60000610351562],[151.2566938251257,-33.53863815777004,134.60000610351562],[151.2566483952105,-33.53866841644049,133.39999389648438],[151.25664713792503,-33.538678139448166,133.1999969482422],[151.2566438689828,-33.53868752717972,133],[151.25661436468363,-33.53872759267688,132.39999389648438],[151.25660858117044,-33.53874251246452,132],[151.25661310739815,-33.53879012167454,131.8000030517578],[151.2565939128399,-33.538815937936306,132],[151.25657346099615,-33.538836892694235,132],[151.256512273103,-33.53887570090592,132.1999969482422],[151.2564800027758,-33.53890897706151,132],[151.2564520072192,-33.53894795291126,131.39999389648438],[151.256432980299,-33.53897217661142,131.1999969482422],[151.25636911019683,-33.5390199534595,130.1999969482422],[151.25635695643723,-33.539025485515594,129.8000030517578],[151.25634756870568,-33.53902774862945,129.60000610351562],[151.25632829032838,-33.539037220180035,129.39999389648438],[151.2563142925501,-33.53905758820474,129],[151.2563080061227,-33.539069490507245,128.8000030517578],[151.25628797337413,-33.53909212164581,128.60000610351562],[151.2562588043511,-33.53911424987018,128.39999389648438],[151.25623835250735,-33.53912673890591,128.1999969482422],[151.25622460618615,-33.53913428261876,128.1999969482422],[151.2561869714409,-33.539151130244136,128],[151.25617288984358,-33.5391703248024,128],[151.25615612603724,-33.53918666951358,127.80000305175781],[151.25613575801253,-33.53921977803111,127.19999694824219],[151.25613483600318,-33.53922908194363,127],[151.25612603500485,-33.539245426654816,126.19999694824219],[151.25611656345427,-33.53925389237702,125.80000305175781],[151.2560764979571,-33.53929018601775,124.80000305175781],[151.25605227425694,-33.539309883490205,124.4000015258789],[151.25597239471972,-33.539329413324594,123.5999984741211],[151.25594289042056,-33.53932463563979,123.4000015258789],[151.25593149103224,-33.53932958096266,123.4000015258789],[151.25590248964727,-33.53936327621341,122.80000305175781],[151.25588681548834,-33.5393828060478,122.80000305175781],[151.2558478396386,-33.539419854059815,122.80000305175781],[151.2558420561254,-33.539413483813405,122.80000305175781],[151.25583685934544,-33.53940594010055,122.80000305175781],[151.25583685934544,-33.53940594010055,122.5999984741211],[151.25583685934544,-33.53940594010055,122.5999984741211],[151.2558272201568,-33.53944885544479,122.80000305175781],[151.25579721294343,-33.539453549310565,123],[151.25579620711505,-33.53944843634963,123],[151.25579729676247,-33.5394449159503,123.19999694824219],[151.25579746440053,-33.53944583795965,123],[151.25577692873776,-33.53953334502876,122.80000305175781],[151.25575505197048,-33.539616325870156,123.19999694824219],[151.25572848133743,-33.53965429589152,123.5999984741211],[151.25571657903492,-33.53968799114227,124.80000305175781],[151.25572412274778,-33.5397210996598,125],[151.2556805368513,-33.53977516293526,125.80000305175781],[151.25567550770938,-33.539798967540264,126.19999694824219],[151.25566955655813,-33.53983551263809,126.4000015258789],[151.25567701645195,-33.5398540366441,126.80000305175781],[151.25568204559386,-33.53986267000437,127],[151.25569126568735,-33.539886474609375,127.19999694824219],[151.2556921876967,-33.539908519014716,127.4000015258789],[151.25568514689803,-33.539931904524565,127.5999984741211],[151.25567542389035,-33.53994783014059,127.5999984741211],[151.25569260679185,-33.53998295031488,127.5999984741211],[151.25568623654544,-33.539999881759286,127.4000015258789],[151.2556866556406,-33.54001530446112,127.4000015258789],[151.25569025985897,-33.54002905078232,127.4000015258789],[151.2556765973568,-33.54006936773658,127.5999984741211],[151.2556708138436,-33.54007875546813,127.5999984741211],[151.25568338669837,-33.54012804105878,127.80000305175781],[151.25568623654544,-33.54013491421938,127.80000305175781],[151.25568405725062,-33.54015142656863,128],[151.2556805368513,-33.54019174352288,128.60000610351562],[151.2556734122336,-33.54020859114826,128.8000030517578],[151.25566846691072,-33.54025041684508,129.60000610351562],[151.2556739989668,-33.54026894085109,130],[151.25565656460822,-33.54032007046044,130.8000030517578],[151.25565111637115,-33.54033029638231,131],[151.25563837587833,-33.5403754748404,132.1999969482422],[151.25561960041523,-33.540413277223706,132.39999389648438],[151.25558682717383,-33.5404655802995,132.8000030517578],[151.25558909028769,-33.54047706350684,133],[151.25558272004128,-33.540486032143235,133.1999969482422],[151.25557928346097,-33.54049801826477,133.39999389648438],[151.25557928346097,-33.54049977846444,133.60000610351562],[151.25554407946765,-33.54055962525308,133.8000030517578],[151.25551180914044,-33.540593991056085,134.1999969482422],[151.25548984855413,-33.54061930440366,134.60000610351562],[151.25544944778085,-33.54068694636226,135.39999389648438],[151.2554352823645,-33.54072944261134,136],[151.25542690046132,-33.540776129812,136.39999389648438],[151.25541826710105,-33.54079901240766,136.60000610351562],[151.25540368258953,-33.540817368775606,137],[151.25539261847734,-33.540836395695806,137.60000610351562],[151.25538364984095,-33.540864223614335,137.8000030517578],[151.25535037368536,-33.540971260517836,138],[151.25534802675247,-33.54098165407777,138.1999969482422],[151.25531391240656,-33.54110352694988,137.39999389648438],[151.25531734898686,-33.54111517779529,137.1999969482422],[151.25531617552042,-33.54116203263402,137.1999969482422],[151.25530377030373,-33.54117393493652,137.1999969482422],[151.25528340227902,-33.54120369069278,137.1999969482422],[151.2552841566503,-33.541263369843364,137],[151.2552793789655,-33.541275607421994,137],[151.2552342005074,-33.54134098626673,136.8000030517578],[151.25517477281392,-33.54139856994152,137],[151.25515054911375,-33.54142648167908,137],[151.25513462349772,-33.541494039818645,136.60000610351562],[151.25513009727,-33.541509713977575,136.60000610351562],[151.25511961989105,-33.541532177478075,136.39999389648438],[151.25512456521392,-33.54153812862933,136.39999389648438],[151.25514660961926,-33.54157576337457,136.1999969482422],[151.25514652580023,-33.54158582165837,136],[151.25513990409672,-33.541610883548856,136],[151.25514191575348,-33.541637286543846,135.8000030517578],[151.2551480345428,-33.54165614582598,135.39999389648438],[151.2551425024867,-33.54168942198157,134.8000030517578],[151.25511693768203,-33.541745161637664,134.39999389648438],[151.2550735194236,-33.54179956018925,134.60000610351562],[151.25505382195115,-33.54180660098791,135],[151.2550370581448,-33.5418055113405,135.39999389648438],[151.25501568429172,-33.54179972782731,135.8000030517578],[151.25497260130942,-33.54179956018925,136.39999389648438],[151.2549614533782,-33.541805343702435,136.60000610351562],[151.25490479171276,-33.54180249385536,136.8000030517578],[151.25488593243062,-33.541799895465374,136.8000030517578],[151.254876377061,-33.54179562069476,136.8000030517578],[151.2548768799752,-33.54179528541863,136.8000030517578],[151.2548792269081,-33.54179536923766,136.60000610351562],[151.2548792269081,-33.54179536923766,136.60000610351562],[151.25488023273647,-33.54179562069476,136.39999389648438],[151.25488107092679,-33.5417952015996,136.1999969482422],[151.25487403012812,-33.54179042391479,136.39999389648438],[151.25487285666168,-33.54179193265736,136.60000610351562],[151.25487260520458,-33.54179193265736,136.8000030517578],[151.25487260520458,-33.54179193265736,137.1999969482422],[151.25487277284265,-33.54178749024868,137.39999389648438],[151.25489632599056,-33.5417727380991,137.60000610351562],[151.254908060655,-33.54177240282297,137.60000610351562],[151.25491065904498,-33.54177231900394,136.60000610351562],[151.25489523634315,-33.54176997207105,137.60000610351562],[151.25489498488605,-33.54176938533783,137.60000610351562],[151.25489506870508,-33.541769133880734,137.60000610351562],[151.25490001402795,-33.54176879860461,136.39999389648438],[151.25491560436785,-33.54176888242364,136],[151.25491870567203,-33.54176896624267,136],[151.2549199629575,-33.54176972061396,136.1999969482422],[151.254921304062,-33.54177022352815,136.39999389648438],[151.25492272898555,-33.541770139709115,136.1999969482422],[151.2549223098904,-33.54176955297589,136.60000610351562],[151.25491635873914,-33.541768714785576,136.39999389648438],[151.2549138441682,-33.541768630966544,136.39999389648438],[151.2549120001495,-33.54176854714751,136.39999389648438],[151.25491267070174,-33.54174926877022,137.1999969482422],[151.25491920858622,-33.5417397134006,137.39999389648438],[151.25491979531944,-33.54173912666738,137.39999389648438],[151.25492147170007,-33.54173820465803,137.39999389648438],[151.254923902452,-33.54173803701997,137.1999969482422],[151.254923902452,-33.541735438629985,137.39999389648438],[151.25491929240525,-33.541731080040336,136.8000030517578],[151.25491828657687,-33.54172973893583,137],[151.25491828657687,-33.54172973893583,137.1999969482422],[151.25490713864565,-33.541728146374226,137],[151.25489657744765,-33.54173661209643,137.1999969482422],[151.25488936901093,-33.54173669591546,137.1999969482422],[151.25488802790642,-33.541737953200936,137.1999969482422],[151.25489071011543,-33.54173778556287,137.1999969482422],[151.25489179976285,-33.54173828847706,137.60000610351562],[151.2548924703151,-33.54173921048641,138.39999389648438],[151.254892218858,-33.541740383952856,137.1999969482422],[151.25489230267704,-33.541740803048015,137],[151.25489121302962,-33.541743401438,137.60000610351562],[151.25489071011543,-33.5417449939996,138],[151.2548901233822,-33.54174583218992,137.8000030517578],[151.25489020720124,-33.54174583218992,137.8000030517578],[151.254889536649,-33.54174650274217,137.8000030517578],[151.25488936901093,-33.54174725711346,137.8000030517578],[151.2548887822777,-33.54174834676087,137.8000030517578],[151.25488970428705,-33.541748598217964,137.8000030517578],[151.25498458743095,-33.54179025627673,137],[151.2550103198737,-33.54187642224133,136.60000610351562],[151.25498014502227,-33.54197055101395,136.8000030517578],[151.2549664825201,-33.54201698675752,137.1999969482422],[151.2549619562924,-33.54203559458256,137.1999969482422],[151.2549632973969,-33.54204355739057,137.1999969482422],[151.25497033819556,-33.54205168783665,137.1999969482422],[151.2549669854343,-33.542111702263355,137.1999969482422],[151.25496581196785,-33.542147409170866,137.39999389648438],[151.2549690809101,-33.54220029897988,137.39999389648438],[151.25496556051075,-33.54221203364432,137.39999389648438],[151.25495047308505,-33.5423166397959,137.1999969482422],[151.25496027991176,-33.542336504906416,137.1999969482422],[151.2549598608166,-33.542390149086714,137],[151.254958268255,-33.54239794425666,137],[151.25496019609272,-33.54240791872144,137],[151.2549630459398,-33.542428873479366,137],[151.254947707057,-33.54246097616851,137],[151.25495013780892,-33.54255208745599,137.8000030517578],[151.2549403309822,-33.542597852647305,138.1999969482422],[151.2549300212413,-33.54264152236283,138.60000610351562],[151.25492775812745,-33.54265443049371,138.60000610351562],[151.25491577200592,-33.54269960895181,139],[151.25491434708238,-33.542711678892374,139.1999969482422],[151.25492239370942,-33.542762054130435,139.60000610351562],[151.2549162749201,-33.54279926978052,139.8000030517578],[151.25490185804665,-33.542849477380514,140.8000030517578],[151.25490378588438,-33.542883172631264,141.1999969482422],[151.25489791855216,-33.542894488200545,141.39999389648438],[151.2548721022904,-33.542923238128424,142],[151.25485341064632,-33.54295349679887,142.60000610351562],[151.2548705097288,-33.5429953224957,143.1999969482422],[151.25487620942295,-33.543013175949454,143.39999389648438],[151.25490336678922,-33.54305542074144,144.1999969482422],[151.25490906648338,-33.54306564666331,144.60000610351562],[151.25491619110107,-33.543092887848616,145.60000610351562],[151.25492147170007,-33.543117782101035,146.1999969482422],[151.25492641702294,-33.543137814849615,146.8000030517578],[151.25497075729072,-33.54318307712674,147.8000030517578],[151.25498140230775,-33.54319321922958,148],[151.2549971602857,-33.5432474501431,149],[151.2550018541515,-33.54325398802757,149.39999389648438],[151.2550150975585,-33.543267231434584,149.8000030517578],[151.25503563322127,-33.543281396850944,150.1999969482422],[151.25505357049406,-33.54330033995211,150.39999389648438],[151.25508768483996,-33.543389523401856,151],[151.25507972203195,-33.54342447593808,151.39999389648438],[151.25507947057486,-33.54351726360619,151.8000030517578],[151.25508667901158,-33.543628910556436,152],[151.25507226213813,-33.5437445808202,152.1999969482422],[151.25507050193846,-33.54375187307596,152.39999389648438],[151.25507360324264,-33.54376243427396,152.39999389648438],[151.25506815500557,-33.543772576376796,152.60000610351562],[151.25504242256284,-33.543786741793156,153],[151.25501945614815,-33.54380174539983,153.39999389648438],[151.2550150975585,-33.543809205293655,153.8000030517578],[151.2550196237862,-33.54384164325893,154.60000610351562],[151.25500939786434,-33.543862933292985,154.60000610351562],[151.25496136955917,-33.543891767039895,155.60000610351562],[151.25490764155984,-33.5439345985651,156.60000610351562],[151.25489766709507,-33.54394532740116,156.8000030517578],[151.25483371317387,-33.54399452917278,157.39999389648438],[151.2547952402383,-33.54404104873538,157.39999389648438],[151.25478610396385,-33.54409620165825,157.39999389648438],[151.25479741953313,-33.54414456523955,157.60000610351562],[151.25480563379824,-33.544153701514006,157.8000030517578],[151.2548152729869,-33.544174656271935,158.39999389648438],[151.25481963157654,-33.54419158771634,159],[151.25482549890876,-33.54419896379113,159.1999969482422],[151.2548147700727,-33.54423936456442,160.1999969482422],[151.25476674176753,-33.54428747668862,161.39999389648438],[151.2547581922263,-33.544299211353064,161.39999389648438],[151.25472349114716,-33.54435562156141,162.1999969482422],[151.25471443869174,-33.54436727240682,162.39999389648438],[151.25469113700092,-33.54438856244087,162.8000030517578],[151.25465610064566,-33.5444388538599,163.39999389648438],[151.25462726689875,-33.54446609504521,163.60000610351562],[151.2545623909682,-33.54451538063586,164],[151.25454445369542,-33.5445234272629,164.1999969482422],[151.2545394245535,-33.54453348554671,164.1999969482422],[151.25453137792647,-33.54455544613302,164.60000610351562],[151.25452685169876,-33.54456349276006,164.60000610351562],[151.25451419502497,-33.54456910863519,164.8000030517578],[151.25446943566203,-33.54459526017308,164.8000030517578],[151.2544170487672,-33.544681426137686,164.39999389648438],[151.25435510650277,-33.54475744999945,164.60000610351562],[151.254318729043,-33.5448273550719,164],[151.25430582091212,-33.544844035059214,163.8000030517578],[151.2542695272714,-33.544868007302284,163.60000610351562],[151.25423868186772,-33.54488058015704,163.39999389648438],[151.25421462580562,-33.54489038698375,162.8000030517578],[151.2541670165956,-33.54492207057774,162.39999389648438],[151.25415595248342,-33.54492986574769,162.1999969482422],[151.25412913039327,-33.544938415288925,162],[151.2540790066123,-33.54497345164418,161.60000610351562],[151.25406014733016,-33.54500312358141,161.39999389648438],[151.25405805185437,-33.54503531008959,161.1999969482422],[151.25405821949244,-33.54507998563349,161.1999969482422],[151.25406224280596,-33.54508216492832,161.1999969482422],[151.2540655117482,-33.545081075280905,161.1999969482422],[151.25407825224102,-33.545094737783074,161.1999969482422],[151.25407984480262,-33.545104963704944,161.1999969482422],[151.2540526036173,-33.54515818879008,161.1999969482422],[151.25402360223234,-33.54517470113933,161],[151.25400088727474,-33.545227171853185,160.1999969482422],[151.25399518758059,-33.54524904862046,159.8000030517578],[151.25396870076656,-33.5453213006258,159],[151.25395629554987,-33.545356253162026,158],[151.25394062139094,-33.54540394619107,156.8000030517578],[151.25390868633986,-33.54545180685818,156],[151.25389569438994,-33.54546152986586,155.8000030517578],[151.25386401079595,-33.54548927396536,155.8000030517578],[151.25384280458093,-33.54552908800542,155.60000610351562],[151.25384339131415,-33.545540822669864,155.60000610351562],[151.25385344959795,-33.54558424092829,155.1999969482422],[151.25384967774153,-33.54559455066919,155],[151.25383123755455,-33.54562304913998,154.8000030517578],[151.25379494391382,-33.54565590620041,154.39999389648438],[151.25373467803,-33.5457272361964,153.8000030517578],[151.2537359353155,-33.54574768804014,153.39999389648438],[151.2537095323205,-33.54577023535967,152.60000610351562],[151.25370198860765,-33.545776437968016,152.39999389648438],[151.2536918465048,-33.545784316957,152.1999969482422],[151.25365303829312,-33.545809630304575,151.60000610351562],[151.2535903416574,-33.545853551477194,150.1999969482422],[151.25355421565473,-33.5458879172802,150],[151.25353845767677,-33.545918595045805,149.1999969482422],[151.25352219678462,-33.54596586897969,148.1999969482422],[151.2534764315933,-33.545988416299224,147.1999969482422],[151.25342655926943,-33.54600191116333,146.60000610351562],[151.2533604260534,-33.54606091976166,146.1999969482422],[151.25333192758262,-33.54607810266316,145.8000030517578],[151.25330795533955,-33.54613007046282,145],[151.25329873524606,-33.546148259192705,144.8000030517578],[151.25324894674122,-33.54620508849621,144],[151.2532383017242,-33.54622327722609,143.39999389648438],[151.25323603861034,-33.54623216204345,143.1999969482422],[151.25322547741234,-33.546262588351965,142.8000030517578],[151.25318641774356,-33.546332996338606,141.60000610351562],[151.2531701568514,-33.54634749703109,141.1999969482422],[151.25315573997796,-33.54635847732425,140.8000030517578],[151.2531410716474,-33.54637096635997,140.60000610351562],[151.25304786488414,-33.546427795663476,140.39999389648438],[151.25297259539366,-33.54650214314461,140.1999969482422],[151.25294711440802,-33.54653215035796,139.39999389648438],[151.25294166617095,-33.54655939154327,138.8000030517578],[151.25293336808681,-33.546562576666474,138.8000030517578],[151.2529130000621,-33.546579172834754,138.1999969482422],[151.25288483686745,-33.5465959366411,137.39999389648438],[151.25287603586912,-33.54660130105913,137],[151.2528802268207,-33.546617394313216,136.39999389648438],[151.25291752628982,-33.54666533879936,136.39999389648438],[151.25291551463306,-33.546696016564965,135.8000030517578],[151.25288911163807,-33.54673029854894,135],[151.2528828252107,-33.54674119502306,135],[151.25286363065243,-33.54676214978099,134.8000030517578],[151.25284896232188,-33.546776147559285,134.60000610351562],[151.25284778885543,-33.5467875469476,134.39999389648438],[151.25286103226244,-33.54684932157397,133.39999389648438],[151.2528566736728,-33.54687622748315,133],[151.252833455801,-33.54693121276796,132.39999389648438],[151.25283823348582,-33.54694780893624,132.39999389648438],[151.25284259207547,-33.54695862159133,132.1999969482422],[151.25283940695226,-33.54697245173156,132.1999969482422],[151.2528128363192,-33.54703112505376,131.60000610351562],[151.2528125848621,-33.54706515558064,131.60000610351562],[151.25281183049083,-33.54708954691887,131.39999389648438],[151.25280202366412,-33.54710714891553,131.39999389648438],[151.2527665682137,-33.54717277921736,130.8000030517578],[151.25275039114058,-33.54717847891152,130.39999389648438],[151.2527361419052,-33.54722483083606,130],[151.25273681245744,-33.54724260047078,129.39999389648438],[151.25274033285677,-33.54727562516928,128.1999969482422],[151.2527285143733,-33.54730747640133,127.19999694824219],[151.25271510332823,-33.54733790270984,125.80000305175781],[151.2527158576995,-33.54735743254423,125],[151.25270194374025,-33.54737989604473,124.80000305175781],[151.25265391543508,-33.54744426906109,124.80000305175781],[151.2525932304561,-33.54753655381501,124.19999694824219],[151.25258007086813,-33.54765574447811,124],[151.25255366787314,-33.54769354686141,125],[151.25255811028183,-33.54771508835256,125],[151.25255945138633,-33.54772632010281,124.80000305175781],[151.25258107669652,-33.54776177555323,123.5999984741211],[151.25258015468717,-33.54777610860765,123.4000015258789],[151.2525765504688,-33.547804271802306,123],[151.25250698067248,-33.547898987308145,123.5999984741211],[151.2525099143386,-33.54790410026908,124],[151.25250371173024,-33.54792270809412,124.5999984741211],[151.25254067592323,-33.54800376109779,123.80000305175781],[151.25253749080002,-33.54802530258894,123.5999984741211],[151.25253380276263,-33.54806595481932,123],[151.25252215191722,-33.54808825068176,122.4000015258789],[151.25246515497565,-33.5481552220881,123],[151.25246389769018,-33.5481742490083,123.5999984741211],[151.2524716090411,-33.548224456608295,124.19999694824219],[151.2524665798992,-33.5482519492507,123.5999984741211],[151.25245719216764,-33.54828908108175,123.4000015258789],[151.25245040282607,-33.54832009412348,123.80000305175781],[151.25247077085078,-33.54833845049143,123.80000305175781],[151.2525247503072,-33.54841958731413,123.80000305175781],[151.25252407975495,-33.54844783432782,124],[151.25250932760537,-33.548475075513124,124.80000305175781],[151.2524959165603,-33.54849142022431,125.5999984741211],[151.25248577445745,-33.548498125746846,126],[151.25244445167482,-33.54852385818958,127.19999694824219],[151.25241553410888,-33.548525450751185,128],[151.25239298678935,-33.54853307828307,128.39999389648438],[151.25235074199736,-33.548546908423305,128.8000030517578],[151.25232903286815,-33.548555793240666,129.39999389648438],[151.25231084413826,-33.548566941171885,129.60000610351562],[151.25225099734962,-33.54861756786704,130.8000030517578],[151.2522276956588,-33.54864765889943,131.1999969482422],[151.25220355577767,-33.548680264502764,131.8000030517578],[151.25218612141907,-33.548704823479056,132.60000610351562],[151.25218561850488,-33.54870247654617,132.39999389648438],[151.25218561850488,-33.54870247654617,132.8000030517578],[151.25220112502575,-33.54873223230243,131.60000610351562],[151.2522094231099,-33.5487630777061,131.39999389648438],[151.25220011919737,-33.548860140144825,131.60000610351562],[151.252196514979,-33.54887899942696,131.60000610351562],[151.25219031237066,-33.5489010438323,131.60000610351562],[151.25214572064579,-33.5489565320313,131.8000030517578],[151.25213130377233,-33.54900414124131,132],[151.25213976949453,-33.54901487007737,132],[151.2521465588361,-33.54902459308505,132],[151.25215385109186,-33.5490358248353,132],[151.25216206535697,-33.54906180873513,132.1999969482422],[151.2521563656628,-33.549102460965514,132.39999389648438],[151.2521486543119,-33.549136659130454,132.60000610351562],[151.25214857049286,-33.549146968871355,132.8000030517578],[151.25216307118535,-33.54920488782227,133],[151.25216541811824,-33.54921419173479,133.1999969482422],[151.25216843560338,-33.54929809458554,133.8000030517578],[151.2521862052381,-33.549385350197554,134.8000030517578],[151.25218503177166,-33.54940949007869,135],[151.25216600485146,-33.549445951357484,135.8000030517578],[151.25216759741306,-33.549465062096715,136],[151.25217187218368,-33.549491465091705,136.60000610351562],[151.2521722074598,-33.549531027674675,137],[151.25216801650822,-33.54954385198653,137.1999969482422],[151.25213180668652,-33.54958643205464,138.1999969482422],[151.25211361795664,-33.54961333796382,139.1999969482422],[151.25210951082408,-33.54962842538953,140],[151.25211386941373,-33.54964284226298,140.39999389648438],[151.2521256878972,-33.54965650476515,140.39999389648438],[151.2521449662745,-33.54967293329537,140.60000610351562],[151.25215167179704,-33.549680979922414,140.60000610351562],[151.25214052386582,-33.54969690553844,141.1999969482422],[151.25213457271457,-33.54970470070839,141.60000610351562],[151.2521351594478,-33.54971190914512,141.8000030517578],[151.25212552025914,-33.54975742287934,142.8000030517578],[151.2521447148174,-33.54981768876314,144],[151.25215410254896,-33.549845265224576,144.8000030517578],[151.25215569511056,-33.549855491146445,145],[151.25215066596866,-33.549870578572154,145.39999389648438],[151.25213842839003,-33.54988591745496,146.1999969482422],[151.25213557854295,-33.54990913532674,147.1999969482422],[151.2521328125149,-33.549921372905374,147.60000610351562],[151.25211546197534,-33.54995590634644,148.60000610351562],[151.25209283083677,-33.55001416057348,150],[151.25209216028452,-33.550036707893014,150.8000030517578],[151.25208637677133,-33.550045005977154,151.1999969482422],[151.2520810123533,-33.550057746469975,152.39999389648438],[151.25208201818168,-33.55006202124059,152.60000610351562],[151.2520878855139,-33.55008431710303,153.39999389648438],[151.25207087025046,-33.55010476894677,154.39999389648438],[151.25206877477467,-33.55010686442256,154.60000610351562],[151.2520514242351,-33.55012798681855,155],[151.25203642062843,-33.55014299042523,155.60000610351562],[151.25201244838536,-33.550167214125395,156.39999389648438],[151.25201060436666,-33.550177523866296,156.60000610351562],[151.2519811000675,-33.55021574534476,157.8000030517578],[151.25197498127818,-33.55022479780018,157.8000030517578],[151.2519517634064,-33.550272239372134,158.8000030517578],[151.25193550251424,-33.550289925187826,159.8000030517578],[151.25193818472326,-33.55029403232038,160.39999389648438],[151.2519364245236,-33.55030417442322,161],[151.25191127881408,-33.550305515527725,162],[151.25190189108253,-33.5503051802516,162],[151.25183659605682,-33.55033099651337,162.1999969482422],[151.2517593987286,-33.55036159045994,162.39999389648438],[151.25170692801476,-33.55038162320852,163.1999969482422],[151.2516729813069,-33.550404170528054,163.8000030517578],[151.25165672041476,-33.550443816930056,164.1999969482422],[151.25165018253028,-33.550460413098335,164.60000610351562],[151.25163350254297,-33.55049762874842,165.1999969482422],[151.25164582394063,-33.550539622083306,166],[151.25165068544447,-33.55055118910968,166.39999389648438],[151.25167256221175,-33.550570886582136,167.39999389648438],[151.25166216865182,-33.55059745721519,168.39999389648438],[151.25165672041476,-33.550606928765774,168.60000610351562],[151.25165353529155,-33.55065814219415,169.39999389648438],[151.25165227800608,-33.5506712179631,169.8000030517578],[151.2516436446458,-33.55074958875775,170.8000030517578],[151.2516462430358,-33.550758473575115,171],[151.25165060162544,-33.550769202411175,171],[151.25169955193996,-33.550823433324695,171.8000030517578],[151.25171061605215,-33.55083106085658,171.8000030517578],[151.2517622485757,-33.55093214660883,172.60000610351562],[151.25177004374564,-33.55099861510098,173],[151.25176903791726,-33.55103675276041,173.1999969482422],[151.25179217197,-33.551052091643214,173.39999389648438],[151.25180843286216,-33.551060389727354,173.8000030517578],[151.2518190778792,-33.55106550268829,174.1999969482422],[151.25188789330423,-33.551133228465915,174.8000030517578],[151.25194396823645,-33.55121889151633,174.8000030517578],[151.25199291855097,-33.55131335556507,174.60000610351562],[151.25204069539905,-33.55136641301215,174.60000610351562],[151.25207053497434,-33.55139885097742,174.60000610351562],[151.25214354135096,-33.55146364308894,174.8000030517578],[151.25214647501707,-33.55150337330997,174.8000030517578],[151.2521507497877,-33.5515137668699,174.8000030517578],[151.25217530876398,-33.55154729448259,174.8000030517578],[151.25219182111323,-33.551565734669566,174.8000030517578],[151.25223582610488,-33.55160797946155,174.8000030517578],[151.25228645280004,-33.5516607016325,175],[151.2522850278765,-33.55168400332332,175],[151.25227086246014,-33.551731780171394,174.8000030517578],[151.2522427830845,-33.55185013264418,174.1999969482422],[151.25224228017032,-33.55186237022281,174.1999969482422],[151.25225879251957,-33.55195599608123,173.60000610351562],[151.25226507894695,-33.55196747928858,173.60000610351562],[151.25228335149586,-33.55199974961579,173.39999389648438],[151.25230983830988,-33.55205406434834,173.1999969482422],[151.25231218524277,-33.55206781066954,173.1999969482422],[151.25233255326748,-33.552099242806435,173.1999969482422],[151.252360381186,-33.55211902409792,173.1999969482422],[151.2523846887052,-33.552164286375046,173],[151.25238779000938,-33.55218993499875,173],[151.25240589492023,-33.55223100632429,172.8000030517578],[151.25241645611823,-33.55230803601444,172.1999969482422],[151.2524188030511,-33.55231809429824,172],[151.2524338066578,-33.55239889584482,171.1999969482422],[151.25243799760938,-33.55241331271827,171],[151.25245300121605,-33.55246536433697,170.60000610351562],[151.25245878472924,-33.55247860774398,170.60000610351562],[151.252471357584,-33.552505094558,170.39999389648438],[151.25247705727816,-33.55255018919706,170.1999969482422],[151.25248292461038,-33.55258556082845,170],[151.25248518772423,-33.55267885141075,169.1999969482422],[151.25246850773692,-33.55274649336934,169],[151.25247756019235,-33.552814638242126,168.8000030517578],[151.25249206088483,-33.55292393825948,168],[151.2524930667132,-33.55296978726983,167.8000030517578],[151.25249868258834,-33.553036926314235,167.60000610351562],[151.25250631012022,-33.553090738132596,167.39999389648438],[151.2525151949376,-33.55311487801373,167.1999969482422],[151.25252097845078,-33.55312812142074,167],[151.25252416357398,-33.553155697882175,167],[151.25252391211689,-33.55316910892725,166.8000030517578],[151.252529527992,-33.55318042449653,166.8000030517578],[151.25253070145845,-33.55320389382541,166.60000610351562],[151.25251133926213,-33.55327120050788,165.8000030517578],[151.25249817967415,-33.55329961515963,165.60000610351562],[151.25246440060437,-33.55342601425946,165],[151.2524732016027,-33.55344554409385,164.8000030517578],[151.25246968120337,-33.55349851772189,164.8000030517578],[151.25245358794928,-33.55358208529651,165.1999969482422],[151.25245702452958,-33.55361569672823,165.39999389648438],[151.2524726986885,-33.55363472364843,165.39999389648438],[151.2524795718491,-33.55364520102739,165.60000610351562],[151.252508321777,-33.553732708096504,166.1999969482422],[151.2525048851967,-33.553755255416036,166.39999389648438],[151.25249583274126,-33.55377704836428,166.60000610351562],[151.25249608419836,-33.55379976332188,166.60000610351562],[151.25248527154326,-33.553843600675464,166.8000030517578],[151.2524718604982,-33.55391979217529,166.8000030517578],[151.25249390490353,-33.55398793704808,167.1999969482422],[151.25250949524343,-33.554061613976955,167.39999389648438],[151.25248518772423,-33.5541127435863,167.39999389648438],[151.25243866816163,-33.55419379658997,167.8000030517578],[151.2524193059653,-33.55423235334456,167.8000030517578],[151.25240983441472,-33.554252637550235,167.60000610351562],[151.2524034641683,-33.55425205081701,167.60000610351562],[151.25240564346313,-33.554251631721854,168],[151.25240564346313,-33.554251631721854,168],[151.25241042114794,-33.55424978770316,167],[151.25241184607148,-33.55424978770316,167],[151.2524124328047,-33.55424978770316,167],[151.2524126842618,-33.55424978770316,167],[151.2524129357189,-33.55424978770316,167],[151.25241310335696,-33.55424978770316,167],[151.2524137739092,-33.55424978770316,167.1999969482422],[151.25241436064243,-33.55424995534122,167.1999969482422],[151.2524161208421,-33.55425003916025,167.1999969482422],[151.25241142697632,-33.554248278960586,167.8000030517578],[151.25240866094828,-33.55424886569381,168],[151.25240270979702,-33.55425246991217,167.8000030517578],[151.25234101898968,-33.55432421900332,167.8000030517578],[151.25226457603276,-33.55438138358295,167.1999969482422],[151.25222761183977,-33.55441030114889,166.60000610351562],[151.25215410254896,-33.55444751679897,166.39999389648438],[151.25214228406549,-33.55445061810315,166.39999389648438],[151.25212862156332,-33.554455898702145,166.39999389648438],[151.25211940146983,-33.55446050874889,166.39999389648438],[151.2521161325276,-33.55446830391884,166.39999389648438],[151.25209702178836,-33.55448649264872,166.60000610351562],[151.25208587385714,-33.554484732449055,166.60000610351562],[151.25206558965147,-33.55447526089847,166.39999389648438],[151.2520337384194,-33.5544496960938,165.8000030517578],[151.25202770344913,-33.55444139800966,165.60000610351562],[151.25199040398002,-33.554434860125184,164.60000610351562],[151.25196752138436,-33.554443158209324,164.39999389648438],[151.25192075036466,-33.55446067638695,163.39999389648438],[151.25190566293895,-33.55447668582201,163],[151.25190557911992,-33.55448515154421,163],[151.25191379338503,-33.55450778268278,163],[151.25188588164747,-33.5545392986387,163.1999969482422],[151.25185520388186,-33.55455530807376,163.39999389648438],[151.25182670541108,-33.55456955730915,163.1999969482422],[151.25173433683813,-33.5545826330781,162.60000610351562],[151.25172855332494,-33.55459059588611,162.60000610351562],[151.2517014797777,-33.55461071245372,162.39999389648438],[151.25164414756,-33.55464432388544,162.39999389648438],[151.2516251206398,-33.55463887564838,162.39999389648438],[151.25160986557603,-33.55463359504938,162.39999389648438],[151.2515614181757,-33.554604509845376,162.1999969482422],[151.2515291478485,-33.55458481237292,161.8000030517578],[151.25150785781443,-33.55456419289112,161.39999389648438],[151.25148774124682,-33.55455916374922,160.8000030517578],[151.25146024860442,-33.55455338023603,160.1999969482422],[151.25144666992128,-33.55454759672284,160],[151.25142445787787,-33.5545255523175,159.1999969482422],[151.25141892582178,-33.554503340274096,158.39999389648438],[151.2514184229076,-33.55448439717293,158],[151.25141691416502,-33.55447090230882,157.8000030517578],[151.25142973847687,-33.55443092063069,157],[151.25140802934766,-33.55441767722368,156],[151.25139034353197,-33.554411390796304,155.60000610351562],[151.2513367831707,-33.55438482016325,154.8000030517578],[151.25130149535835,-33.55436570942402,153.8000030517578],[151.25129286199808,-33.5543579980731,153.60000610351562],[151.25124759972095,-33.55434919707477,152.8000030517578],[151.25124148093164,-33.55434022843838,152.60000610351562],[151.25122547149658,-33.55428574606776,151.60000610351562],[151.25121876597404,-33.55427828617394,151.39999389648438],[151.25121080316603,-33.55425003916025,150.39999389648438],[151.25120242126286,-33.554231096059084,149.8000030517578],[151.25120879150927,-33.554220870137215,149.60000610351562],[151.25121432356536,-33.55420687235892,149.1999969482422],[151.25121264718473,-33.55418608523905,148.39999389648438],[151.25121155753732,-33.55417460203171,148.1999969482422],[151.25120166689157,-33.554152054712176,147.39999389648438],[151.25119152478874,-33.55414643883705,147.1999969482422],[151.25117409043014,-33.554136380553246,147],[151.25115447677672,-33.55409790761769,146],[151.25115145929158,-33.55407158844173,144.8000030517578],[151.25115271657705,-33.554069912061095,144.60000610351562],[151.25113746151328,-33.55405683629215,143.8000030517578],[151.25114299356937,-33.554038144648075,143],[151.251152548939,-33.55402372777462,142.8000030517578],[151.25114584341645,-33.554013250395656,141.8000030517578],[151.2511486094445,-33.55400579050183,141.39999389648438],[151.25113243237138,-33.5539869312197,140.39999389648438],[151.25111407600343,-33.553979806602,140],[151.25109404325485,-33.553960444405675,139.1999969482422],[151.2510701548308,-33.55394468642771,138.1999969482422],[151.25106973573565,-33.55393764562905,137.8000030517578],[151.25106395222247,-33.55391342192888,137],[151.251065377146,-33.5539021063596,136.60000610351562],[151.2510632816702,-33.55388827621937,136],[151.2510576657951,-33.55387360788882,135.1999969482422],[151.25104517675936,-33.55386019684374,134.60000610351562],[151.25102958641946,-33.5538384038955,133.60000610351562],[151.2510238867253,-33.55382197536528,132.8000030517578],[151.25101827085018,-33.55380395427346,132.1999969482422],[151.25100846402347,-33.553788950666785,131.1999969482422],[151.25099228695035,-33.55376020073891,130],[151.2509895209223,-33.5537432692945,129.39999389648438],[151.25097719952464,-33.55373647995293,128.60000610351562],[151.25095766969025,-33.553723488003016,127.80000305175781],[151.2509522214532,-33.553717620670795,127.5999984741211],[151.25093067996204,-33.55369498953223,126.5999984741211],[151.25091089867055,-33.553687362000346,126],[151.25087116844952,-33.5536861885339,125.5999984741211],[151.250853901729,-33.553668251261115,124.80000305175781],[151.25084593892097,-33.55366850271821,124.4000015258789],[151.25081023201346,-33.553667329251766,123.80000305175781],[151.25078852288425,-33.55366406030953,123.4000015258789],[151.25076346099377,-33.553666323423386,123.4000015258789],[151.25074619427323,-33.55367638170719,123],[151.2507249880582,-33.55368082411587,122.80000305175781],[151.25072322785854,-33.55368032120168,122.4000015258789],[151.25071400776505,-33.553684344515204,122.19999694824219],[151.25069372355938,-33.55367939919233,121.5999984741211],[151.25067746266723,-33.553675543516874,121.19999694824219],[151.25063764862716,-33.553676130250096,120.19999694824219],[151.2506329547614,-33.55367571115494,120.19999694824219],[151.25060873106122,-33.55365375056863,119],[151.25060638412833,-33.55365324765444,118.5999984741211],[151.25059699639678,-33.55364587157965,118],[151.25058325007558,-33.553636483848095,117],[151.2505634687841,-33.55363531038165,116.80000305175781],[151.25054938718677,-33.553625252097845,116.5999984741211],[151.25053119845688,-33.55360412970185,116.5999984741211],[151.25048124231398,-33.55357923544943,115.80000305175781],[151.2504712678492,-33.55357378721237,115.5999984741211],[151.25046716071665,-33.55355576612055,114.5999984741211],[151.25044955872,-33.553546629846096,113.4000015258789],[151.25045307911932,-33.5535535030067,113.19999694824219],[151.2504429370165,-33.553560795262456,113.5999984741211],[151.2504429370165,-33.553560795262456,112.80000305175781],[151.2504429370165,-33.553560795262456,112.4000015258789],[151.2504429370165,-33.553559705615044,111.19999694824219],[151.25044142827392,-33.55355425737798,110.19999694824219],[151.25042944215238,-33.553552916273475,109.19999694824219],[151.25040689483285,-33.553524585440755,108.19999694824219],[151.25037923455238,-33.55349558405578,107.19999694824219],[151.25037236139178,-33.55349055491388,107],[151.25033070333302,-33.55346976779401,106.80000305175781],[151.25029273331165,-33.553443448618054,106.5999984741211],[151.250280411914,-33.55342090129852,106],[151.2502489797771,-33.55338494293392,105],[151.25025576911867,-33.553353594616055,104.19999694824219],[151.25025736168027,-33.55335300788283,104],[151.25024436973035,-33.55333440005779,103.5999984741211],[151.25021536834538,-33.553318390622735,103],[151.25018536113203,-33.55331277474761,102.80000305175781],[151.2501250114292,-33.55329995043576,102.5999984741211],[151.2500841077417,-33.553282180801034,102.19999694824219],[151.25002996064723,-33.55328083969653,102],[151.25001579523087,-33.55328997597098,102],[151.25000783242285,-33.553287629038095,102.19999694824219],[151.24997237697244,-33.55328653939068,102.19999694824219],[151.24995024874806,-33.5532823484391,102.19999694824219],[151.2499054055661,-33.55327212251723,101.80000305175781],[151.24988193623722,-33.5532596334815,101.4000015258789],[151.249860227108,-33.55325493961573,100.80000305175781],[151.24981798231602,-33.55324488133192,100],[151.24981270171702,-33.5532406065613,99.5999984741211],[151.24979342333972,-33.55323893018067,99],[151.24977657571435,-33.55323540978134,98.4000015258789],[151.24976383522153,-33.55323323048651,97.80000305175781],[151.24973852187395,-33.55323691852391,97.4000015258789],[151.2497251946479,-33.55324194766581,97.19999694824219],[151.24970658682287,-33.553247731179,97],[151.24967532232404,-33.55323524214327,96.19999694824219],[151.24966559931636,-33.553234403952956,95.80000305175781],[151.2496479973197,-33.55321244336665,95],[151.24964229762554,-33.55320774950087,94.19999694824219],[151.24963114969432,-33.55320682749152,94],[151.2496115360409,-33.553184950724244,93.5999984741211],[151.24959586188197,-33.55318863876164,92.80000305175781],[151.24959309585392,-33.55317480862141,91.5999984741211],[151.24956786632538,-33.553156116977334,90.5999984741211],[151.24954858794808,-33.5531528480351,90],[151.2495386134833,-33.55314807035029,89.4000015258789],[151.2495224364102,-33.553139101713896,89],[151.24949636869133,-33.55312066152692,88.19999694824219],[151.24947943724692,-33.553114207461476,87.4000015258789],[151.2494651041925,-33.553116051480174,87],[151.2494275532663,-33.5530992038548,86],[151.24940810725093,-33.5530870500952,84.80000305175781],[151.2493969593197,-33.553087217733264,84.4000015258789],[151.2493919301778,-33.55307975783944,83.80000305175781],[151.24937600456178,-33.55306902900338,82.5999984741211],[151.2493630964309,-33.55306928046048,82.19999694824219],[151.24934289604425,-33.553067268803716,81.5999984741211],[151.24932386912405,-33.55306944809854,80.5999984741211],[151.2493218574673,-33.553064251318574,80.4000015258789],[151.24930869787931,-33.55305972509086,79.5999984741211],[151.24929143115878,-33.553066765889525,79.4000015258789],[151.24928900040686,-33.5530661791563,79],[151.24928900040686,-33.5530661791563,78.80000305175781],[151.24928900040686,-33.5530661791563,78.19999694824219],[151.24927282333374,-33.5530611500144,77.4000015258789],[151.24926418997347,-33.55305922217667,77],[151.2492486834526,-33.55306106619537,76.80000305175781],[151.24917224049568,-33.55308453552425,76.19999694824219],[151.24913435429335,-33.55309149250388,76],[151.24910820275545,-33.55310574173927,76],[151.24906344339252,-33.55311378836632,75.5999984741211],[151.24905196018517,-33.55311102233827,75],[151.24904793687165,-33.553102388978004,74.80000305175781],[151.24903636984527,-33.55309886857867,74],[151.2490242999047,-33.553099958226085,73.5999984741211],[151.24899823218584,-33.55309769511223,72.80000305175781],[151.2489844020456,-33.55308637954295,72.19999694824219],[151.2489835638553,-33.553092665970325,71.80000305175781],[151.24898431822658,-33.55309442616999,71.4000015258789],[151.24897358939052,-33.55308126658201,70.5999984741211],[151.24898130074143,-33.55307087302208,70.19999694824219],[151.24898406676948,-33.553056539967656,69.4000015258789],[151.24897886998951,-33.55305863544345,68.4000015258789],[151.24897660687566,-33.55306106619537,68.19999694824219],[151.24893662519753,-33.55305997654796,67.19999694824219],[151.24892681837082,-33.55304790660739,66],[151.24892178922892,-33.55303759686649,65.4000015258789],[151.24892740510404,-33.55303281918168,65],[151.2489307578653,-33.55302628129721,64.80000305175781],[151.24894073233008,-33.55302116833627,63.599998474121094],[151.24893637374043,-33.55301672592759,63.400001525878906],[151.2489296682179,-33.55300691910088,62.599998474121094],[151.2489296682179,-33.55300691910088,61.599998474121094],[151.2489296682179,-33.55301035568118,61],[151.2489296682179,-33.55301328934729,60.400001525878906],[151.24891826882958,-33.55301337316632,59],[151.24888331629336,-33.55301069095731,58],[151.24886236153543,-33.55300155468285,56.79999923706055],[151.24884626828134,-33.552993424236774,55.599998474121094],[151.248840065673,-33.552991915494204,54.599998474121094],[151.2487953901291,-33.55296333320439,53.400001525878906],[151.248768735677,-33.55293734930456,52.599998474121094],[151.2487610243261,-33.55292905122042,52.400001525878906],[151.24874342232943,-33.55291505344212,52],[151.24874132685363,-33.552914718165994,51.79999923706055],[151.2487399019301,-33.552912287414074,51.20000076293945],[151.248739650473,-33.552911868318915,51.20000076293945],[151.24873998574913,-33.55290633626282,50.599998474121094],[151.24874275177717,-33.55290298350155,50.20000076293945],[151.24872900545597,-33.55289552360773,49],[151.24872481450438,-33.552891751751304,48.400001525878906],[151.24872657470405,-33.55288429185748,47.599998474121094],[151.24870813451707,-33.552888818085194,46.599998474121094],[151.2486624531448,-33.55288521386683,45.400001525878906],[151.24863194301724,-33.552868869155645,44.599998474121094],[151.24861400574446,-33.55286065489054,44.400001525878906],[151.24860394746065,-33.55283978395164,44],[151.24860637821257,-33.55282796546817,43.400001525878906],[151.24859288334846,-33.55280885472894,42.599998474121094],[151.24858064576983,-33.55280550196767,42.20000076293945],[151.24854192137718,-33.55279393494129,41.599998474121094],[151.2484909594059,-33.55277817696333,41.400001525878906],[151.24840814620256,-33.552757976576686,41.400001525878906],[151.2483871076256,-33.552747666835785,41.20000076293945],[151.2483506463468,-33.5527622513473,41],[151.24825274571776,-33.552838023751974,40.599998474121094],[151.24825727194548,-33.55283299461007,40.599998474121094],[151.24827487394214,-33.55281053110957,40.599998474121094],[151.24828292056918,-33.55282075703144,40.400001525878906],[151.24829289503396,-33.55281715281308,40.400001525878906],[151.24829599633813,-33.55281145311892,40.599998474121094],[151.24829599633813,-33.55281145311892,40.400001525878906],[151.24829599633813,-33.55281145311892,40.400001525878906],[151.24829230830073,-33.55281229130924,41.20000076293945],[151.24826515093446,-33.55282377451658,40.79999923706055],[151.24824847094715,-33.552818577736616,40.599998474121094],[151.24824168160558,-33.552800975739956,40.20000076293945],[151.2482353951782,-33.55279376730323,40.79999923706055],[151.24824000522494,-33.552792090922594,40.599998474121094],[151.24824126251042,-33.5527884028852,40.400001525878906],[151.24825014732778,-33.552792174741626,41.20000076293945],[151.24825601466,-33.5528106149286,41.400001525878906],[151.24827604740858,-33.55280457995832,41.400001525878906],[151.2482832558453,-33.55280231684446,41.400001525878906],[151.2482885364443,-33.5528003051877,41.400001525878906],[151.24829130247235,-33.55279494076967,41.20000076293945],[151.24829105101526,-33.55279494076967,41.20000076293945],[151.24829096719623,-33.552795108407736,41.20000076293945],[151.2482908833772,-33.55279519222677,41.20000076293945],[151.24829121865332,-33.552795108407736,41.400001525878906],[151.24829138629138,-33.552795024588704,41.400001525878906],[151.24829130247235,-33.552795024588704,41.400001525878906],[151.24829138629138,-33.552795108407736,41.400001525878906],[151.24828979372978,-33.55279636569321,41.79999923706055],[151.24828962609172,-33.552796533331275,41.79999923706055],[151.24828970991075,-33.55279661715031,41.79999923706055],[151.24828920699656,-33.552797036245465,41.79999923706055],[151.24830873683095,-33.552777003496885,42],[151.24832625500858,-33.55271807871759,42.20000076293945],[151.2483651470393,-33.552650855854154,42.20000076293945],[151.2483958248049,-33.55257642455399,42.400001525878906],[151.2484095711261,-33.55256360024214,42.20000076293945],[151.24842683784664,-33.55253820307553,42.20000076293945],[151.24842616729438,-33.55252747423947,42],[151.24838727526367,-33.552457485347986,41.20000076293945],[151.2483754567802,-33.552410546690226,40.79999923706055],[151.24835634604096,-33.55232086032629,40.79999923706055],[151.2483387440443,-33.55228171683848,40.79999923706055],[151.24832407571375,-33.55220200493932,40.79999923706055],[151.2483408395201,-33.55216889642179,41],[151.24836950562894,-33.552130507305264,41.20000076293945],[151.24837847426534,-33.55209664441645,41],[151.24837746843696,-33.55208524502814,41],[151.24837487004697,-33.552066385746,41],[151.24842658638954,-33.5520407371223,41.400001525878906],[151.24844879843295,-33.55203746818006,42.400001525878906],[151.24845508486032,-33.55203461833298,42.79999923706055],[151.24847478233278,-33.55202623642981,43.400001525878906],[151.24849473126233,-33.55201953090727,43.79999923706055],[151.2484978325665,-33.55201098136604,44.20000076293945],[151.24849607236683,-33.55198793113232,44.599998474121094],[151.24848903156817,-33.5519318562001,44.79999923706055],[151.24849162995815,-33.551904782652855,45],[151.24850772321224,-33.55189271271229,45],[151.24851618893445,-33.55188835412264,45],[151.24857461079955,-33.55184577405453,45.400001525878906],[151.24859212897718,-33.5517693310976,45.20000076293945],[151.24858500435948,-33.551762122660875,45.20000076293945],[151.24857779592276,-33.55173831805587,45],[151.24858391471207,-33.551713759079576,44.79999923706055],[151.24859045259655,-33.55170479044318,44.599998474121094],[151.2485813163221,-33.55165961198509,44.400001525878906],[151.24858483672142,-33.55163589119911,43.20000076293945],[151.248565223068,-33.55157411657274,42.20000076293945],[151.24858517199755,-33.551533380523324,42.599998474121094],[151.24858701601624,-33.55152944102883,42.599998474121094],[151.2485853396356,-33.5514688398689,42.79999923706055],[151.24860872514546,-33.551447466015816,43.20000076293945],[151.24865331687033,-33.551393235102296,43.79999923706055],[151.24866982921958,-33.55131444521248,43.400001525878906],[151.24867628328502,-33.551301369443536,43.20000076293945],[151.24869547784328,-33.55126281268895,43],[151.24870972707868,-33.551248563453555,43],[151.24871576204896,-33.551247557625175,43],[151.2487639579922,-33.55118335224688,43.20000076293945],[151.24888851307333,-33.55096575804055,42.79999923706055],[151.24890276230872,-33.55094128288329,42],[151.24890636652708,-33.55089702643454,41.400001525878906],[151.24892975203693,-33.55081991292536,41],[151.24893142841756,-33.55080692097545,41],[151.24894467182457,-33.55078864842653,40.79999923706055],[151.24898524023592,-33.550754617899656,40.400001525878906],[151.24906662851572,-33.550663674250245,40.400001525878906],[151.24910828657448,-33.5505797713995,40.79999923706055],[151.24913468956947,-33.55054615996778,41],[151.24920476228,-33.550426634028554,40.599998474121094],[151.24924306757748,-33.55036393739283,40.400001525878906],[151.2492610886693,-33.55032085441053,40.599998474121094],[151.24929637648165,-33.55027944780886,40],[151.24936879612505,-33.55021633207798,40.20000076293945],[151.2493850570172,-33.55021549388766,40.599998474121094],[151.24941372312605,-33.550210716202855,41.20000076293945],[151.24942084774375,-33.55020300485194,41.400001525878906],[151.24943434260786,-33.55018179863691,41.599998474121094],[151.24948639422655,-33.55010183528066,41.79999923706055],[151.24950944446027,-33.55007886886597,41.599998474121094],[151.2495111208409,-33.55007752776146,41.79999923706055],[151.24951950274408,-33.55007937178016,42],[151.24953341670334,-33.55006772093475,42],[151.2495433073491,-33.550065038725734,42.20000076293945],[151.24954422935843,-33.55006830766797,42.20000076293945],[151.2495552096516,-33.55008431710303,42.20000076293945],[151.2495565507561,-33.550077360123396,42.20000076293945],[151.2495565507561,-33.55007761158049,41.79999923706055],[151.24955269508064,-33.55007233098149,41.400001525878906],[151.2495489232242,-33.55006830766797,41.20000076293945],[151.24954800121486,-33.5500667989254,41],[151.24954800121486,-33.550066547468305,41],[151.24952796846628,-33.5500599257648,41.400001525878906],[151.24949016608298,-33.55001851916313,40.599998474121094],[151.24943635426462,-33.54997828602791,40.400001525878906],[151.24940861016512,-33.549949284642935,40.400001525878906],[151.24939301982522,-33.54994467459619,40.20000076293945],[151.2493755016476,-33.54994023218751,40.20000076293945],[151.2493744958192,-33.54993972927332,40.20000076293945],[151.24937457963824,-33.549940483644605,40.20000076293945],[151.24937583692372,-33.549940483644605,40.20000076293945],[151.24937583692372,-33.549940483644605,40.20000076293945],[151.24937583692372,-33.549940483644605,40],[151.24937625601888,-33.54994744062424,40.20000076293945],[151.24937701039016,-33.549949787557125,40],[151.24937742948532,-33.549949787557125,40.599998474121094],[151.2493786867708,-33.549949787557125,40.599998474121094],[151.24940123409033,-33.54994794353843,39.79999923706055],[151.24940400011837,-33.54994970373809,40.20000076293945],[151.2494045868516,-33.54994995519519,40.400001525878906],[151.24940475448966,-33.54995037429035,40.599998474121094],[151.24940634705126,-33.54995347559452,41.20000076293945],[151.24941179528832,-33.54995439760387,42],[151.2494130525738,-33.54995439760387,42.400001525878906],[151.24941397458315,-33.54995439760387,43.400001525878906],[151.24941405840218,-33.5499544814229,41.599998474121094],[151.24941405840218,-33.549954649060965,41.400001525878906],[151.2494143936783,-33.54995540343225,42.400001525878906],[151.24941690824926,-33.549955654889345,42.79999923706055],[151.24941950663924,-33.549955151975155,42.20000076293945],[151.24941422604024,-33.549955151975155,42.20000076293945],[151.2494048383087,-33.549953643232584,43],[151.24940416775644,-33.549953643232584,43.20000076293945],[151.24940358102322,-33.549954146146774,43],[151.2494032457471,-33.549954732879996,43.400001525878906],[151.24940450303257,-33.54995523579419,43],[151.24940358102322,-33.54995548725128,42.400001525878906],[151.24940299429,-33.549955151975155,43],[151.24940173700452,-33.54995498433709,42.599998474121094],[151.24940131790936,-33.54995498433709,42.599998474121094],[151.2494008988142,-33.54995490051806,42.79999923706055],[151.24940081499517,-33.54995506815612,42.79999923706055],[151.24940374866128,-33.54995506815612,43.400001525878906],[151.24945010058582,-33.549974765628576,43.400001525878906],[151.24952612444758,-33.55002740398049,43.400001525878906],[151.2495314888656,-33.55003637261689,43.400001525878906],[151.24954976141453,-33.550055818632245,43.79999923706055],[151.24958161264658,-33.55006453581154,44.20000076293945],[151.2495753262192,-33.55007610283792,44.400001525878906],[151.24957289546728,-33.55007752776146,44.400001525878906],[151.24956585466862,-33.550077276304364,44.599998474121094],[151.2495491746813,-33.550060177221894,44.20000076293945],[151.24954456463456,-33.55005539953709,44],[151.2495396193117,-33.550051879137754,43.400001525878906],[151.24949427321553,-33.55002916418016,43.20000076293945],[151.2494643498212,-33.55000770650804,43],[151.24941665679216,-33.549969317391515,42.79999923706055],[151.2494093645364,-33.54996856302023,42.79999923706055],[151.24938639812171,-33.549974178895354,42.400001525878906],[151.24938363209367,-33.5499753523618,42.400001525878906],[151.2493802793324,-33.54997577145696,42.400001525878906],[151.24936049804091,-33.54998138733208,42],[151.2493615038693,-33.549977196380496,41.79999923706055],[151.24936695210636,-33.54997526854277,43.20000076293945],[151.24940601177514,-33.549982057884336,43.20000076293945],[151.24944540672004,-33.549996726214886,43.20000076293945],[151.24952453188598,-33.55003536678851,43],[151.24952956102788,-33.55004148557782,43.20000076293945],[151.24954909086227,-33.55005506426096,43.400001525878906],[151.24955914914608,-33.55005942285061,43.599998474121094],[151.24956962652504,-33.5500617697835,44],[151.2495760805905,-33.550059255212545,44],[151.24957616440952,-33.5500599257648,44],[151.24957247637212,-33.550065038725734,44.20000076293945],[151.24957205727696,-33.55006671510637,44.20000076293945],[151.24957088381052,-33.55006788857281,44.400001525878906],[151.249572141096,-33.55007006786764,44.400001525878906],[151.24957415275276,-33.55006939731538,44],[151.24957918189466,-33.550062105059624,44],[151.24957381747663,-33.550054812803864,44.599998474121094],[151.24956971034408,-33.55007132515311,44.400001525878906],[151.24956744723022,-33.55007476173341,44.599998474121094],[151.24956627376378,-33.55007794685662,44.599998474121094],[151.24956434592605,-33.5500787012279,44.400001525878906],[151.2495634239167,-33.55007886886597,44.400001525878906],[151.24956040643156,-33.550078952685,44.400001525878906],[151.24955931678414,-33.55007811449468,44.400001525878906],[151.24951221048832,-33.550033858045936,43.79999923706055],[151.24948262237012,-33.55000527575612,43.400001525878906],[151.24942554160953,-33.54996277950704,43.400001525878906],[151.24939100816846,-33.549954732879996,43.79999923706055],[151.24936535954475,-33.54996428824961,43.20000076293945],[151.2493596598506,-33.54996512643993,43],[151.24939419329166,-33.54995967820287,42.20000076293945],[151.24938447028399,-33.549964455887675,40.400001525878906],[151.24939092434943,-33.549966383725405,38.599998474121094],[151.24939804896712,-33.5499510448426,38.599998474121094],[151.24940559267998,-33.54994677007198,38.20000076293945],[151.2494141422212,-33.54994425550103,38.400001525878906],[151.24944046139717,-33.549952721223235,38.599998474121094],[151.24944255687296,-33.54995917528868,38.599998474121094],[151.24944490380585,-33.549960600212216,38.20000076293945],[151.24944808892906,-33.549958085641265,40.599998474121094],[151.24944590963423,-33.549956157803535,42.20000076293945],[151.24944507144392,-33.549954649060965,43.400001525878906],[151.24944507144392,-33.549954649060965,44.20000076293945],[151.24941078945994,-33.54994802735746,43.79999923706055],[151.249405676499,-33.54994794353843,43.400001525878906],[151.24940475448966,-33.54994794353843,43.20000076293945],[151.2494022399187,-33.54995280504227,43.79999923706055],[151.24940810725093,-33.54995280504227,44],[151.24941078945994,-33.54995280504227,43.400001525878906],[151.24942713417113,-33.54996277950704,43.400001525878906],[151.24942696653306,-33.54996311478317,43.400001525878906],[151.24942671507597,-33.54996412061155,43],[151.24942663125694,-33.54996579699218,42.79999923706055],[151.24942763708532,-33.5499682277441,43],[151.2494339235127,-33.54997283779085,42.599998474121094],[151.24944222159684,-33.549978621304035,43],[151.2494407966733,-33.54997786693275,42.400001525878906],[151.24943811446428,-33.549976693466306,41.79999923706055],[151.2494376115501,-33.54997652582824,42.20000076293945],[151.24943752773106,-33.54997652582824,42.20000076293945],[151.24943702481687,-33.54997627437115,43.599998474121094],[151.2494371086359,-33.54997560381889,43],[151.24943727627397,-33.54997551999986,42.599998474121094],[151.24943727627397,-33.5499753523618,42.599998474121094],[151.24943744391203,-33.549975184723735,42.599998474121094],[151.24943777918816,-33.54997484944761,42.599998474121094],[151.2494378630072,-33.549974178895354,42],[151.2494378630072,-33.549974178895354,42],[151.24943811446428,-33.549973759800196,41.599998474121094],[151.24947784468532,-33.54998666793108,42.400001525878906],[151.24954112805426,-33.550029415637255,42.599998474121094],[151.24956719577312,-33.55005003511906,44],[151.24956593848765,-33.55005179531872,44],[151.2495645135641,-33.55003318749368,44],[151.24957256019115,-33.5500358697027,43.79999923706055],[151.24957256019115,-33.5500358697027,44],[151.24957256019115,-33.5500358697027,43.79999923706055],[151.24958706088364,-33.55003695935011,43.599998474121094],[151.24958714470267,-33.55003695935011,43.79999923706055],[151.24957960098982,-33.55003536678851,44.400001525878906],[151.24957893043756,-33.55003536678851,44.400001525878906],[151.24955353327096,-33.550056321546435,43.79999923706055],[151.24955638311803,-33.550055315718055,44.599998474121094],[151.24955873005092,-33.55005422607064,44.599998474121094],[151.24957918189466,-33.55007425881922,42.79999923706055],[151.24957918189466,-33.55007425881922,42.79999923706055],[151.24948463402689,-33.54999446310103,43.20000076293945],[151.24944180250168,-33.54994400404394,42.79999923706055],[151.24944808892906,-33.549947272986174,44],[151.2494442332536,-33.54994844645262,43.599998474121094],[151.24944406561553,-33.54994987137616,43.400001525878906],[151.24944406561553,-33.549950793385506,43.400001525878906],[151.24944406561553,-33.549951212480664,43.20000076293945],[151.24944205395877,-33.549954229965806,43.599998474121094],[151.24944197013974,-33.54995431378484,43.599998474121094],[151.24945756047964,-33.54996236041188,42.79999923706055],[151.249508690089,-33.55000267736614,42.79999923706055],[151.249556299299,-33.5500324331224,43],[151.24956644140184,-33.55004693381488,43.20000076293945],[151.2495824508369,-33.55007107369602,43.79999923706055],[151.24958127737045,-33.55007124133408,44],[151.24958002008498,-33.550069481134415,44],[151.24955747276545,-33.55006135068834,43.79999923706055],[151.24955546110868,-33.5500580817461,43.599998474121094],[151.24955386854708,-33.550057746469975,43.599998474121094],[151.24955043196678,-33.550059171393514,43.599998474121094],[151.2495491746813,-33.550063110888004,43.599998474121094],[151.2495494261384,-33.550063110888004,44.20000076293945],[151.24955780804157,-33.55006587691605,44.400001525878906],[151.24956677667797,-33.55006621219218,44],[151.2495702970773,-33.55006814002991,43.599998474121094],[151.24958421103656,-33.550053890794516,44],[151.24957599677145,-33.550059255212545,44.599998474121094],[151.24957063235343,-33.55006646364927,44.400001525878906],[151.24956032261252,-33.55007015168667,44.400001525878906],[151.2495597358793,-33.55007065460086,45],[151.2495594844222,-33.55007233098149,44.599998474121094],[151.24955940060318,-33.550072414800525,44.599998474121094],[151.24955504201353,-33.550073336809874,44.400001525878906],[151.2495528627187,-33.55007073841989,44.400001525878906],[151.24955277889967,-33.550070486962795,44.20000076293945],[151.24955269508064,-33.55007031932473,44.20000076293945],[151.2495528627187,-33.55007015168667,44.20000076293945],[151.24955277889967,-33.55006914585829,44],[151.24955185689032,-33.55006990022957,43.79999923706055],[151.2495505157858,-33.5500720795244,43.400001525878906],[151.2495499290526,-33.55007283389568,43.20000076293945],[151.24954934231937,-33.550073420628905,43.20000076293945],[151.24954632483423,-33.55006964877248,43.20000076293945],[151.2495267111808,-33.55004827491939,41.400001525878906],[151.24951380304992,-33.55003251694143,41.400001525878906],[151.24945839866996,-33.54997820220888,42.599998474121094],[151.24943953938782,-33.5499613545835,42.599998474121094],[151.24943727627397,-33.549956660717726,42.20000076293945],[151.24945328570902,-33.54996018111706,42],[151.2494537886232,-33.549966886639595,43],[151.24945437535644,-33.54996923357248,42.20000076293945],[151.24944465234876,-33.54996814392507,42.20000076293945],[151.24944523908198,-33.549972251057625,42.20000076293945],[151.24945261515677,-33.549972251057625,41.79999923706055],[151.24945261515677,-33.54997199960053,41.79999923706055],[151.24943987466395,-33.549964958801866,41.79999923706055],[151.24943249858916,-33.54996361769736,41.599998474121094],[151.24942369759083,-33.54996378533542,41.400001525878906],[151.2494210153818,-33.549973256886005,41.20000076293945],[151.24942009337246,-33.549972753971815,41.400001525878906],[151.24941908754408,-33.549971831962466,41.599998474121094],[151.2494194228202,-33.549970826134086,41.79999923706055],[151.24941891990602,-33.54996906593442,41.400001525878906],[151.249418836087,-33.549968311563134,41.400001525878906],[151.24941891990602,-33.54996806010604,41.400001525878906],[151.24941900372505,-33.549967808648944,41.400001525878906],[151.24941917136312,-33.549967808648944,41.400001525878906],[151.24941917136312,-33.54996764101088,41.400001525878906],[151.24941925518215,-33.54996646754444,41.400001525878906],[151.24941959045827,-33.54996621608734,41.599998474121094],[151.2494199257344,-33.54996554553509,42],[151.24942034482956,-33.54996529407799,42],[151.24942051246762,-33.54996512643993,42.599998474121094],[151.24942109920084,-33.5499650426209,42],[151.24942135065794,-33.54996420443058,42.400001525878906],[151.2494212668389,-33.54996512643993,42.20000076293945],[151.24942135065794,-33.54996529407799,42.20000076293945],[151.24942135065794,-33.54996529407799,42.400001525878906],[151.2494220212102,-33.54996529407799,42.400001525878906],[151.24942244030535,-33.54996470734477,42.20000076293945],[151.24942185357213,-33.54996453970671,42],[151.249421518296,-33.549964455887675,42.20000076293945],[151.2494212668389,-33.549964455887675,42.20000076293945],[151.24942118301988,-33.549964455887675,42.20000076293945],[151.2494210153818,-33.549964455887675,42.20000076293945],[151.2494210153818,-33.549964455887675,42.20000076293945],[151.2494210153818,-33.549964455887675,42.400001525878906],[151.24941950663924,-33.549964455887675,41.79999923706055],[151.24941908754408,-33.549964372068644,41.599998474121094],[151.24941774643958,-33.5499647911638,41.599998474121094],[151.2494172435254,-33.549964874982834,41.599998474121094],[151.24941690824926,-33.549964874982834,41.599998474121094],[151.2494153995067,-33.549964874982834,41.599998474121094],[151.2494130525738,-33.54996529407799,41.599998474121094],[151.24941288493574,-33.54996521025896,41.79999923706055]]},"properties":{"name":"Wondabyne st to Wobby wharf hiking"}}]}
