{"type":"FeatureCollection","features":[{"type":"Feature","geometry":{"type":"LineString","coordinates":[[151.25576477497816,-33.48939430899918,114],[151.25575304031372,-33.48930722102523,113.5999984741211],[151.2557434849441,-33.48925785161555,113.5999984741211],[151.25573099590838,-33.48923413082957,113.5999984741211],[151.2557133100927,-33.48921116441488,113.5999984741211],[151.2556607555598,-33.489154586568475,113.80000305175781],[151.25564265064895,-33.48914469592273,114],[151.25558791682124,-33.48911083303392,113.80000305175781],[151.25554164871573,-33.489083256572485,114.4000015258789],[151.25548968091607,-33.489041263237596,115],[151.25546998344362,-33.4890201408416,115.19999694824219],[151.25541164539754,-33.48894671536982,116],[151.2554046884179,-33.48893531598151,116.19999694824219],[151.25539002008736,-33.488904386758804,116.5999984741211],[151.25536956824362,-33.488878067582846,117],[151.25534744001925,-33.48886524327099,117.4000015258789],[151.25531684607267,-33.48884261213243,117.5999984741211],[151.25527082942426,-33.488818388432264,118.19999694824219],[151.2552476953715,-33.4888028819114,118.5999984741211],[151.25520184636116,-33.488778322935104,119.19999694824219],[151.25516303814948,-33.488758876919746,119.5999984741211],[151.25506941229105,-33.48870045505464,120.5999984741211],[151.25503630377352,-33.48868176341057,121.19999694824219],[151.25500386580825,-33.48866508342326,121.5999984741211],[151.25499011948705,-33.48866181448102,121.80000305175781],[151.25495265237987,-33.488648319616914,122],[151.2548879440874,-33.48864077590406,122.5999984741211],[151.2548757903278,-33.488640524446964,123],[151.25483279116452,-33.48863834515214,123.5999984741211],[151.25481091439724,-33.4886437933892,124.19999694824219],[151.25478761270642,-33.48865544423461,125],[151.2547788117081,-33.48865586332977,125.19999694824219],[151.25476808287203,-33.48866030573845,125.4000015258789],[151.25474251806736,-33.48867354914546,126],[151.25469599850476,-33.48868880420923,126.5999984741211],[151.25463363714516,-33.48869458772242,127.5999984741211],[151.2545372452587,-33.48869794048369,128.60000610351562],[151.25444428995252,-33.488685954362154,129.8000030517578],[151.25441445037723,-33.48868293687701,130.1999969482422],[151.25433943234384,-33.48866315558553,130.8000030517578],[151.25430221669376,-33.48864706233144,131.1999969482422],[151.254289643839,-33.48864329047501,131.1999969482422],[151.25421739183366,-33.4886075835675,131.8000030517578],[151.25419274903834,-33.48859769292176,132.1999969482422],[151.25417816452682,-33.488593585789204,132.1999969482422],[151.25411429442465,-33.488571709021926,132.60000610351562],[151.25407255254686,-33.48855335265398,133],[151.2540432997048,-33.48854321055114,133.1999969482422],[151.25393433496356,-33.48851001821458,134.1999969482422],[151.2538910843432,-33.48849509842694,134.60000610351562],[151.25387909822166,-33.48849141038954,134.8000030517578],[151.253840373829,-33.48847657442093,135.1999969482422],[151.25375865027308,-33.48842921666801,135.8000030517578],[151.25372361391783,-33.48841211758554,136.39999389648438],[151.2536693830043,-33.48837750032544,137.1999969482422],[151.2536556366831,-33.48837163299322,137.39999389648438],[151.25363535247743,-33.488360485062,137.8000030517578],[151.25360073521733,-33.48834866657853,138.60000610351562],[151.25355128198862,-33.4883639216423,139.1999969482422],[151.25354139134288,-33.48836702294648,139.39999389648438],[151.25351825729012,-33.488372303545475,139.60000610351562],[151.2534688040614,-33.48839451558888,140.39999389648438],[151.25345656648278,-33.488400634378195,140.8000030517578],[151.25343661755323,-33.48841932602227,141],[151.25342521816492,-33.48842578008771,141.1999969482422],[151.25341122038662,-33.48843055777252,141.1999969482422],[151.25336981378496,-33.488445561379194,141.60000610351562],[151.2533490266651,-33.488450925797224,141.8000030517578],[151.25330694951117,-33.488462241366506,142.8000030517578],[151.25329714268446,-33.48846140317619,143],[151.25326478853822,-33.4884696174413,144],[151.25324207358062,-33.48847188055515,144.8000030517578],[151.25320427119732,-33.488467102870345,145.1999969482422],[151.2531807180494,-33.4884590562433,145.8000030517578],[151.25312221236527,-33.48844053223729,146.1999969482422],[151.25310687348247,-33.48843558691442,146.1999969482422],[151.25305901281536,-33.48841169849038,146.60000610351562],[151.25301148742437,-33.48838026635349,147.1999969482422],[151.25300402753055,-33.488371800631285,147.39999389648438],[151.2529769539833,-33.488310193642974,148],[151.25297209247947,-33.488286472857,148.39999389648438],[151.25297024846077,-33.48827398382127,148.39999389648438],[151.25296278856695,-33.48812780342996,148.8000030517578],[151.2529560830444,-33.48802621476352,149.39999389648438],[151.25295440666378,-33.48800115287304,149.39999389648438],[151.25295222736895,-33.487956980243325,149.1999969482422],[151.2529457733035,-33.48789319396019,149.1999969482422],[151.25294359400868,-33.48786888644099,149.1999969482422],[151.25294066034257,-33.487829910591245,149.1999969482422],[151.2529304344207,-33.48778137937188,149.39999389648438],[151.25291794538498,-33.48775003105402,149.60000610351562],[151.25290277414024,-33.487693117931485,150.1999969482422],[151.2528786342591,-33.487621285021305,150.60000610351562],[151.25285239890218,-33.48753654398024,151],[151.25281903892756,-33.487397907301784,151.1999969482422],[151.25275324098766,-33.48727217875421,151.39999389648438],[151.25272071920335,-33.48717159591615,151.60000610351562],[151.25271669588983,-33.48716011270881,151.60000610351562],[151.25271284021437,-33.4871347155422,151.8000030517578],[151.25271191820502,-33.4871241543442,152],[151.2527147680521,-33.48708224482834,152],[151.2527211382985,-33.48705911077559,152.39999389648438],[151.25272231176496,-33.48704653792083,152.39999389648438],[151.25272390432656,-33.48703471943736,152.60000610351562],[151.2527221441269,-33.48702248185873,152.8000030517578],[151.252725077793,-33.4869721904397,153.1999969482422],[151.25272675417364,-33.486935226246715,153.60000610351562],[151.25272591598332,-33.48689801059663,153.8000030517578],[151.25272935256362,-33.486883426085114,154],[151.25272289849818,-33.486821400001645,154.60000610351562],[151.2527126725763,-33.486762223765254,154.8000030517578],[151.25271015800536,-33.48674839362502,154.8000030517578],[151.2527097389102,-33.48673322238028,154.8000030517578],[151.25272331759334,-33.486642530187964,154.8000030517578],[151.25272633507848,-33.48661352880299,154.8000030517578],[151.2527203001082,-33.48654982633889,154.8000030517578],[151.25271434895694,-33.486497439444065,155],[151.25269012525678,-33.48642837256193,155.1999969482422],[151.25268098898232,-33.48637497983873,155.1999969482422],[151.25264888629317,-33.48623835481703,155.60000610351562],[151.2526256684214,-33.4861259534955,155.8000030517578],[151.25262181274593,-33.48611505702138,156],[151.25258836895227,-33.48600558936596,156.39999389648438],[151.25252257101238,-33.48590752109885,157],[151.25251460820436,-33.48589721135795,157],[151.25248493626714,-33.485850021243095,157.1999969482422],[151.25242198817432,-33.48571423441172,157.60000610351562],[151.25239198096097,-33.48560853861272,157.8000030517578],[151.25237764790654,-33.48558288998902,157.8000030517578],[151.25232660211623,-33.485513320192695,158],[151.25231553800404,-33.4854906052351,158.39999389648438],[151.25223834067583,-33.48535590805113,159],[151.25222937203944,-33.48533025942743,159],[151.2522240076214,-33.485317435115576,159.1999969482422],[151.25215753912926,-33.485196232795715,159.8000030517578],[151.25214505009353,-33.48516371101141,160.1999969482422],[151.25214161351323,-33.48512423224747,160.8000030517578],[151.2521293759346,-33.485084837302566,161],[151.25211646780372,-33.48506254144013,161.1999969482422],[151.25211160629988,-33.48505239933729,161.39999389648438],[151.2520778272301,-33.48497897386551,161.8000030517578],[151.2520661763847,-33.48495760001242,162],[151.25204698182642,-33.48491954617202,162.1999969482422],[151.25200599431992,-33.484850227832794,162.8000030517578],[151.25194765627384,-33.48472508601844,163],[151.25191194936633,-33.48457085900009,163],[151.25192091800272,-33.48450346849859,163.1999969482422],[151.25192519277334,-33.48444504663348,163.39999389648438],[151.25195846892893,-33.48429802805185,163.60000610351562],[151.251961318776,-33.48428403027356,163.60000610351562],[151.2519866321236,-33.48417774774134,164.1999969482422],[151.25199174508452,-33.48415260203183,164.39999389648438],[151.25199543312192,-33.48412334918976,164.60000610351562],[151.25197623856366,-33.48396744579077,165.1999969482422],[151.2519668508321,-33.48387759178877,165.60000610351562],[151.25196953304112,-33.483840292319655,165.8000030517578],[151.25199744477868,-33.48375387489796,166.60000610351562],[151.25200683251023,-33.483732836320996,166.8000030517578],[151.25205469317734,-33.483671648427844,167.8000030517578],[151.2520727980882,-33.483654549345374,168],[151.25211688689888,-33.48361833952367,168.8000030517578],[151.25217053107917,-33.48359084688127,169.8000030517578],[151.25218134373426,-33.483583722263575,170],[151.25220799818635,-33.48358011804521,170.39999389648438],[151.25223255716264,-33.48357676528394,171],[151.2522549368441,-33.48356737755239,171.39999389648438],[151.2522980198264,-33.48354164510965,172.39999389648438],[151.25233322381973,-33.48350962623954,173.1999969482422],[151.25235275365412,-33.4834926109761,173.60000610351562],[151.25237907283008,-33.483464531600475,174.1999969482422],[151.2523991893977,-33.48344340920448,174.60000610351562],[151.25240664929152,-33.48343159072101,174.8000030517578],[151.25241100788116,-33.483399990946054,175.39999389648438],[151.25240639783442,-33.483388256281614,175.8000030517578],[151.25240405090153,-33.48336076363921,176],[151.25239726155996,-33.48326604813337,177],[151.25238393433392,-33.48321072757244,177.39999389648438],[151.25237429514527,-33.48313797265291,178],[151.25236842781305,-33.48312598653138,178.1999969482422],[151.25236205756664,-33.48311232402921,178.1999969482422],[151.25231419689953,-33.48298240453005,179],[151.25231419689953,-33.4829709213227,179.1999969482422],[151.25229156576097,-33.48291124217212,179.60000610351562],[151.25226516276598,-33.48280152305961,180],[151.25226130709052,-33.482758942991495,180.1999969482422],[151.25224420800805,-33.48265081644058,180.8000030517578],[151.25222434289753,-33.482575714588165,180.8000030517578],[151.2522107642144,-33.48249482922256,181],[151.25220615416765,-33.48246842622757,181.1999969482422],[151.2521888036281,-33.482368011027575,181.8000030517578],[151.25218377448618,-33.482339680194855,181.8000030517578],[151.25216986052692,-33.48225535824895,182.39999389648438],[151.25216432847083,-33.48220397718251,183],[151.25214563682675,-33.48206668160856,183],[151.25211386941373,-33.481984455138445,183],[151.25208159908652,-33.481920501217246,183],[151.25197933986783,-33.481831485405564,183.1999969482422],[151.25192921608686,-33.48180474713445,183.39999389648438],[151.25181455165148,-33.48172562196851,184],[151.25168077647686,-33.48159612156451,184.39999389648438],[151.2515955325216,-33.48151112906635,184.39999389648438],[151.25154524110258,-33.48145639523864,184.60000610351562],[151.25144482590258,-33.48132697865367,184.39999389648438],[151.2514144834131,-33.481230000033975,184.60000610351562],[151.25141439959407,-33.48123025149107,184.39999389648438],[151.25141414813697,-33.48123041912913,184.39999389648438],[151.25141372904181,-33.48123117350042,184.39999389648438],[151.25144993886352,-33.48128993064165,184.39999389648438],[151.25146192498505,-33.481306778267026,184.39999389648438],[151.2515444867313,-33.481415072456,184.39999389648438],[151.25159159302711,-33.481468968093395,184.39999389648438],[151.25161355361342,-33.48148598335683,184.39999389648438],[151.2517186626792,-33.48158933222294,184.39999389648438],[151.25182536430657,-33.48169041797519,184],[151.25193349085748,-33.48176585510373,183.8000030517578],[151.25197137705982,-33.48179158754647,183.39999389648438],[151.25205628573895,-33.4818606544286,183.1999969482422],[151.25206718221307,-33.48187046125531,183.1999969482422],[151.25215116888285,-33.48199191503227,183.1999969482422],[151.2521933298558,-33.48215167410672,183.1999969482422],[151.25218452885747,-33.48226164467633,183.39999389648438],[151.2521391827613,-33.48229735158384,183.1999969482422],[151.25210724771023,-33.482302129268646,182.8000030517578],[151.25205159187317,-33.48228268325329,182.60000610351562],[151.25202703289688,-33.48226960748434,182.39999389648438],[151.25198235735297,-33.48225384950638,182.39999389648438],[151.25182821415365,-33.48224110901356,181.60000610351562],[151.25181337818503,-33.48224362358451,181.39999389648438],[151.25167993828654,-33.48228184506297,180.1999969482422],[151.2516517750919,-33.4822943340987,180],[151.25158882699907,-33.48232417367399,179.1999969482422],[151.25157549977303,-33.48232903517783,179],[151.25147416256368,-33.48238100297749,178],[151.25138187780976,-33.48243330605328,177],[151.25137156806886,-33.482440346851945,177],[151.25127593055367,-33.48252282477915,176],[151.25120476819575,-33.48260228522122,174.8000030517578],[151.2511940393597,-33.48260966129601,174.8000030517578],[151.25113737769425,-33.48266431130469,173.8000030517578],[151.25111432746053,-33.48269758746028,173.39999389648438],[151.25108867883682,-33.482736982405186,172.8000030517578],[151.2510754354298,-33.482743352651596,172.8000030517578],[151.25103084370494,-33.48275282420218,172.1999969482422],[151.25093235634267,-33.48276246339083,171.60000610351562],[151.2508668936789,-33.48276422359049,171.60000610351562],[151.25073932111263,-33.48275676369667,171.60000610351562],[151.25059397891164,-33.482741340994835,171.39999389648438],[151.2505595292896,-33.482744274660945,171.39999389648438],[151.25042407773435,-33.48273270763457,171.60000610351562],[151.25029776245356,-33.48272876814008,171.8000030517578],[151.25028133392334,-33.482728097587824,171.8000030517578],[151.25021746382117,-33.482716949656606,172],[151.25009114854038,-33.48266137763858,172.60000610351562],[151.25006482936442,-33.482648050412536,172.60000610351562],[151.2499759811908,-33.4825998544693,173.1999969482422],[151.24991303309798,-33.482558531686664,173.39999389648438],[151.2498686928302,-33.48253699019551,173.8000030517578],[151.2497655954212,-33.48248259164393,174],[151.2496736459434,-33.4824529197067,174],[151.24961648136377,-33.48242894746363,174],[151.24945236369967,-33.48235501907766,174.60000610351562],[151.24937885440886,-33.4823234193027,174.8000030517578],[151.2493089493364,-33.482295759022236,174.8000030517578],[151.24914885498583,-33.48224856890738,174.1999969482422],[151.24902253970504,-33.482223842293024,173.8000030517578],[151.24898046255112,-33.482218980789185,173.1999969482422],[151.2489465996623,-33.4822235070169,172.60000610351562],[151.24892220832407,-33.4822250995785,172.1999969482422],[151.24891416169703,-33.48222887143493,172.1999969482422],[151.24889362603426,-33.48223524168134,171.60000610351562],[151.24884651973844,-33.4822494070977,171],[151.2488258164376,-33.48225837573409,170.60000610351562],[151.24871911481023,-33.48229156807065,169.60000610351562],[151.24856002628803,-33.4823043923825,168.8000030517578],[151.24848056584597,-33.48227061331272,168.60000610351562],[151.24840051867068,-33.48224471323192,168.39999389648438],[151.24823614954948,-33.48220758140087,168],[151.24805560335517,-33.482138430699706,167.8000030517578],[151.2479110993445,-33.48205452784896,168.39999389648438],[151.24777338467538,-33.48205201327801,168],[151.24773256480694,-33.482058215886354,167.60000610351562],[151.24769870191813,-33.482067016884685,167.39999389648438],[151.2476687785238,-33.482072465121746,167.1999969482422],[151.24763986095786,-33.48207422532141,167],[151.24756459146738,-33.482077326625586,166.39999389648438],[151.24749317765236,-33.482087133452296,165.8000030517578],[151.24747809022665,-33.48208621144295,165.8000030517578],[151.24740910716355,-33.48206592723727,165.39999389648438],[151.2473957799375,-33.482069531455636,165.39999389648438],[151.2473708856851,-33.482103645801544,165.39999389648438],[151.247333670035,-33.482129545882344,165.60000610351562],[151.24733031727374,-33.48212460055947,165.60000610351562],[151.24731749296188,-33.482120325788856,165.60000610351562],[151.24735789373517,-33.48209174349904,165.60000610351562],[151.24738370999694,-33.482056288048625,165.39999389648438],[151.24733777716756,-33.48203441128135,165.1999969482422],[151.24732185155153,-33.48203214816749,164.8000030517578],[151.24729226343334,-33.48202686756849,163.60000610351562],[151.24722252599895,-33.48199903964996,162.60000610351562],[151.24718765728176,-33.48195478320122,161.60000610351562],[151.24717759899795,-33.4819557890296,161.39999389648438],[151.24710367061198,-33.481963500380516,160.39999389648438],[151.24709461815655,-33.481962913647294,160.1999969482422],[151.24704306945205,-33.48196165636182,159.39999389648438],[151.24703116714954,-33.48195545375347,159],[151.24702488072217,-33.48194799385965,158.39999389648438],[151.24702244997025,-33.48194313235581,157.60000610351562],[151.24701364897192,-33.48194153979421,157.1999969482422],[151.24698908999562,-33.48193525336683,156.1999969482422],[151.24697148799896,-33.481915555894375,155],[151.24697224237025,-33.48191337659955,155],[151.2469507008791,-33.481905749067664,154.60000610351562],[151.246886998415,-33.48187901079655,154],[151.24687870033085,-33.4818778373301,153.8000030517578],[151.24682379886508,-33.48185755312443,153.39999389648438],[151.24675808474422,-33.481837352737784,152.8000030517578],[151.24674358405173,-33.48183073103428,152.8000030517578],[151.2466375529766,-33.48179183900356,152.39999389648438],[151.2465812265873,-33.481764513999224,152.39999389648438],[151.24655063264072,-33.48174397833645,152.39999389648438],[151.2465392332524,-33.48170533776283,152.1999969482422],[151.24653730541468,-33.48167474381626,152],[151.24653277918696,-33.481647837907076,152],[151.24650235287845,-33.48160022869706,152],[151.24646119773388,-33.481547674164176,152],[151.24642230570316,-33.48151330836117,151.8000030517578],[151.24639699235559,-33.48149562254548,151.60000610351562],[151.24638651497662,-33.48146469332278,151.1999969482422],[151.24636279419065,-33.48141398280859,151],[151.24634829349816,-33.48138900473714,150.8000030517578],[151.24632851220667,-33.48132957704365,150.1999969482422],[151.24626933597028,-33.4812633600086,150],[151.24619398266077,-33.4812113083899,150.8000030517578],[151.2461850978434,-33.48119278438389,151],[151.24615006148815,-33.48115640692413,151.60000610351562],[151.2461340520531,-33.48114098422229,152],[151.24611988663673,-33.48112480714917,152.60000610351562],[151.24609272927046,-33.48109865561128,153],[151.24608350917697,-33.481089351698756,153],[151.24605115503073,-33.48105104640126,153.8000030517578],[151.24604729935527,-33.48104517906904,153.8000030517578],[151.24604386277497,-33.48104199394584,154],[151.2460375763476,-33.481036042794585,154.1999969482422],[151.24601729214191,-33.48100653849542,154.60000610351562],[151.24597747810185,-33.480939734727144,155],[151.24596339650452,-33.48090872168541,155],[151.24593179672956,-33.48089313134551,155],[151.24591402709484,-33.480879217386246,155],[151.24587496742606,-33.4808349609375,155.1999969482422],[151.24579810537398,-33.480766732245684,154.8000030517578],[151.24576734378934,-33.48074443638325,154.8000030517578],[151.2457159627229,-33.48071333952248,154.39999389648438],[151.24570665881038,-33.48068199120462,154.39999389648438],[151.24570213258266,-33.48067763261497,154.39999389648438],[151.24568620696664,-33.480659779161215,154.60000610351562],[151.24565209262073,-33.48059691488743,154.8000030517578],[151.2456453870982,-33.480587946251035,155],[151.245634322986,-33.48057495430112,155.1999969482422],[151.24562594108284,-33.480552239343524,156.1999969482422],[151.24559534713626,-33.48051552660763,156.60000610351562],[151.24556810595095,-33.48046758212149,157.1999969482422],[151.24555955640972,-33.48045660182834,157.39999389648438],[151.24554648064077,-33.48045039921999,157.60000610351562],[151.24552845954895,-33.48042701371014,157.60000610351562],[151.24552468769252,-33.480404717847705,157.39999389648438],[151.24548956751823,-33.48039859905839,157.1999969482422],[151.24544899910688,-33.4803930670023,156.39999389648438],[151.24541639350355,-33.4803930670023,155.60000610351562],[151.2453948520124,-33.48038342781365,155.39999389648438],[151.24536702409387,-33.48035375587642,155.1999969482422],[151.24534606933594,-33.48030430264771,155.39999389648438],[151.24532938934863,-33.48028678447008,155.60000610351562],[151.24526493251324,-33.48027597181499,155.1999969482422],[151.24520123004913,-33.48022693768144,154.60000610351562],[151.24514507129788,-33.48021453246474,154.39999389648438],[151.24514264054596,-33.480214113369584,154.1999969482422],[151.24513367190957,-33.4802133589983,153.8000030517578],[151.2451332528144,-33.480213694274426,153.8000030517578],[151.24513115733862,-33.480213191360235,153.8000030517578],[151.2451239489019,-33.48021193407476,153.60000610351562],[151.24512327834964,-33.48020715638995,153.39999389648438],[151.24512327834964,-33.48020690493286,153],[151.24513308517635,-33.4801977686584,152.8000030517578],[151.24513308517635,-33.48020271398127,153.39999389648438],[151.2451326660812,-33.48020271398127,153.39999389648438],[151.24513249844313,-33.48020271398127,153.39999389648438],[151.2451300676912,-33.48020271398127,153.39999389648438],[151.2451257929206,-33.4802027978003,153.39999389648438],[151.24512244015932,-33.48020271398127,153.1999969482422],[151.24512093141675,-33.48019978031516,153.8000030517578],[151.2450677063316,-33.48023330792785,152],[151.24505831860006,-33.48023934289813,152],[151.24501540325582,-33.48027446307242,151.8000030517578],[151.2450092844665,-33.48028091713786,151.8000030517578],[151.2449857313186,-33.48031293600798,151.8000030517578],[151.2449492700398,-33.48035702481866,152.1999969482422],[151.2449405528605,-33.48042458295822,152.1999969482422],[151.24495186842978,-33.480520052835345,152.39999389648438],[151.2449976336211,-33.48058576695621,152.60000610351562],[151.24499931000173,-33.48059666343033,152.39999389648438],[151.2449878267944,-33.480632454156876,152.39999389648438],[151.2449820432812,-33.48064444027841,152.60000610351562],[151.24498061835766,-33.48064913414419,152.8000030517578],[151.24498103745282,-33.4806555043906,153.1999969482422],[151.2450108770281,-33.480684673413634,153.8000030517578],[151.2450262159109,-33.48072121851146,153.39999389648438],[151.245060833171,-33.48074795678258,152.39999389648438],[151.24506670050323,-33.48075466230512,152.1999969482422],[151.2450785189867,-33.48080352880061,151.1999969482422],[151.24508681707084,-33.48083286546171,151],[151.24506938271224,-33.48087812773883,150.8000030517578],[151.24504742212594,-33.480932861566544,151.1999969482422],[151.24504189006984,-33.4809404052794,151.39999389648438],[151.24503166414797,-33.4809644613415,151.39999389648438],[151.24499537050724,-33.48099421709776,151.60000610351562],[151.24498623423278,-33.48099849186838,151.60000610351562],[151.24497399665415,-33.48100486211479,151.8000030517578],[151.2449437379837,-33.481028750538826,151.8000030517578],[151.2449304945767,-33.481051130220294,151.60000610351562],[151.2449164967984,-33.48106839694083,151],[151.2448729109019,-33.4811198618263,150.1999969482422],[151.2448681332171,-33.48113151267171,150.1999969482422],[151.24484483152628,-33.481199238449335,150.8000030517578],[151.24479160644114,-33.48128247074783,151],[151.24471759423614,-33.48133619874716,151.39999389648438],[151.24470594339073,-33.481356566771865,151.60000610351562],[151.24472136609256,-33.481390764936805,151.8000030517578],[151.24471625313163,-33.481402080506086,152.1999969482422],[151.24468943104148,-33.481420353055,153],[151.24468046240509,-33.4814221970737,153.60000610351562],[151.24463511630893,-33.481428902596235,154.60000610351562],[151.24462522566319,-33.481427393853664,155.39999389648438],[151.24459932558239,-33.48142731003463,156],[151.24459018930793,-33.48142630420625,156],[151.24457887373865,-33.481424963101745,156.60000610351562],[151.2445650435984,-33.48143292590976,157],[151.24453453347087,-33.48145597614348,157.60000610351562],[151.24449756927788,-33.481481708586216,158.8000030517578],[151.2444667238742,-33.48149218596518,160],[151.24445473775268,-33.48151414655149,160.39999389648438],[151.24444920569658,-33.48152621649206,161],[151.24444199725986,-33.481572987511754,162],[151.24444040469825,-33.48157851956785,162.39999389648438],[151.24443143606186,-33.4815963730216,163.39999389648438],[151.24443143606186,-33.48163342103362,164.8000030517578],[151.24444375745952,-33.48166870884597,165.8000030517578],[151.24446026980877,-33.48168413154781,166.1999969482422],[151.24449161812663,-33.48171774297953,167],[151.24448717571795,-33.481733836233616,167.60000610351562],[151.2444592639804,-33.48175127059221,168],[151.244439734146,-33.4817588981241,169.1999969482422],[151.2444289214909,-33.48176912404597,169.60000610351562],[151.24441626481712,-33.481789994984865,170.39999389648438],[151.24441215768456,-33.481830982491374,171.1999969482422],[151.24439463950694,-33.48186157643795,171.60000610351562],[151.24437133781612,-33.48190063610673,172.60000610351562],[151.2443226389587,-33.48194673657417,173.1999969482422],[151.2442959845066,-33.48196601495147,173.60000610351562],[151.2442861776799,-33.48197037354112,173.60000610351562],[151.2441981676966,-33.48201312124729,173.39999389648438],[151.24417562037706,-33.48204178735614,173.1999969482422],[151.24416128732264,-33.48206819035113,173.60000610351562],[151.24414670281112,-33.48214010708034,174.39999389648438],[151.24415047466755,-33.48214848898351,174.8000030517578],[151.2441809847951,-33.48216592334211,175.1999969482422],[151.24417712911963,-33.48218008875847,175.8000030517578],[151.24415860511363,-33.482231721282005,176.1999969482422],[151.2441548332572,-33.48223926499486,176.39999389648438],[151.2441368959844,-33.482262063771486,177],[151.24413572251797,-33.48226910457015,177],[151.24408383853734,-33.48234781064093,177.8000030517578],[151.2440620455891,-33.482355270534754,178],[151.24403337948024,-33.482375890016556,178.39999389648438],[151.24400563538074,-33.48240162245929,179.1999969482422],[151.24398317188025,-33.48241427913308,179.8000030517578],[151.24396305531263,-33.48246633075178,180.1999969482422],[151.24395945109427,-33.48247437737882,180.39999389648438],[151.24395727179945,-33.48250086419284,180.60000610351562],[151.2439331319183,-33.48251938819885,180.8000030517578],[151.24389910139143,-33.48254570737481,181.1999969482422],[151.24387990683317,-33.48255936987698,181.39999389648438],[151.24384252354503,-33.482586946338415,182],[151.24383313581347,-33.48259365186095,182],[151.24379047192633,-33.48262030631304,182.39999389648438],[151.2437576148659,-33.48265173844993,182.8000030517578],[151.24375795014203,-33.48267353139818,183],[151.24375719577074,-33.48268685862422,183],[151.243734061718,-33.482712004333735,183.60000610351562],[151.2437293678522,-33.48271778784692,183.60000610351562],[151.24372350052,-33.4827224817127,184],[151.24370799399912,-33.48273329436779,184.1999969482422],[151.2437012884766,-33.48273849114776,184.60000610351562],[151.2436923198402,-33.48274637013674,184.8000030517578],[151.24368460848927,-33.48274938762188,184.8000030517578],[151.24362425878644,-33.48277838900685,185.8000030517578],[151.24356751330197,-33.48283345811069,186.8000030517578],[151.24356055632234,-33.482844019308686,187],[151.2434967700392,-33.48290235735476,187.60000610351562],[151.24347388744354,-33.4829175285995,187.8000030517578],[151.2434470653534,-33.482945272699,188],[151.24339987523854,-33.4829814825207,188.1999969482422],[151.24330247752368,-33.48308030515909,188.60000610351562],[151.24322628602386,-33.48312355577946,189],[151.2432068400085,-33.483140068128705,189.1999969482422],[151.24312880448997,-33.48319346085191,189.8000030517578],[151.24310567043722,-33.48322187550366,190],[151.2430754955858,-33.483242243528366,190.1999969482422],[151.24306744895875,-33.48326378501952,190.1999969482422],[151.24301422387362,-33.48332270979881,190.60000610351562],[151.24300207011402,-33.48332539200783,190.60000610351562],[151.24288924969733,-33.483394123613834,190.60000610351562],[151.24286904931068,-33.48342513665557,190.60000610351562],[151.24283535405993,-33.4834495279938,190.8000030517578],[151.2427398841828,-33.4834910184145,190.8000030517578],[151.2426528800279,-33.48350434564054,190.60000610351562],[151.242610886693,-33.4835097938776,190.39999389648438],[151.24259538017213,-33.483529072254896,190.39999389648438],[151.24252094887197,-33.4835753403604,190.39999389648438],[151.24244509264827,-33.483592774719,190.60000610351562],[151.2423291709274,-33.483655052259564,190.39999389648438],[151.24230813235044,-33.48366913385689,190.1999969482422],[151.24222037382424,-33.48370911553502,190.1999969482422],[151.24216228723526,-33.48377860151231,190.1999969482422],[151.24215985648334,-33.483786564320326,190.1999969482422],[151.2421433441341,-33.48379737697542,190.1999969482422],[151.2421068828553,-33.48380919545889,190.1999969482422],[151.24199464917183,-33.48384590819478,190.39999389648438],[151.24191728420556,-33.483854373916984,190],[151.24187420122325,-33.48388806916773,190],[151.24180102720857,-33.48392595537007,190.39999389648438],[151.24177873134613,-33.48393333144486,190.39999389648438],[151.2417041324079,-33.48397230729461,190.8000030517578],[151.24161335639656,-33.48400088958442,190.8000030517578],[151.24159852042794,-33.48401254042983,190.60000610351562],[151.24156574718654,-33.48403776995838,190.60000610351562],[151.24148519709706,-33.484072806313634,190.8000030517578],[151.24145820736885,-33.484079763293266,190.8000030517578],[151.24142048880458,-33.484101137146354,191],[151.24139534309506,-33.484112368896604,191],[151.24134580604732,-33.484129551798105,190.8000030517578],[151.24127849936485,-33.48414044827223,191],[151.24125259928405,-33.48414547741413,191],[151.24115034006536,-33.48420783877373,191.1999969482422],[151.24110700562596,-33.484231224283576,191.1999969482422],[151.24104145914316,-33.484271792694926,191.39999389648438],[151.24096694402397,-33.48429635167122,191.60000610351562],[151.24093852937222,-33.48431839607656,192],[151.2409305665642,-33.48432577215135,192],[151.24087985605001,-33.484374387189746,192.60000610351562],[151.24087038449943,-33.48437765613198,192.60000610351562],[151.24086032621562,-33.4843853674829,192.60000610351562],[151.24078639782965,-33.48443071357906,193],[151.2407029978931,-33.48447916097939,194],[151.240678941831,-33.484498439356685,194.1999969482422],[151.24061163514853,-33.48452132195234,194.8000030517578],[151.24058498069644,-33.48453615792096,195.1999969482422],[151.24054055660963,-33.484558118507266,195.60000610351562],[151.24052748084068,-33.48456080071628,195.60000610351562],[151.24046662822366,-33.48458896391094,196],[151.24045003205538,-33.484597178176045,196.1999969482422],[151.24043838120997,-33.48460212349892,196.1999969482422],[151.2404104694724,-33.48460086621344,196.39999389648438],[151.2403761036694,-33.48460212349892,196.60000610351562],[151.24031122773886,-33.48461251705885,196.8000030517578],[151.24028792604804,-33.48462869413197,196.8000030517578],[151.2402764428407,-33.48463447764516,196.8000030517578],[151.24023671261966,-33.48464570939541,197.39999389648438],[151.24021391384304,-33.48464529030025,197.60000610351562],[151.2401818111539,-33.48465660586953,197.60000610351562],[151.24009422026575,-33.48468669690192,198.1999969482422],[151.24007393606007,-33.4846908878535,198.39999389648438],[151.24002758413553,-33.48470874130726,199.1999969482422],[151.23991828411818,-33.48472558893263,199.1999969482422],[151.23990654945374,-33.48472542129457,199],[151.23982910066843,-33.484716871753335,198.8000030517578],[151.23971611261368,-33.48470547236502,198.39999389648438],[151.23969339765608,-33.4847030416131,198.1999969482422],[151.23960974626243,-33.48468912765384,198],[151.23958937823772,-33.48469080403447,197.8000030517578],[151.23950161971152,-33.48467018455267,197.39999389648438],[151.23949516564608,-33.48466280847788,197.39999389648438],[151.23943515121937,-33.48464478738606,197.1999969482422],[151.239426266402,-33.484641686081886,197.1999969482422],[151.23936214484274,-33.48461804911494,197.39999389648438],[151.239328449592,-33.484592316672206,197.39999389648438],[151.23936482705176,-33.48460606299341,197.60000610351562],[151.23937304131687,-33.484615786001086,197.8000030517578],[151.2393614742905,-33.48462567664683,197.39999389648438],[151.23935845680535,-33.484602961689234,197.39999389648438],[151.23930053785443,-33.48459005355835,197.8000030517578],[151.2392433732748,-33.48460027948022,198],[151.23915578238666,-33.484617210924625,198.1999969482422],[151.23907045461237,-33.48465115763247,197],[151.23903198167682,-33.48467663861811,196.39999389648438],[151.2390348315239,-33.48468133248389,196.39999389648438],[151.23902359977365,-33.48471871577203,196.1999969482422],[151.2389727216214,-33.484731959179044,195.1999969482422],[151.23893667943776,-33.48473212681711,195],[151.23892494477332,-33.4847358148545,195],[151.2388839572668,-33.484744699671865,194.60000610351562],[151.23885923065245,-33.4847395028919,194.39999389648438],[151.238847495988,-33.48473849706352,194.1999969482422],[151.23882377520204,-33.484740843996406,193],[151.23881774023175,-33.484750147908926,192.8000030517578],[151.23878102749586,-33.48478568717837,192],[151.23876459896564,-33.484810246154666,191.39999389648438],[151.23873442411423,-33.48483195528388,191.1999969482422],[151.23872285708785,-33.48483698442578,191],[151.23867440968752,-33.48485458642244,190.39999389648438],[151.23861422762275,-33.48486430943012,190.1999969482422],[151.23861070722342,-33.484866907820106,190],[151.23860257677734,-33.48487000912428,190],[151.23856645077467,-33.48488878458738,188.8000030517578],[151.23854046687484,-33.48489741794765,187.8000030517578],[151.23850082047284,-33.48489632830024,187.1999969482422],[151.23848279938102,-33.484886437654495,186.8000030517578],[151.23848103918135,-33.48488291725516,186.39999389648438],[151.23845991678536,-33.48490957170725,185.60000610351562],[151.23843879438937,-33.484920635819435,185.39999389648438],[151.23840702697635,-33.48495072685182,184.60000610351562],[151.23836662620306,-33.48496782593429,184],[151.2383501138538,-33.48497411236167,183.60000610351562],[151.23830124735832,-33.484997330233455,182.60000610351562],[151.2382948771119,-33.48500344902277,182.1999969482422],[151.2382520455867,-33.485040329396725,181.60000610351562],[151.23822581022978,-33.48505960777402,181],[151.23816411942244,-33.48507025279105,180.39999389648438],[151.2381310109049,-33.485101852566004,179.8000030517578],[151.23804861679673,-33.48515340127051,179.39999389648438],[151.23799874447286,-33.485168321058154,178.8000030517578],[151.2379896081984,-33.4851692430675,178.60000610351562],[151.23790889047086,-33.48520142957568,178.1999969482422],[151.23784862458706,-33.48524526692927,177.8000030517578],[151.23783806338906,-33.48525012843311,177.8000030517578],[151.2378106545657,-33.485258761793375,177.8000030517578],[151.23779523186386,-33.48526152782142,177.8000030517578],[151.23770034871995,-33.485325230285525,178.1999969482422],[151.2376769632101,-33.48533285781741,178.1999969482422],[151.23764033429325,-33.485334953293204,178.1999969482422],[151.23762767761946,-33.48533947952092,178.1999969482422],[151.2375759612769,-33.48535833880305,177.8000030517578],[151.23753841035068,-33.4853732585907,177.60000610351562],[151.23747118748724,-33.48539521917701,177.1999969482422],[151.23745568096638,-33.485408294945955,177.1999969482422],[151.23742475174367,-33.48544131964445,176.8000030517578],[151.23737270012498,-33.48547392524779,176.39999389648438],[151.23722400516272,-33.485523546114564,176.1999969482422],[151.2371021322906,-33.485555313527584,175.8000030517578],[151.2370891403407,-33.48555908538401,175.8000030517578],[151.23703281395137,-33.48557216115296,175.8000030517578],[151.23702242039144,-33.48556889221072,175.8000030517578],[151.23699945397675,-33.485557744279504,175.60000610351562],[151.236981600523,-33.485560175031424,175.60000610351562],[151.23694597743452,-33.48558439873159,175.60000610351562],[151.2368481606245,-33.48563217557967,175.60000610351562],[151.23675797134638,-33.48567140288651,176],[151.23673944734037,-33.485690765082836,176],[151.236688233912,-33.48572605289519,176.39999389648438],[151.23665646649897,-33.485741559416056,176.8000030517578],[151.23664749786258,-33.48574809730053,176.8000030517578],[151.23661036603153,-33.48578196018934,177.39999389648438],[151.2365997210145,-33.48581599071622,177.8000030517578],[151.23659779317677,-33.48582303151488,177.8000030517578],[151.23658471740782,-33.48583216778934,177.8000030517578],[151.23658128082752,-33.485838705673814,177.8000030517578],[151.23657641932368,-33.48586963489652,178],[151.23653828166425,-33.48590928129852,178.1999969482422],[151.23651732690632,-33.48591322079301,178.39999389648438],[151.2364612519741,-33.485943814739585,178.60000610351562],[151.23643836937845,-33.4859673678875,178.8000030517578],[151.236423952505,-33.48598673008382,178.8000030517578],[151.23637449927628,-33.48606853745878,179.39999389648438],[151.23635295778513,-33.48608077503741,179.39999389648438],[151.23630777932703,-33.486127965152264,179.8000030517578],[151.23628833331168,-33.48614229820669,180],[151.23622085899115,-33.48621136508882,180.8000030517578],[151.23621608130634,-33.48624464124441,181],[151.23618699610233,-33.48632225766778,181.39999389648438],[151.23614525422454,-33.48640322685242,181.8000030517578],[151.2360864970833,-33.48650791682303,182],[151.23605892062187,-33.48655225709081,182.39999389648438],[151.23603394255042,-33.48663247190416,182.60000610351562],[151.23603595420718,-33.486643955111504,182.60000610351562],[151.2360294163227,-33.48673213273287,182.39999389648438],[151.2360269855708,-33.48676306195557,182.39999389648438],[151.23600200749934,-33.48680706694722,182.1999969482422],[151.23596294783056,-33.48686967976391,182],[151.23596294783056,-33.486879486590624,182],[151.23592506162822,-33.48694670945406,181.39999389648438],[151.23589186929166,-33.48697520792484,181.39999389648438],[151.23586018569767,-33.487005550414324,181],[151.23582162894309,-33.487028516829014,180.8000030517578],[151.23581542633474,-33.48703580908477,180.39999389648438],[151.23576337471604,-33.48708408884704,179.8000030517578],[151.23572062700987,-33.48712314851582,179.39999389648438],[151.2356950622052,-33.487159023061395,179],[151.23568575829268,-33.48717796616256,178.8000030517578],[151.23568433336914,-33.48719783127308,178.60000610351562],[151.23567821457982,-33.48729087039828,177.8000030517578],[151.23567226342857,-33.48730277270079,177.8000030517578],[151.2356052082032,-33.48742523230612,177.1999969482422],[151.2355600297451,-33.48750670440495,177],[151.23553840443492,-33.487525563687086,177],[151.2354976683855,-33.48756638355553,177],[151.23549699783325,-33.48758985288441,177],[151.23546078801155,-33.48764802329242,176.8000030517578],[151.23544804751873,-33.487654058262706,176.8000030517578],[151.2354046292603,-33.48772807046771,176.60000610351562],[151.2353599537164,-33.48777090199292,176.60000610351562],[151.23531812801957,-33.48778992891312,176.39999389648438],[151.23527848161757,-33.487866623327136,176],[151.2352460436523,-33.48796712234616,175.8000030517578],[151.23526448383927,-33.48800425417721,176],[151.2352785654366,-33.48801674321294,175.8000030517578],[151.23529742471874,-33.488035183399916,175.60000610351562],[151.23529742471874,-33.48807139322162,175.39999389648438],[151.23527772724628,-33.488111374899745,175.39999389648438],[151.23526222072542,-33.48814716562629,175.39999389648438],[151.2352405115962,-33.488196367397904,175],[151.23519960790873,-33.488250179216266,175],[151.23520388267934,-33.488256465643644,175],[151.23524428345263,-33.48827876150608,174.8000030517578],[151.23529289849102,-33.488305918872356,174.60000610351562],[151.23530371114612,-33.48832628689706,174.60000610351562],[151.23530689626932,-33.48833056166768,174.60000610351562],[151.2353097461164,-33.48833341151476,174.60000610351562],[151.2353147752583,-33.488335171714425,174.60000610351562],[151.235332461074,-33.488324945792556,174.1999969482422],[151.23533371835947,-33.48832033574581,174.1999969482422],[151.23531125485897,-33.488292675465345,174.60000610351562],[151.2353102490306,-33.48829242400825,174.60000610351562],[151.23530907556415,-33.48828940652311,174.60000610351562],[151.23530907556415,-33.488283874467015,174.60000610351562],[151.2353055551648,-33.48827423527837,174.60000610351562],[151.23530513606966,-33.48827373236418,174.39999389648438],[151.23530337587,-33.48827281035483,173.8000030517578],[151.23531041666865,-33.48827222362161,174],[151.23531142249703,-33.48827239125967,174],[151.23531544581056,-33.4882724750787,174],[151.23531695455313,-33.4882724750787,174.1999969482422],[151.23531720601022,-33.48827222362161,174.1999969482422],[151.23531829565763,-33.488280940800905,174],[151.23532072640955,-33.48828596994281,174.1999969482422],[151.2353229895234,-33.48828881978989,174.60000610351562],[151.2353234924376,-33.48828940652311,174.39999389648438],[151.2353232409805,-33.488289657980204,174.60000610351562],[151.2353229895234,-33.4882899094373,174.8000030517578],[151.2352764699608,-33.48824749700725,174.60000610351562],[151.23524621129036,-33.48818924278021,174.8000030517578],[151.23525911942124,-33.48816149868071,174.8000030517578],[151.23528284020722,-33.488058568909764,175.1999969482422],[151.23525056988,-33.48804364912212,175.39999389648438],[151.23523321934044,-33.488062089309096,175.60000610351562],[151.2351953331381,-33.48809779621661,175.39999389648438],[151.23518443666399,-33.488123109564185,175.39999389648438],[151.23514546081424,-33.488175915554166,175.39999389648438],[151.2351194769144,-33.48819527775049,175.60000610351562],[151.23508108779788,-33.488194439560175,175.39999389648438],[151.2350282818079,-33.48822402767837,175.1999969482422],[151.23497631400824,-33.48823735490441,175.39999389648438],[151.23488520272076,-33.48827155306935,176.39999389648438],[151.23487405478954,-33.488275576382875,176.60000610351562],[151.23485787771642,-33.488288735970855,177],[151.23484287410975,-33.48832033574581,177.60000610351562],[151.23484312556684,-33.488325364887714,177.8000030517578],[151.23484689742327,-33.488342547789216,178.1999969482422],[151.23482552357018,-33.488349337130785,178.1999969482422],[151.23482552357018,-33.488349337130785,178.1999969482422],[151.23474597930908,-33.48835629411042,178],[151.2346659321338,-33.48837255500257,178.60000610351562],[151.2346516828984,-33.48837733268738,178.8000030517578],[151.2345998827368,-33.488370291888714,179.39999389648438],[151.23454271815717,-33.48831145092845,179.39999389648438],[151.23454397544265,-33.48827197216451,179],[151.23451966792345,-33.48824515007436,178],[151.234518494457,-33.48824699409306,177.8000030517578],[151.234518494457,-33.48824699409306,177.8000030517578],[151.234518494457,-33.488246239721775,177.8000030517578],[151.234518494457,-33.48824607208371,177.8000030517578],[151.23453207314014,-33.48827465437353,178.60000610351562],[151.23453517444432,-33.48828395828605,179],[151.234566019848,-33.48833332769573,179.39999389648438],[151.23458538204432,-33.488351767882705,179.60000610351562],[151.2345863878727,-33.488363502547145,179.8000030517578],[151.23456115834415,-33.48838269710541,180],[151.23453710228205,-33.48840817809105,180.8000030517578],[151.23451338149607,-33.48841354250908,181.39999389648438],[151.2344516068697,-33.488410944119096,182.39999389648438],[151.23441162519157,-33.4884244389832,183.1999969482422],[151.2343908380717,-33.488442627713084,183.60000610351562],[151.2343842163682,-33.488465594127774,184.1999969482422],[151.23436057940125,-33.48848353140056,184.39999389648438],[151.23435077257454,-33.488491075113416,184.8000030517578],[151.23433484695852,-33.48849903792143,185.1999969482422],[151.23430718667805,-33.488515466451645,186],[151.23430131934583,-33.4885177295655,186.1999969482422],[151.23427759855986,-33.48853885196149,187],[151.23425479978323,-33.48855192773044,187.39999389648438],[151.23423736542463,-33.48855972290039,188.1999969482422],[151.23421238735318,-33.48857690580189,189.1999969482422],[151.23420467600226,-33.48858034238219,189.39999389648438],[151.2341572344303,-33.48860029131174,190.39999389648438],[151.23411054722965,-33.48860330879688,191],[151.23407215811312,-33.488601045683026,191.39999389648438],[151.2340591661632,-33.488599536940455,191.39999389648438],[151.23398842290044,-33.48861018195748,191.8000030517578],[151.2339471001178,-33.48865485750139,192.39999389648438],[151.23394198715687,-33.4886609762907,192.60000610351562],[151.23390594497323,-33.488676650449634,194],[151.23387635685503,-33.48869106732309,194.1999969482422],[151.2338593415916,-33.48870716057718,195.1999969482422],[151.2338308431208,-33.488741274923086,196],[151.2338217906654,-33.48874990828335,196.1999969482422],[151.23377803713083,-33.488774970173836,197],[151.23376437462866,-33.488790141418576,197.60000610351562],[151.23375423252583,-33.48879039287567,198.60000610351562],[151.23373562470078,-33.4887976013124,199],[151.23367921449244,-33.48878603428602,199.60000610351562],[151.23366530053318,-33.488787626847625,199.8000030517578],[151.23365331441164,-33.48878335207701,199.8000030517578],[151.23364568687975,-33.48877773620188,199.8000030517578],[151.23359908349812,-33.48877237178385,200.60000610351562],[151.23359053395689,-33.488775892183185,200.8000030517578],[151.2335684057325,-33.48880195990205,202],[151.23357611708343,-33.48884998820722,203],[151.2335668131709,-33.488869685679674,203.60000610351562],[151.23355776071548,-33.488882426172495,204.1999969482422],[151.2335152644664,-33.48891410976648,205.1999969482422],[151.23350487090647,-33.488916624337435,205.60000610351562],[151.23348098248243,-33.488945038989186,206.39999389648438],[151.23347318731248,-33.48896666429937,207],[151.23346472159028,-33.488972280174494,207.39999389648438],[151.23343840241432,-33.48897831514478,208.39999389648438],[151.23343287035823,-33.48898367956281,208.60000610351562],[151.23341107740998,-33.48900924436748,209.39999389648438],[151.23337612487376,-33.48903137259185,210.39999389648438],[151.2333646416664,-33.48903749138117,210.60000610351562],[151.23331275768578,-33.489064732566476,211.60000610351562],[151.23328509740531,-33.489074958488345,212.60000610351562],[151.23327889479697,-33.48908116109669,212.60000610351562],[151.23322089202702,-33.489145785570145,213.1999969482422],[151.23318032361567,-33.48920797929168,213.60000610351562],[151.233170600608,-33.48921627737582,213.8000030517578],[151.23315040022135,-33.489229353144765,214],[151.23311134055257,-33.489245446398854,214.60000610351562],[151.23306926339865,-33.489259611815214,215],[151.23294311575592,-33.48929766565561,215.8000030517578],[151.2329287827015,-33.489301186054945,216],[151.2328989431262,-33.48930940032005,216],[151.2328841071576,-33.48931015469134,216.1999969482422],[151.23285653069615,-33.489310909062624,216.39999389648438],[151.2328328937292,-33.48932825960219,216.60000610351562],[151.23277966864407,-33.489349046722054,216.8000030517578],[151.23277170583606,-33.489360781386495,216.8000030517578],[151.2327559478581,-33.4893761202693,216.8000030517578],[151.23274253681302,-33.48938022740185,217],[151.232694927603,-33.48939900286496,217],[151.2326465640217,-33.48942691460252,217],[151.23261714354157,-33.48945323377848,217.1999969482422],[151.2325910758227,-33.48948265425861,217.39999389648438],[151.23256693594158,-33.48948919214308,217.39999389648438],[151.23255050741136,-33.48949070088565,217.60000610351562],[151.2325297202915,-33.489494137465954,217.60000610351562],[151.23250004835427,-33.48949992097914,217.8000030517578],[151.23246794566512,-33.48950503394008,217.8000030517578],[151.23241228982806,-33.48953051492572,217.8000030517578],[151.23240809887648,-33.48956437781453,217.8000030517578],[151.2324031535536,-33.48957711830735,217.8000030517578],[151.23233408667147,-33.48963922820985,217.60000610351562],[151.23232352547348,-33.48965875804424,217.60000610351562],[151.2323254533112,-33.489681892096996,217.60000610351562],[151.23231397010386,-33.48971131257713,217.39999389648438],[151.23223895207047,-33.489818181842566,216.8000030517578],[151.2321801111102,-33.48988582380116,216.39999389648438],[151.23217818327248,-33.48989839665592,216.39999389648438],[151.23216628096998,-33.48991407081485,216.39999389648438],[151.23215831816196,-33.489925721660256,216.1999969482422],[151.23215002007782,-33.4899440780282,216],[151.2321430630982,-33.489952459931374,216],[151.23213560320437,-33.48996293731034,216],[151.2320759240538,-33.48999973386526,215.8000030517578],[151.23207047581673,-33.49000945687294,215.8000030517578],[151.23203451745212,-33.4900910127908,215.39999389648438],[151.23197441920638,-33.49018815904856,215.39999389648438],[151.23188892379403,-33.49027466028929,215.39999389648438],[151.2318521272391,-33.49037256091833,215.39999389648438],[151.231828071177,-33.4903983771801,215.60000610351562],[151.23180652968585,-33.49042142741382,215.8000030517578],[151.23180233873427,-33.49047624506056,215.8000030517578],[151.23179378919303,-33.49048437550664,215.8000030517578],[151.2317545618862,-33.490524189546704,216],[151.23175464570522,-33.49055528640747,216.1999969482422],[151.2317545618862,-33.490576576441526,216.1999969482422],[151.23171323910356,-33.49063047207892,216.1999969482422],[151.23169999569654,-33.49067741073668,216],[151.23170075006783,-33.49068922922015,216],[151.2316964752972,-33.4907004609704,216],[151.2316930387169,-33.49072761833668,216],[151.23166546225548,-33.49078914150596,216],[151.23163520358503,-33.490881342440844,216],[151.23163654468954,-33.49089181981981,215.8000030517578],[151.23164903372526,-33.49093456752598,215.8000030517578],[151.23165037482977,-33.49095677956939,215.60000610351562],[151.23166697099805,-33.49097706377506,215.60000610351562],[151.23167535290122,-33.491001119837165,215.60000610351562],[151.23164987191558,-33.49105769768357,215.1999969482422],[151.23164685443044,-33.49107010290027,215.1999969482422],[151.23164232820272,-33.491093991324306,215],[151.2316465191543,-33.49110153503716,215],[151.23165112920105,-33.491108659654856,215],[151.23166755773127,-33.49112165160477,215],[151.23167719691992,-33.49113330245018,215],[151.23168759047985,-33.49119583144784,214.60000610351562],[151.23168700374663,-33.49124142900109,214.1999969482422],[151.23170100152493,-33.491261042654514,214],[151.23170929960907,-33.49127252586186,214],[151.23174148611724,-33.49133664742112,213.39999389648438],[151.23174291104078,-33.491417448967695,213],[151.23172597959638,-33.491448210552335,212.8000030517578],[151.2317339424044,-33.49148693494499,212.8000030517578],[151.23174617998302,-33.491528341546655,212.60000610351562],[151.2317511253059,-33.49157494492829,212.39999389648438],[151.23176931403577,-33.49169145338237,212],[151.231775181368,-33.49170997738838,211.8000030517578],[151.23177710920572,-33.491755574941635,211.8000030517578],[151.23177744448185,-33.49177778698504,211.60000610351562],[151.2317794561386,-33.491790695115924,211.60000610351562],[151.231785742566,-33.49181449972093,211.39999389648438],[151.23178825713694,-33.49183889105916,211.39999389648438],[151.2317881733179,-33.491853810846806,211.39999389648438],[151.23179940506816,-33.491867976263165,211.39999389648438],[151.23181834816933,-33.491930924355984,211.1999969482422],[151.23181046918035,-33.49203418940306,210.8000030517578],[151.23181222938,-33.492048187181354,210.8000030517578],[151.23181449249387,-33.4920612629503,210.60000610351562],[151.23181264847517,-33.49216276779771,210.1999969482422],[151.23185070231557,-33.49226678721607,209.8000030517578],[151.2318526301533,-33.49227634258568,209.60000610351562],[151.23188531957567,-33.49238061346114,209],[151.23189663514495,-33.4923929348588,208.8000030517578],[151.23192077502608,-33.49240751937032,208.60000610351562],[151.23195656575263,-33.49243543110788,208.1999969482422],[151.23195773921907,-33.49244926124811,208.1999969482422],[151.2319401372224,-33.4925015643239,208],[151.2319435738027,-33.492523189634085,207.8000030517578],[151.23190141282976,-33.492577001452446,208],[151.23189487494528,-33.492584712803364,208.1999969482422],[151.2318727467209,-33.492640955373645,208.1999969482422],[151.23185095377266,-33.49270801059902,208.60000610351562],[151.23182505369186,-33.49276576191187,208.39999389648438],[151.23182404786348,-33.49278638139367,208.39999389648438],[151.23182052746415,-33.492864333093166,208.39999389648438],[151.23181767761707,-33.49287682212889,208.39999389648438],[151.23178557492793,-33.49294060841203,208.1999969482422],[151.23177744448185,-33.49298997782171,208.1999969482422],[151.2317421566695,-33.4930454660207,208],[151.23171877115965,-33.49313129670918,208],[151.23174366541207,-33.49321578629315,208],[151.23173888772726,-33.49329021759331,208.1999969482422],[151.23178750276566,-33.49336137995124,208.60000610351562],[151.23179085552692,-33.49338702857494,208.60000610351562],[151.23179571703076,-33.49343731999397,208.60000610351562],[151.2317973934114,-33.49344645626843,208.8000030517578],[151.23179588466883,-33.493511164560914,209],[151.23179093934596,-33.493549805134535,209],[151.23176981694996,-33.4935983363539,209.1999969482422],[151.2317286618054,-33.49368089810014,209.39999389648438],[151.23170871287584,-33.49373244680464,209.39999389648438],[151.23170494101942,-33.49376421421766,209.39999389648438],[151.23169999569654,-33.49387996830046,209.60000610351562],[151.23164827935398,-33.49392347037792,209.8000030517578],[151.2316052801907,-33.49396336823702,209.60000610351562],[151.23155968263745,-33.49406344816089,209.39999389648438],[151.23153386637568,-33.49415833130479,209.39999389648438],[151.23148164711893,-33.49425313062966,209.39999389648438],[151.2314789649099,-33.49428431130946,209.1999969482422],[151.23141333460808,-33.49434449337423,209],[151.23138424940407,-33.49439637735486,208.60000610351562],[151.23136748559773,-33.49444507621229,208.39999389648438],[151.2313013523817,-33.49453425966203,208.1999969482422],[151.23128718696535,-33.49457114003599,208.1999969482422],[151.23122616671026,-33.49467918276787,207.60000610351562],[151.23118568211794,-33.49472310394049,207.60000610351562],[151.2311260867864,-33.49474925547838,207.39999389648438],[151.2310804054141,-33.49480491131544,207],[151.23106473125517,-33.49480868317187,207],[151.23104562051594,-33.494809018447995,206.8000030517578],[151.23097512871027,-33.49484455771744,206.8000030517578],[151.23092584311962,-33.49488705396652,206.60000610351562],[151.2309120129794,-33.49490080028772,206.60000610351562],[151.23088569380343,-33.494930723682046,206.39999389648438],[151.23084110207856,-33.494959976524115,206.39999389648438],[151.23080363497138,-33.49500188603997,206.1999969482422],[151.23070263303816,-33.495039185509086,206],[151.23059744015336,-33.49512292072177,206],[151.23053105548024,-33.49515217356384,206],[151.23047816567123,-33.495172038674355,206],[151.23046215623617,-33.49517614580691,206],[151.23044723644853,-33.495176983997226,206],[151.23042963445187,-33.4951729606837,206],[151.2303852941841,-33.49516365677118,206],[151.23034263029695,-33.49515913054347,205.8000030517578],[151.23031723313034,-33.49518905393779,205.8000030517578],[151.23028529807925,-33.49521830677986,205.8000030517578],[151.23024397529662,-33.49524848163128,205.8000030517578],[151.2302204221487,-33.49525895901024,205.8000030517578],[151.23019066639245,-33.49525292403996,206],[151.23016443103552,-33.495253594592214,206],[151.23004138469696,-33.495283517986536,206.1999969482422],[151.2299857288599,-33.495294246822596,206.1999969482422],[151.22996267862618,-33.495297180488706,206.1999969482422],[151.22995119541883,-33.49530220963061,206.1999969482422],[151.22983963228762,-33.49532366730273,206],[151.2297470960766,-33.49531503394246,205.60000610351562],[151.2297214474529,-33.495315201580524,205.39999389648438],[151.22963201254606,-33.49530623294413,205.1999969482422],[151.22958105057478,-33.495319560170174,205.1999969482422],[151.229547271505,-33.4953338932246,205.1999969482422],[151.2294968124479,-33.49535317160189,205.60000610351562],[151.22941743582487,-33.49538150243461,205.8000030517578],[151.2293551582843,-33.49546557292342,206.39999389648438],[151.22935683466494,-33.495488623157144,206.39999389648438],[151.22934333980083,-33.49552248604596,206.60000610351562],[151.22933437116444,-33.49553103558719,206.60000610351562],[151.2292534019798,-33.495595660060644,206.8000030517578],[151.2292401585728,-33.495628014206886,206.60000610351562],[151.2291849218309,-33.495656764134765,206.1999969482422],[151.22916731983423,-33.495682245120406,206.1999969482422],[151.22914091683924,-33.495721723884344,206.1999969482422],[151.22912817634642,-33.49572407081723,206.1999969482422],[151.2290771305561,-33.49574242718518,205.8000030517578],[151.22902709059417,-33.49574921652675,205.8000030517578],[151.22900295071304,-33.49575734697282,205.8000030517578],[151.22898191213608,-33.495762376114726,205.8000030517578],[151.22896707616746,-33.49577100947499,205.60000610351562],[151.2289581913501,-33.49577662535012,205.60000610351562],[151.22891544364393,-33.4958188701421,205.60000610351562],[151.22890035621822,-33.495834209024906,205.60000610351562],[151.22888929210603,-33.49583588540554,205.60000610351562],[151.22887722216547,-33.49583328701556,205.60000610351562],[151.22883204370737,-33.4958223067224,205.60000610351562],[151.22877043671906,-33.495807219296694,205.39999389648438],[151.22875585220754,-33.495808308944106,205.39999389648438],[151.22873875312507,-33.49581132642925,205.39999389648438],[151.22872475534678,-33.49580252543092,205.1999969482422],[151.22871335595846,-33.49580939859152,205.1999969482422],[151.2287155352533,-33.49580839276314,205.1999969482422],[151.22871679253876,-33.495801938697696,205.1999969482422],[151.22871779836714,-33.495800094679,205.39999389648438],[151.2287189718336,-33.495800094679,205.39999389648438],[151.22872794046998,-33.49580118432641,205.1999969482422],[151.22872886247933,-33.49580068141222,205.1999969482422],[151.22873707674444,-33.49579623900354,205],[151.22880924493074,-33.49578944966197,205.1999969482422],[151.22887445613742,-33.4958035312593,205.39999389648438],[151.22889004647732,-33.49582901224494,205.39999389648438],[151.22888828627765,-33.495853655040264,205.1999969482422],[151.22887856326997,-33.49588433280587,205.1999969482422],[151.2288715224713,-33.495905036106706,205],[151.2288543395698,-33.49594292230904,204.39999389648438],[151.2288387492299,-33.49597653374076,204.1999969482422],[151.22884620912373,-33.49599866196513,204.1999969482422],[151.2288933992386,-33.49603168666363,203.8000030517578],[151.22893296182156,-33.49603554233909,203.60000610351562],[151.22894712723792,-33.496045265346766,203.39999389648438],[151.22901468537748,-33.49603654816747,203.1999969482422],[151.22909364290535,-33.496030094102025,204.1999969482422],[151.22910948470235,-33.49601827561855,204.39999389648438],[151.2291305232793,-33.495997823774815,204.60000610351562],[151.22913856990635,-33.49599162116647,204.60000610351562],[151.22918701730669,-33.4959605243057,204.8000030517578],[151.22920302674174,-33.49594736471772,205],[151.22920327819884,-33.495949041098356,205.1999969482422],[151.2292042002082,-33.49595599807799,205.39999389648438],[151.2292047869414,-33.49595692008734,205.1999969482422],[151.22920059598982,-33.495962619781494,205.1999969482422],[151.22919933870435,-33.495960691943765,205],[151.22919799759984,-33.49595750682056,205],[151.22919808141887,-33.495960272848606,205],[151.22919808141887,-33.49596111103892,204.8000030517578],[151.22910604812205,-33.49601726979017,204.1999969482422],[151.22904377058148,-33.49602724425495,204],[151.22901409864426,-33.49602933973074,204],[151.22899716719985,-33.49603721871972,203.8000030517578],[151.22896498069167,-33.496042750775814,203.1999969482422],[151.22892667539418,-33.49604417569935,203.1999969482422],[151.2288871128112,-33.49604015238583,203.39999389648438],[151.22886087745428,-33.496025148779154,203.60000610351562],[151.22884947806597,-33.49602062255144,203.8000030517578],[151.22882827185094,-33.49601483903825,203.8000030517578],[151.22880890965462,-33.496015928685665,204.1999969482422],[151.22880237177014,-33.496022215113044,204.1999969482422],[151.2287523318082,-33.496046774089336,204.60000610351562],[151.22872601263225,-33.49604928866029,205],[151.22869701124728,-33.49605859257281,205.1999969482422],[151.22868686914444,-33.49606303498149,205.39999389648438],[151.22868284583092,-33.49606320261955,205.60000610351562],[151.22868058271706,-33.49606211297214,205.60000610351562],[151.22868058271706,-33.49606211297214,205.39999389648438],[151.22868058271706,-33.49606211297214,205.39999389648438],[151.2287443690002,-33.49604995921254,204.60000610351562],[151.22877957299352,-33.49605230614543,204.60000610351562],[151.22878896072507,-33.49605808965862,204.60000610351562],[151.22878896072507,-33.49605808965862,204.60000610351562],[151.22878896072507,-33.49605808965862,205],[151.22878870926797,-33.496066723018885,205.1999969482422],[151.22878870926797,-33.496082397177815,205.1999969482422],[151.228788793087,-33.49608709104359,205.1999969482422],[151.22878912836313,-33.496089773252606,205.1999969482422],[151.2287897989154,-33.49608985707164,205.1999969482422],[151.22879005037248,-33.49607921205461,205.39999389648438],[151.22880111448467,-33.496044762432575,205.60000610351562],[151.22880295850337,-33.496043337509036,205.60000610351562],[151.2288009468466,-33.49604342132807,205.60000610351562],[151.22880103066564,-33.49604409188032,205.39999389648438],[151.22880103066564,-33.49604451097548,205.1999969482422],[151.22875023633242,-33.49599841050804,204.1999969482422],[151.22864521108568,-33.49594233557582,203.1999969482422],[151.2286373320967,-33.49593881517649,203],[151.22861285693944,-33.4959068801254,202.39999389648438],[151.22860916890204,-33.495908891782165,201.8000030517578],[151.22859600931406,-33.495904952287674,201],[151.22858352027833,-33.495899168774486,200.8000030517578],[151.2285506632179,-33.49589388817549,200.39999389648438],[151.22852602042258,-33.495888439938426,200],[151.2285186443478,-33.49588676355779,199.8000030517578],[151.2284613121301,-33.49591174162924,198.8000030517578],[151.22845494188368,-33.49591308273375,198.8000030517578],[151.22843457385898,-33.495912328362465,198.39999389648438],[151.22840884141624,-33.49590880796313,198],[151.2283826060593,-33.4959052875638,198],[151.2283701170236,-33.495903108268976,197.39999389648438],[151.22830733656883,-33.4958828240633,197.1999969482422],[151.22829082421958,-33.495875615626574,197],[151.22822863049805,-33.49587997421622,196.60000610351562],[151.22820105403662,-33.495859103277326,196.39999389648438],[151.2281800992787,-33.49582817405462,196.39999389648438],[151.22814531438053,-33.4957638848573,196.8000030517578],[151.22813777066767,-33.49577268585563,196.60000610351562],[151.22812695801258,-33.495779475197196,196.39999389648438],[151.22811472043395,-33.495779391378164,196.39999389648438],[151.2280839588493,-33.49576438777149,196],[151.228051437065,-33.49573287181556,195.1999969482422],[151.22803509235382,-33.495715521276,195],[151.22800340875983,-33.49568744190037,194.60000610351562],[151.22798974625766,-33.49567939527333,194.1999969482422],[151.22792713344097,-33.49562139250338,193.39999389648438],[151.22788321226835,-33.49560806527734,193.39999389648438],[151.22784968465567,-33.49559389986098,193.39999389648438],[151.22781716287136,-33.49556841887534,193.39999389648438],[151.2277646921575,-33.495545368641615,193.39999389648438],[151.22775002382696,-33.495528269559145,193.1999969482422],[151.22772672213614,-33.49551368504763,192.8000030517578],[151.2277009896934,-33.495502369478345,192.8000030517578],[151.2276890873909,-33.495499016717076,192.8000030517578],[151.22765002772212,-33.495498010888696,192.8000030517578],[151.22757978737354,-33.49550697952509,193.39999389648438],[151.22756444849074,-33.49548795260489,193.8000030517578],[151.22757316567004,-33.49547965452075,193.8000030517578],[151.2276214454323,-33.495430117473006,193.39999389648438],[151.22762027196586,-33.49539214745164,193.39999389648438],[151.22755816206336,-33.49533909000456,192.8000030517578],[151.2275485228747,-33.495328947901726,192.8000030517578],[151.22754751704633,-33.49527622573078,192.60000610351562],[151.22755816206336,-33.49526918493211,192.60000610351562],[151.22758515179157,-33.49524806253612,192],[151.22758749872446,-33.4952300414443,191.8000030517578],[151.22758355922997,-33.495224844664335,191.60000610351562],[151.2275815475732,-33.49520715884864,191.60000610351562],[151.2275884207338,-33.49518176168203,191],[151.227602167055,-33.49516927264631,190.8000030517578],[151.22760778293014,-33.49515477195382,189.8000030517578],[151.22761264443398,-33.4951335657388,188.8000030517578],[151.22761398553848,-33.495123255997896,188.8000030517578],[151.22761440463364,-33.495104564353824,188],[151.22762504965067,-33.495091907680035,187.60000610351562],[151.22762789949775,-33.49508528597653,187.60000610351562],[151.22763292863965,-33.495067516341805,187],[151.22763762250543,-33.49505636841059,186.8000030517578],[151.2276455014944,-33.49504832178354,186.60000610351562],[151.22766779735684,-33.49502854049206,186.1999969482422],[151.2276785261929,-33.49500020965934,185.60000610351562],[151.227686740458,-33.49496500566602,185.1999969482422],[151.22768372297287,-33.49495762959123,185],[151.22766670770943,-33.49493131041527,184.39999389648438],[151.227660253644,-33.49490809254348,184.1999969482422],[151.22760040685534,-33.494841204956174,183.39999389648438],[151.22759546153247,-33.49483156576753,183.39999389648438],[151.22758951038122,-33.494821256026626,183.39999389648438],[151.2275712378323,-33.494773814454675,182.8000030517578],[151.22755765914917,-33.49474028684199,182.39999389648438],[151.22752773575485,-33.49470038898289,182],[151.22748180292547,-33.49464213475585,181.60000610351562],[151.22748800553381,-33.494633082300425,181.39999389648438],[151.22750820592046,-33.49461640231311,181.1999969482422],[151.22752874158323,-33.49460416473448,180.8000030517578],[151.22751750983298,-33.494597375392914,180.39999389648438],[151.22751457616687,-33.49459704011679,180.39999389648438],[151.22751164250076,-33.494597962126136,180.1999969482422],[151.22750183567405,-33.49459192715585,179.8000030517578],[151.22749823145568,-33.49457876756787,179.39999389648438],[151.22749839909375,-33.49457114003599,179.1999969482422],[151.22749756090343,-33.49456393159926,178.8000030517578],[151.22747627086937,-33.49455077201128,178],[151.2274559866637,-33.49454012699425,177.39999389648438],[151.22745338827372,-33.49453115835786,177],[151.22744391672313,-33.494507521390915,176],[151.22740326449275,-33.494484052062035,175],[151.2274028453976,-33.49448388442397,174.60000610351562],[151.22738901525736,-33.49447801709175,174.39999389648438],[151.22738616541028,-33.4944739099592,174.39999389648438],[151.2273460160941,-33.49442361854017,173.8000030517578],[151.22730888426304,-33.49439193494618,173],[151.2272984907031,-33.494385313242674,172.8000030517578],[151.22727694921196,-33.494374584406614,171.8000030517578],[151.2272683158517,-33.49437617696822,171.60000610351562],[151.2272274121642,-33.49436963908374,170.39999389648438],[151.22721903026104,-33.49435857497156,170.39999389648438],[151.22715650126338,-33.494324712082744,169.60000610351562],[151.2271444313228,-33.49431532435119,169.39999389648438],[151.22711182571948,-33.49426846951246,169.1999969482422],[151.22707519680262,-33.49422882311046,168.39999389648438],[151.22705709189177,-33.49421951919794,168.1999969482422],[151.22701970860362,-33.49415053613484,167.60000610351562],[151.2270058784634,-33.49413528107107,167.39999389648438],[151.22696698643267,-33.494081972166896,167.1999969482422],[151.22694402001798,-33.49402857944369,167.39999389648438],[151.22693681158125,-33.49401340819895,167.1999969482422],[151.22692298144102,-33.493994968011975,167.1999969482422],[151.22687570750713,-33.4939366299659,167.1999969482422],[151.2268536631018,-33.493863958865404,167],[151.22684871777892,-33.493788773193955,166.8000030517578],[151.22686145827174,-33.493760358542204,166.8000030517578],[151.2268135137856,-33.49372792057693,166.39999389648438],[151.22680622152984,-33.49371626973152,166.39999389648438],[151.22679876163602,-33.49369908683002,166.1999969482422],[151.22679431922734,-33.49367310293019,166.1999969482422],[151.22675123624504,-33.49354553036392,166.1999969482422],[151.2267334666103,-33.49344997666776,166],[151.2267434410751,-33.49338920786977,165.8000030517578],[151.22674520127475,-33.49338132888079,165.60000610351562],[151.2267709337175,-33.49332340992987,165.39999389648438],[151.2267709337175,-33.49330664612353,165.1999969482422],[151.22675978578627,-33.493272783234715,165.1999969482422],[151.22676431201398,-33.49326121620834,165.1999969482422],[151.22677973471582,-33.49320547655225,165],[151.22677973471582,-33.493132973089814,164.8000030517578],[151.2267693411559,-33.49308427423239,164.60000610351562],[151.22676481492817,-33.4930301271379,164.1999969482422],[151.22676179744303,-33.49301889538765,164.1999969482422],[151.22673095203936,-33.49297480657697,164.1999969482422],[151.2267099134624,-33.492922922596335,164.1999969482422],[151.2267117574811,-33.49287766031921,164.1999969482422],[151.22671376913786,-33.49283273331821,164],[151.22671167366207,-33.4927933383733,163.8000030517578],[151.22670555487275,-33.49277464672923,163.8000030517578],[151.22666615992785,-33.49270340055227,163.60000610351562],[151.22666004113853,-33.492697197943926,163.60000610351562],[151.22662525624037,-33.49265746772289,163.39999389648438],[151.22661989182234,-33.49264615215361,163.39999389648438],[151.2265627272427,-33.492603404447436,163.1999969482422],[151.22650447301567,-33.49253668449819,163.1999969482422],[151.22646549716592,-33.49252285435796,163.1999969482422],[151.22642543166876,-33.49248890765011,163.1999969482422],[151.22636256739497,-33.49243853241205,163.1999969482422],[151.22629978694022,-33.49240860901773,163.39999389648438],[151.22625284828246,-33.492350270971656,163.39999389648438],[151.22618646360934,-33.49228975363076,163.1999969482422],[151.22614773921669,-33.49226460792124,163.39999389648438],[151.2261163070798,-33.49224893376231,163.39999389648438],[151.2261057458818,-33.492198726162314,163.60000610351562],[151.22610482387245,-33.492146926000714,163],[151.22610700316727,-33.4920509532094,162.60000610351562],[151.22607758268714,-33.49198339506984,162.1999969482422],[151.22607029043138,-33.49197769537568,162.1999969482422],[151.226019077003,-33.491928577423096,162.1999969482422],[151.22598856687546,-33.491883650422096,161.8000030517578],[151.2259791791439,-33.4918678086251,161.8000030517578],[151.22595445252955,-33.49185205064714,161.8000030517578],[151.22591790743172,-33.491835705935955,162],[151.22591447085142,-33.4918421600014,162.1999969482422],[151.2258866429329,-33.491840651258826,162.1999969482422],[151.2258391175419,-33.49187317304313,162.39999389648438],[151.22574909590185,-33.491872837767005,163.1999969482422],[151.2256956193596,-33.491913406178355,163.60000610351562],[151.2256469205022,-33.49192639812827,163.8000030517578],[151.22561993077397,-33.4919267334044,163.8000030517578],[151.22557726688683,-33.49194726906717,164.1999969482422],[151.2255679629743,-33.491954477503896,164.39999389648438],[151.22552546672523,-33.49195120856166,164.8000030517578],[151.22549965046346,-33.49195749498904,164.8000030517578],[151.22546503320336,-33.49196445196867,165.1999969482422],[151.225453466177,-33.49196738563478,165.1999969482422],[151.2253704853356,-33.49200225435197,165.8000030517578],[151.22535087168217,-33.49201004952192,165.8000030517578],[151.22528482228518,-33.492028741165996,166.39999389648438],[151.22527426108718,-33.49203477613628,166.39999389648438],[151.2252518814057,-33.49203687161207,166.60000610351562],[151.22521575540304,-33.49203427322209,167],[151.2251503765583,-33.49203368648887,167.1999969482422],[151.22513914480805,-33.49203024990857,167.39999389648438],[151.22512799687684,-33.49203058518469,167.39999389648438],[151.2250631209463,-33.49205330014229,167.8000030517578],[151.22504208236933,-33.492063945159316,168],[151.22502364218235,-33.49206327460706,168.1999969482422],[151.22501417063177,-33.49206352606416,168.39999389648438],[151.22500226832926,-33.49206570535898,168.39999389648438],[151.22497536242008,-33.49206905812025,168.60000610351562],[151.2249439302832,-33.49205916747451,168.8000030517578],[151.22490478679538,-33.4920594189316,168.8000030517578],[151.22487452812493,-33.49206914193928,169],[151.22484468854964,-33.4920699801296,169],[151.22480906546116,-33.49207199178636,169],[151.22478928416967,-33.49207106977701,169],[151.2247740291059,-33.49207601509988,169],[151.22471133247018,-33.49206025712192,169.1999969482422],[151.22465710155666,-33.49206914193928,169.1999969482422],[151.22461393475533,-33.49207014776766,169.1999969482422],[151.22458250261843,-33.49207190796733,169.39999389648438],[151.22455635108054,-33.49206989631057,169.39999389648438],[151.2245269306004,-33.49206612445414,169.39999389648438],[151.2244666647166,-33.49206721410155,169.39999389648438],[151.22443489730358,-33.49206520244479,169.39999389648438],[151.22441930696368,-33.49206905812025,169.60000610351562],[151.22438301332295,-33.49207945168018,169.60000610351562],[151.22436088509858,-33.49208749830723,169.60000610351562],[151.22434739023447,-33.49209194071591,169.60000610351562],[151.22427354566753,-33.49211004562676,169.8000030517578],[151.22423188760877,-33.492110799998045,169.8000030517578],[151.22420649044216,-33.49211499094963,169.8000030517578],[151.22414127923548,-33.49210903979838,169.8000030517578],[151.22410850599408,-33.49211289547384,169.8000030517578],[151.22405871748924,-33.492146506905556,169.8000030517578],[151.22394992038608,-33.492180705070496,169.8000030517578],[151.22393583878875,-33.492185985669494,169.8000030517578],[151.22385579161346,-33.49222747609019,169.60000610351562],[151.22382544912398,-33.49225371144712,169.60000610351562],[151.22379745356739,-33.49224851466715,169.39999389648438],[151.22376107610762,-33.49225337617099,169],[151.2237391155213,-33.49226460792124,168.8000030517578],[151.22367993928492,-33.49229444749653,168.39999389648438],[151.22366451658309,-33.492311127483845,168.60000610351562],[151.2236621696502,-33.4923202637583,168.60000610351562],[151.2236415501684,-33.49236594513059,168.8000030517578],[151.22360198758543,-33.49239653907716,169],[151.22355731204152,-33.49243937060237,168.60000610351562],[151.223553288728,-33.49245244637132,168.60000610351562],[151.22355664148927,-33.4924894105643,168.60000610351562],[151.22354289516807,-33.492559399455786,169.60000610351562],[151.22352512553334,-33.492580857127905,169.60000610351562],[151.2235088646412,-33.492600889876485,169.39999389648438],[151.22348447330296,-33.492625365033746,169.1999969482422],[151.2234801147133,-33.49267138168216,169],[151.22343233786523,-33.49270172417164,168.60000610351562],[151.22342504560947,-33.49270759150386,168.39999389648438],[151.22339503839612,-33.492760648950934,167.39999389648438],[151.2233962956816,-33.492770455777645,167],[151.22343149967492,-33.49278529174626,166.8000030517578],[151.2234214413911,-33.492800295352936,166.8000030517578],[151.22342471033335,-33.49280406720936,166.8000030517578],[151.2234251294285,-33.49280473776162,166.8000030517578],[151.2234251294285,-33.49280473776162,166.8000030517578],[151.2234251294285,-33.49280473776162,166.8000030517578],[151.22337006032467,-33.49284153431654,166.8000030517578],[151.2233144044876,-33.49285813048482,166.60000610351562],[151.22329428792,-33.49287958815694,166.60000610351562],[151.22326922602952,-33.492875481024384,166.8000030517578],[151.22325154021382,-33.4928728826344,166.8000030517578],[151.22321985661983,-33.492898531258106,166.60000610351562],[151.2232142407447,-33.49291152320802,167],[151.2232142407447,-33.49295695312321,167.8000030517578],[151.223230836913,-33.49299123510718,168.39999389648438],[151.22323620133102,-33.49298972636461,168.8000030517578],[151.2232538871467,-33.49296810105443,170],[151.2232382968068,-33.492941446602345,170],[151.22318498790264,-33.49290783517063,170],[151.2231716606766,-33.49288939498365,170.1999969482422],[151.2231616023928,-33.492867685854435,170.60000610351562],[151.2231473531574,-33.49286399781704,170.60000610351562],[151.2231063656509,-33.492840277031064,170.60000610351562],[151.22308239340782,-33.49282577633858,170.39999389648438],[151.2230744305998,-33.49280884489417,170.39999389648438],[151.22307552024722,-33.49278688430786,170.39999389648438],[151.22306923381984,-33.492778334766626,170.39999389648438],[151.22308214195073,-33.49277841858566,170.39999389648438],[151.22308256104589,-33.49277690984309,170.39999389648438],[151.22308256104589,-33.49277690984309,170.60000610351562],[151.2230810523033,-33.49278151988983,170.60000610351562],[151.22308138757944,-33.49278051406145,170.60000610351562],[151.2230865843594,-33.49278881214559,170.8000030517578],[151.22309546917677,-33.492809096351266,170.60000610351562],[151.22309857048094,-33.4928176458925,170.60000610351562],[151.2230997439474,-33.492835499346256,170.60000610351562],[151.22310167178512,-33.492867266759276,170.39999389648438],[151.22311189770699,-33.49288704805076,170.39999389648438],[151.22315322048962,-33.49288696423173,170.60000610351562],[151.22310938313603,-33.49290112964809,170.8000030517578],[151.2230416573584,-33.492909679189324,170.60000610351562],[151.22297837398946,-33.49294069223106,170.60000610351562],[151.2229784578085,-33.492930214852095,170.39999389648438],[151.22292833402753,-33.492957623675466,170.39999389648438],[151.22279447503388,-33.493003975600004,170.39999389648438],[151.22274594381452,-33.49298511631787,170.39999389648438],[151.22274653054774,-33.49297262728214,170.39999389648438],[151.22276036068797,-33.4929764829576,170.39999389648438],[151.2227625399828,-33.492974638938904,170.1999969482422],[151.2227517273277,-33.49297924898565,170.1999969482422],[151.22277268208563,-33.492960054427385,170.39999389648438],[151.22278533875942,-33.492964496836066,170.60000610351562],[151.2228283379227,-33.49292476661503,170.39999389648438],[151.22283990494907,-33.49291772581637,170],[151.22287192381918,-33.49290691316128,169.39999389648438],[151.22287821024656,-33.492925856262445,169.1999969482422],[151.22290821745992,-33.49292208440602,168.8000030517578],[151.22290804982185,-33.492918480187654,168.8000030517578],[151.2229121569544,-33.49293432198465,168.39999389648438],[151.22286052443087,-33.4929265268147,167.8000030517578],[151.22287401929498,-33.4929159656167,167.8000030517578],[151.22289237566292,-33.4928556997329,167.60000610351562],[151.22293126769364,-33.492789482697845,167.39999389648438],[151.22293227352202,-33.49277573637664,167.1999969482422],[151.22292975895107,-33.49275453016162,166.8000030517578],[151.2229171860963,-33.492729468271136,166.8000030517578],[151.222879383713,-33.49267406389117,166.60000610351562],[151.22286605648696,-33.492671297863126,166.60000610351562],[151.22283043339849,-33.49265453405678,166.1999969482422],[151.22280436567962,-33.49262620322406,166.1999969482422],[151.22277083806694,-33.492604745551944,166.1999969482422],[151.22276421636343,-33.492561830207705,166.1999969482422],[151.22270797379315,-33.49247943609953,165.60000610351562],[151.22270713560283,-33.49244171753526,165.1999969482422],[151.22270084917545,-33.49241925403476,165],[151.2226845882833,-33.4923963714391,165],[151.22265961021185,-33.49238304421306,164.8000030517578],[151.2226021103561,-33.492376087233424,164.8000030517578],[151.22257134877145,-33.49237239919603,164.8000030517578],[151.22254276648164,-33.49236711859703,164.8000030517578],[151.22252977453172,-33.492365358397365,164.60000610351562],[151.22251535765827,-33.49235496483743,164.60000610351562],[151.22250295244157,-33.49233250133693,164.39999389648438],[151.22249373234808,-33.49231003783643,164.39999389648438],[151.22246934100986,-33.4922687150538,164.1999969482422],[151.22246112674475,-33.492251951247454,164.1999969482422],[151.22241628356278,-33.49217366427183,163.8000030517578],[151.222369261086,-33.49210862070322,163.39999389648438],[151.22229675762355,-33.49201826378703,163.39999389648438],[151.22228854335845,-33.492005188018084,163.39999389648438],[151.22228175401688,-33.49195280112326,163.39999389648438],[151.22228560969234,-33.491942239925265,163.1999969482422],[151.2222889624536,-33.49192011170089,163],[151.22227873653173,-33.491868395358324,162.60000610351562],[151.22225442901254,-33.49183788523078,162.39999389648438],[151.2222043890506,-33.49178264848888,162.1999969482422],[151.22218276374042,-33.49176856689155,162.1999969482422],[151.22217077761889,-33.491762951016426,162.1999969482422],[151.22213213704526,-33.49173914641142,161.8000030517578],[151.22211755253375,-33.49172129295766,161.8000030517578],[151.2220994476229,-33.491669576615095,161.39999389648438],[151.22203029692173,-33.4916035272181,161.1999969482422],[151.22201839461923,-33.49159858189523,161],[151.22196684591472,-33.49154602736235,161],[151.22188311070204,-33.49150772206485,160.8000030517578],[151.2218277901411,-33.49150076508522,160.8000030517578],[151.22178856283426,-33.491491209715605,161],[151.22177607379854,-33.49149204790592,161],[151.22173299081624,-33.491495065391064,161],[151.22170298360288,-33.491479055956006,161.1999969482422],[151.22160223312676,-33.4914222266525,161.1999969482422],[151.2215801049024,-33.49137973040342,160.8000030517578],[151.22154163196683,-33.491363134235144,160.60000610351562],[151.22144524008036,-33.49129507318139,160],[151.22138413600624,-33.49125157110393,160],[151.2213485967368,-33.49122550338507,159.8000030517578],[151.22133535332978,-33.491221060976386,159.60000610351562],[151.2212788593024,-33.491204883903265,159.39999389648438],[151.2212730757892,-33.49119398742914,159.39999389648438],[151.22126050293446,-33.49114025942981,159],[151.22126184403896,-33.491048980504274,158.1999969482422],[151.22125882655382,-33.49102274514735,157.8000030517578],[151.22126737609506,-33.49097488448024,157.60000610351562],[151.22127600945532,-33.49092258140445,157.39999389648438],[151.22127533890307,-33.49089969880879,157],[151.22127265669405,-33.49089031107724,156.8000030517578],[151.22128774411976,-33.490837505087256,156],[151.22128581628203,-33.49076910875738,155.60000610351562],[151.22128481045365,-33.49071362055838,154.8000030517578],[151.22126922011375,-33.490669783204794,154.39999389648438],[151.22126368805766,-33.490659641101956,154.1999969482422],[151.2212371174246,-33.49065192975104,154],[151.22117668390274,-33.49062996916473,153.8000030517578],[151.22114927507937,-33.49061136133969,153.60000610351562],[151.22111717239022,-33.490599961951375,153.39999389648438],[151.22105162590742,-33.490605326369405,153.39999389648438],[151.22102606110275,-33.49057515151799,152.8000030517578],[151.22101558372378,-33.49056098610163,152.1999969482422],[151.22100829146802,-33.490560315549374,152],[151.22100778855383,-33.49055822007358,151.8000030517578],[151.22100787237287,-33.490559393540025,152],[151.22100787237287,-33.490559393540025,152],[151.2210019212216,-33.49055763334036,152],[151.2210143264383,-33.49049309268594,152.1999969482422],[151.22101449407637,-33.49043928086758,152.1999969482422],[151.22099169529974,-33.49039158783853,151.1999969482422],[151.2209916114807,-33.490305338054895,150.60000610351562],[151.22098876163363,-33.4902931842953,150.60000610351562],[151.22099513188004,-33.49026560783386,150.60000610351562],[151.2210019212216,-33.490233421325684,150.39999389648438],[151.22099881991744,-33.490212466567755,150],[151.220992365852,-33.49019184708595,149.60000610351562],[151.22099219821393,-33.490180782973766,149.39999389648438],[151.2209934554994,-33.490169970318675,149.1999969482422],[151.22100041247904,-33.49015278741717,149],[151.22100535780191,-33.49011582322419,149.1999969482422],[151.22100368142128,-33.49007927812636,149],[151.22101197950542,-33.49002764560282,148.1999969482422],[151.22098163701594,-33.490011217072606,148],[151.22096386738122,-33.48996930755675,147.8000030517578],[151.22096529230475,-33.48993804305792,148.39999389648438],[151.22094467282295,-33.48988733254373,148.39999389648438],[151.22094525955617,-33.48986688069999,148.8000030517578],[151.22094500809908,-33.489859253168106,148.8000030517578],[151.22094760648906,-33.489853804931045,149],[151.22093603946269,-33.48984676413238,148.60000610351562],[151.22092908248305,-33.48984483629465,148.60000610351562],[151.22092908248305,-33.48984483629465,148.60000610351562],[151.22092883102596,-33.48984324373305,148.60000610351562],[151.22092824429274,-33.48984123207629,148.60000610351562],[151.22092824429274,-33.489841148257256,148.60000610351562],[151.220881389454,-33.489881213754416,148.1999969482422],[151.22087309136987,-33.48989085294306,148],[151.22081575915217,-33.489933433011174,147.39999389648438],[151.22081416659057,-33.48993360064924,147.39999389648438],[151.22081366367638,-33.489933935925364,147.39999389648438],[151.22081433422863,-33.48993418738246,147.39999389648438],[151.22081433422863,-33.48993418738246,147.1999969482422],[151.22081433422863,-33.48993418738246,147.1999969482422],[151.22081433422863,-33.489934019744396,147.1999969482422],[151.22081383131444,-33.4899337682873,147.60000610351562],[151.2208121549338,-33.48993360064924,147.60000610351562],[151.2208094727248,-33.48992739804089,147.60000610351562],[151.2208081316203,-33.48989697173238,147.1999969482422],[151.2208274938166,-33.48987517878413,147.39999389648438],[151.2208536453545,-33.48983754403889,147.8000030517578],[151.22087040916085,-33.489821031689644,148.39999389648438],[151.22087434865534,-33.489814242348075,148.39999389648438],[151.22087912634015,-33.48980627954006,148.39999389648438],[151.22088490985334,-33.4897854924202,149.1999969482422],[151.2208890169859,-33.48978532478213,149.8000030517578],[151.22089136391878,-33.489787839353085,149.8000030517578],[151.22089136391878,-33.489787839353085,149.8000030517578],[151.22089153155684,-33.48978809081018,149.60000610351562],[151.22089731507003,-33.48978959955275,149.8000030517578],[151.22088264673948,-33.489830838516355,149.39999389648438],[151.22085171751678,-33.48986470140517,148.60000610351562],[151.22083386406302,-33.4898835606873,148.1999969482422],[151.22082204557955,-33.48989278078079,148.1999969482422],[151.22079790569842,-33.48989998921752,148],[151.2207959778607,-33.48989747464657,147.39999389648438],[151.22079765424132,-33.48990292288363,147.1999969482422],[151.22079170309007,-33.489906610921025,147.1999969482422],[151.22079421766102,-33.489905102178454,147.60000610351562],[151.220794133842,-33.489904180169106,147.1999969482422],[151.2207973189652,-33.489899234846234,147.39999389648438],[151.2207984086126,-33.48989856429398,147.39999389648438],[151.2207984086126,-33.48989856429398,147.39999389648438],[151.22079974971712,-33.4898975584656,147.39999389648438],[151.22080033645034,-33.4898975584656,147.39999389648438],[151.22080067172647,-33.4898975584656,147.39999389648438],[151.2208041921258,-33.4898994024843,147.39999389648438],[151.22081391513348,-33.48990376107395,147.1999969482422],[151.22081416659057,-33.4899028390646,147.39999389648438],[151.22081408277154,-33.48990183323622,147.39999389648438],[151.22081349603832,-33.48990149796009,147.39999389648438],[151.2208115682006,-33.48989697173238,147.8000030517578],[151.2208094727248,-33.489894373342395,147.8000030517578],[151.22080989181995,-33.489895379170775,147.60000610351562],[151.2208097241819,-33.48989554680884,147.8000030517578],[151.22080964036286,-33.48989563062787,147.8000030517578],[151.22080930508673,-33.4898957144469,147.8000030517578],[151.2208089698106,-33.4898957144469,148],[151.22080913744867,-33.489894876256585,148],[151.2208092212677,-33.489894876256585,148],[151.22080905362964,-33.48989479243755,148],[151.22080888599157,-33.489894876256585,148],[151.2208087183535,-33.48989504389465,148.1999969482422],[151.22080855071545,-33.48989504389465,148.1999969482422],[151.22080863453448,-33.489895379170775,148.1999969482422],[151.22080855071545,-33.489895295351744,148],[151.22080888599157,-33.48989655263722,148.1999969482422],[151.2208094727248,-33.48989772610366,148.1999969482422],[151.22080955654383,-33.48989772610366,148.1999969482422],[151.22080964036286,-33.48989806137979,148.1999969482422],[151.22080913744867,-33.489898229017854,148.39999389648438],[151.2208089698106,-33.48989806137979,148.60000610351562],[151.22080863453448,-33.48989772610366,148.60000610351562],[151.22080863453448,-33.48989789374173,148.60000610351562],[151.22080821543932,-33.48989864811301,148.60000610351562],[151.22080829925835,-33.489899737760425,148.8000030517578],[151.2208081316203,-33.48989990539849,148.8000030517578],[151.22080754488707,-33.48990049213171,148.8000030517578],[151.22080746106803,-33.48990082740784,149],[151.22080746106803,-33.4899009950459,149],[151.22082305140793,-33.489869898185134,148.8000030517578],[151.22082883492112,-33.48986872471869,149],[151.22082757763565,-33.48986344411969,149],[151.22082740999758,-33.48986285738647,149.1999969482422],[151.2208266556263,-33.489862689748406,149.1999969482422],[151.22084325179458,-33.489867551252246,149.39999389648438],[151.22084300033748,-33.48986679688096,149.60000610351562],[151.22084132395685,-33.489866545423865,149.60000610351562],[151.22084023430943,-33.48986444994807,149.60000610351562],[151.2208401504904,-33.48986009135842,149.8000030517578],[151.22084006667137,-33.48985707387328,149.60000610351562],[151.22084006667137,-33.48985489457846,149.8000030517578],[151.22083520516753,-33.48983410745859,149.8000030517578],[151.22083436697721,-33.48983393982053,149.8000030517578],[151.22083134949207,-33.48983947187662,149.8000030517578],[151.22083076275885,-33.489841148257256,149.8000030517578],[151.22082967311144,-33.48984315991402,150],[151.22082950547338,-33.48984324373305,150],[151.22082900255919,-33.48984374664724,150],[151.22082891874015,-33.489845758304,150],[151.220828499645,-33.48984709940851,150],[151.220828499645,-33.48984785377979,150.1999969482422],[151.220828499645,-33.48984827287495,150],[151.220828499645,-33.48984911106527,150],[151.2208287511021,-33.489849446341395,150],[151.2208287511021,-33.489849865436554,150],[151.22082900255919,-33.48985129036009,150.1999969482422],[151.22082891874015,-33.489851877093315,150.39999389648438],[151.2208287511021,-33.4898526314646,150.39999389648438],[151.2208279967308,-33.48985305055976,150.1999969482422],[151.22082707472146,-33.4898560680449,150.39999389648438],[151.2208264041692,-33.48985740914941,150.60000610351562],[151.22082489542663,-33.48985942080617,150.60000610351562],[151.22082497924566,-33.489859672263265,150.60000610351562],[151.2208250630647,-33.48986076191068,150.60000610351562],[151.2208250630647,-33.48986101336777,150.8000030517578],[151.2208250630647,-33.489861097186804,150.8000030517578],[151.22082497924566,-33.489861097186804,150.60000610351562],[151.22082489542663,-33.489861181005836,150.60000610351562],[151.22082439251244,-33.48986143246293,150.60000610351562],[151.22082414105535,-33.489861600100994,150.60000610351562],[151.2208234705031,-33.48986252211034,150.60000610351562],[151.22082305140793,-33.48986327648163,150.8000030517578],[151.2208227161318,-33.4898631926626,150.8000030517578],[151.2208227161318,-33.48986327648163,150.8000030517578],[151.2208213750273,-33.4898647852242,150.8000030517578],[151.22082129120827,-33.489867048338056,150.8000030517578],[151.22082129120827,-33.48986780270934,148.8000030517578],[151.22082129120827,-33.489868473261595,148.8000030517578],[151.22082129120827,-33.48986880853772,149],[151.22082145884633,-33.48987014964223,149.1999969482422],[151.22082221321762,-33.48987224511802,149],[151.22082036919892,-33.48987492732704,149],[151.22082036919892,-33.48987593315542,149],[151.22081995010376,-33.4898766875267,149.1999969482422],[151.22081969864666,-33.48987702280283,149],[151.22081969864666,-33.48987710662186,149],[151.22081969864666,-33.48987710662186,149],[151.22081944718957,-33.48987735807896,149],[151.22081944718957,-33.489877777174115,149],[151.2208192795515,-33.48987811245024,149.1999969482422],[151.2208192795515,-33.489878196269274,149],[151.22081919573247,-33.489878280088305,148.8000030517578],[151.22081877663732,-33.489879285916686,149],[151.22081869281828,-33.48988062702119,149.1999969482422],[151.22081827372313,-33.48988180048764,149.39999389648438],[151.2208181899041,-33.489882135763764,149.1999969482422],[151.22081802226603,-33.489882219582796,149.1999969482422],[151.220817938447,-33.48988255485892,149.1999969482422],[151.220817938447,-33.489882722496986,149.1999969482422],[151.22081785462797,-33.48988280631602,149.39999389648438],[151.220817938447,-33.48988322541118,149.39999389648438],[151.22081802226603,-33.4898835606873,149.39999389648438],[151.220817938447,-33.48988372832537,149.60000610351562],[151.22081777080894,-33.48988439887762,149.60000610351562],[151.2208174355328,-33.48988498561084,149.39999389648438],[151.2208171840757,-33.489885153248906,149.39999389648438],[151.2208171840757,-33.489885404706,149.8000030517578],[151.2208171840757,-33.48988548852503,149.8000030517578],[151.2208171840757,-33.48988548852503,149.8000030517578],[151.22081693261862,-33.489885656163096,149.8000030517578],[151.2208168487996,-33.48988582380116,149.8000030517578],[151.2208168487996,-33.48988599143922,149.8000030517578],[151.2208165973425,-33.48988691344857,149.8000030517578],[151.22081642970443,-33.48988716490567,149.8000030517578],[151.22081626206636,-33.489887500181794,150.60000610351562],[151.22081651352346,-33.489887584000826,150.8000030517578],[151.22091106139123,-33.48982237279415,151.60000610351562],[151.22096889652312,-33.48981306888163,151.8000030517578],[151.22096864506602,-33.48981977440417,151.8000030517578],[151.22099085710943,-33.48988716490567,152],[151.22097635641694,-33.489904683083296,151.60000610351562],[151.2209849897772,-33.4899459220469,151.60000610351562],[151.22104240581393,-33.4899961296469,151.39999389648438],[151.22104500420392,-33.49000006914139,151.60000610351562],[151.2210491951555,-33.49005815573037,152],[151.22106285765767,-33.490103501826525,152.39999389648438],[151.22103813104331,-33.490142058581114,152.60000610351562],[151.22104743495584,-33.49018254317343,153],[151.22104827314615,-33.49024096503854,153.8000030517578],[151.22104139998555,-33.49026150070131,154],[151.22100619599223,-33.490314558148384,154.1999969482422],[151.22098901309073,-33.49037239328027,154.60000610351562],[151.2209728360176,-33.49039049819112,154.60000610351562],[151.2209664657712,-33.4904208406806,154.39999389648438],[151.22096629813313,-33.49042335525155,154],[151.22095791622996,-33.4904105309397,154.1999969482422],[151.2209556531161,-33.49039443768561,154.39999389648438],[151.2209590896964,-33.490378092974424,154.39999389648438],[151.22096554376185,-33.490359568968415,154.60000610351562],[151.22099747881293,-33.49037993699312,154.8000030517578],[151.22100259177387,-33.49038722924888,155.1999969482422],[151.22102413326502,-33.49040960893035,155.8000030517578],[151.22102597728372,-33.49041405133903,156.1999969482422],[151.2210230436176,-33.490413799881935,156.1999969482422],[151.22100804001093,-33.49043073132634,156.1999969482422],[151.22099999338388,-33.49046040326357,156],[151.22098281048238,-33.49050776101649,155.60000610351562],[151.22100711800158,-33.49053340964019,156],[151.22102413326502,-33.49054749123752,156.39999389648438],[151.22105321846902,-33.490539863705635,157.1999969482422],[151.22106327675283,-33.49053525365889,157.1999969482422],[151.22111851349473,-33.4905313141644,157.1999969482422],[151.2211332656443,-33.49053508602083,157.39999389648438],[151.22114927507937,-33.490538941696286,157.39999389648438],[151.2212082836777,-33.49056274630129,157.39999389648438],[151.2212471757084,-33.490584874525666,157.60000610351562],[151.22129294089973,-33.490618569776416,158.1999969482422],[151.22130090370774,-33.49063055589795,158.1999969482422],[151.22131071053445,-33.49063784815371,158.39999389648438],[151.2213224451989,-33.49069350399077,158.8000030517578],[151.22131766751409,-33.49070808850229,159],[151.2213076930493,-33.49073155783117,159.1999969482422],[151.22130626812577,-33.49074136465788,159.1999969482422],[151.22130936942995,-33.490757793188095,159.60000610351562],[151.2213153205812,-33.49076399579644,159.8000030517578],[151.22131674550474,-33.49078360944986,160],[151.2212986405939,-33.490818897262216,160.39999389648438],[151.2212873250246,-33.49084446206689,160.39999389648438],[151.22129696421325,-33.490862818434834,160.60000610351562],[151.22129587456584,-33.490895591676235,160.8000030517578],[151.2212722375989,-33.49096021614969,161.39999389648438],[151.22126251459122,-33.49097589030862,161.60000610351562],[151.22124935500324,-33.490996258333325,161.8000030517578],[151.22124566696584,-33.49103707820177,162],[151.22124885208905,-33.49104722030461,162.1999969482422],[151.2212682981044,-33.49110648036003,162.60000610351562],[151.22127190232277,-33.49113372154534,163],[151.2212836369872,-33.491176553070545,163.39999389648438],[151.2212994787842,-33.491175044327974,163.39999389648438],[151.22131263837218,-33.491171188652515,163.60000610351562],[151.2213536258787,-33.491183426231146,164],[151.22137038968503,-33.49119180813432,164],[151.2214395403862,-33.49125484004617,164.39999389648438],[151.22149041853845,-33.491294318810105,164.60000610351562],[151.22150550596416,-33.4913083165884,164.8000030517578],[151.22154146432877,-33.49132080562413,165],[151.22156736440957,-33.4913482144475,165.1999969482422],[151.22159368358552,-33.49139339290559,165.39999389648438],[151.22161061502993,-33.49140898324549,165.60000610351562],[151.22161882929504,-33.49141418002546,165.8000030517578],[151.22165897861123,-33.49142532795668,165.8000030517578],[151.22169024311006,-33.4914309438318,166],[151.22179283760488,-33.49142155610025,166],[151.22180758975446,-33.49142708815634,166],[151.22182837687433,-33.49143220111728,165.8000030517578],[151.22184036299586,-33.49143287166953,165.8000030517578],[151.22185452841222,-33.4914346318692,165.8000030517578],[151.22188235633075,-33.49144561216235,165.8000030517578],[151.22190532274544,-33.49145432934165,165.8000030517578],[151.22192694805562,-33.491457514464855,165.8000030517578],[151.2220029719174,-33.49149531684816,165.8000030517578],[151.2220238428563,-33.49151006899774,166],[151.22207321226597,-33.49155264906585,166],[151.222094418481,-33.49159128963947,166.1999969482422],[151.2221301253885,-33.491672510281205,166.60000610351562],[151.22214186005294,-33.49167753942311,166.60000610351562],[151.2221913971007,-33.49170972593129,166.8000030517578],[151.2222030479461,-33.491716012358665,166.8000030517578],[151.22225216589868,-33.491773596033454,167.39999389648438],[151.22227672487497,-33.49185540340841,167.60000610351562],[151.22227739542723,-33.49194182083011,168],[151.22228250838816,-33.49195070564747,168.1999969482422],[151.22232919558883,-33.491986747831106,168.60000610351562],[151.2223368231207,-33.49199906922877,168.60000610351562],[151.22237051837146,-33.49203930236399,168.60000610351562],[151.22239298187196,-33.492056988179684,168.60000610351562],[151.22241125442088,-33.49210317246616,169],[151.22245165519416,-33.492164108902216,169.1999969482422],[151.22249398380518,-33.49223476834595,169.8000030517578],[151.22257872484624,-33.49228849634528,170],[151.2225933931768,-33.49229562096298,170],[151.2226536590606,-33.49230048246682,170.39999389648438],[151.22266807593405,-33.492304757237434,170.39999389648438],[151.2226969935,-33.4923202637583,170.39999389648438],[151.22271065600216,-33.492360496893525,170.60000610351562],[151.22272272594273,-33.49242587573826,170.8000030517578],[151.22275482863188,-33.492451608181,171],[151.22277452610433,-33.49247398786247,171.1999969482422],[151.22278173454106,-33.492489913478494,171.39999389648438],[151.22278559021652,-33.49254498258233,171.60000610351562],[151.2227966543287,-33.49255830980837,171.8000030517578],[151.22282163240016,-33.49258747883141,171.8000030517578],[151.22284619137645,-33.492616061121225,171.8000030517578],[151.22286094352603,-33.49264028482139,171.8000030517578],[151.2228704150766,-33.49266610108316,172],[151.22287192381918,-33.492691246792674,172],[151.22291115112603,-33.49269828759134,172.1999969482422],[151.22298918664455,-33.49272049963474,172.60000610351562],[151.2229896057397,-33.492747908458114,172.60000610351562],[151.22299396432936,-33.492763666436076,172.8000030517578],[151.223003603518,-33.492787554860115,173],[151.22307769954205,-33.49284731782973,172.8000030517578],[151.2231209501624,-33.4928678534925,173.39999389648438],[151.22314517386258,-33.49289274774492,173.8000030517578],[151.22315137647092,-33.49290071055293,173.8000030517578],[151.22315732762218,-33.49290951155126,174],[151.22318440116942,-33.49291495978832,174.60000610351562],[151.22320644557476,-33.492908757179976,175.1999969482422],[151.22321675531566,-33.49290523678064,175.39999389648438],[151.22320594266057,-33.49289132282138,175.1999969482422],[151.22320183552802,-33.49288704805076,175.1999969482422],[151.22319655492902,-33.492871122434735,175],[151.22319328598678,-33.49286106415093,174.8000030517578],[151.22319454327226,-33.492858465760946,174.8000030517578],[151.2231952138245,-33.49285863339901,174.8000030517578],[151.2231954652816,-33.49285880103707,174.60000610351562],[151.2231941241771,-33.492848156020045,174],[151.22320963069797,-33.492845389992,174],[151.22323779389262,-33.49283474497497,173.8000030517578],[151.2232445832342,-33.49283172748983,173.8000030517578],[151.22324600815773,-33.49281890317798,173.8000030517578],[151.22326193377376,-33.492812952026725,173.8000030517578],[151.22326989658177,-33.49280968308449,173.8000030517578],[151.22332370840013,-33.492783615365624,174],[151.2233299948275,-33.49278177134693,174],[151.22331742197275,-33.492772467434406,174],[151.2233146559447,-33.49277255125344,174],[151.22330945916474,-33.49277355708182,173.8000030517578],[151.22331717051566,-33.49274438805878,174],[151.2233297433704,-33.4927296359092,174.8000030517578],[151.22334256768227,-33.49271488375962,175],[151.22337894514203,-33.4927071724087,175.60000610351562],[151.22338875196874,-33.492703568190336,175.60000610351562],[151.22339822351933,-33.492684876546264,176],[151.2234071083367,-33.49266920238733,176.1999969482422],[151.22346167452633,-33.49260784685612,176.60000610351562],[151.22347466647625,-33.492589155212045,176.60000610351562],[151.2234869878739,-33.49254925735295,176.8000030517578],[151.2234911788255,-33.49252201616764,176.8000030517578],[151.22349025681615,-33.49247516132891,176],[151.22352009639144,-33.49244280718267,175.8000030517578],[151.22355228289962,-33.492423025891185,175.8000030517578],[151.22358807362616,-33.492378098890185,176.39999389648438],[151.2235874030739,-33.492359071969986,176.39999389648438],[151.2235871516168,-33.492335602641106,176.1999969482422],[151.22359679080546,-33.49231297150254,176],[151.22362495400012,-33.49229042418301,175.8000030517578],[151.22368505224586,-33.49223527126014,175.8000030517578],[151.2237288057804,-33.492221273481846,176],[151.22375370003283,-33.49222110584378,176.1999969482422],[151.22377515770495,-33.49220928736031,176.1999969482422],[151.2237784266472,-33.49220300093293,176.39999389648438],[151.22383274137974,-33.492166455835104,176.8000030517578],[151.22389568947256,-33.49215195514262,177.1999969482422],[151.2239079270512,-33.492152374237776,177.1999969482422],[151.22392971999943,-33.49215094931424,177.1999969482422],[151.22396249324083,-33.49213837645948,177.1999969482422],[151.2240245193243,-33.49211591295898,177.39999389648438],[151.2240453902632,-33.49210602231324,177.39999389648438],[151.22406751848757,-33.492100490257144,177.39999389648438],[151.22408168390393,-33.492099568247795,177.39999389648438],[151.22410867363214,-33.49209537729621,177.39999389648438],[151.22414572164416,-33.492086827754974,177.39999389648438],[151.22417103499174,-33.49208774976432,177.39999389648438],[151.22419618070126,-33.49208615720272,177.39999389648438],[151.22422073967755,-33.492079535499215,177.39999389648438],[151.2242515012622,-33.49206847138703,177.39999389648438],[151.22429232113063,-33.492053635418415,177.1999969482422],[151.22430179268122,-33.492051120847464,177.1999969482422],[151.22432333417237,-33.49205422215164,177.1999969482422],[151.22433867305517,-33.49205380305648,177.1999969482422],[151.224354095757,-33.49205338396132,177.1999969482422],[151.22441930696368,-33.492036536335945,177.1999969482422],[151.22454679571092,-33.49204357713461,177.1999969482422],[151.2245583627373,-33.492039889097214,177.1999969482422],[151.22463413514197,-33.492029663175344,177],[151.2246619630605,-33.492019940167665,177],[151.22468643821776,-33.492017425596714,177],[151.2247100751847,-33.49202455021441,177],[151.22478978708386,-33.492024298757315,177],[151.22480034828186,-33.49202312529087,177],[151.22487410902977,-33.4920131508261,177.1999969482422],[151.2248979974538,-33.49201172590256,177.1999969482422],[151.22499086894095,-33.49202807061374,176.8000030517578],[151.225051805377,-33.49200895987451,176.39999389648438],[151.22506119310856,-33.49199965596199,176.1999969482422],[151.22510905377567,-33.49199135787785,175.8000030517578],[151.22517275623977,-33.49199932068586,175.60000610351562],[151.22521047480404,-33.49199521355331,175.39999389648438],[151.22526604682207,-33.4919748455286,175],[151.2252901867032,-33.49196772091091,174.8000030517578],[151.22531373985112,-33.491963781416416,174.60000610351562],[151.225397977978,-33.49195037037134,174.1999969482422],[151.2254236266017,-33.49194240756333,174],[151.22547643259168,-33.491922710090876,173.39999389648438],[151.22551473788917,-33.4919145796448,173.1999969482422],[151.22554155997932,-33.49190418608487,173],[151.22556586749852,-33.49189706146717,172.8000030517578],[151.2256408855319,-33.491869904100895,172.1999969482422],[151.22565060853958,-33.4918627794832,172.1999969482422],[151.22569939121604,-33.491825982928276,172],[151.22571825049818,-33.491820618510246,172],[151.22577424161136,-33.49182606674731,171.8000030517578],[151.22579041868448,-33.49181869067252,171.60000610351562],[151.22588940896094,-33.491805447265506,171.1999969482422],[151.2259627506137,-33.49185314029455,171],[151.22598269954324,-33.491864539682865,170.8000030517578],[151.22602678835392,-33.49190594628453,170.60000610351562],[151.22607707977295,-33.49193645641208,170.8000030517578],[151.22610147111118,-33.49195908755064,171],[151.22612703591585,-33.491982808336616,171],[151.2261355854571,-33.49200460128486,171.1999969482422],[151.22613424435258,-33.49202455021441,171.39999389648438],[151.226140614599,-33.49208322353661,171.39999389648438],[151.22614044696093,-33.492090264335275,171.39999389648438],[151.2261554505676,-33.492136700078845,172],[151.22615486383438,-33.492152877151966,172],[151.22618906199932,-33.492200654000044,172.39999389648438],[151.22622326016426,-33.49222814664245,172.39999389648438],[151.22622401453555,-33.49224189296365,172.39999389648438],[151.2262201588601,-33.49226108752191,172.39999389648438],[151.22624957934022,-33.49229218438268,172.39999389648438],[151.22628553770483,-33.49231272004545,172.60000610351562],[151.22633582912385,-33.492349265143275,172.60000610351562],[151.22639710083604,-33.49240567535162,172.39999389648438],[151.22648041695356,-33.49244875833392,172.39999389648438],[151.22652207501233,-33.49248865619302,172.39999389648438],[151.22656750492752,-33.49251413717866,172.39999389648438],[151.22657680884004,-33.49252360872924,172.39999389648438],[151.22663900256157,-33.49260642193258,172.39999389648438],[151.22670547105372,-33.49266962148249,172.60000610351562],[151.2267197202891,-33.49274287931621,173],[151.22672215104103,-33.49275151267648,173],[151.22671980410814,-33.49275939166546,173.1999969482422],[151.22671326622367,-33.49281228147447,173.1999969482422],[151.2267294432968,-33.4928676020354,173.39999389648438],[151.22676548548043,-33.49294127896428,173.39999389648438],[151.2267955765128,-33.493024595081806,173.60000610351562],[151.2268158607185,-33.493082178756595,173.8000030517578],[151.2268116697669,-33.49311704747379,174],[151.22681074775755,-33.49314797669649,174.1999969482422],[151.2268042936921,-33.49316021427512,174.1999969482422],[151.22680974192917,-33.49318410269916,174.39999389648438],[151.22682365588844,-33.493244955316186,174.39999389648438],[151.22682239860296,-33.49327236413956,174.60000610351562],[151.22680404223502,-33.49339130334556,174.8000030517578],[151.2268089875579,-33.49341468885541,175],[151.22681443579495,-33.493427680805326,175],[151.22682709246874,-33.493470679968596,175.1999969482422],[151.22682985849679,-33.493494652211666,175.39999389648438],[151.22684008441865,-33.493572184816,175.39999389648438],[151.2268470413983,-33.49360168911517,175.39999389648438],[151.2268341332674,-33.49366061389446,175.39999389648438],[151.2268322892487,-33.49368156865239,175.39999389648438],[151.22685911133885,-33.49369271658361,175.39999389648438],[151.2268909625709,-33.4936916269362,175.39999389648438],[151.22689741663635,-33.49373957142234,176],[151.22689641080797,-33.49378005601466,176],[151.22688677161932,-33.49380754865706,176],[151.22688559815288,-33.49381702020764,176],[151.22688710689545,-33.49383043125272,176.1999969482422],[151.22690051794052,-33.493869407102466,176.1999969482422],[151.22690353542566,-33.49387904629111,176.1999969482422],[151.22692759148777,-33.49390234798193,176.39999389648438],[151.2269347999245,-33.49390922114253,176.39999389648438],[151.22698022983968,-33.493969570845366,176.60000610351562],[151.22698551043868,-33.49398750811815,176.60000610351562],[151.2270172778517,-33.49405389279127,176.60000610351562],[151.2270254921168,-33.49409094080329,176.60000610351562],[151.22707528062165,-33.49413838237524,177],[151.22708265669644,-33.49414357915521,177],[151.22708902694285,-33.494150871410966,177.1999969482422],[151.2271364685148,-33.49419705569744,177.60000610351562],[151.2271533999592,-33.49422421306372,178.1999969482422],[151.2271578423679,-33.4942442458123,178.39999389648438],[151.22717125341296,-33.49426008760929,178.60000610351562],[151.22718038968742,-33.49426134489477,178.8000030517578],[151.22720025479794,-33.494263691827655,178.8000030517578],[151.22722540050745,-33.494276432320476,179.1999969482422],[151.22723093256354,-33.49428213201463,179.1999969482422],[151.22728466056287,-33.49431758746505,179.8000030517578],[151.22730737552047,-33.49432077258825,180.39999389648438],[151.22732849791646,-33.49432789720595,181.60000610351562],[151.2273647915572,-33.49436511285603,182.8000030517578],[151.22737334109843,-33.494374081492424,182.8000030517578],[151.2274311762303,-33.49441205151379,183.60000610351562],[151.227435618639,-33.494417164474726,184],[151.22745514847338,-33.49445513449609,184.8000030517578],[151.22746210545301,-33.494459576904774,185.1999969482422],[151.22746931388974,-33.49447030574083,185.39999389648438],[151.2274750135839,-33.49447164684534,186],[151.22749186120927,-33.494480112567544,186.60000610351562],[151.22750996612012,-33.494522692635655,187.8000030517578],[151.227509630844,-33.49453794769943,188],[151.22748465277255,-33.494581785053015,188.8000030517578],[151.22748096473515,-33.494585724547505,188.8000030517578],[151.22747191227973,-33.49460600875318,189.8000030517578],[151.22748448513448,-33.49460894241929,190.39999389648438],[151.22751407325268,-33.49462050944567,190.8000030517578],[151.2275299988687,-33.494642889127135,191.39999389648438],[151.22759613208473,-33.49477590993047,192],[151.22760895639658,-33.49479367956519,192.1999969482422],[151.22763552702963,-33.49482377059758,192.39999389648438],[151.22767953202128,-33.49485042504966,193],[151.22769034467638,-33.49488546140492,193.1999969482422],[151.22771834023297,-33.49497674033046,193.8000030517578],[151.2277163285762,-33.49498378112912,194],[151.22769294306636,-33.495031390339136,195],[151.2276851478964,-33.49503826349974,195.1999969482422],[151.227649692446,-33.49508050829172,196],[151.22764499858022,-33.495086040347815,196.1999969482422],[151.22763611376286,-33.495125602930784,197],[151.22763217426836,-33.49513306282461,197.1999969482422],[151.2276251334697,-33.49516147747636,198],[151.2276198528707,-33.49517899565399,198.39999389648438],[151.22761105187237,-33.49519609473646,199.39999389648438],[151.22759537771344,-33.495211601257324,200],[151.22759437188506,-33.4952215757221,200.1999969482422],[151.22759780846536,-33.49523205310106,200.39999389648438],[151.22760526835918,-33.49524789489806,200.8000030517578],[151.2276045139879,-33.49525627680123,200.8000030517578],[151.22757215984166,-33.49528569728136,201.39999389648438],[151.22756503522396,-33.49529198370874,201.8000030517578],[151.2275590840727,-33.49533146247268,202.39999389648438],[151.22759797610343,-33.49535551853478,202.39999389648438],[151.22761021368206,-33.495365492999554,202.60000610351562],[151.22762228362262,-33.495388040319085,202.8000030517578],[151.22764457948506,-33.49545115604997,203.39999389648438],[151.22766394168139,-33.49547512829304,203.1999969482422],[151.22767936438322,-33.49548300728202,203.1999969482422],[151.22768942266703,-33.4954858571291,203.1999969482422],[151.2277094554156,-33.495490131899714,203],[151.2277326732874,-33.495512595400214,202.8000030517578],[151.22774843126535,-33.495527766644955,202.8000030517578],[151.2277532927692,-33.49553153850138,202.8000030517578],[151.2277889996767,-33.495554588735104,203.39999389648438],[151.22782303020358,-33.49558040499687,203.60000610351562],[151.22782990336418,-33.49558484740555,203.60000610351562],[151.22785462997854,-33.49558677524328,203.60000610351562],[151.22789092361927,-33.495594738051295,203.60000610351562],[151.22791606932878,-33.49559641443193,203.60000610351562],[151.22793559916317,-33.49560705944896,203.60000610351562],[151.22795412316918,-33.49562365561724,203.60000610351562],[151.2279650196433,-33.49562709219754,203.60000610351562],[151.22802796773612,-33.49567160010338,204],[151.2280397862196,-33.49570110440254,204.60000610351562],[151.22806484811008,-33.495721807703376,205],[151.22807348147035,-33.49572826176882,205.1999969482422],[151.22808462940156,-33.49573161453009,205.39999389648438],[151.22814665548503,-33.495727172121406,206],[151.22815386392176,-33.495731027796865,206.1999969482422],[151.22816224582493,-33.49573278799653,206.39999389648438],[151.22817624360323,-33.495754078030586,206.60000610351562],[151.22817599214613,-33.49577520042658,206.8000030517578],[151.2281780038029,-33.49579221569002,207],[151.22821563854814,-33.49584803916514,207.1999969482422],[151.22823575511575,-33.49586622789502,206.8000030517578],[151.22831001877785,-33.49588374607265,207],[151.22834220528603,-33.49589405581355,207.1999969482422],[151.2283567059785,-33.49589506164193,207.39999389648438],[151.22837028466165,-33.495896738022566,207.39999389648438],[151.2284050695598,-33.49590436555445,207.60000610351562],[151.2284396868199,-33.49590168334544,208.39999389648438],[151.22845158912241,-33.49589355289936,208.39999389648438],[151.22847254388034,-33.49588927812874,208.8000030517578],[151.22850489802659,-33.49588760174811,209.39999389648438],[151.22852778062224,-33.49588818848133,209.60000610351562],[151.2285575363785,-33.495893217623234,210.1999969482422],[151.2285623140633,-33.4958933852613,210.39999389648438],[151.22856290079653,-33.49588952958584,210.8000030517578],[151.2285625655204,-33.495879638940096,211.1999969482422],[151.2285673432052,-33.49586186930537,211.8000030517578],[151.22858469374478,-33.49584502168,212.60000610351562],[151.22859483584762,-33.495841501280665,212.8000030517578],[151.22860095463693,-33.495839573442936,213],[151.22861729934812,-33.4958241507411,214.1999969482422],[151.22861973010004,-33.49581518210471,214.8000030517578],[151.22866708785295,-33.49579875357449,214.8000030517578],[151.2286769784987,-33.49579783156514,214.8000030517578],[151.22871536761522,-33.49580839276314,215.39999389648438],[151.22873757965863,-33.49582993425429,215.8000030517578],[151.2287716101855,-33.49584225565195,216],[151.2288260087371,-33.49580219015479,216.1999969482422],[151.22890421189368,-33.495795987546444,216.39999389648438],[151.22893539257348,-33.49577629007399,216.39999389648438],[151.22895785607398,-33.4957586042583,216.39999389648438],[151.22896707616746,-33.49575072526932,216.39999389648438],[151.22897294349968,-33.49574008025229,216.39999389648438],[151.22898308560252,-33.495707055553794,216.39999389648438],[151.2289819959551,-33.495694901794195,216.60000610351562],[151.22899507172406,-33.49561896175146,216.60000610351562],[151.22901007533073,-33.495604461058974,216.39999389648438],[151.2290171161294,-33.49558484740555,216.39999389648438],[151.22903547249734,-33.49556414410472,216.39999389648438],[151.22907964512706,-33.49554805085063,216.39999389648438],[151.22909548692405,-33.495544865727425,216.39999389648438],[151.22910068370402,-33.49553933367133,216.39999389648438],[151.2291463650763,-33.49551469087601,217.1999969482422],[151.2291619554162,-33.49551376886666,217.1999969482422],[151.22918542474508,-33.49553472362459,217.1999969482422],[151.22920839115977,-33.49557830952108,217.39999389648438],[151.2292277533561,-33.49559348076582,217.39999389648438],[151.22925348579884,-33.49559532478452,217.39999389648438],[151.2292840797454,-33.49557453766465,217.39999389648438],[151.22929212637246,-33.495557103306055,217.60000610351562],[151.2293326947838,-33.49551184102893,217.60000610351562],[151.22937435284257,-33.49539717659354,217.1999969482422],[151.22945599257946,-33.495342610403895,216.8000030517578],[151.22946965508163,-33.49533464759588,216.8000030517578],[151.22951416298747,-33.49532878026366,216.60000610351562],[151.2295332737267,-33.495331378653646,216.60000610351562],[151.22954769060016,-33.49532735534012,216.60000610351562],[151.2295758537948,-33.49530556239188,216.39999389648438],[151.22958423569798,-33.49529650993645,216.39999389648438],[151.22963997535408,-33.49527278915048,216],[151.22966956347227,-33.49527572281659,215.8000030517578],[151.22974039055407,-33.49528410471976,215.60000610351562],[151.22976997867227,-33.495291229337454,215.8000030517578],[151.229904089123,-33.49528921768069,216.60000610351562],[151.230009784922,-33.4952665027231,217],[151.23002135194838,-33.495257534086704,217],[151.2300451565534,-33.49524370394647,217],[151.23009880073369,-33.49523431621492,216.60000610351562],[151.23011665418744,-33.495233142748475,216.60000610351562],[151.23013383708894,-33.49522861652076,216.60000610351562],[151.23017876408994,-33.49522945471108,216.8000030517578],[151.23021463863552,-33.49522006697953,216.8000030517578],[151.23027708381414,-33.49515359848738,216.60000610351562],[151.23038118705153,-33.49513063207269,216.39999389648438],[151.2304981984198,-33.495126608759165,216.60000610351562],[151.2305629067123,-33.49511764012277,216.60000610351562],[151.23057682067156,-33.49511219188571,216.60000610351562],[151.23065100051463,-33.49503985606134,216.60000610351562],[151.23071554116905,-33.495013704523444,216.60000610351562],[151.2307318020612,-33.495012698695064,216.60000610351562],[151.23075686395168,-33.494988810271025,216.60000610351562],[151.2307968456298,-33.494958551600575,216.8000030517578],[151.2308514956385,-33.494927957654,216.8000030517578],[151.23086532577872,-33.494908176362514,216.8000030517578],[151.2308729533106,-33.49489560350776,216.8000030517578],[151.23094889335334,-33.49482494406402,217],[151.23105014674366,-33.49477750249207,217.39999389648438],[151.2310552597046,-33.49476979114115,217.60000610351562],[151.2310634739697,-33.49474866874516,217.60000610351562],[151.23107981868088,-33.494730815291405,217.60000610351562],[151.23109222389758,-33.494726959615946,217.60000610351562],[151.23113857582211,-33.49469879642129,217.8000030517578],[151.2311819102615,-33.494599806144834,218.1999969482422],[151.23123798519373,-33.49452093243599,218.60000610351562],[151.23124393634498,-33.49451053887606,218.60000610351562],[151.2312881089747,-33.49445069208741,219],[151.23132943175733,-33.494366370141506,219.39999389648438],[151.23137469403446,-33.49432663992047,219.60000610351562],[151.23138022609055,-33.49431834183633,219.60000610351562],[151.23138290829957,-33.49430744536221,219.8000030517578],[151.23138676397502,-33.49429680034518,219.8000030517578],[151.23146295547485,-33.49420049227774,220],[151.23148189857602,-33.494108291342854,220.1999969482422],[151.23150276951492,-33.494055988267064,220.1999969482422],[151.2315243948251,-33.49401047453284,220.1999969482422],[151.23159321025014,-33.49391743540764,220.60000610351562],[151.23161416500807,-33.49386613816023,220.39999389648438],[151.23162028379738,-33.49381358362734,220.39999389648438],[151.23168817721307,-33.49368626251817,220],[151.23170100152493,-33.49363655783236,220],[151.23171365819871,-33.49361652508378,220],[151.23171399347484,-33.49360227584839,220],[151.23172514140606,-33.49345190450549,219.60000610351562],[151.2317310925573,-33.493373366072774,219.60000610351562],[151.23172111809254,-33.493358697742224,219.60000610351562],[151.23170343227684,-33.49327119067311,219.39999389648438],[151.23170686885715,-33.49323162809014,219.1999969482422],[151.23168038204312,-33.49316499195993,219],[151.23167996294796,-33.49314194172621,219],[151.2317233812064,-33.49301168695092,219],[151.2317606806755,-33.4928868804127,219.39999389648438],[151.23177375644445,-33.49281353875995,219.39999389648438],[151.2317770253867,-33.49280440248549,219.39999389648438],[151.23182203620672,-33.49269795231521,219.39999389648438],[151.2318679690361,-33.49260717630386,219.39999389648438],[151.23194483108819,-33.492537857964635,219.1999969482422],[151.23196486383677,-33.49244037643075,219],[151.2319599185139,-33.49243350327015,219],[151.231899401173,-33.49239050410688,219.39999389648438],[151.23188624158502,-33.49238086491823,219.39999389648438],[151.2318563181907,-33.49231489934027,220],[151.231835950166,-33.492225632071495,220.60000610351562],[151.23181021772325,-33.4921527095139,221.1999969482422],[151.2318138219416,-33.49210753105581,221.39999389648438],[151.23179621994495,-33.492040392011404,221.60000610351562],[151.23179831542075,-33.49201767705381,221.8000030517578],[151.23180326074362,-33.4919386357069,222],[151.23179521411657,-33.49191910587251,222.1999969482422],[151.23178674839437,-33.49191038869321,222.1999969482422],[151.23177803121507,-33.491890942677855,222.1999969482422],[151.2317733373493,-33.49187099374831,222.39999389648438],[151.23174701817334,-33.49179002456367,222.8000030517578],[151.23174592852592,-33.49173839204013,222.8000030517578],[151.23173494823277,-33.49166102707386,223.1999969482422],[151.23173838481307,-33.491649543866515,223.60000610351562],[151.2317387200892,-33.49164971150458,223.60000610351562],[151.2317310925573,-33.49160059355199,223.8000030517578],[151.23173067346215,-33.49158382974565,223.8000030517578],[151.23173117637634,-33.49154066294432,224.1999969482422],[151.2317175976932,-33.49152716808021,224.1999969482422],[151.23171441257,-33.491516103968024,224.1999969482422],[151.23172321356833,-33.49145642481744,224.39999389648438],[151.23173033818603,-33.49140655249357,224.39999389648438],[151.23173067346215,-33.49140009842813,224.60000610351562],[151.2317389715463,-33.49132860079408,224.8000030517578],[151.23173813335598,-33.491310914978385,224.8000030517578],[151.23171030543745,-33.49126925691962,225.1999969482422],[151.2316890154034,-33.49118962883949,225.60000610351562],[151.23167895711958,-33.49116247147322,225.60000610351562],[151.23167334124446,-33.49115668796003,225.8000030517578],[151.23166588135064,-33.49115140736103,225.8000030517578],[151.23165247030556,-33.491138499230146,226.1999969482422],[151.23164878226817,-33.49112341180444,226.39999389648438],[151.23165431432426,-33.49106918089092,226.8000030517578],[151.23165775090456,-33.49104437045753,226.8000030517578],[151.2316552363336,-33.49103515036404,226.8000030517578],[151.231635119766,-33.49098812788725,226.8000030517578],[151.23162883333862,-33.49096222780645,227],[151.2316160928458,-33.490946386009455,227.1999969482422],[151.23160905204713,-33.490925850346684,227.39999389648438],[151.23161776922643,-33.49090506322682,227.39999389648438],[151.23165540397167,-33.49080196581781,227.8000030517578],[151.23167032375932,-33.49077086895704,228],[151.23166454024613,-33.49069878458977,228],[151.23167459852993,-33.49065637215972,228],[151.23169471509755,-33.49062359891832,228],[151.23170670121908,-33.49053516983986,228],[151.23171818442643,-33.49052636884153,228],[151.23175472952425,-33.49046191200614,228],[151.23175363987684,-33.49043467082083,228],[151.2317728344351,-33.4903915040195,227.8000030517578],[151.23179722577333,-33.490284467116,227.39999389648438],[151.23180200345814,-33.49027382209897,227.39999389648438],[151.23180753551424,-33.4902601595968,227.39999389648438],[151.2318996526301,-33.49017701111734,227.39999389648438],[151.23194608837366,-33.49014038220048,227.39999389648438],[151.23196586966515,-33.490074668079615,227.60000610351562],[151.2319805379957,-33.49001741968095,227.60000610351562],[151.23199260793626,-33.489990178495646,227.8000030517578],[151.23200241476297,-33.489987747743726,227.8000030517578],[151.23204524628818,-33.48996075801551,227.8000030517578],[151.2320662010461,-33.4899424854666,228],[151.23211448080838,-33.489843076094985,228.39999389648438],[151.23218790628016,-33.48975355736911,228.8000030517578],[151.23220919631422,-33.489728746935725,229],[151.23224121518433,-33.489652471616864,229.1999969482422],[151.2323185801506,-33.48956630565226,229.8000030517578],[151.23233115300536,-33.48952422849834,230],[151.23235152103007,-33.48949480801821,230],[151.2323899101466,-33.48948466591537,230],[151.23252703808248,-33.489459939301014,229.8000030517578],[151.23253441415727,-33.48944795317948,229.60000610351562],[151.2325448077172,-33.48941962234676,229.60000610351562],[151.23258428648114,-33.489379808306694,229.39999389648438],[151.23263323679566,-33.489363212138414,229.39999389648438],[151.23264648020267,-33.48936019465327,229.39999389648438],[151.2326655909419,-33.48934602923691,229.39999389648438],[151.23270691372454,-33.489327589049935,229.1999969482422],[151.23274790123105,-33.48931208252907,229.1999969482422],[151.23277463950217,-33.48930671811104,229.1999969482422],[151.2328219972551,-33.489297833293676,229],[151.23283775523305,-33.48929255269468,228.8000030517578],[151.2328645773232,-33.4892912954092,228.60000610351562],[151.23291101306677,-33.48928987048566,228.39999389648438],[151.23294579796493,-33.489288445562124,228.1999969482422],[151.23303196392953,-33.489256175234914,227.8000030517578],[151.2330598756671,-33.48924100399017,227.60000610351562],[151.2331465445459,-33.48917570896447,226.8000030517578],[151.2331695947796,-33.48913581110537,226.39999389648438],[151.23322617262602,-33.48905744031072,225.60000610351562],[151.23324980959296,-33.48904537037015,225.60000610351562],[151.23330286704004,-33.48901184275746,224.60000610351562],[151.23332809656858,-33.488997677341104,224],[151.23335416428745,-33.488987535238266,223.39999389648438],[151.23337319120765,-33.488979153335094,223.1999969482422],[151.23339858837426,-33.48895073868334,222.39999389648438],[151.2334063835442,-33.488946380093694,222],[151.2334114126861,-33.488943446427584,221.8000030517578],[151.23341334052384,-33.48894285969436,221.39999389648438],[151.23341677710414,-33.488927939906716,221],[151.23343924060464,-33.48891234956682,219.8000030517578],[151.23347469605505,-33.48888368345797,218.8000030517578],[151.23350503854454,-33.488852167502046,217.8000030517578],[151.23350897803903,-33.48884361796081,217.60000610351562],[151.2335210479796,-33.48880883306265,216.8000030517578],[151.2335086427629,-33.48876994103193,215.8000030517578],[151.23350797221065,-33.488761726766825,215.8000030517578],[151.23353437520564,-33.48874152638018,214.8000030517578],[151.2335446011275,-33.48873574286699,214.60000610351562],[151.23358282260597,-33.48872962407768,213.8000030517578],[151.23360637575388,-33.48873331211507,213.39999389648438],[151.23363277874887,-33.488742699846625,213.1999969482422],[151.23370637185872,-33.48875711672008,212.39999389648438],[151.23373428359628,-33.48875175230205,212.1999969482422],[151.23375926166773,-33.4887320548296,211.39999389648438],[151.23378977179527,-33.48871403373778,210.1999969482422],[151.23382170684636,-33.4886678494513,208.8000030517578],[151.23385967686772,-33.48863943479955,207.60000610351562],[151.23386688530445,-33.48863339982927,207.39999389648438],[151.23389563523233,-33.488623509183526,206.60000610351562],[151.23391231521964,-33.48860163241625,206],[151.23391759581864,-33.48859685473144,206],[151.23393511399627,-33.48858713172376,205.60000610351562],[151.23400636017323,-33.4885642491281,204.60000610351562],[151.234037457034,-33.48856349475682,204.39999389648438],[151.23412529937923,-33.488571625202894,203.8000030517578],[151.23413560912013,-33.48857103846967,203.8000030517578],[151.23417022638023,-33.48855813033879,203.1999969482422],[151.2341870740056,-33.48854161798954,202.60000610351562],[151.23419386334717,-33.48853432573378,202.1999969482422],[151.23422412201762,-33.48851714283228,201],[151.23426142148674,-33.488487554714084,200],[151.23427868820727,-33.48847523331642,199],[151.23429813422263,-33.48846542648971,198.8000030517578],[151.23434364795685,-33.48843307234347,197.60000610351562],[151.234349347651,-33.48842251114547,197.1999969482422],[151.23438966460526,-33.48838269710541,196.39999389648438],[151.23441372066736,-33.4883795119822,196],[151.2344611622393,-33.488373812288046,195.39999389648438],[151.23448630794883,-33.488384457305074,195],[151.23451656661928,-33.488372722640634,194.1999969482422],[151.23453291133046,-33.48836526274681,193.8000030517578],[151.23455260880291,-33.488354282453656,193.1999969482422],[151.23462268151343,-33.48834045231342,192.39999389648438],[151.23463734984398,-33.48833592608571,192],[151.23472376726568,-33.4883311484009,191],[151.23473768122494,-33.48833215422928,190.8000030517578],[151.23482493683696,-33.488315558061004,190.60000610351562],[151.23484136536717,-33.48829879425466,190.8000030517578],[151.23481135815382,-33.488288233056664,190.60000610351562],[151.23479878529906,-33.488286305218935,190.60000610351562],[151.23479870148003,-33.48828638903797,190.60000610351562],[151.23479870148003,-33.48828638903797,190.60000610351562],[151.23480993323028,-33.488287311047316,190],[151.23489517718554,-33.48826652392745,189.1999969482422],[151.23491110280156,-33.488254034891725,189],[151.234983606264,-33.4882277995348,188.1999969482422],[151.23500062152743,-33.48822243511677,188],[151.2350266892463,-33.48819653503597,188],[151.23504269868135,-33.48819016478956,188],[151.2350578699261,-33.48818823695183,188],[151.23511042445898,-33.488175328820944,188],[151.23511712998152,-33.48816577345133,188],[151.23514386825264,-33.48813652060926,188],[151.23519114218652,-33.48806913010776,188],[151.23520279303193,-33.48805781453848,188],[151.23523925431073,-33.48797768354416,188],[151.23526473529637,-33.48790526390076,188.1999969482422],[151.2353108357638,-33.48780778236687,188.1999969482422],[151.2353274319321,-33.487788420170546,188.1999969482422],[151.23534930869937,-33.48778288811445,188.1999969482422],[151.23536716215312,-33.487777188420296,188.1999969482422],[151.23542382381856,-33.487721951678395,188.8000030517578],[151.23542541638017,-33.48768834024668,188.8000030517578],[151.23543036170304,-33.48767962306738,188.8000030517578],[151.23547009192407,-33.48763964138925,188.8000030517578],[151.2354878615588,-33.487605191767216,189],[151.23553982935846,-33.487504441291094,189.1999969482422],[151.23559406027198,-33.48740452900529,189.1999969482422],[151.23566371388733,-33.48730050958693,189.39999389648438],[151.23565658926964,-33.48723194561899,189.8000030517578],[151.23564686626196,-33.48719774745405,190],[151.235676035285,-33.48713932558894,190.60000610351562],[151.23570897616446,-33.487096494063735,191],[151.23571903444827,-33.4870879445225,191.1999969482422],[151.23574803583324,-33.487065648660064,191.39999389648438],[151.235810816288,-33.48701401613653,192],[151.23582204803824,-33.48700990900397,192.1999969482422],[151.23585247434676,-33.48699515685439,192.60000610351562],[151.23586672358215,-33.48697512410581,192.8000030517578],[151.23588625341654,-33.48695760592818,193],[151.23591215349734,-33.486942602321506,193.39999389648438],[151.23592179268599,-33.48693581297994,193.39999389648438],[151.23593880794942,-33.48688552156091,193.8000030517578],[151.23594886623323,-33.486858112737536,194],[151.2359849922359,-33.486800445243716,194],[151.236009048298,-33.486753003671765,194.39999389648438],[151.23601784929633,-33.48670338280499,194.8000030517578],[151.23603134416044,-33.486628448590636,194.8000030517578],[151.23603662475944,-33.486590310931206,194.8000030517578],[151.2360716611147,-33.48650791682303,194.8000030517578],[151.23612631112337,-33.486392833292484,194.39999389648438],[151.2361697293818,-33.486291663721204,194.1999969482422],[151.23617559671402,-33.48624070174992,194],[151.23620074242353,-33.48616727627814,193.8000030517578],[151.23623276129365,-33.48612863570452,193.39999389648438],[151.23629403300583,-33.486077170819044,193],[151.23634641990066,-33.48603693768382,192.39999389648438],[151.23635387979448,-33.4860257897526,192.1999969482422],[151.23636402189732,-33.48601439036429,192.1999969482422],[151.23643149621785,-33.48595253191888,191.8000030517578],[151.23649570159614,-33.48592361435294,191.1999969482422],[151.2365278042853,-33.48590634763241,191],[151.2365471664816,-33.48587558604777,190.8000030517578],[151.23657122254372,-33.485828982666135,190.8000030517578],[151.23657625168562,-33.48581104539335,190.8000030517578],[151.23661262914538,-33.48576125688851,190.39999389648438],[151.23663509264588,-33.48573502153158,190.1999969482422],[151.2367313168943,-33.485654052346945,189.39999389648438],[151.23675252310932,-33.48564508371055,189.1999969482422],[151.23687892220914,-33.48557853139937,188.39999389648438],[151.23696634545922,-33.48553150892258,188.1999969482422],[151.23698906041682,-33.48554148338735,188.1999969482422],[151.237026527524,-33.48554299212992,188.39999389648438],[151.23707455582917,-33.485526982694864,188.60000610351562],[151.2371970154345,-33.48550728522241,189],[151.23724160715938,-33.48550074733794,189],[151.23730128630996,-33.48548473790288,189],[151.23739885166287,-33.48540469072759,189.1999969482422],[151.23749339953065,-33.48536252975464,190],[151.23753623105586,-33.485343754291534,190.1999969482422],[151.23754687607288,-33.48534266464412,190.39999389648438],[151.23761896044016,-33.48534174263477,190.8000030517578],[151.23763404786587,-33.48534006625414,190.8000030517578],[151.23764871619642,-33.48533227108419,191],[151.23772063292563,-33.48529564216733,191.1999969482422],[151.23775206506252,-33.48527594469488,191.1999969482422],[151.23778140172362,-33.48527175374329,191],[151.23782129958272,-33.485253397375345,191],[151.23782800510526,-33.48524224944413,191],[151.237877542153,-33.485189862549305,191],[151.237956834957,-33.48515650257468,191.1999969482422],[151.23797443695366,-33.48515164107084,191.39999389648438],[151.23808541335166,-33.48510352894664,192.39999389648438],[151.23809647746384,-33.48509732633829,192.60000610351562],[151.23813327401876,-33.48507100716233,192.8000030517578],[151.2381777819246,-33.48505508154631,193],[151.2382300850004,-33.485025241971016,194],[151.2382543925196,-33.48499531857669,194.39999389648438],[151.23830317519605,-33.48496975377202,195],[151.23833284713328,-33.48495852202177,195.8000030517578],[151.2383513711393,-33.48495508544147,196.39999389648438],[151.23837643302977,-33.484948547556996,196.60000610351562],[151.23840308748186,-33.48491493612528,197.1999969482422],[151.2384150736034,-33.48490722477436,197.60000610351562],[151.23846075497568,-33.484882498160005,198.1999969482422],[151.2384713999927,-33.48486724309623,198.60000610351562],[151.23849051073194,-33.48487453535199,199],[151.2385205179453,-33.48488174378872,199.60000610351562],[151.23853946104646,-33.484875708818436,199.60000610351562],[151.23857432976365,-33.48487193696201,200.8000030517578],[151.23858463950455,-33.484868416562676,201],[151.2386059295386,-33.48485936410725,202],[151.23861405998468,-33.48484905436635,203],[151.2386156525463,-33.484849724918604,203.1999969482422],[151.23861422762275,-33.48484905436635,202.39999389648438],[151.2386138085276,-33.48484938964248,202.39999389648438],[151.2386135570705,-33.484849724918604,202.60000610351562],[151.2386135570705,-33.484852239489555,202.39999389648438],[151.23861389234662,-33.48486238159239,202.60000610351562],[151.23861481435597,-33.48486338742077,202.8000030517578],[151.23861766420305,-33.4848705958575,202.1999969482422],[151.23861975967884,-33.48487235605717,202.39999389648438],[151.23862101696432,-33.48487235605717,202.60000610351562],[151.23862110078335,-33.48487235605717,202.60000610351562],[151.23862135224044,-33.484872188419104,202.60000610351562],[151.23862143605947,-33.48487202078104,202.60000610351562],[151.23862219043076,-33.48487185314298,202.60000610351562],[151.23862160369754,-33.48487646318972,202.60000610351562],[151.23862797394395,-33.48487545736134,202.8000030517578],[151.23863015323877,-33.48486724309623,202.8000030517578],[151.23863241635263,-33.48486330360174,202.60000610351562],[151.23863291926682,-33.48485928028822,203],[151.23863241635263,-33.484858609735966,203],[151.23863199725747,-33.48485827445984,203],[151.23863107524812,-33.48485752008855,202.1999969482422],[151.23863065615296,-33.48485735245049,202.60000610351562],[151.2386304885149,-33.484856095165014,203.1999969482422],[151.23863032087684,-33.48485475406051,203],[151.2386299856007,-33.48485425114632,203.1999969482422],[151.23862981796265,-33.48485408350825,203.1999969482422],[151.23862990178168,-33.48485332913697,203.60000610351562],[151.2386302370578,-33.48485282622278,203.1999969482422],[151.2387036625296,-33.48483195528388,203.39999389648438],[151.2387560494244,-33.484799517318606,204],[151.23877893202007,-33.484772108495235,204.39999389648438],[151.2387863919139,-33.48476682789624,204.39999389648438],[151.23880608938634,-33.48473807796836,205.1999969482422],[151.23885059729218,-33.484723744913936,206.39999389648438],[151.23888144269586,-33.48473221063614,206.8000030517578],[151.23889518901706,-33.484724666923285,207.1999969482422],[151.23890516348183,-33.48472014069557,207.60000610351562],[151.2389172334224,-33.484718380495906,207.60000610351562],[151.23898479156196,-33.48472399637103,208.39999389648438],[151.23900356702507,-33.484719302505255,208.60000610351562],[151.2390123680234,-33.48471460863948,208.60000610351562],[151.23902628198266,-33.484675884246826,209.39999389648438],[151.23902670107782,-33.484667502343655,209.60000610351562],[151.23906995169818,-33.484634812921286,209.8000030517578],[151.2391315586865,-33.48460765555501,210.1999969482422],[151.2391542736441,-33.4846028778702,211],[151.23927572742105,-33.48458619788289,211.39999389648438],[151.23930975794792,-33.4845804143697,211.1999969482422],[151.2393426988274,-33.48458125256002,211.1999969482422],[151.23937907628715,-33.4845978487283,211.1999969482422],[151.23938955366611,-33.48460623063147,211],[151.2394783180207,-33.484645541757345,210.8000030517578],[151.23953975737095,-33.484672447666526,210.8000030517578],[151.23958493582904,-33.484669430181384,210.8000030517578],[151.23967965133488,-33.48467848263681,211.1999969482422],[151.23979238793254,-33.48468552343547,212],[151.23988576233387,-33.4847030416131,212.1999969482422],[151.23989741317928,-33.48470547236502,212.39999389648438],[151.2399090640247,-33.48470538854599,212.39999389648438],[151.2399889435619,-33.484689043834805,212.39999389648438],[151.24003496021032,-33.484674878418446,212.39999389648438],[151.24004753306508,-33.48467512987554,212.39999389648438],[151.2401223834604,-33.484660713002086,211.8000030517578],[151.24013336375356,-33.48465350456536,211.60000610351562],[151.24019731767476,-33.48463095724583,211.1999969482422],[151.2402090523392,-33.48463171161711,211],[151.24025071039796,-33.48461796529591,211],[151.2402793765068,-33.48460036329925,210.60000610351562],[151.24029614031315,-33.48459349013865,210.39999389648438],[151.2403853237629,-33.484582006931305,210],[151.24039806425571,-33.48458561114967,210],[151.24040711671114,-33.484583934769034,210],[151.24041868373752,-33.4845804143697,209.8000030517578],[151.24044885858893,-33.48456415347755,209.8000030517578],[151.2405393831432,-33.48452735692263,209.1999969482422],[151.24055664986372,-33.484518053010106,208.8000030517578],[151.2405677139759,-33.484513610601425,208.8000030517578],[151.24060903675854,-33.48450246267021,208.8000030517578],[151.24066662043333,-33.484479412436485,208.1999969482422],[151.2406913470477,-33.48446357063949,208],[151.24070157296956,-33.484458876773715,207.8000030517578],[151.24072277918458,-33.48445133306086,207.60000610351562],[151.24083761125803,-33.484388049691916,206.8000030517578],[151.24084817245603,-33.48437983542681,206.60000610351562],[151.24087750911713,-33.484358210116625,206.39999389648438],[151.240916820243,-33.4843145404011,206.1999969482422],[151.24098647385836,-33.4842627402395,205.60000610351562],[151.24103559181094,-33.484244886785746,205.39999389648438],[151.2410476617515,-33.484240528196096,205.39999389648438],[151.24106023460627,-33.48423088900745,205.1999969482422],[151.2411237694323,-33.48420054651797,205],[151.24119174666703,-33.484158301725984,204.8000030517578],[151.2412030622363,-33.48415126092732,204.60000610351562],[151.24121798202395,-33.484144220128655,204.60000610351562],[151.24129626899958,-33.48413357511163,204.39999389648438],[151.24138075858355,-33.48411521874368,204.39999389648438],[151.24140028841794,-33.484100215137005,204.39999389648438],[151.24142275191844,-33.484087977558374,204.39999389648438],[151.24148041941226,-33.48406023345888,204.39999389648438],[151.2415577005595,-33.48400600254536,204],[151.2415849417448,-33.48399292677641,204],[151.2416385859251,-33.483983455225825,204],[151.24173522926867,-33.48394204862416,204],[151.24181728810072,-33.48388689570129,203.8000030517578],[151.24186841771007,-33.483850602060556,203.60000610351562],[151.24189674854279,-33.48384733311832,203.60000610351562],[151.24191225506365,-33.48384800367057,203.60000610351562],[151.24192868359387,-33.48384775221348,203.60000610351562],[151.2419427651912,-33.48384884186089,203.39999389648438],[151.24199339188635,-33.48383677192032,203.39999389648438],[151.2420976627618,-33.483792850747705,203.8000030517578],[151.24210445210338,-33.483784552663565,203.8000030517578],[151.24214426614344,-33.48374574445188,203.60000610351562],[151.24217921867967,-33.48371095955372,203.60000610351562],[151.242193300277,-33.483703918755054,203.60000610351562],[151.24224870465696,-33.48368556238711,204],[151.24235632829368,-33.48359168507159,204],[151.24243084341288,-33.48356720991433,204],[151.2424710765481,-33.483559330925345,203.8000030517578],[151.24254911206663,-33.48350375890732,204],[151.24258833937347,-33.48348590545356,204],[151.24262614175677,-33.483496718108654,204],[151.24269001185894,-33.483474841341376,204],[151.2427197676152,-33.48346084356308,204.1999969482422],[151.24275555834174,-33.483442571014166,204.39999389648438],[151.24281926080585,-33.48341247998178,204.39999389648438],[151.24287952668965,-33.48333712667227,204.1999969482422],[151.24295487999916,-33.48330250941217,204.1999969482422],[151.24296384863555,-33.48330141976476,204.1999969482422],[151.2429827079177,-33.4832870028913,204.1999969482422],[151.24300659634173,-33.48325087688863,204.1999969482422],[151.24303115531802,-33.48321843892336,204],[151.24305521138012,-33.483192874118686,203.8000030517578],[151.2430807761848,-33.48316538147628,203.8000030517578],[151.24312059022486,-33.483149372041225,203.60000610351562],[151.24321522191167,-33.48309832625091,203],[151.24325503595173,-33.48307695239782,202.8000030517578],[151.2432744819671,-33.48304367624223,202.39999389648438],[151.24329426325858,-33.48301878198981,202.39999389648438],[151.24339048750699,-33.48295264877379,202],[151.24344714917243,-33.48288953304291,201.60000610351562],[151.243456620723,-33.48287838511169,201.60000610351562],[151.24351671896875,-33.4827985893935,201.60000610351562],[151.2435229215771,-33.48279104568064,201.39999389648438],[151.2436011247337,-33.48273899406195,200.60000610351562],[151.2436136137694,-33.48273371346295,200.39999389648438],[151.24365937896073,-33.4827119205147,199.8000030517578],[151.24367077834904,-33.48270496353507,199.1999969482422],[151.2436748854816,-33.48270010203123,199],[151.2437002826482,-33.48267839290202,198.39999389648438],[151.2437124364078,-33.482661210000515,198],[151.24373473227024,-33.48262567073107,197.60000610351562],[151.2437468022108,-33.4826188813895,197.60000610351562],[151.2437959201634,-33.482593735679984,197],[151.24380539171398,-33.48258635960519,196.8000030517578],[151.24382349662483,-33.482573283836246,196.8000030517578],[151.243890048936,-33.48253112286329,196],[151.24391762539744,-33.48250673152506,195.39999389648438],[151.24392248690128,-33.48247689194977,195.1999969482422],[151.24392776750028,-33.48244453780353,194.8000030517578],[151.24396632425487,-33.48239718005061,194.1999969482422],[151.24396791681647,-33.48239131271839,194.1999969482422],[151.24398048967123,-33.48237119615078,193.60000610351562],[151.24402407556772,-33.48235166631639,193],[151.24404746107757,-33.482325095683336,192.60000610351562],[151.244056513533,-33.482302548363805,192.1999969482422],[151.24410102143884,-33.4822388458997,191.39999389648438],[151.2441265862435,-33.482161900028586,190.39999389648438],[151.2440998479724,-33.48214010708034,190],[151.24408945441246,-33.482099790126085,189.39999389648438],[151.24409213662148,-33.482091994956136,189],[151.24409817159176,-33.482083696871996,188.8000030517578],[151.24412080273032,-33.48205402493477,188.1999969482422],[151.2441638018936,-33.482002560049295,187.8000030517578],[151.2442476209253,-33.48195293918252,187.60000610351562],[151.24431970529258,-33.48190700635314,187.8000030517578],[151.24434837140143,-33.481870125979185,187.1999969482422],[151.2443591002375,-33.48184699192643,187],[151.24437494203448,-33.48179250955582,186],[151.24437837861478,-33.481776751577854,185.60000610351562],[151.2443995848298,-33.48176225088537,185],[151.24440578743815,-33.48176090978086,184.8000030517578],[151.2444331124425,-33.48175780847669,184],[151.24444258399308,-33.48175353370607,183.8000030517578],[151.24445918016136,-33.48173006437719,182.8000030517578],[151.24442825093865,-33.48168421536684,181.60000610351562],[151.24442347325385,-33.481667786836624,181.1999969482422],[151.24441073276103,-33.48163576796651,180.60000610351562],[151.24440310522914,-33.481610706076026,179.60000610351562],[151.2443987466395,-33.48160416819155,179.60000610351562],[151.24440385960042,-33.481559408828616,178.39999389648438],[151.24439438804984,-33.48152638413012,177.60000610351562],[151.24439631588757,-33.48151029087603,177.1999969482422],[151.24440092593431,-33.48148891702294,176.39999389648438],[151.24441483989358,-33.4814602509141,176],[151.24442121014,-33.48145463503897,175.8000030517578],[151.24444593675435,-33.481444073840976,174.8000030517578],[151.2444479484111,-33.4814412239939,174.60000610351562],[151.24446504749358,-33.4814325068146,173.60000610351562],[151.2445124052465,-33.48142437636852,172.8000030517578],[151.24451626092196,-33.48142529837787,172.39999389648438],[151.24456462450325,-33.48142823204398,171.39999389648438],[151.24456982128322,-33.48143208771944,170.8000030517578],[151.2445763591677,-33.48142948932946,170.1999969482422],[151.244614161551,-33.48141482099891,168.8000030517578],[151.24461726285517,-33.48140677437186,168.8000030517578],[151.24462430365384,-33.481360003352165,167.8000030517578],[151.24462882988155,-33.481347346678376,167.60000610351562],[151.24464450404048,-33.48132220096886,167],[151.24466353096068,-33.48130560480058,166.8000030517578],[151.24471734277904,-33.48129102028906,166.39999389648438],[151.24472631141543,-33.481282722204924,166.1999969482422],[151.24477316625416,-33.481197310611606,166],[151.2447793688625,-33.48117442801595,166.1999969482422],[151.24478657729924,-33.48114626482129,165.60000610351562],[151.2447941210121,-33.48112371750176,165.39999389648438],[151.24484466388822,-33.481043418869376,166],[151.24488975852728,-33.48100896924734,166.8000030517578],[151.24491892755032,-33.480994971469045,166.8000030517578],[151.2449582386762,-33.48095381632447,166.60000610351562],[151.24497366137803,-33.480918696150184,166.39999389648438],[151.2449801992625,-33.480909895151854,166.39999389648438],[151.24501741491258,-33.48085750825703,166.1999969482422],[151.24504189006984,-33.480796571820974,166.39999389648438],[151.24503300525248,-33.48075130954385,167],[151.24501942656934,-33.48073270171881,167.8000030517578],[151.24501833692193,-33.48071275278926,168.39999389648438],[151.24501674436033,-33.48070562817156,168.39999389648438],[151.24500785954297,-33.48069950938225,168.8000030517578],[151.2450111284852,-33.4806795604527,169.1999969482422],[151.24500408768654,-33.480634884908795,168.60000610351562],[151.24497944489121,-33.48058300092816,167.8000030517578],[151.2449744157493,-33.480573277920485,167.8000030517578],[151.2449476774782,-33.48049784079194,168],[151.2449503596872,-33.480458529666066,168],[151.2449410557747,-33.48042684607208,167.8000030517578],[151.2449609208852,-33.48035065457225,167.60000610351562],[151.24501389451325,-33.48028318025172,167.60000610351562],[151.24503099359572,-33.480268344283104,167.39999389648438],[151.24504541046917,-33.48025158047676,167.39999389648438],[151.24507407657802,-33.480214616283774,167.39999389648438],[151.24509477987885,-33.48020799458027,167.39999389648438],[151.2451324146241,-33.48018662072718,167.60000610351562],[151.24516979791224,-33.4801718685776,168.60000610351562],[151.2451858073473,-33.480170611292124,169],[151.24519988894463,-33.48017379641533,169.1999969482422],[151.24525856226683,-33.480209922418,169.60000610351562],[151.24527968466282,-33.48021880723536,169.8000030517578],[151.2453020643443,-33.480226853862405,170],[151.24535118229687,-33.48024026490748,170.60000610351562],[151.24535830691457,-33.480249401181936,170.8000030517578],[151.24537934549153,-33.48030388355255,170.8000030517578],[151.24538345262408,-33.48031025379896,170.8000030517578],[151.24541371129453,-33.480324167758226,170.39999389648438],[151.24542594887316,-33.480320647358894,170.39999389648438],[151.24543801881373,-33.48032450303435,170.60000610351562],[151.2454709596932,-33.48038736730814,170.1999969482422],[151.24551521614194,-33.48043187521398,169.8000030517578],[151.2455341592431,-33.48045425489545,169.8000030517578],[151.2455378472805,-33.48046883940697,169.8000030517578],[151.24557682313025,-33.48051141947508,170],[151.24558788724244,-33.480516197159886,170],[151.24563306570053,-33.48053941503167,170.8000030517578],[151.24570573680103,-33.480617785826325,170],[151.24571495689452,-33.48063220269978,170],[151.24573482200503,-33.48065801896155,169.8000030517578],[151.24574538320303,-33.48066723905504,169.8000030517578],[151.24578000046313,-33.480696491897106,169.60000610351562],[151.24582584947348,-33.4807363897562,169.8000030517578],[151.24588938429952,-33.48081056959927,170.1999969482422],[151.24592140316963,-33.480850383639336,170.39999389648438],[151.2459564395249,-33.480877205729485,170],[151.24596054665744,-33.48088525235653,170],[151.24598242342472,-33.48091945052147,170],[151.24599482864141,-33.480928083881736,170],[151.2460063956678,-33.48095029592514,170.1999969482422],[151.24601745977998,-33.48097770474851,170.1999969482422],[151.24605274759233,-33.481020871549845,169.8000030517578],[151.24611435458064,-33.48106906749308,169],[151.24612491577864,-33.48107795231044,168.8000030517578],[151.24613053165376,-33.48108725622296,168.60000610351562],[151.24616757966578,-33.481112737208605,167.8000030517578],[151.24617218971252,-33.48111902363598,167.39999389648438],[151.24620446003973,-33.48116730339825,166.8000030517578],[151.24621225520968,-33.481186078861356,166.60000610351562],[151.2463026959449,-33.48124165087938,165.8000030517578],[151.24634401872754,-33.48131231032312,165.60000610351562],[151.24634888023138,-33.48132664337754,165.60000610351562],[151.24640755355358,-33.48141012713313,165.8000030517578],[151.24642959795892,-33.48147022537887,166.39999389648438],[151.24645139090717,-33.48148229531944,166.60000610351562],[151.2464599404484,-33.481489922851324,166.8000030517578],[151.2464805599302,-33.48152386955917,167.1999969482422],[151.24650260433555,-33.48154549486935,167.1999969482422],[151.24652431346476,-33.481574999168515,167.39999389648438],[151.24655817635357,-33.48160014487803,167.39999389648438],[151.24656111001968,-33.48164230585098,167.1999969482422],[151.24657820910215,-33.481660997495055,167.39999389648438],[151.24666110612452,-33.48172981292009,167.39999389648438],[151.24674836173654,-33.481769040226936,167.1999969482422],[151.24682296067476,-33.48178815096617,167.60000610351562],[151.24684358015656,-33.48178957588971,167.8000030517578],[151.2469015829265,-33.48181078210473,168.39999389648438],[151.24693075194955,-33.48182880319655,168.8000030517578],[151.24693368561566,-33.48183282651007,169.1999969482422],[151.24693687073886,-33.48184062168002,169.1999969482422],[151.24695564620197,-33.481849590316415,169.8000030517578],[151.24696318991482,-33.48185319453478,170],[151.24699370004237,-33.481873478740454,171.1999969482422],[151.2469988130033,-33.48187314346433,171.39999389648438],[151.24701524153352,-33.48188982345164,172.1999969482422],[151.24702848494053,-33.48189761862159,173],[151.24703938141465,-33.481899378821254,173.39999389648438],[151.24707458540797,-33.48189560696483,174],[151.24709696508944,-33.481896948069334,174.1999969482422],[151.24711892567575,-33.481896026059985,174.60000610351562],[151.2471867352724,-33.4819090180099,175.39999389648438],[151.2471970450133,-33.48191035911441,175.60000610351562],[151.24721934087574,-33.48192175850272,176.39999389648438],[151.24723048880696,-33.4819367621094,176.60000610351562],[151.24723811633885,-33.481941455975175,176.8000030517578],[151.24729494564235,-33.48196526058018,177.60000610351562],[151.24731078743935,-33.48197439685464,177.8000030517578],[151.24734146520495,-33.48197624087334,178.8000030517578],[151.24734892509878,-33.48197925835848,179],[151.24739385209978,-33.48199786618352,180.1999969482422],[151.24741681851447,-33.48199577070773,180.1999969482422],[151.2474993802607,-33.48202904686332,180.39999389648438],[151.24763349071145,-33.48202720284462,181.39999389648438],[151.24764899723232,-33.48202711902559,181.39999389648438],[151.24771932139993,-33.4820298012346,182.1999969482422],[151.2477350793779,-33.48202343098819,182.39999389648438],[151.24783029779792,-33.48202091641724,183],[151.24788897112012,-33.4820163063705,183.39999389648438],[151.2479438725859,-33.482021586969495,183.8000030517578],[151.24794697389007,-33.48202049732208,183.8000030517578],[151.24794722534716,-33.48202049732208,183.8000030517578],[151.24794764444232,-33.482020078226924,183.8000030517578],[151.24794789589942,-33.482020078226924,184],[151.2479481473565,-33.4820197429508,184],[151.24794923700392,-33.48201991058886,184.1999969482422],[151.2479499913752,-33.48201991058886,184],[151.24795057810843,-33.4820213355124,184.1999969482422],[151.24799718149006,-33.48205519840121,183.8000030517578],[151.24801008962095,-33.48206743597984,183.8000030517578],[151.24803934246302,-33.482090067118406,183.60000610351562],[151.24808787368238,-33.48212250508368,183.60000610351562],[151.2481384165585,-33.482144214212894,183.60000610351562],[151.2481561023742,-33.48215024918318,183.39999389648438],[151.2482670787722,-33.48217732273042,183.60000610351562],[151.24838811345398,-33.482206743210554,184],[151.2484767101705,-33.4822354093194,184],[151.2485131714493,-33.482249239459634,184.1999969482422],[151.24857963994145,-33.4822681825608,184.39999389648438],[151.2485948111862,-33.48226910457015,184.39999389648438],[151.2486802227795,-33.48227773793042,184.60000610351562],[151.2487206235528,-33.48226323723793,184.60000610351562],[151.24883185140789,-33.48222954198718,185.39999389648438],[151.24884819611907,-33.48221914842725,185.60000610351562],[151.24890150502324,-33.482202384620905,186.8000030517578],[151.24892950057983,-33.482195511460304,187.1999969482422],[151.2489920295775,-33.48218847066164,187.8000030517578],[151.2490113079548,-33.48219148814678,188.1999969482422],[151.24906294047832,-33.482198026031256,188.8000030517578],[151.2490880023688,-33.48219827748835,189.1999969482422],[151.24913427047431,-33.482207329943776,189.8000030517578],[151.249143993482,-33.48221336491406,189.8000030517578],[151.24916528351605,-33.48222551867366,190],[151.24928958714008,-33.48226667381823,190.39999389648438],[151.24931573867798,-33.48227824084461,190.39999389648438],[151.24949703924358,-33.48234253004193,190.8000030517578],[151.24962125904858,-33.482398772612214,190.39999389648438],[151.2496482487768,-33.48240975290537,190.39999389648438],[151.24968068674207,-33.48242098465562,190.1999969482422],[151.2497743126005,-33.48245585337281,190.39999389648438],[151.24991303309798,-33.4825290273875,190],[151.24992149882019,-33.48253682255745,190],[151.25003113411367,-33.4826048836112,189.60000610351562],[151.25013607554138,-33.482656767591834,189],[151.2501604668796,-33.48266582004726,188.8000030517578],[151.25017530284822,-33.48267118446529,188.8000030517578],[151.25021453015506,-33.48268551751971,188.60000610351562],[151.25036012381315,-33.482710076496005,188.1999969482422],[151.25050169415772,-33.48272952251136,187.8000030517578],[151.25062943436205,-33.48273580893874,188],[151.25066120177507,-33.48274167627096,188],[151.2508055381477,-33.482748633250594,188],[151.2508370541036,-33.48275030963123,188],[151.25099170021713,-33.48274067044258,188],[151.2510058656335,-33.48273974843323,188],[151.25109211541712,-33.48271409980953,188.39999389648438],[151.25109957531095,-33.48269607871771,188.39999389648438],[151.25114257447422,-33.4826151933521,189.60000610351562],[151.25116336159408,-33.48259356804192,190],[151.2512009125203,-33.48256238736212,190.60000610351562],[151.25121658667922,-33.48253673873842,191],[151.2512226216495,-33.48252802155912,191],[151.25123963691294,-33.482508827000856,191.1999969482422],[151.25129017978907,-33.48245719447732,191.8000030517578],[151.2513056024909,-33.48243925720453,192],[151.25134223140776,-33.482405645772815,192.8000030517578],[151.25136779621243,-33.482394414022565,193.1999969482422],[151.25143200159073,-33.482355773448944,193.8000030517578],[151.2514864001423,-33.48233263939619,193.8000030517578],[151.25151037238538,-33.48231897689402,194.1999969482422],[151.25154733657837,-33.48229894414544,194.60000610351562],[151.2516205944121,-33.48226826637983,195.1999969482422],[151.25164724886417,-33.48226114176214,195.60000610351562],[151.25172587111592,-33.482239097356796,196.39999389648438],[151.25175151973963,-33.48222937434912,196.8000030517578],[151.2518745660782,-33.482206743210554,197.39999389648438],[151.2519049923867,-33.482205318287015,197.8000030517578],[151.25195561908185,-33.48223230801523,198.60000610351562],[151.25199300237,-33.4822494070977,199],[151.25215385109186,-33.48231713287532,199.39999389648438],[151.2522059865296,-33.48239701241255,199.1999969482422],[151.2522332277149,-33.48246909677982,198.8000030517578],[151.25223649665713,-33.48247814923525,198.60000610351562],[151.25224068760872,-33.48251041956246,198.1999969482422],[151.25225208699703,-33.48257688805461,197.8000030517578],[151.2522654980421,-33.48263321444392,198],[151.25227320939302,-33.48267009481788,197.8000030517578],[151.2522855307907,-33.482735054567456,197.60000610351562],[151.25228921882808,-33.48278199322522,197.39999389648438],[151.2523003667593,-33.482816610485315,197.39999389648438],[151.2523431982845,-33.482919204980135,196.8000030517578],[151.25234797596931,-33.48292909562588,196.8000030517578],[151.25238770619035,-33.483004700392485,196.39999389648438],[151.25240094959736,-33.483043843880296,196],[151.25242969952524,-33.483140990138054,195.60000610351562],[151.2524330522865,-33.48315289244056,195.39999389648438],[151.25245266593993,-33.48324450664222,194.8000030517578],[151.2524546775967,-33.48328691907227,194.39999389648438],[151.25245886854827,-33.483296390622854,194.1999969482422],[151.25245836563408,-33.48333318717778,194],[151.25244185328484,-33.483375096693635,193.39999389648438],[151.25241125933826,-33.48341885022819,192.60000610351562],[151.25240304507315,-33.48342714831233,192.39999389648438],[151.25238661654294,-33.48344290629029,192.39999389648438],[151.25234244391322,-33.48348397761583,191.39999389648438],[151.25231822021306,-33.48350669257343,191.1999969482422],[151.252307491377,-33.48351608030498,191],[151.25225560739636,-33.483540806919336,190.60000610351562],[151.25222442671657,-33.483567629009485,190],[151.25218897126615,-33.48359336145222,188.8000030517578],[151.25216357409954,-33.48360258154571,188.1999969482422],[151.25211688689888,-33.483632169663906,187.60000610351562],[151.2520807608962,-33.48364717327058,186.60000610351562],[151.25207003206015,-33.48365572281182,186.60000610351562],[151.252029966563,-33.48371632397175,185.39999389648438],[151.25201026909053,-33.48374750465155,185.1999969482422],[151.2519847881049,-33.48380290903151,184.1999969482422],[151.2519779149443,-33.48386594094336,183.8000030517578],[151.25198327936232,-33.4839397855103,183.1999969482422],[151.2519916612655,-33.48398898728192,182.8000030517578],[151.25200976617634,-33.48409661091864,182.60000610351562],[151.2520096823573,-33.4841263666749,182.1999969482422],[151.2519959360361,-33.484210688620806,182],[151.25197296962142,-33.48429341800511,181.60000610351562],[151.25194614753127,-33.48439710214734,181.1999969482422],[151.25194187276065,-33.48443264141679,181.1999969482422],[151.25193181447685,-33.484503384679556,181],[151.25194103457034,-33.48459977656603,180.8000030517578],[151.25196458771825,-33.484718631953,180.60000610351562],[151.25196861103177,-33.484729612246156,180.60000610351562],[151.251987721771,-33.484796499833465,180.60000610351562],[151.25198780559003,-33.484803792089224,180.60000610351562],[151.2519969418645,-33.4847825858742,180.39999389648438],[151.25199769623578,-33.4847722761333,180.60000610351562],[151.25200498849154,-33.48476506769657,180.60000610351562],[151.25200867652893,-33.48477764055133,180.39999389648438],[151.25200951471925,-33.48478107713163,180.39999389648438],[151.25205553136766,-33.48486724309623,180.1999969482422],[151.25206374563277,-33.48488668911159,180.1999969482422],[151.25209484249353,-33.4849913790822,179.8000030517578],[151.25211713835597,-33.48503337241709,179.60000610351562],[151.25212049111724,-33.48504192195833,179.60000610351562],[151.25214488245547,-33.48507972434163,179.39999389648438],[151.25217002816498,-33.48514082841575,179],[151.2522168830037,-33.48523805849254,178],[151.25222333706915,-33.48524987697601,178],[151.25227186828852,-33.48536060191691,177],[151.25228410586715,-33.4853957220912,176.8000030517578],[151.25234453938901,-33.485512398183346,176.39999389648438],[151.25238133594394,-33.48556696437299,175.8000030517578],[151.25239985994995,-33.48560971207917,175.60000610351562],[151.25246297568083,-33.48574516363442,175.1999969482422],[151.25246917828918,-33.48575530573726,175.1999969482422],[151.25247546471655,-33.48576586693525,175.1999969482422],[151.25253363512456,-33.48588162101805,175],[151.25254545360804,-33.48590198904276,174.8000030517578],[151.25259096734226,-33.485965356230736,174.60000610351562],[151.2526478804648,-33.48606183193624,174.1999969482422],[151.2526627164334,-33.48615922965109,173.8000030517578],[151.25266724266112,-33.48618194460869,173.8000030517578],[151.25268459320068,-33.48627305589616,173.60000610351562],[151.25272340141237,-33.486403143033385,173.39999389648438],[151.25273974612355,-33.48650221712887,173],[151.25274050049484,-33.48654102534056,173],[151.25272834673524,-33.486632304266095,173.1999969482422],[151.252725077793,-33.486685026437044,173],[151.2527245748788,-33.48673716187477,173],[151.25273287296295,-33.48677823320031,173],[151.2527369800955,-33.48690706305206,172.8000030517578],[151.25273639336228,-33.487017787992954,171.8000030517578],[151.25273530371487,-33.487029103562236,171.60000610351562],[151.25272021628916,-33.4871379006654,170.60000610351562],[151.2527177017182,-33.487179139629006,170.1999969482422],[151.25276438891888,-33.48726832307875,169.8000030517578],[151.25281778164208,-33.487359853461385,169.60000610351562],[151.25282700173557,-33.487380892038345,169.60000610351562],[151.2528524827212,-33.48748910240829,169.60000610351562],[151.2528688274324,-33.487547943368554,169.60000610351562],[151.25287167727947,-33.487573424354196,169.60000610351562],[151.2529114075005,-33.48769823089242,169.1999969482422],[151.25293269753456,-33.48777266219258,168.60000610351562],[151.25295750796795,-33.48784156143665,168],[151.2529607769102,-33.48793854005635,167.60000610351562],[151.2529719248414,-33.488016072660685,168.1999969482422],[151.2529822345823,-33.48804272711277,168.1999969482422],[151.25297896564007,-33.488148506730795,167.8000030517578],[151.25298265367746,-33.48823769018054,167.60000610351562],[151.25300394371152,-33.488283874467015,167.39999389648438],[151.25307066366076,-33.48836291581392,166.8000030517578],[151.25311031006277,-33.48839736543596,166.39999389648438],[151.253124140203,-33.48840272985399,166.1999969482422],[151.25313797034323,-33.488407004624605,166],[151.25320100225508,-33.48842234350741,165.39999389648438],[151.25323159620166,-33.48843055777252,165.39999389648438],[151.25329521484673,-33.48843466490507,164.8000030517578],[151.25331767834723,-33.488425612449646,164.1999969482422],[151.25333745963871,-33.48842930048704,163.60000610351562],[151.25335162505507,-33.48842913284898,163.1999969482422],[151.25338029116392,-33.488417230546474,162.39999389648438],[151.2534000724554,-33.48841161467135,162],[151.25345455482602,-33.488390827551484,161.1999969482422],[151.25348892062902,-33.48837641067803,161],[151.2535538803786,-33.488324359059334,159.8000030517578],[151.25359285622835,-33.48831329494715,159.39999389648438],[151.25363401137292,-33.488321006298065,158.8000030517578],[151.25368908047676,-33.488348415121436,158],[151.25371439382434,-33.4883639216423,157.60000610351562],[151.25374934636056,-33.48839099518955,156.8000030517578],[151.25376200303435,-33.48839761689305,156.60000610351562],[151.25377390533686,-33.488403568044305,156.39999389648438],[151.25383567996323,-33.488439191132784,155.60000610351562],[151.25389167107642,-33.488461654633284,155.39999389648438],[151.25397054478526,-33.488497361540794,154.60000610351562],[151.25399317592382,-33.48850691691041,154.39999389648438],[151.25403894111514,-33.488520914688706,153.8000030517578],[151.254099374637,-33.488539438694715,153.39999389648438],[151.25410767272115,-33.48854346200824,153.39999389648438],[151.2541120313108,-33.48854882642627,153],[151.25413868576288,-33.48856198601425,152.8000030517578],[151.25417699106038,-33.488579504191875,152.39999389648438],[151.2543210759759,-33.48864387720823,151.60000610351562],[151.25433515757322,-33.488652259111404,151.39999389648438],[151.25443163327873,-33.48867245949805,151],[151.25450246036053,-33.48869550973177,150.1999969482422],[151.2545949127525,-33.488706573843956,149],[151.25464252196252,-33.48869567736983,148.60000610351562],[151.25469356775284,-33.48868042230606,147.8000030517578],[151.2547640595585,-33.48864764906466,146.8000030517578],[151.25479272566736,-33.48863390274346,146.39999389648438],[151.25484905205667,-33.488620491698384,145.60000610351562],[151.25488098710775,-33.488620491698384,144.8000030517578],[151.2548977509141,-33.48862074315548,144.39999389648438],[151.25491661019623,-33.48862325772643,144.1999969482422],[151.2549339607358,-33.488625939935446,143.8000030517578],[151.25495189800858,-33.48862946033478,143.39999389648438],[151.25503135845065,-33.48866852000356,142.39999389648438],[151.25504745170474,-33.488675812259316,142.1999969482422],[151.25508952885866,-33.48869442008436,142],[151.25513177365065,-33.48871839232743,141.60000610351562],[151.25517326407135,-33.488743621855974,141.1999969482422],[151.25525658018887,-33.48878251388669,140],[151.25530485995114,-33.48880045115948,139.60000610351562],[151.25532413832843,-33.48881570622325,139.60000610351562],[151.2553462665528,-33.48882760852575,139.39999389648438],[151.25538205727935,-33.48883984610438,138.8000030517578],[151.25541038811207,-33.488854095339775,138.60000610351562],[151.2554136570543,-33.488856526091695,138.39999389648438],[151.25544408336282,-33.48891058936715,137.8000030517578],[151.25545238144696,-33.48892383277416,137.8000030517578],[151.2554858252406,-33.488984182477,136.60000610351562],[151.25548674724996,-33.48898636177182,136.60000610351562],[151.2555225379765,-33.48900714889169,136.39999389648438],[151.25556671060622,-33.48904746584594,136.1999969482422],[151.25557475723326,-33.48905618302524,136.1999969482422],[151.255608452484,-33.48908971063793,135.39999389648438],[151.2556538823992,-33.489116532728076,135],[151.2557102087885,-33.489158526062965,134.60000610351562],[151.2557217758149,-33.4891739487648,134.60000610351562],[151.2557630147785,-33.48923220299184,134.39999389648438],[151.2557873222977,-33.489283081144094,134.39999389648438],[151.25579486601055,-33.48931015469134,134.39999389648438],[151.2557976320386,-33.489383328706026,134.60000610351562],[151.2557989731431,-33.489394057542086,134.60000610351562],[151.25581447966397,-33.48944032564759,134.8000030517578],[151.25582529231906,-33.48949380218983,135],[151.2558491807431,-33.48954736255109,135.39999389648438],[151.25585756264627,-33.48959396593273,135.39999389648438],[151.2558642681688,-33.48960251547396,135.60000610351562],[151.25590089708567,-33.48966537974775,135.39999389648438],[151.25594096258283,-33.48974509164691,134.8000030517578],[151.2559358496219,-33.489757077768445,134.60000610351562],[151.25592059455812,-33.48978909663856,134.39999389648438],[151.25590986572206,-33.48979404196143,134.39999389648438],[151.2558872345835,-33.48980577662587,134.1999969482422],[151.25589787960052,-33.489823546260595,133.1999969482422],[151.2559128832072,-33.48983209580183,132.8000030517578],[151.25591506250203,-33.489853302016854,132.1999969482422],[151.25589343719184,-33.48988791927695,131.1999969482422],[151.25588916242123,-33.48989428952336,131],[151.25588094815612,-33.4899113047868,130.39999389648438],[151.25588111579418,-33.489918345585465,129.8000030517578],[151.25589368864894,-33.48992773331702,129.1999969482422],[151.25590852461755,-33.48994206637144,128.8000030517578],[151.25592034310102,-33.489975258708,127.5999984741211],[151.25592403113842,-33.489979952573776,127.4000015258789],[151.25593811273575,-33.490005768835545,126.5999984741211],[151.25594045966864,-33.490010211244226,126.19999694824219],[151.25595848076046,-33.49001289345324,125.4000015258789],[151.2559823691845,-33.49001725204289,124.4000015258789],[151.2560027372092,-33.49003108218312,123.4000015258789],[151.25600231811404,-33.490037536248565,123.19999694824219],[151.2560183275491,-33.49006268195808,122.19999694824219],[151.25602008774877,-33.49007148295641,121.80000305175781],[151.25601681880653,-33.49009000696242,121],[151.2560252007097,-33.49008682183921,120.80000305175781],[151.2560458201915,-33.490080535411835,120],[151.25607339665294,-33.49007248878479,118.80000305175781],[151.2560743186623,-33.49007684737444,118.80000305175781],[151.25606208108366,-33.49010911770165,117.80000305175781],[151.25606124289334,-33.4901272226125,117],[151.2560645956546,-33.49015588872135,116.4000015258789],[151.25609887763858,-33.4901790227741,115.5999984741211],[151.25611019320786,-33.4901858959347,115.4000015258789],[151.2561322376132,-33.49023182876408,114.4000015258789],[151.25613659620285,-33.49025194533169,113.4000015258789],[151.25613877549767,-33.49027080461383,113],[151.25612838193774,-33.490281868726015,112.19999694824219],[151.25613894313574,-33.49029620178044,111.5999984741211],[151.25614036805928,-33.49030517041683,110.80000305175781],[151.25614380463958,-33.490324867889285,110],[151.25614447519183,-33.49032704718411,109.5999984741211],[151.25616190955043,-33.490379098802805,108.4000015258789],[151.25616760924459,-33.490391336381435,108],[151.25618814490736,-33.490426959469914,107.4000015258789],[151.25621513463557,-33.49044816568494,106.19999694824219],[151.25621982850134,-33.49044967442751,106],[151.25622963532805,-33.49046182818711,105.19999694824219],[151.25625394284725,-33.490487141534686,104],[151.25625310465693,-33.490500217303634,103.4000015258789],[151.256255954504,-33.49051211960614,103],[151.25628889538348,-33.4905572142452,101.80000305175781],[151.2562995404005,-33.49057490006089,101.19999694824219],[151.25628780573606,-33.490613121539354,100.5999984741211],[151.25628755427897,-33.49062770605087,100.4000015258789],[151.25630909577012,-33.49063684232533,99.4000015258789],[151.2562966067344,-33.490701047703624,98.4000015258789],[151.25626031309366,-33.490775395184755,97.4000015258789],[151.25622292980552,-33.49081026390195,97.4000015258789],[151.256184540689,-33.49083800800145,97.80000305175781],[151.25615931116045,-33.49094018340111,97],[151.2561338301748,-33.49099156446755,96.80000305175781],[151.25611471943557,-33.49102140404284,96.5999984741211],[151.2560836225748,-33.491116454824805,96.5999984741211],[151.25605889596045,-33.49116833880544,96.5999984741211],[151.25603995285928,-33.491192730143666,97],[151.25600793398917,-33.4912115894258,97.4000015258789],[151.25600466504693,-33.49122173152864,97.80000305175781],[151.25598773360252,-33.49125073291361,98],[151.25597675330937,-33.49130563437939,98],[151.25597440637648,-33.491318207234144,97.80000305175781],[151.25597298145294,-33.49132055416703,97.80000305175781],[151.2559551279992,-33.49136732518673,97.80000305175781],[151.25594783574343,-33.49137612618506,97.80000305175781],[151.25594389624894,-33.491384172812104,97.80000305175781],[151.2559485901147,-33.491410156711936,98],[151.2559614982456,-33.491432620212436,97.19999694824219],[151.25595898367465,-33.49146757274866,96.19999694824219],[151.2559670303017,-33.49147302098572,96],[151.25599225983024,-33.49149640649557,95.19999694824219],[151.25599569641054,-33.49149866960943,94.80000305175781],[151.25600944273174,-33.49150612950325,94],[151.25601614825428,-33.49150772206485,93],[151.25601614825428,-33.49150772206485,92.80000305175781],[151.25601614825428,-33.49150772206485,92.80000305175781],[151.25601556152105,-33.491507302969694,91.80000305175781],[151.25601556152105,-33.49150747060776,90.5999984741211],[151.25601321458817,-33.49150990135968,89.5999984741211],[151.25601547770202,-33.49153504706919,88.4000015258789],[151.25602981075644,-33.49160084500909,87.4000015258789],[151.25603928230703,-33.49168977700174,86.19999694824219],[151.25604255124927,-33.49169732071459,85.80000305175781],[151.2560405395925,-33.491727663204074,85],[151.25604171305895,-33.4917295910418,84.4000015258789],[151.25606861896813,-33.49173520691693,83.5999984741211],[151.2561042420566,-33.491745349019766,82.5999984741211],[151.25615453347564,-33.49177720025182,81.4000015258789],[151.25618445686996,-33.49179438315332,80.5999984741211],[151.25619577243924,-33.4918004181236,80.19999694824219],[151.25621563754976,-33.491832353174686,79.4000015258789],[151.2562202475965,-33.491843501105905,79.19999694824219],[151.25622225925326,-33.49187292158604,78.19999694824219],[151.25622544437647,-33.491900162771344,77.19999694824219],[151.25622536055744,-33.49191256798804,76.5999984741211],[151.25622745603323,-33.49192522466183,76],[151.25621932558715,-33.49196445196867,74.5999984741211],[151.25621479935944,-33.49203829653561,73.5999984741211],[151.25621924176812,-33.492040894925594,73.4000015258789],[151.25623541884124,-33.49206503480673,72.4000015258789],[151.25623675994575,-33.49207257851958,72.19999694824219],[151.2562498357147,-33.492097640410066,71],[151.25624941661954,-33.49210283719003,70.80000305175781],[151.25627037137747,-33.492120103910565,69.80000305175781],[151.2562707066536,-33.492160169407725,69],[151.2562741432339,-33.49219202063978,68.80000305175781],[151.25627296976745,-33.49219805561006,68.80000305175781],[151.2562752328813,-33.49221272394061,68.19999694824219],[151.2562646716833,-33.49223820492625,67.80000305175781],[151.25626718625426,-33.492276426404715,66.80000305175781],[151.25626618042588,-33.49228832870722,66.5999984741211],[151.2562910746783,-33.49230752326548,65.5999984741211],[151.2562961038202,-33.492314061149955,65],[151.2563027255237,-33.492320934310555,64.19999694824219],[151.25630448572338,-33.49231137894094,63],[151.25631798058748,-33.4923012368381,62.79999923706055],[151.2563479039818,-33.49229872226715,62],[151.25636626034975,-33.49230517633259,61],[151.25637145712972,-33.492305343970656,60.599998474121094],[151.2563893944025,-33.492292603477836,59.599998474121094],[151.2563896458596,-33.49228464066982,59.20000076293945],[151.25640163198113,-33.49228145554662,58.400001525878906],[151.25641722232103,-33.49228925071657,57.20000076293945],[151.25642686150968,-33.49228346720338,56.20000076293945],[151.25644823536277,-33.49228397011757,54.599998474121094],[151.256456784904,-33.4922737441957,53.79999923706055],[151.2564583774656,-33.49227617494762,53.599998474121094],[151.2565022148192,-33.49229671061039,52.599998474121094],[151.2565246783197,-33.49231883883476,51.400001525878906],[151.2565339822322,-33.49234222434461,50],[151.25659282319248,-33.49236418493092,49],[151.25662257894874,-33.49236351437867,48.599998474121094],[151.25664881430566,-33.49234951660037,48],[151.25670078210533,-33.49231883883476,47.20000076293945],[151.2567664962262,-33.492266619578004,47],[151.25682349316776,-33.49221616052091,46.599998474121094],[151.2568925600499,-33.492184644564986,46],[151.25693312846124,-33.49213259294629,45.79999923706055],[151.25696648843586,-33.49206067621708,46],[151.25698777846992,-33.492028154432774,45.20000076293945]]},"properties":{"name":"Wondabyne Hiking"}}]}
